date,country_code,country,price
1928-03-31,IT,Italy,-1.7232
1928-06-30,IT,Italy,-1.733
1928-09-30,IT,Italy,-2.0023
1928-12-31,IT,Italy,-2.5485
1929-03-31,IT,Italy,-3.0912
1929-06-30,IT,Italy,-3.6357
1929-09-30,IT,Italy,-4.3463
1929-12-31,IT,Italy,-5.243
1930-03-31,IT,Italy,-6.1479
1930-06-30,IT,Italy,-7.066
1930-09-30,IT,Italy,-7.9139
1930-12-31,IT,Italy,-8.6879
1931-03-31,IT,Italy,-9.4839
1931-06-30,IT,Italy,-10.3074
1931-09-30,IT,Italy,-10.7781
1931-12-31,IT,Italy,-10.8428
1932-03-31,IT,Italy,-10.9248
1932-06-30,IT,Italy,-11.0112
1932-09-30,IT,Italy,-10.3099
1932-12-31,IT,Italy,-8.7347
1933-03-31,IT,Italy,-7.069
1933-06-30,IT,Italy,-5.3114
1933-09-30,IT,Italy,-4.7778
1933-12-31,IT,Italy,-5.6245
1934-03-31,IT,Italy,-6.481
1934-06-30,IT,Italy,-7.3521
1934-09-30,IT,Italy,-6.5364
1934-12-31,IT,Italy,-3.8205
1935-03-31,IT,Italy,-1.0231
1935-06-30,IT,Italy,1.8749
1935-09-30,IT,Italy,3.1186
1935-12-31,IT,Italy,2.4887
1936-03-31,IT,Italy,1.877
1936-06-30,IT,Italy,1.2788
1936-09-30,IT,Italy,1.2841
1936-12-31,IT,Italy,1.921
1937-03-31,IT,Italy,2.5468
1937-06-30,IT,Italy,3.1661
1937-09-30,IT,Italy,3.4327
1937-12-31,IT,Italy,3.3288
1938-03-31,IT,Italy,3.2278
1938-06-30,IT,Italy,3.129
1938-09-30,IT,Italy,2.9841
1938-12-31,IT,Italy,2.7915
1939-03-31,IT,Italy,2.6038
1939-06-30,IT,Italy,2.4199
1939-09-30,IT,Italy,2.8352
1939-12-31,IT,Italy,3.8793
1940-03-31,IT,Italy,4.9092
1940-06-30,IT,Italy,5.9218
1940-09-30,IT,Italy,7.6267
1940-12-31,IT,Italy,9.9974
1941-03-31,IT,Italy,12.2601
1941-06-30,IT,Italy,14.442
1941-09-30,IT,Italy,14.4081
1941-12-31,IT,Italy,12.1993
1942-03-31,IT,Italy,10.1693
1942-06-30,IT,Italy,8.2878
1942-09-30,IT,Italy,9.6024
1942-12-31,IT,Italy,14.1111
1943-03-31,IT,Italy,18.4143
1943-06-30,IT,Italy,22.5467
1943-09-30,IT,Italy,61.3985
1943-12-31,IT,Italy,130.9603
1944-03-31,IT,Italy,192.8116
1944-06-30,IT,Italy,248.1211
1944-09-30,IT,Italy,306.3075
1944-12-31,IT,Italy,337.295
1945-03-31,IT,Italy,351.768
1945-06-30,IT,Italy,360.3514
1945-09-30,IT,Italy,240.1619
1945-12-31,IT,Italy,133.1864
1946-03-31,IT,Italy,86.3435
1946-06-30,IT,Italy,59.9456
1946-09-30,IT,Italy,51.3545
1946-12-31,IT,Italy,53.2128
1947-03-31,IT,Italy,54.7001
1947-06-30,IT,Italy,55.922
1947-09-30,IT,Italy,50.1634
1947-12-31,IT,Italy,39.3923
1948-03-31,IT,Italy,37.5936
1948-06-30,IT,Italy,28.1365
1948-09-30,IT,Italy,9.6388
1948-12-31,IT,Italy,7.6992
1949-03-31,IT,Italy,0.5773
1949-06-30,IT,Italy,-1.7416
1949-09-30,IT,Italy,-2.7261
1949-12-31,IT,Italy,-9.7517
1950-03-31,IT,Italy,-12.6333
1950-06-30,IT,Italy,-6.7646
1950-09-30,IT,Italy,10.5288
1950-12-31,IT,Italy,16.7474
1951-03-31,IT,Italy,24.6606
1951-06-30,IT,Italy,24.8103
1951-09-30,IT,Italy,14.5897
1951-12-31,IT,Italy,11.7181
1952-03-31,IT,Italy,4.6438
1952-06-30,IT,Italy,-1.0193
1952-09-30,IT,Italy,1.067
1952-12-31,IT,Italy,3.2035
1953-03-31,IT,Italy,1.991
1953-06-30,IT,Italy,3.7506
1953-09-30,IT,Italy,-1.7047
1953-12-31,IT,Italy,-0.6621
1954-03-31,IT,Italy,3.5778
1954-06-30,IT,Italy,0.5601
1954-09-30,IT,Italy,6.7261
1954-12-31,IT,Italy,6.5852
1955-03-31,IT,Italy,4.6091
1955-06-30,IT,Italy,3.8441
1955-09-30,IT,Italy,1.5042
1955-12-31,IT,Italy,-0.3631
1956-03-31,IT,Italy,1.6428
1956-03-31,JP,Japan,13.913
1956-06-30,IT,Italy,3.0299
1956-06-30,JP,Japan,16.8967
1956-09-30,IT,Italy,2.6874
1956-09-30,JP,Japan,19.6721
1956-12-31,IT,Italy,4.227
1956-12-31,JP,Japan,23.1225
1957-03-31,IT,Italy,3.0803
1957-03-31,JP,Japan,26.3359
1957-06-30,IT,Italy,1.7066
1957-06-30,JP,Japan,25.7774
1957-09-30,IT,Italy,2.9642
1957-09-30,JP,Japan,25.3425
1957-12-31,IT,Italy,2.8474
1957-12-31,JP,Japan,24.077
1958-03-31,IT,Italy,0.3224
1958-03-31,JP,Japan,22.9607
1958-06-30,IT,Italy,2.4414
1958-06-30,JP,Japan,23.8119
1958-09-30,IT,Italy,1.1457
1958-09-30,JP,Japan,24.5902
1958-12-31,IT,Italy,-1.7478
1958-12-31,JP,Japan,24.1915
1959-03-31,IT,Italy,-1.6706
1959-03-31,JP,Japan,23.8329
1959-06-30,IT,Italy,-2.1717
1959-06-30,JP,Japan,23.7548
1959-09-30,IT,Italy,-1.1999
1959-09-30,JP,Japan,23.6842
1959-12-31,IT,Italy,3.5591
1959-12-31,JP,Japan,23.3333
1960-03-31,IT,Italy,5.0253
1960-03-31,JP,Japan,23.0159
1960-06-30,IT,Italy,2.1331
1960-06-30,JP,Japan,24.8515
1960-09-30,IT,Italy,3.1074
1960-09-30,JP,Japan,26.4184
1960-12-31,IT,Italy,0.9736
1960-12-31,JP,Japan,32.348
1961-03-31,IT,Italy,2.1652
1961-03-31,JP,Japan,37.7419
1961-06-30,IT,Italy,5.5065
1961-06-30,JP,Japan,38.2036
1961-09-30,IT,Italy,5.3138
1961-09-30,JP,Japan,38.7097
1961-12-31,IT,Italy,5.7927
1961-12-31,JP,Japan,32.0357
1962-03-31,IT,Italy,6.797
1962-03-31,JP,Japan,26.4637
1962-06-30,IT,Italy,8.6446
1962-06-30,JP,Japan,22.106
1962-09-30,IT,Italy,7.8896
1962-09-30,JP,Japan,18.3013
1962-12-31,IT,Italy,7.552
1962-12-31,JP,Japan,16.9647
1963-03-31,IT,Italy,10.6536
1963-03-31,JP,Japan,15.7407
1963-06-30,IT,Italy,7.5312
1963-06-30,JP,Japan,14.6724
1963-06-30,NZ,New Zealand,2.3626
1963-09-30,IT,Italy,6.8492
1963-09-30,JP,Japan,13.6752
1963-09-30,NZ,New Zealand,3.1249
1963-12-31,IT,Italy,11.7412
1963-12-31,JP,Japan,13.6364
1963-12-31,NZ,New Zealand,3.8754
1964-03-31,IT,Italy,9.4348
1964-03-31,JP,Japan,13.6
1964-03-31,NZ,New Zealand,4.6519
1964-06-30,IT,Italy,12.3345
1964-06-30,JP,Japan,13.973
1964-06-30,NZ,New Zealand,4.6161
1964-09-30,IT,Italy,15.0969
1964-09-30,JP,Japan,14.2857
1964-09-30,NZ,New Zealand,4.5445
1964-12-31,IT,Italy,8.5935
1964-12-31,JP,Japan,14.5455
1964-12-31,NZ,New Zealand,5.2242
1965-03-31,IT,Italy,4.1833
1965-03-31,JP,Japan,14.7887
1965-03-31,NZ,New Zealand,6.666
1965-06-30,IT,Italy,-0.9924
1965-06-30,JP,Japan,12.2374
1965-06-30,NZ,New Zealand,8.0884
1965-09-30,IT,Italy,-2.5701
1965-09-30,JP,Japan,9.8684
1965-09-30,NZ,New Zealand,7.247
1965-12-31,IT,Italy,-1.2571
1965-12-31,JP,Japan,7.9365
1965-12-31,NZ,New Zealand,6.3824
1966-03-31,IT,Italy,0.4573
1966-03-31,JP,Japan,6.135
1966-03-31,NZ,New Zealand,4.8613
1966-06-30,IT,Italy,2.6459
1966-06-30,JP,Japan,6.9651
1966-06-30,NZ,New Zealand,4.0808
1966-09-30,IT,Italy,1.0915
1966-09-30,JP,Japan,7.7844
1966-09-30,NZ,New Zealand,5.4052
1966-12-31,IT,Italy,-0.6592
1966-12-31,JP,Japan,8.8235
1966-12-31,NZ,New Zealand,6.001
1967-03-31,IT,Italy,0.2039
1967-03-31,JP,Japan,9.8266
1967-03-31,NZ,New Zealand,5.9597
1967-03-31,ZA,South Africa,16.5049
1967-06-30,IT,Italy,-1.0528
1967-06-30,JP,Japan,11.8868
1967-06-30,NZ,New Zealand,5.2286
1967-06-30,ZA,South Africa,18.0952
1967-09-30,IT,Italy,2.204
1967-09-30,JP,Japan,13.8889
1967-09-30,NZ,New Zealand,3.2047
1967-09-30,ZA,South Africa,23.0769
1967-12-31,IT,Italy,6.4597
1967-12-31,JP,Japan,15.4054
1967-12-31,NZ,New Zealand,1.2571
1967-12-31,ZA,South Africa,18.5185
1968-03-31,IT,Italy,7.4778
1968-03-31,JP,Japan,16.8421
1968-03-31,NZ,New Zealand,1.2506
1968-03-31,ZA,South Africa,5
1968-06-30,IT,Italy,12.5634
1968-06-30,JP,Japan,17.2398
1968-06-30,NZ,New Zealand,1.2429
1968-06-30,ZA,South Africa,2.4194
1968-09-30,IT,Italy,10.3331
1968-09-30,JP,Japan,17.561
1968-09-30,NZ,New Zealand,1.8636
1968-09-30,ZA,South Africa,3.125
1968-12-31,IT,Italy,6.4717
1968-12-31,JP,Japan,18.5012
1968-12-31,NZ,New Zealand,2.4844
1968-12-31,ZA,South Africa,7.0313
1969-03-31,IT,Italy,4.2803
1969-03-31,JP,Japan,19.3694
1969-03-31,NZ,New Zealand,3.7029
1969-03-31,ZA,South Africa,10.3175
1969-06-30,GB,United Kingdom,5.5556
1969-06-30,IT,Italy,2.2176
1969-06-30,JP,Japan,20.9145
1969-06-30,NZ,New Zealand,4.2947
1969-06-30,ZA,South Africa,12.5984
1969-09-30,GB,United Kingdom,2.7027
1969-09-30,IT,Italy,3.7566
1969-09-30,JP,Japan,22.4066
1969-09-30,NZ,New Zealand,4.8779
1969-09-30,ZA,South Africa,11.3636
1969-12-31,GB,United Kingdom,5.4054
1969-12-31,IT,Italy,5.2155
1969-12-31,JP,Japan,22.5296
1969-12-31,NZ,New Zealand,5.4554
1969-12-31,ZA,South Africa,10.219
1970-03-31,GB,United Kingdom,5.4054
1970-03-31,IT,Italy,6.8066
1970-03-31,JP,Japan,22.6415
1970-03-31,NZ,New Zealand,5.358
1970-03-31,ZA,South Africa,14.3885
1970-06-30,GB,United Kingdom,2.6316
1970-06-30,IT,Italy,7.3924
1970-06-30,JP,Japan,21.4349
1970-06-30,NZ,New Zealand,6.4707
1970-06-30,ZA,South Africa,16.0839
1970-09-30,GB,United Kingdom,7.8947
1970-09-30,IT,Italy,5.6639
1970-09-30,JP,Japan,20.339
1970-09-30,NZ,New Zealand,7.5589
1970-09-30,ZA,South Africa,15.6463
1970-12-31,GB,United Kingdom,5.1282
1970-12-31,IT,Italy,5.5208
1970-12-31,JP,Japan,19.0323
1970-12-31,NZ,New Zealand,9.1951
1970-12-31,ZA,South Africa,13.9073
1971-03-31,AU,Australia,10.9756
1971-03-31,BE,Belgium,-3.1802
1971-03-31,CA,Canada,4.5361
1971-03-31,CH,Switzerland,9.999
1971-03-31,DE,Germany,10.3448
1971-03-31,DK,Denmark,8.9506
1971-03-31,FI,Finland,6.0482
1971-03-31,FR,France,3.9563
1971-03-31,GB,United Kingdom,7.6923
1971-03-31,IE,Ireland,9.724
1971-03-31,IT,Italy,1.5887
1971-03-31,JP,Japan,17.8462
1971-03-31,NL,Netherlands,12.8348
1971-03-31,NZ,New Zealand,10.7344
1971-03-31,SE,Sweden,5.317
1971-03-31,US,United States,6.4516
1971-03-31,ZA,South Africa,9.434
1971-06-30,AU,Australia,11.477
1971-06-30,BE,Belgium,-2.2602
1971-06-30,CA,Canada,5.7732
1971-06-30,CH,Switzerland,10.3258
1971-06-30,DE,Germany,10.6599
1971-06-30,DK,Denmark,9.8765
1971-06-30,FI,Finland,2.8852
1971-06-30,FR,France,5.0234
1971-06-30,GB,United Kingdom,10.2564
1971-06-30,IE,Ireland,8.9356
1971-06-30,IT,Italy,1.9053
1971-06-30,JP,Japan,16.7704
1971-06-30,NL,Netherlands,11.5181
1971-06-30,NZ,New Zealand,11.6015
1971-06-30,SE,Sweden,5.187
1971-06-30,US,United States,8.5393
1971-06-30,ZA,South Africa,7.2289
1971-09-30,AU,Australia,11.7476
1971-09-30,BE,Belgium,-0.0508
1971-09-30,CA,Canada,4.499
1971-09-30,CH,Switzerland,11.6391
1971-09-30,DE,Germany,11.0553
1971-09-30,DK,Denmark,13.0658
1971-09-30,FI,Finland,5.788
1971-09-30,FR,France,6.7408
1971-09-30,GB,United Kingdom,12.1951
1971-09-30,IE,Ireland,14.2322
1971-09-30,IT,Italy,4.416
1971-09-30,JP,Japan,15.7746
1971-09-30,NL,Netherlands,9.4702
1971-09-30,NZ,New Zealand,11.3507
1971-09-30,SE,Sweden,5.187
1971-09-30,US,United States,8.0199
1971-09-30,ZA,South Africa,5.8824
1971-12-31,AU,Australia,12.5235
1971-12-31,BE,Belgium,2.5383
1971-12-31,CA,Canada,6.7594
1971-12-31,CH,Switzerland,13.5217
1971-12-31,DE,Germany,9.9256
1971-12-31,DK,Denmark,18.93
1971-12-31,FI,Finland,4.8876
1971-12-31,FR,France,8.0052
1971-12-31,GB,United Kingdom,17.0732
1971-12-31,IE,Ireland,16.2928
1971-12-31,IT,Italy,4.5896
1971-12-31,JP,Japan,15.0407
1971-12-31,NL,Netherlands,10.3687
1971-12-31,NZ,New Zealand,11.0532
1971-12-31,SE,Sweden,5.3197
1971-12-31,US,United States,9.2299
1971-12-31,ZA,South Africa,5.814
1972-03-31,AU,Australia,11.8132
1972-03-31,BE,Belgium,5.1616
1972-03-31,CA,Canada,8.2183
1972-03-31,CH,Switzerland,10.5153
1972-03-31,DE,Germany,8.6538
1972-03-31,DK,Denmark,15.4391
1972-03-31,ES,Spain,4.2986
1972-03-31,FI,Finland,7.5858
1972-03-31,FR,France,8.5958
1972-03-31,GB,United Kingdom,21.4286
1972-03-31,IE,Ireland,13.8922
1972-03-31,IT,Italy,7.7273
1972-03-31,JP,Japan,14.3603
1972-03-31,NL,Netherlands,11.4196
1972-03-31,NZ,New Zealand,11.7346
1972-03-31,SE,Sweden,7.4272
1972-03-31,US,United States,6.6454
1972-03-31,ZA,South Africa,5.1724
1972-06-30,AU,Australia,11.1907
1972-06-30,BE,Belgium,7.7595
1972-06-30,CA,Canada,6.9526
1972-06-30,CH,Switzerland,17.7387
1972-06-30,DE,Germany,6.1927
1972-06-30,DK,Denmark,19.8502
1972-06-30,ES,Spain,4.3764
1972-06-30,FI,Finland,10.544
1972-06-30,FR,France,8.8648
1972-06-30,GB,United Kingdom,30.2326
1972-06-30,IE,Ireland,12.5452
1972-06-30,IT,Italy,8.6667
1972-06-30,JP,Japan,15.2618
1972-06-30,NL,Netherlands,12.0138
1972-06-30,NZ,New Zealand,12.8715
1972-06-30,SE,Sweden,7.4917
1972-06-30,US,United States,6.7805
1972-06-30,ZA,South Africa,2.809
1972-09-30,AU,Australia,10.947
1972-09-30,BE,Belgium,10.3203
1972-09-30,CA,Canada,8.9367
1972-09-30,CH,Switzerland,17.9446
1972-09-30,DE,Germany,5.8824
1972-09-30,DK,Denmark,17.2429
1972-09-30,ES,Spain,6.2771
1972-09-30,FI,Finland,7.2589
1972-09-30,FR,France,9.1968
1972-09-30,GB,United Kingdom,39.1304
1972-09-30,IE,Ireland,7.6503
1972-09-30,IT,Italy,8.6768
1972-09-30,JP,Japan,16.0584
1972-09-30,NL,Netherlands,11.9914
1972-09-30,NZ,New Zealand,14.0781
1972-09-30,SE,Sweden,7.4917
1972-09-30,US,United States,7.7317
1972-09-30,ZA,South Africa,5
1972-12-31,AU,Australia,12.636
1972-12-31,BE,Belgium,11.8102
1972-12-31,CA,Canada,8.504
1972-12-31,CH,Switzerland,21.6084
1972-12-31,DE,Germany,6.3205
1972-12-31,DK,Denmark,16.436
1972-12-31,ES,Spain,7.9229
1972-12-31,FI,Finland,11.3016
1972-12-31,FR,France,9.5383
1972-12-31,GB,United Kingdom,43.75
1972-12-31,IE,Ireland,5.2792
1972-12-31,IT,Italy,7.9229
1972-12-31,JP,Japan,22.7326
1972-12-31,NL,Netherlands,14.7808
1972-12-31,NZ,New Zealand,16.1137
1972-12-31,SE,Sweden,7.5996
1972-12-31,US,United States,7.5
1972-12-31,ZA,South Africa,7.1429
1973-03-31,AU,Australia,13.3497
1973-03-31,BE,Belgium,12.1963
1973-03-31,CA,Canada,11.6646
1973-03-31,CH,Switzerland,25.5428
1973-03-31,DE,Germany,5.7522
1973-03-31,DK,Denmark,15.1738
1973-03-31,ES,Spain,20.1735
1973-03-31,FI,Finland,14.668
1973-03-31,FR,France,9.7281
1973-03-31,GB,United Kingdom,50.9804
1973-03-31,IE,Ireland,8.938
1973-03-31,IT,Italy,8.4388
1973-03-31,JP,Japan,28.9954
1973-03-31,NL,Netherlands,14.3891
1973-03-31,NZ,New Zealand,18.7206
1973-03-31,SE,Sweden,7.3656
1973-03-31,US,United States,11.9143
1973-03-31,ZA,South Africa,11.4754
1973-06-30,AU,Australia,18.0354
1973-06-30,BE,Belgium,12.5894
1973-06-30,CA,Canada,17.497
1973-06-30,CH,Switzerland,17.1956
1973-06-30,DE,Germany,7.9914
1973-06-30,DK,Denmark,13.0859
1973-06-30,ES,Spain,15.304
1973-06-30,FI,Finland,25.4186
1973-06-30,FR,France,10.1347
1973-06-30,GB,United Kingdom,44.6429
1973-06-30,IE,Ireland,13.3976
1973-06-30,IT,Italy,12.6789
1973-06-30,JP,Japan,33.605
1973-06-30,NL,Netherlands,16.5509
1973-06-30,NZ,New Zealand,22.368
1973-06-30,SE,Sweden,7.2342
1973-06-30,US,United States,11.4397
1973-06-30,ZA,South Africa,14.7541
1973-09-30,AU,Australia,24.119
1973-09-30,BE,Belgium,12.8111
1973-09-30,CA,Canada,24.4311
1973-09-30,CH,Switzerland,14.3348
1973-09-30,DE,Germany,7.906
1973-09-30,DK,Denmark,17.8114
1973-09-30,ES,Spain,21.5886
1973-09-30,FI,Finland,32.3737
1973-09-30,FR,France,10.7243
1973-09-30,GB,United Kingdom,34.375
1973-09-30,IE,Ireland,8.1218
1973-09-30,IT,Italy,22.3553
1973-09-30,JP,Japan,37.9455
1973-09-30,NL,Netherlands,17.7438
1973-09-30,NZ,New Zealand,27.6594
1973-09-30,SE,Sweden,7.2342
1973-09-30,US,United States,12.0722
1973-09-30,ZA,South Africa,17.4603
1973-12-31,AU,Australia,25.9287
1973-12-31,BE,Belgium,14.2528
1973-12-31,CA,Canada,30.1487
1973-12-31,CH,Switzerland,7.2864
1973-12-31,DE,Germany,7.2187
1973-12-31,DK,Denmark,15.7504
1973-12-31,ES,Spain,25.7937
1973-12-31,FI,Finland,32.0019
1973-12-31,FR,France,11.7582
1973-12-31,GB,United Kingdom,26.087
1973-12-31,IE,Ireland,4.4359
1973-12-31,IT,Italy,36.7063
1973-12-31,JP,Japan,31.5739
1973-12-31,NL,Netherlands,18.1884
1973-12-31,NZ,New Zealand,33.8766
1973-12-31,SE,Sweden,7.0198
1973-12-31,US,United States,12
1973-12-31,ZA,South Africa,18.4615
1974-03-31,AU,Australia,30.4191
1974-03-31,BE,Belgium,12.2404
1974-03-31,CA,Canada,36.8335
1974-03-31,CH,Switzerland,-0.6184
1974-03-31,DE,Germany,7.9498
1974-03-31,DK,Denmark,10.6534
1974-03-31,ES,Spain,26.3538
1974-03-31,FI,Finland,29.8923
1974-03-31,FR,France,13.8767
1974-03-31,GB,United Kingdom,14.2857
1974-03-31,IE,Ireland,11.7761
1974-03-31,IT,Italy,50.5837
1974-03-31,JP,Japan,26.1947
1974-03-31,NL,Netherlands,20.4849
1974-03-31,NZ,New Zealand,40.3851
1974-03-31,SE,Sweden,6.9024
1974-03-31,US,United States,9.8886
1974-03-31,ZA,South Africa,13.2353
1974-06-30,AU,Australia,27.2851
1974-06-30,BE,Belgium,16.4761
1974-06-30,CA,Canada,35.8842
1974-06-30,CH,Switzerland,0.4188
1974-06-30,DE,Germany,7.4
1974-06-30,DK,Denmark,3.9724
1974-06-30,ES,Spain,42.1818
1974-06-30,FI,Finland,23.301
1974-06-30,FR,France,14.8404
1974-06-30,GB,United Kingdom,8.642
1974-06-30,IE,Ireland,16.5406
1974-06-30,IT,Italy,56.8058
1974-06-30,JP,Japan,17.6237
1974-06-30,NL,Netherlands,20.2582
1974-06-30,NZ,New Zealand,43.7284
1974-06-30,SE,Sweden,6.7051
1974-06-30,US,United States,9.3954
1974-06-30,ZA,South Africa,11.9048
1974-09-30,AU,Australia,19.1167
1974-09-30,BE,Belgium,16.9935
1974-09-30,CA,Canada,25.3128
1974-09-30,CH,Switzerland,-0.932
1974-09-30,DE,Germany,7.3267
1974-09-30,DK,Denmark,0.2964
1974-09-30,ES,Spain,36.5159
1974-09-30,FI,Finland,17.7032
1974-09-30,FR,France,15.3651
1974-09-30,GB,United Kingdom,3.4884
1974-09-30,IE,Ireland,23.0047
1974-09-30,IT,Italy,54.1599
1974-09-30,JP,Japan,10.1824
1974-09-30,NL,Netherlands,21.0458
1974-09-30,NZ,New Zealand,41.9999
1974-09-30,SE,Sweden,9.1732
1974-09-30,US,United States,9.4996
1974-09-30,ZA,South Africa,6.3063
1974-12-31,AU,Australia,14.0413
1974-12-31,BE,Belgium,14.1704
1974-12-31,CA,Canada,14.7253
1974-12-31,CH,Switzerland,-0.2259
1974-12-31,DE,Germany,6.7327
1974-12-31,DK,Denmark,4.8139
1974-12-31,ES,Spain,28.8644
1974-12-31,FI,Finland,14.2545
1974-12-31,FR,France,15.0868
1974-12-31,GB,United Kingdom,3.4483
1974-12-31,IE,Ireland,32.41
1974-12-31,IT,Italy,44.8476
1974-12-31,JP,Japan,2.6988
1974-12-31,NL,Netherlands,20.4063
1974-12-31,NZ,New Zealand,33.5367
1974-12-31,SE,Sweden,13.3602
1974-12-31,US,United States,7.8904
1974-12-31,ZA,South Africa,2.5974
1975-03-31,AU,Australia,9.2521
1975-03-31,BE,Belgium,18.8583
1975-03-31,CA,Canada,9.2644
1975-03-31,CH,Switzerland,-3.5266
1975-03-31,DE,Germany,4.7058
1975-03-31,DK,Denmark,11.8742
1975-03-31,ES,Spain,16.7143
1975-03-31,FI,Finland,7.6365
1975-03-31,FR,France,12.6209
1975-03-31,GB,United Kingdom,3.4091
1975-03-31,IE,Ireland,31.6062
1975-03-31,IT,Italy,32.8165
1975-03-31,JP,Japan,-4.2076
1975-03-31,NL,Netherlands,16.5646
1975-03-31,NZ,New Zealand,20.5481
1975-03-31,SE,Sweden,15
1975-03-31,US,United States,8.107
1975-03-31,ZA,South Africa,8.658
1975-06-30,AU,Australia,10.075
1975-06-30,BE,Belgium,13.4909
1975-06-30,CA,Canada,7.9909
1975-06-30,CH,Switzerland,-4.9634
1975-06-30,DE,Germany,2.09
1975-06-30,DK,Denmark,19.9336
1975-06-30,ES,Spain,8.1841
1975-06-30,FI,Finland,3.1168
1975-06-30,FR,France,11.811
1975-06-30,GB,United Kingdom,5.6818
1975-06-30,IE,Ireland,30.4136
1975-06-30,IT,Italy,20.9491
1975-06-30,JP,Japan,-4.7259
1975-06-30,NL,Netherlands,14.7536
1975-06-30,NZ,New Zealand,9.7255
1975-06-30,SE,Sweden,18.8897
1975-06-30,US,United States,9.0656
1975-06-30,ZA,South Africa,8.5106
1975-09-30,AU,Australia,11.8644
1975-09-30,BE,Belgium,12.081
1975-09-30,CA,Canada,12.4424
1975-09-30,CH,Switzerland,-6.5798
1975-09-30,DE,Germany,1.1832
1975-09-30,DK,Denmark,24.0722
1975-09-30,ES,Spain,5.1534
1975-09-30,FI,Finland,2.658
1975-09-30,FR,France,11.3846
1975-09-30,GB,United Kingdom,7.8652
1975-09-30,IE,Ireland,31.374
1975-09-30,IT,Italy,13.8624
1975-09-30,JP,Japan,-5.2414
1975-09-30,NL,Netherlands,15.9914
1975-09-30,NZ,New Zealand,4.6947
1975-09-30,SE,Sweden,20.309
1975-09-30,US,United States,8.1332
1975-09-30,ZA,South Africa,8.4746
1975-12-31,AU,Australia,12.4677
1975-12-31,BE,Belgium,17.8218
1975-12-31,CA,Canada,16.7816
1975-12-31,CH,Switzerland,-6.3272
1975-12-31,DE,Germany,1.5044
1975-12-31,DK,Denmark,15.9216
1975-12-31,ES,Spain,6.8543
1975-12-31,FI,Finland,4.9138
1975-12-31,FR,France,11.9448
1975-12-31,GB,United Kingdom,7.7778
1975-12-31,IE,Ireland,25.6625
1975-12-31,IT,Italy,11.8236
1975-12-31,JP,Japan,-1.9886
1975-12-31,NL,Netherlands,16.1043
1975-12-31,NZ,New Zealand,4.1097
1975-12-31,SE,Sweden,17.4299
1975-12-31,US,United States,9.4688
1975-12-31,ZA,South Africa,10.5485
1976-03-31,AU,Australia,14.503
1976-03-31,BE,Belgium,21.5303
1976-03-31,CA,Canada,15.6841
1976-03-31,CH,Switzerland,-4.8653
1976-03-31,DE,Germany,1.4944
1976-03-31,DK,Denmark,11.9048
1976-03-31,ES,Spain,9.3023
1976-03-31,FI,Finland,7.191
1976-03-31,FR,France,14.0404
1976-03-31,GB,United Kingdom,8.7912
1976-03-31,IE,Ireland,24.0157
1976-03-31,IT,Italy,12.7432
1976-03-31,JP,Japan,1.4641
1976-03-31,KR,Korea,35.3547
1976-03-31,NL,Netherlands,19.2394
1976-03-31,NZ,New Zealand,5.9092
1976-03-31,SE,Sweden,16.9805
1976-03-31,US,United States,3.7663
1976-03-31,XM,Euro area,7.7283
1976-03-31,ZA,South Africa,6.3745
1976-06-30,AU,Australia,12.5122
1976-06-30,BE,Belgium,20.1218
1976-06-30,CA,Canada,13.284
1976-06-30,CH,Switzerland,-3.137
1976-06-30,DE,Germany,1.6453
1976-06-30,DK,Denmark,9.2798
1976-06-30,ES,Spain,16.4303
1976-06-30,FI,Finland,5.4407
1976-06-30,FR,France,15.7829
1976-06-30,GB,United Kingdom,9.6774
1976-06-30,IE,Ireland,18.8433
1976-06-30,IT,Italy,15.5981
1976-06-30,JP,Japan,2.0454
1976-06-30,KR,Korea,27.711
1976-06-30,NL,Netherlands,26.721
1976-06-30,NZ,New Zealand,7.9544
1976-06-30,SE,Sweden,16.7964
1976-06-30,US,United States,4.1642
1976-06-30,XM,Euro area,11.2518
1976-06-30,ZA,South Africa,7.0588
1976-09-30,AU,Australia,9.2803
1976-09-30,BE,Belgium,21.838
1976-09-30,CA,Canada,10.0068
1976-09-30,CH,Switzerland,-3.2289
1976-09-30,DE,Germany,2.1352
1976-09-30,DK,Denmark,6.5379
1976-09-30,ES,Spain,20.7701
1976-09-30,FI,Finland,7.2624
1976-09-30,FR,France,16.7324
1976-09-30,GB,United Kingdom,8.3333
1976-09-30,IE,Ireland,17.1412
1976-09-30,IT,Italy,17.4721
1976-09-30,JP,Japan,2.6201
1976-09-30,KR,Korea,25.0624
1976-09-30,NL,Netherlands,30.2336
1976-09-30,NZ,New Zealand,7.6234
1976-09-30,SE,Sweden,19.1356
1976-09-30,US,United States,4.8999
1976-09-30,XM,Euro area,13.5793
1976-09-30,ZA,South Africa,6.6406
1976-12-31,AU,Australia,9.6136
1976-12-31,BE,Belgium,21.1885
1976-12-31,CA,Canada,9.6129
1976-12-31,CH,Switzerland,0.1823
1976-12-31,DE,Germany,3.9231
1976-12-31,DK,Denmark,10.7237
1976-12-31,ES,Spain,22.795
1976-12-31,FI,Finland,4.5316
1976-12-31,FR,France,16.7951
1976-12-31,GB,United Kingdom,9.2784
1976-12-31,IE,Ireland,23.3074
1976-12-31,IT,Italy,17.6523
1976-12-31,JP,Japan,3.2609
1976-12-31,KR,Korea,20.6956
1976-12-31,NL,Netherlands,33.1352
1976-12-31,NZ,New Zealand,7.0173
1976-12-31,SE,Sweden,15.1451
1976-12-31,US,United States,7.2008
1976-12-31,XM,Euro area,14.938
1976-12-31,ZA,South Africa,3.8168
1977-03-31,AU,Australia,8.2817
1977-03-31,BE,Belgium,15.2085
1977-03-31,CA,Canada,6.0396
1977-03-31,CH,Switzerland,2.4277
1977-03-31,DE,Germany,4.5226
1977-03-31,DK,Denmark,7.921
1977-03-31,ES,Spain,32.5868
1977-03-31,FI,Finland,2.6655
1977-03-31,FR,France,16.3027
1977-03-31,GB,United Kingdom,7.0707
1977-03-31,IE,Ireland,16.3492
1977-03-31,IT,Italy,15.7032
1977-03-31,JP,Japan,3.8961
1977-03-31,KR,Korea,27.1152
1977-03-31,NL,Netherlands,41.3554
1977-03-31,NZ,New Zealand,7.0812
1977-03-31,SE,Sweden,15.9497
1977-03-31,US,United States,14.7648
1977-03-31,XM,Euro area,14.971
1977-03-31,ZA,South Africa,2.2472
1977-06-30,AU,Australia,8.3081
1977-06-30,BE,Belgium,16.191
1977-06-30,CA,Canada,5.2255
1977-06-30,CH,Switzerland,2.8469
1977-06-30,DE,Germany,5.2717
1977-06-30,DK,Denmark,13.4347
1977-06-30,ES,Spain,32.8934
1977-06-30,FI,Finland,5.5522
1977-06-30,FR,France,15.4562
1977-06-30,GB,United Kingdom,5.8824
1977-06-30,IE,Ireland,19.0999
1977-06-30,IT,Italy,12.9139
1977-06-30,JP,Japan,4.1425
1977-06-30,KR,Korea,29.5576
1977-06-30,NL,Netherlands,45.6748
1977-06-30,NZ,New Zealand,7.3683
1977-06-30,SE,Sweden,16.4908
1977-06-30,US,United States,16.356
1977-06-30,XM,Euro area,13.5487
1977-06-30,ZA,South Africa,1.4652
1977-09-30,AU,Australia,8.7955
1977-09-30,BE,Belgium,16.1084
1977-09-30,CA,Canada,4.6569
1977-09-30,CH,Switzerland,6.1942
1977-09-30,DE,Germany,6.2528
1977-09-30,DK,Denmark,15.354
1977-09-30,ES,Spain,36.715
1977-09-30,FI,Finland,2.1195
1977-09-30,FR,France,14.9087
1977-09-30,GB,United Kingdom,6.7308
1977-09-30,IE,Ireland,25
1977-09-30,IT,Italy,9.6519
1977-09-30,JP,Japan,4.3972
1977-09-30,KR,Korea,33.3468
1977-09-30,NL,Netherlands,37.8153
1977-09-30,NZ,New Zealand,6.8752
1977-09-30,SE,Sweden,13.3281
1977-09-30,US,United States,17.5883
1977-09-30,XM,Euro area,13.3954
1977-09-30,ZA,South Africa,1.4652
1977-12-31,AU,Australia,7.3017
1977-12-31,BE,Belgium,18.0535
1977-12-31,CA,Canada,3.7713
1977-12-31,CH,Switzerland,2.7144
1977-12-31,DE,Germany,5.7495
1977-12-31,DK,Denmark,16.4361
1977-12-31,ES,Spain,43.8433
1977-12-31,FI,Finland,0.931
1977-12-31,FR,France,14.4129
1977-12-31,GB,United Kingdom,8.4906
1977-12-31,IE,Ireland,16.9667
1977-12-31,IT,Italy,7.3115
1977-12-31,JP,Japan,4.5614
1977-12-31,KR,Korea,42.6236
1977-12-31,NL,Netherlands,30.7094
1977-12-31,NZ,New Zealand,4.9183
1977-12-31,SE,Sweden,16.041
1977-12-31,US,United States,16.2037
1977-12-31,XM,Euro area,13.6181
1977-12-31,ZA,South Africa,2.5735
1978-03-31,AU,Australia,7.362
1978-03-31,BE,Belgium,14.2418
1978-03-31,CA,Canada,2.4918
1978-03-31,CH,Switzerland,1.6621
1978-03-31,DE,Germany,6.8496
1978-03-31,DK,Denmark,19.9287
1978-03-31,ES,Spain,41.5541
1978-03-31,FI,Finland,3.909
1978-03-31,FR,France,13.4024
1978-03-31,GB,United Kingdom,10.3774
1978-03-31,IE,Ireland,30.5593
1978-03-31,IT,Italy,7.9791
1978-03-31,JP,Japan,4.7222
1978-03-31,KR,Korea,51.4907
1978-03-31,NL,Netherlands,20.1722
1978-03-31,NZ,New Zealand,2.8058
1978-03-31,SE,Sweden,12.5189
1978-03-31,US,United States,16.307
1978-03-31,XM,Euro area,13.919
1978-03-31,ZA,South Africa,3.2967
1978-06-30,AU,Australia,4.5545
1978-06-30,BE,Belgium,12.3508
1978-06-30,CA,Canada,5.1138
1978-06-30,CH,Switzerland,3.2262
1978-06-30,DE,Germany,6.9446
1978-06-30,DK,Denmark,17.3631
1978-06-30,ES,Spain,37.8151
1978-06-30,FI,Finland,3.7736
1978-06-30,FR,France,12.0545
1978-06-30,GB,United Kingdom,13.8889
1978-06-30,IE,Ireland,33.5677
1978-06-30,IT,Italy,12.1701
1978-06-30,JP,Japan,5.2854
1978-06-30,KR,Korea,56.0117
1978-06-30,NL,Netherlands,11.4345
1978-06-30,NZ,New Zealand,1.1767
1978-06-30,SE,Sweden,13.1316
1978-06-30,US,United States,14.8889
1978-06-30,XM,Euro area,12.8612
1978-06-30,ZA,South Africa,2.1661
1978-09-30,AU,Australia,4.7391
1978-09-30,BE,Belgium,12.3982
1978-09-30,CA,Canada,5.31
1978-09-30,CH,Switzerland,2.8203
1978-09-30,DE,Germany,7.4672
1978-09-30,DK,Denmark,15.9595
1978-09-30,ES,Spain,31.8728
1978-09-30,FI,Finland,3.0556
1978-09-30,FR,France,10.8267
1978-09-30,GB,United Kingdom,18.018
1978-09-30,IE,Ireland,29.127
1978-09-30,IT,Italy,17.3882
1978-09-30,JP,Japan,5.8424
1978-09-30,KR,Korea,51.022
1978-09-30,NL,Netherlands,2.5777
1978-09-30,NZ,New Zealand,1.5594
1978-09-30,SE,Sweden,15.4025
1978-09-30,US,United States,15.4683
1978-09-30,XM,Euro area,12.1456
1978-09-30,ZA,South Africa,4.3321
1978-12-31,AU,Australia,3.989
1978-12-31,BE,Belgium,8.1183
1978-12-31,CA,Canada,7.2397
1978-12-31,CH,Switzerland,6.3047
1978-12-31,DE,Germany,7.9639
1978-12-31,DK,Denmark,11.3911
1978-12-31,ES,Spain,22.3087
1978-12-31,FI,Finland,4.2087
1978-12-31,FR,France,10.4929
1978-12-31,GB,United Kingdom,22.6087
1978-12-31,IE,Ireland,24.8942
1978-12-31,IT,Italy,21.3627
1978-12-31,JP,Japan,6.7114
1978-12-31,KR,Korea,39.5368
1978-12-31,NL,Netherlands,0.8224
1978-12-31,NZ,New Zealand,2.9297
1978-12-31,SE,Sweden,12.3303
1978-12-31,US,United States,15.4715
1978-12-31,XM,Euro area,12.4513
1978-12-31,ZA,South Africa,7.1685
1979-03-31,AU,Australia,6.7429
1979-03-31,BE,Belgium,10.0435
1979-03-31,CA,Canada,11.259
1979-03-31,CH,Switzerland,8.8385
1979-03-31,DE,Germany,8.1696
1979-03-31,DK,Denmark,10.2991
1979-03-31,ES,Spain,12.8878
1979-03-31,FI,Finland,2.7232
1979-03-31,FR,France,10.9335
1979-03-31,GB,United Kingdom,26.4957
1979-03-31,IE,Ireland,21.3863
1979-03-31,IT,Italy,23.0663
1979-03-31,JP,Japan,7.5597
1979-03-31,KR,Korea,25.4853
1979-03-31,NL,Netherlands,-3.1497
1979-03-31,NZ,New Zealand,4.6782
1979-03-31,SE,Sweden,12.5841
1979-03-31,US,United States,15.6726
1979-03-31,XM,Euro area,14.2663
1979-03-31,ZA,South Africa,8.5106
1979-06-30,AU,Australia,13.7944
1979-06-30,BE,Belgium,9.4197
1979-06-30,CA,Canada,10.4612
1979-06-30,CH,Switzerland,6.2161
1979-06-30,DE,Germany,9.7349
1979-06-30,DK,Denmark,10.9101
1979-06-30,ES,Spain,4.7672
1979-06-30,FI,Finland,2.1212
1979-06-30,FR,France,11.9192
1979-06-30,GB,United Kingdom,30.0813
1979-06-30,IE,Ireland,24.9342
1979-06-30,IT,Italy,20.5229
1979-06-30,JP,Japan,8.7995
1979-06-30,KR,Korea,21.4236
1979-06-30,NL,Netherlands,-7.9641
1979-06-30,NZ,New Zealand,5.4262
1979-06-30,SE,Sweden,11.4809
1979-06-30,US,United States,16.8917
1979-06-30,XM,Euro area,14.7966
1979-06-30,ZA,South Africa,11.6608
1979-09-30,AU,Australia,15.7414
1979-09-30,BE,Belgium,8.1309
1979-09-30,CA,Canada,10.1408
1979-09-30,CH,Switzerland,8.5746
1979-09-30,DE,Germany,9.7091
1979-09-30,DK,Denmark,9.844
1979-09-30,ES,Spain,3.1083
1979-09-30,FI,Finland,5.5944
1979-09-30,FR,France,13.7244
1979-09-30,GB,United Kingdom,31.2977
1979-09-30,IE,Ireland,20.4978
1979-09-30,IT,Italy,17.5169
1979-09-30,JP,Japan,10.0128
1979-09-30,KR,Korea,12.7368
1979-09-30,NL,Netherlands,-3.4175
1979-09-30,NZ,New Zealand,5.5664
1979-09-30,SE,Sweden,10.3116
1979-09-30,US,United States,16.3829
1979-09-30,XM,Euro area,13.9832
1979-09-30,ZA,South Africa,13.8408
1979-12-31,AU,Australia,16.4724
1979-12-31,BE,Belgium,6.2864
1979-12-31,CA,Canada,9.8171
1979-12-31,CH,Switzerland,8.5298
1979-12-31,DE,Germany,8.7165
1979-12-31,DK,Denmark,8.6077
1979-12-31,ES,Spain,1.0074
1979-12-31,FI,Finland,8.603
1979-12-31,FR,France,15.7318
1979-12-31,GB,United Kingdom,29.7872
1979-12-31,IE,Ireland,20.1787
1979-12-31,IT,Italy,16.8421
1979-12-31,JP,Japan,11.3836
1979-12-31,KR,Korea,8.9914
1979-12-31,NL,Netherlands,-6.1363
1979-12-31,NZ,New Zealand,5.6926
1979-12-31,SE,Sweden,9.6475
1979-12-31,US,United States,17.1471
1979-12-31,XM,Euro area,11.3419
1979-12-31,ZA,South Africa,14.3813
1980-03-31,AU,Australia,12.9907
1980-03-31,BE,Belgium,5.9654
1980-03-31,CA,Canada,7.7784
1980-03-31,CH,Switzerland,11.5469
1980-03-31,DE,Germany,8.4893
1980-03-31,DK,Denmark,4.13
1980-03-31,ES,Spain,4.9154
1980-03-31,FI,Finland,13.009
1980-03-31,FR,France,18.7597
1980-03-31,GB,United Kingdom,29.0541
1980-03-31,IE,Ireland,19.6557
1980-03-31,IT,Italy,20.0898
1980-03-31,JP,Japan,12.7004
1980-03-31,KR,Korea,12.9624
1980-03-31,NL,Netherlands,-5.7136
1980-03-31,NZ,New Zealand,5.9977
1980-03-31,SE,Sweden,7.2724
1980-03-31,US,United States,14.6706
1980-03-31,XM,Euro area,8.8547
1980-03-31,ZA,South Africa,16.0131
1980-06-30,AU,Australia,11.7529
1980-06-30,BE,Belgium,2.5023
1980-06-30,CA,Canada,9.7505
1980-06-30,CH,Switzerland,9.6902
1980-06-30,DE,Germany,7.0162
1980-06-30,DK,Denmark,-3.485
1980-06-30,ES,Spain,6.6138
1980-06-30,FI,Finland,14.8907
1980-06-30,FR,France,20.7808
1980-06-30,GB,United Kingdom,23.75
1980-06-30,IE,Ireland,12.5592
1980-06-30,IT,Italy,28.6876
1980-06-30,JP,Japan,13.2067
1980-06-30,KR,Korea,9.5077
1980-06-30,NL,Netherlands,-7.1709
1980-06-30,NZ,New Zealand,7.9511
1980-06-30,SE,Sweden,3.3825
1980-06-30,US,United States,11.1492
1980-06-30,XM,Euro area,9.4625
1980-06-30,ZA,South Africa,19.9367
1980-09-30,AU,Australia,12.8121
1980-09-30,BE,Belgium,-0.9966
1980-09-30,CA,Canada,14.7826
1980-09-30,CH,Switzerland,7.8045
1980-09-30,DE,Germany,6.2784
1980-09-30,DK,Denmark,-3.2973
1980-09-30,ES,Spain,4.4699
1980-09-30,FI,Finland,17.2185
1980-09-30,FR,France,21.1251
1980-09-30,GB,United Kingdom,19.7674
1980-09-30,IE,Ireland,18.7962
1980-09-30,IT,Italy,38.2845
1980-09-30,JP,Japan,13.6523
1980-09-30,KR,Korea,9.9943
1980-09-30,NL,Netherlands,-11.1747
1980-09-30,NZ,New Zealand,10.3205
1980-09-30,SE,Sweden,1.1844
1980-09-30,US,United States,10.6611
1980-09-30,XM,Euro area,13.1675
1980-09-30,ZA,South Africa,25.8359
1980-12-31,AU,Australia,14.6271
1980-12-31,BE,Belgium,-4.0343
1980-12-31,CA,Canada,16.8748
1980-12-31,CH,Switzerland,6.6208
1980-12-31,DE,Germany,7.498
1980-12-31,DK,Denmark,-2.9975
1980-12-31,ES,Spain,4.0945
1980-12-31,FI,Finland,13.729
1980-12-31,FR,France,18.688
1980-12-31,GB,United Kingdom,13.1148
1980-12-31,HK,Hong Kong SAR,35.757
1980-12-31,IE,Ireland,25.1474
1980-12-31,IT,Italy,44.8949
1980-12-31,JP,Japan,12.9305
1980-12-31,KR,Korea,14.403
1980-12-31,NL,Netherlands,-9.0374
1980-12-31,NZ,New Zealand,12.3492
1980-12-31,SE,Sweden,-0.7899
1980-12-31,US,United States,9.1464
1980-12-31,XM,Euro area,17.1759
1980-12-31,ZA,South Africa,32.4561
1981-03-31,AU,Australia,19.2672
1981-03-31,BE,Belgium,-7.0325
1981-03-31,CA,Canada,19.5752
1981-03-31,CH,Switzerland,6.6863
1981-03-31,DE,Germany,7.3425
1981-03-31,DK,Denmark,-1.8279
1981-03-31,ES,Spain,3.1234
1981-03-31,FI,Finland,14.8972
1981-03-31,FR,France,15.1896
1981-03-31,GB,United Kingdom,8.377
1981-03-31,HK,Hong Kong SAR,32.0656
1981-03-31,IE,Ireland,18.6091
1981-03-31,IT,Italy,46.028
1981-03-31,JP,Japan,12.2538
1981-03-31,KR,Korea,8.336
1981-03-31,NL,Netherlands,-7.5883
1981-03-31,NZ,New Zealand,14.4816
1981-03-31,SE,Sweden,0.9101
1981-03-31,US,United States,8.7256
1981-03-31,XM,Euro area,19.8869
1981-03-31,ZA,South Africa,38.5915
1981-06-30,AU,Australia,17.1875
1981-06-30,BE,Belgium,-5.8116
1981-06-30,CA,Canada,15.7968
1981-06-30,CH,Switzerland,11.5585
1981-06-30,DE,Germany,7.9987
1981-06-30,DK,Denmark,-2.8282
1981-06-30,ES,Spain,4.5658
1981-06-30,FI,Finland,13.8765
1981-06-30,FR,France,12.009
1981-06-30,GB,United Kingdom,7.5758
1981-06-30,HK,Hong Kong SAR,32.6094
1981-06-30,IE,Ireland,16.5848
1981-06-30,IT,Italy,40.118
1981-06-30,JP,Japan,11.2674
1981-06-30,KR,Korea,6.2059
1981-06-30,NL,Netherlands,-10.55
1981-06-30,NZ,New Zealand,20.515
1981-06-30,SE,Sweden,0
1981-06-30,US,United States,8.6691
1981-06-30,XM,Euro area,18.5337
1981-06-30,ZA,South Africa,40.8971
1981-09-30,AU,Australia,11.4444
1981-09-30,BE,Belgium,-5.5271
1981-09-30,CA,Canada,14.0597
1981-09-30,CH,Switzerland,9.9849
1981-09-30,DE,Germany,7.5864
1981-09-30,DK,Denmark,-7.8685
1981-09-30,ES,Spain,3.6318
1981-09-30,FI,Finland,14.2147
1981-09-30,FR,France,9.3467
1981-09-30,GB,United Kingdom,4.8544
1981-09-30,HK,Hong Kong SAR,21.1821
1981-09-30,IE,Ireland,14.62
1981-09-30,IT,Italy,31.2405
1981-09-30,JP,Japan,10.3696
1981-09-30,KR,Korea,9.4189
1981-09-30,NL,Netherlands,-8.5237
1981-09-30,NZ,New Zealand,25.4823
1981-09-30,SE,Sweden,-2.5572
1981-09-30,US,United States,6.2703
1981-09-30,XM,Euro area,12.6838
1981-09-30,ZA,South Africa,39.1304
1981-12-31,AU,Australia,12.9014
1981-12-31,BE,Belgium,-3.2148
1981-12-31,CA,Canada,8.8013
1981-12-31,CH,Switzerland,9.7296
1981-12-31,DE,Germany,5.2644
1981-12-31,DK,Denmark,-6.3198
1981-12-31,ES,Spain,2.3701
1981-12-31,FI,Finland,15.7895
1981-12-31,FR,France,7.9392
1981-12-31,GB,United Kingdom,2.4155
1981-12-31,HK,Hong Kong SAR,7.5899
1981-12-31,IE,Ireland,12.331
1981-12-31,IT,Italy,22.3834
1981-12-31,JP,Japan,9.7
1981-12-31,KR,Korea,6.0566
1981-12-31,NL,Netherlands,-13.6978
1981-12-31,NZ,New Zealand,31.5666
1981-12-31,SE,Sweden,-2.0181
1981-12-31,US,United States,5.3462
1981-12-31,XM,Euro area,8.2183
1981-12-31,ZA,South Africa,34.8786
1982-03-31,AU,Australia,5.0053
1982-03-31,BE,Belgium,-5.9217
1982-03-31,CA,Canada,0.545
1982-03-31,CH,Switzerland,8.008
1982-03-31,DE,Germany,3.6978
1982-03-31,DK,Denmark,-6.5168
1982-03-31,ES,Spain,1.661
1982-03-31,FI,Finland,17.8489
1982-03-31,FR,France,6.471
1982-03-31,GB,United Kingdom,0
1982-03-31,HK,Hong Kong SAR,-7.4075
1982-03-31,IE,Ireland,11.8075
1982-03-31,IS,Iceland,73.7111
1982-03-31,IT,Italy,15.296
1982-03-31,JP,Japan,9.0643
1982-03-31,KR,Korea,4.6187
1982-03-31,NL,Netherlands,-16.4666
1982-03-31,NZ,New Zealand,37.1257
1982-03-31,SE,Sweden,-1.4909
1982-03-31,US,United States,3.7963
1982-03-31,XM,Euro area,4.7104
1982-03-31,ZA,South Africa,29.2683
1982-06-30,AU,Australia,4.7949
1982-06-30,BE,Belgium,-5.4352
1982-06-30,CA,Canada,-4.4071
1982-06-30,CH,Switzerland,4.0728
1982-06-30,DE,Germany,0.561
1982-06-30,DK,Denmark,-1.7756
1982-06-30,ES,Spain,0.4746
1982-06-30,FI,Finland,18.9072
1982-06-30,FR,France,5.6986
1982-06-30,GB,United Kingdom,1.4085
1982-06-30,HK,Hong Kong SAR,-11.0658
1982-06-30,IE,Ireland,11.2159
1982-06-30,IS,Iceland,81.8588
1982-06-30,IT,Italy,11.609
1982-06-30,JP,Japan,8.2387
1982-06-30,KR,Korea,3.9732
1982-06-30,NL,Netherlands,-13.4422
1982-06-30,NZ,New Zealand,36.8711
1982-06-30,SE,Sweden,0.3107
1982-06-30,US,United States,2.7762
1982-06-30,XM,Euro area,2.8639
1982-06-30,ZA,South Africa,23.0337
1982-09-30,AU,Australia,4.9125
1982-09-30,BE,Belgium,-1.4723
1982-09-30,CA,Canada,-8.5368
1982-09-30,CH,Switzerland,4.0161
1982-09-30,DE,Germany,-0.2516
1982-09-30,DK,Denmark,-0.4935
1982-09-30,ES,Spain,2.8325
1982-09-30,FI,Finland,17.313
1982-09-30,FR,France,5.3049
1982-09-30,GB,United Kingdom,2.3148
1982-09-30,HK,Hong Kong SAR,-16.2601
1982-09-30,IE,Ireland,7.0425
1982-09-30,IS,Iceland,76.5553
1982-09-30,IT,Italy,9.9424
1982-09-30,JP,Japan,7.4419
1982-09-30,KR,Korea,3.8047
1982-09-30,NL,Netherlands,-8.2933
1982-09-30,NZ,New Zealand,30.1089
1982-09-30,SE,Sweden,2.3286
1982-09-30,US,United States,1.9192
1982-09-30,XM,Euro area,4.0719
1982-09-30,ZA,South Africa,17.1875
1982-12-31,AU,Australia,-0.2495
1982-12-31,BE,Belgium,-1.7885
1982-12-31,CA,Canada,-7.8775
1982-12-31,CH,Switzerland,3.8493
1982-12-31,DE,Germany,-0.2253
1982-12-31,DK,Denmark,0
1982-12-31,ES,Spain,8.4729
1982-12-31,FI,Finland,20.058
1982-12-31,FR,France,5.0326
1982-12-31,GB,United Kingdom,5.6604
1982-12-31,HK,Hong Kong SAR,-19.087
1982-12-31,IE,Ireland,5.7075
1982-12-31,IS,Iceland,69.5999
1982-12-31,IT,Italy,10.1327
1982-12-31,JP,Japan,6.6089
1982-12-31,KR,Korea,9.1734
1982-12-31,NL,Netherlands,-4.9387
1982-12-31,NZ,New Zealand,22.9858
1982-12-31,SE,Sweden,3.3825
1982-12-31,US,United States,1.3518
1982-12-31,XM,Euro area,4.8136
1982-12-31,ZA,South Africa,13.5843
1983-03-31,AU,Australia,3.4805
1983-03-31,BE,Belgium,-0.4467
1983-03-31,CA,Canada,2.5898
1983-03-31,CH,Switzerland,1.6327
1983-03-31,DE,Germany,-0.36
1983-03-31,DK,Denmark,9.4513
1983-03-31,ES,Spain,17.3955
1983-03-31,FI,Finland,20.7716
1983-03-31,FR,France,4.9823
1983-03-31,GB,United Kingdom,11.5942
1983-03-31,HK,Hong Kong SAR,-17.7777
1983-03-31,IE,Ireland,3.472
1983-03-31,IS,Iceland,55.8017
1983-03-31,IT,Italy,10.2692
1983-03-31,JP,Japan,5.8088
1983-03-31,KR,Korea,16.1714
1983-03-31,NL,Netherlands,-0.9462
1983-03-31,NZ,New Zealand,14.9017
1983-03-31,SE,Sweden,1.5135
1983-03-31,US,United States,2.0734
1983-03-31,XM,Euro area,5.4102
1983-03-31,ZA,South Africa,15.566
1983-06-30,AU,Australia,3.9149
1983-06-30,BE,Belgium,-0.3477
1983-06-30,CA,Canada,7.0201
1983-06-30,CH,Switzerland,4.1268
1983-06-30,DE,Germany,0.4572
1983-06-30,DK,Denmark,22.2139
1983-06-30,ES,Spain,20.6897
1983-06-30,FI,Finland,20.0798
1983-06-30,FR,France,5.0631
1983-06-30,GB,United Kingdom,10.6481
1983-06-30,HK,Hong Kong SAR,-14.2855
1983-06-30,IE,Ireland,0.2165
1983-06-30,IS,Iceland,47.739
1983-06-30,IT,Italy,8.7577
1983-06-30,JP,Japan,5.1487
1983-06-30,KR,Korea,19.8435
1983-06-30,NL,Netherlands,3.4021
1983-06-30,NZ,New Zealand,7.9557
1983-06-30,SE,Sweden,0.2004
1983-06-30,US,United States,3.1674
1983-06-30,XM,Euro area,5.5587
1983-06-30,ZA,South Africa,18.7215
1983-09-30,AU,Australia,5.1059
1983-09-30,BE,Belgium,-3.2049
1983-09-30,CA,Canada,7.689
1983-09-30,CH,Switzerland,6.1533
1983-09-30,DE,Germany,0.6023
1983-09-30,DK,Denmark,26.7595
1983-09-30,ES,Spain,20.9617
1983-09-30,FI,Finland,21.8081
1983-09-30,FR,France,5.1883
1983-09-30,GB,United Kingdom,12.6697
1983-09-30,HK,Hong Kong SAR,-13.107
1983-09-30,IE,Ireland,2.2397
1983-09-30,IS,Iceland,40.7098
1983-09-30,IT,Italy,7.1035
1983-09-30,JP,Japan,4.5022
1983-09-30,KR,Korea,20.0058
1983-09-30,NL,Netherlands,2.5838
1983-09-30,NZ,New Zealand,8.1733
1983-09-30,SE,Sweden,-0.4876
1983-09-30,US,United States,4.4901
1983-09-30,XM,Euro area,5.661
1983-09-30,ZA,South Africa,21.3333
1983-12-31,AU,Australia,10.4052
1983-12-31,BE,Belgium,-2.4215
1983-12-31,CA,Canada,5.7913
1983-12-31,CH,Switzerland,6.0542
1983-12-31,DE,Germany,0.1889
1983-12-31,DK,Denmark,27.4693
1983-12-31,ES,Spain,18.3015
1983-12-31,FI,Finland,21.0246
1983-12-31,FR,France,5.1935
1983-12-31,GB,United Kingdom,12.0536
1983-12-31,HK,Hong Kong SAR,-12.821
1983-12-31,IE,Ireland,-2.0528
1983-12-31,IS,Iceland,47.3507
1983-12-31,IT,Italy,5.5613
1983-12-31,JP,Japan,4.0616
1983-12-31,KR,Korea,17.9349
1983-12-31,NL,Netherlands,2.1139
1983-12-31,NZ,New Zealand,9.2967
1983-12-31,SE,Sweden,1.4988
1983-12-31,US,United States,5.1093
1983-12-31,XM,Euro area,4.467
1983-12-31,ZA,South Africa,24.7839
1984-03-31,AU,Australia,11.1138
1984-03-31,BE,Belgium,0.7138
1984-03-31,CA,Canada,-1.0763
1984-03-31,CH,Switzerland,7.2819
1984-03-31,DE,Germany,-0.8606
1984-03-31,DK,Denmark,24.103
1984-03-31,ES,Spain,10.4789
1984-03-31,FI,Finland,15.8977
1984-03-31,FR,France,4.8469
1984-03-31,GB,United Kingdom,9.5238
1984-03-31,HK,Hong Kong SAR,-5.4058
1984-03-31,IE,Ireland,0.8913
1984-03-31,IS,Iceland,44.8795
1984-03-31,IT,Italy,4.2537
1984-03-31,JP,Japan,3.6318
1984-03-31,KR,Korea,15.3215
1984-03-31,NL,Netherlands,1.4682
1984-03-31,NZ,New Zealand,11.5914
1984-03-31,SE,Sweden,2.1167
1984-03-31,US,United States,5.2125
1984-03-31,XM,Euro area,2.8964
1984-03-31,ZA,South Africa,20.5442
1984-06-30,AU,Australia,9.8658
1984-06-30,BE,Belgium,1.991
1984-06-30,CA,Canada,-0.4504
1984-06-30,CH,Switzerland,7.9851
1984-06-30,DE,Germany,-2.0468
1984-06-30,DK,Denmark,12.5191
1984-06-30,ES,Spain,7.3581
1984-06-30,FI,Finland,13.6895
1984-06-30,FR,France,4.1612
1984-06-30,GB,United Kingdom,9.205
1984-06-30,HK,Hong Kong SAR,-5.3767
1984-06-30,IE,Ireland,2.6103
1984-06-30,IS,Iceland,41.0267
1984-06-30,IT,Italy,2.9732
1984-06-30,JP,Japan,3.3514
1984-06-30,KR,Korea,14.1158
1984-06-30,NL,Netherlands,-2.1821
1984-06-30,NZ,New Zealand,13.1996
1984-06-30,SE,Sweden,4.0553
1984-06-30,US,United States,5.2365
1984-06-30,XM,Euro area,1.9528
1984-06-30,ZA,South Africa,13.3333
1984-09-30,AU,Australia,15.1659
1984-09-30,BE,Belgium,2.8235
1984-09-30,CA,Canada,-1.0313
1984-09-30,CH,Switzerland,5.1898
1984-09-30,DE,Germany,-2.7702
1984-09-30,DK,Denmark,12.2179
1984-09-30,ES,Spain,6.2138
1984-09-30,FI,Finland,11.3542
1984-09-30,FR,France,3.3731
1984-09-30,GB,United Kingdom,8.8353
1984-09-30,HK,Hong Kong SAR,-6.704
1984-09-30,IE,Ireland,1.7457
1984-09-30,IS,Iceland,32.1831
1984-09-30,IT,Italy,2.0558
1984-09-30,JP,Japan,3.0655
1984-09-30,KR,Korea,12.629
1984-09-30,NL,Netherlands,-1.8039
1984-09-30,NZ,New Zealand,13.564
1984-09-30,SE,Sweden,4.9365
1984-09-30,US,United States,5.3604
1984-09-30,XM,Euro area,1.0619
1984-09-30,ZA,South Africa,6.5934
1984-12-31,AU,Australia,9.9683
1984-12-31,BE,Belgium,2.5636
1984-12-31,CA,Canada,-0.1581
1984-12-31,CH,Switzerland,4.4648
1984-12-31,DE,Germany,-2.3683
1984-12-31,DK,Denmark,13.9327
1984-12-31,ES,Spain,6.4491
1984-12-31,FI,Finland,7.6278
1984-12-31,FR,France,3.2649
1984-12-31,GB,United Kingdom,9.5618
1984-12-31,HK,Hong Kong SAR,-0.5877
1984-12-31,IE,Ireland,3.8218
1984-12-31,IS,Iceland,20.6794
1984-12-31,IT,Italy,1.6023
1984-12-31,JP,Japan,2.917
1984-12-31,KR,Korea,11.0161
1984-12-31,NL,Netherlands,-0.193
1984-12-31,NZ,New Zealand,13.0454
1984-12-31,SE,Sweden,4.2139
1984-12-31,US,United States,4.7638
1984-12-31,XM,Euro area,1.2477
1984-12-31,ZA,South Africa,-2.0785
1985-03-31,AU,Australia,11.8886
1985-03-31,BE,Belgium,1.4378
1985-03-31,CA,Canada,2.0376
1985-03-31,CH,Switzerland,8.5008
1985-03-31,DE,Germany,-1.6438
1985-03-31,DK,Denmark,12.0764
1985-03-31,ES,Spain,8.8922
1985-03-31,FI,Finland,6.1376
1985-03-31,FR,France,3.1461
1985-03-31,GB,United Kingdom,8.6957
1985-03-31,HK,Hong Kong SAR,0.5717
1985-03-31,IE,Ireland,1.455
1985-03-31,IS,Iceland,17.48
1985-03-31,IT,Italy,1.5934
1985-03-31,JP,Japan,2.771
1985-03-31,KR,Korea,8.1389
1985-03-31,NL,Netherlands,-0.7497
1985-03-31,NZ,New Zealand,13.0268
1985-03-31,SE,Sweden,5.2992
1985-03-31,US,United States,4.7765
1985-03-31,XM,Euro area,1.6475
1985-03-31,ZA,South Africa,-7.1106
1985-06-30,AU,Australia,10.4158
1985-06-30,BE,Belgium,-0.1006
1985-06-30,CA,Canada,3.8159
1985-06-30,CH,Switzerland,3.8092
1985-06-30,DE,Germany,-1.7113
1985-06-30,DK,Denmark,14.8259
1985-06-30,ES,Spain,9.7703
1985-06-30,FI,Finland,5.5633
1985-06-30,FR,France,3.2212
1985-06-30,GB,United Kingdom,9.1954
1985-06-30,HK,Hong Kong SAR,5.1137
1985-06-30,IE,Ireland,2
1985-06-30,IS,Iceland,16.7662
1985-06-30,IT,Italy,1.7565
1985-06-30,JP,Japan,2.5871
1985-06-30,KR,Korea,6.7983
1985-06-30,NL,Netherlands,1.1851
1985-06-30,NZ,New Zealand,13.597
1985-06-30,SE,Sweden,4.6662
1985-06-30,US,United States,5.6977
1985-06-30,XM,Euro area,1.7486
1985-06-30,ZA,South Africa,-8.5973
1985-09-30,AU,Australia,8.4362
1985-09-30,BE,Belgium,1.9557
1985-09-30,CA,Canada,6.2926
1985-09-30,CH,Switzerland,4.6971
1985-09-30,DE,Germany,-0.8124
1985-09-30,DK,Denmark,21.6546
1985-09-30,ES,Spain,10.5741
1985-09-30,FI,Finland,2.6486
1985-09-30,FR,France,3.34
1985-09-30,GB,United Kingdom,7.3801
1985-09-30,HK,Hong Kong SAR,17.3653
1985-09-30,IE,Ireland,1.7325
1985-09-30,IS,Iceland,11.8979
1985-09-30,IT,Italy,2.1103
1985-09-30,JP,Japan,2.4116
1985-09-30,KR,Korea,6.4543
1985-09-30,NL,Netherlands,-0.7279
1985-09-30,NZ,New Zealand,14.7896
1985-09-30,SE,Sweden,3.7703
1985-09-30,US,United States,5.042
1985-09-30,XM,Euro area,2.2782
1985-09-30,ZA,South Africa,-8.8202
1985-12-31,AU,Australia,10.1566
1985-12-31,BE,Belgium,2.6195
1985-12-31,CA,Canada,9.4418
1985-12-31,CH,Switzerland,3.7725
1985-12-31,DE,Germany,-0.4078
1985-12-31,DK,Denmark,19.2609
1985-12-31,ES,Spain,10.9268
1985-12-31,FI,Finland,2.9685
1985-12-31,FR,France,3.4701
1985-12-31,GB,United Kingdom,9.4545
1985-12-31,HK,Hong Kong SAR,20.118
1985-12-31,IE,Ireland,4.9194
1985-12-31,IS,Iceland,18.1359
1985-12-31,IT,Italy,2.1983
1985-12-31,JP,Japan,2.2754
1985-12-31,KR,Korea,6.6386
1985-12-31,NL,Netherlands,1.0019
1985-12-31,NZ,New Zealand,15.1657
1985-12-31,SE,Sweden,2.9203
1985-12-31,US,United States,6.3246
1985-12-31,XM,Euro area,3.033
1985-12-31,ZA,South Africa,-6.3679
1986-03-31,AU,Australia,7.1359
1986-03-31,BE,Belgium,2.5754
1986-03-31,CA,Canada,13.4354
1986-03-31,CH,Switzerland,2.1312
1986-03-31,DE,Germany,-0.166
1986-03-31,DK,Denmark,21.254
1986-03-31,ES,Spain,8.2341
1986-03-31,FI,Finland,3.4023
1986-03-31,FR,France,4.1394
1986-03-31,GB,United Kingdom,11.6364
1986-03-31,HK,Hong Kong SAR,15.9088
1986-03-31,IE,Ireland,3.3464
1986-03-31,IS,Iceland,10.5589
1986-03-31,IT,Italy,2.4002
1986-03-31,JP,Japan,2.1412
1986-03-31,KR,Korea,11.5911
1986-03-31,NL,Netherlands,3.4955
1986-03-31,NZ,New Zealand,13.5217
1986-03-31,SE,Sweden,3.5457
1986-03-31,US,United States,7.2144
1986-03-31,XM,Euro area,2.7964
1986-03-31,ZA,South Africa,-4.6173
1986-06-30,AU,Australia,8.948
1986-06-30,BE,Belgium,4.7744
1986-06-30,CA,Canada,16.4456
1986-06-30,CH,Switzerland,0.8876
1986-06-30,DE,Germany,0.8979
1986-06-30,DK,Denmark,16.3578
1986-06-30,ES,Spain,10.5945
1986-06-30,FI,Finland,2.7313
1986-06-30,FR,France,4.4516
1986-06-30,GB,United Kingdom,12.6316
1986-06-30,HK,Hong Kong SAR,11.3516
1986-06-30,IE,Ireland,4.2484
1986-06-30,IS,Iceland,7.5086
1986-06-30,IT,Italy,2.8612
1986-06-30,JP,Japan,2.3264
1986-06-30,KR,Korea,8.3853
1986-06-30,NL,Netherlands,3.2553
1986-06-30,NZ,New Zealand,10.8451
1986-06-30,SE,Sweden,2.824
1986-06-30,US,United States,6.9242
1986-06-30,XM,Euro area,3.7226
1986-06-30,ZA,South Africa,-4.5792
1986-09-30,AU,Australia,3.5863
1986-09-30,BE,Belgium,6.0066
1986-09-30,CA,Canada,17.8544
1986-09-30,CH,Switzerland,1.4832
1986-09-30,DE,Germany,0.3597
1986-09-30,DK,Denmark,5.8415
1986-09-30,ES,Spain,16.6283
1986-09-30,FI,Finland,4.361
1986-09-30,FR,France,4.6917
1986-09-30,GB,United Kingdom,15.1203
1986-09-30,HK,Hong Kong SAR,10.204
1986-09-30,IE,Ireland,5.1257
1986-09-30,IS,Iceland,14.9313
1986-09-30,IT,Italy,2.9826
1986-09-30,JP,Japan,2.5118
1986-09-30,KR,Korea,5.7751
1986-09-30,NL,Netherlands,6.5293
1986-09-30,NZ,New Zealand,9.0782
1986-09-30,SE,Sweden,5.3604
1986-09-30,US,United States,8.4804
1986-09-30,XM,Euro area,4.1535
1986-09-30,ZA,South Africa,-3.7688
1986-12-31,AU,Australia,3.2729
1986-12-31,BE,Belgium,5.2416
1986-12-31,CA,Canada,20.8537
1986-12-31,CH,Switzerland,0.87
1986-12-31,DE,Germany,-0.1646
1986-12-31,DK,Denmark,4.8418
1986-12-31,ES,Spain,25.5202
1986-12-31,FI,Finland,5.958
1986-12-31,FR,France,5.2914
1986-12-31,GB,United Kingdom,14.6179
1986-12-31,HK,Hong Kong SAR,11.8221
1986-12-31,IE,Ireland,1.3905
1986-12-31,IS,Iceland,17.8565
1986-12-31,IT,Italy,3.1097
1986-12-31,JP,Japan,3.5129
1986-12-31,KR,Korea,3.8389
1986-12-31,NL,Netherlands,5.7257
1986-12-31,NZ,New Zealand,7.9215
1986-12-31,SE,Sweden,8.8837
1986-12-31,US,United States,8.0821
1986-12-31,XM,Euro area,4.678
1986-12-31,ZA,South Africa,-2.8967
1987-03-31,AU,Australia,2.1775
1987-03-31,BE,Belgium,7.9019
1987-03-31,CA,Canada,23.825
1987-03-31,CH,Switzerland,-0.3511
1987-03-31,DE,Germany,-0.518
1987-03-31,DK,Denmark,-7.3697
1987-03-31,ES,Spain,37.724
1987-03-31,FI,Finland,5.6738
1987-03-31,FR,France,5.7083
1987-03-31,GB,United Kingdom,15.6352
1987-03-31,HK,Hong Kong SAR,20.5887
1987-03-31,IE,Ireland,1.6851
1987-03-31,IS,Iceland,31.7062
1987-03-31,IT,Italy,3.7596
1987-03-31,JP,Japan,4.5031
1987-03-31,KR,Korea,-3.0425
1987-03-31,NL,Netherlands,5.3293
1987-03-31,NZ,New Zealand,11.8115
1987-03-31,SE,Sweden,11.7117
1987-03-31,US,United States,9.4297
1987-03-31,XM,Euro area,6.5798
1987-03-31,ZA,South Africa,1.6561
1987-06-30,AU,Australia,0.5879
1987-06-30,BE,Belgium,6.6333
1987-06-30,CA,Canada,16.466
1987-06-30,CH,Switzerland,4.6947
1987-06-30,DE,Germany,-1.1881
1987-06-30,DK,Denmark,-7.8811
1987-06-30,ES,Spain,40.0601
1987-06-30,FI,Finland,10.0141
1987-06-30,FR,France,6.5612
1987-06-30,GB,United Kingdom,15.5763
1987-06-30,HK,Hong Kong SAR,27.184
1987-06-30,IE,Ireland,-1.8479
1987-06-30,IS,Iceland,34.9436
1987-06-30,IT,Italy,4.9195
1987-06-30,JP,Japan,6.9641
1987-06-30,KR,Korea,-1.9668
1987-06-30,NL,Netherlands,5.8549
1987-06-30,NZ,New Zealand,15.7723
1987-06-30,SE,Sweden,12.3894
1987-06-30,US,United States,9.7297
1987-06-30,XM,Euro area,6.9564
1987-06-30,ZA,South Africa,7.9118
1987-09-30,AT,Austria,-0.4587
1987-09-30,AU,Australia,5.2024
1987-09-30,BE,Belgium,5.0082
1987-09-30,CA,Canada,14.5097
1987-09-30,CH,Switzerland,3.2675
1987-09-30,DE,Germany,-0.961
1987-09-30,DK,Denmark,-6.071
1987-09-30,ES,Spain,38.377
1987-09-30,FI,Finland,12.7336
1987-09-30,FR,France,7.7678
1987-09-30,GB,United Kingdom,16.1194
1987-09-30,HK,Hong Kong SAR,25.463
1987-09-30,IE,Ireland,-0.173
1987-09-30,IS,Iceland,36.7821
1987-09-30,IT,Italy,6.3854
1987-09-30,JP,Japan,9.4181
1987-09-30,KR,Korea,0.5079
1987-09-30,NL,Netherlands,3.5726
1987-09-30,NZ,New Zealand,18.758
1987-09-30,SE,Sweden,12.931
1987-09-30,US,United States,9.5818
1987-09-30,XM,Euro area,6.5202
1987-09-30,ZA,South Africa,12.5326
1987-12-31,AT,Austria,14.8058
1987-12-31,AU,Australia,9.0004
1987-12-31,BE,Belgium,6.1655
1987-12-31,CA,Canada,12.9901
1987-12-31,CH,Switzerland,3.5574
1987-12-31,DE,Germany,-0.1009
1987-12-31,DK,Denmark,-8.3333
1987-12-31,ES,Spain,35.2499
1987-12-31,FI,Finland,17.311
1987-12-31,FR,France,8.3239
1987-12-31,GB,United Kingdom,19.7101
1987-12-31,HK,Hong Kong SAR,20.265
1987-12-31,IE,Ireland,6.538
1987-12-31,IS,Iceland,39.2501
1987-12-31,IT,Italy,7.9592
1987-12-31,JP,Japan,8.8612
1987-12-31,KR,Korea,6.1287
1987-12-31,NL,Netherlands,4.1811
1987-12-31,NZ,New Zealand,21.7064
1987-12-31,SE,Sweden,14.2857
1987-12-31,US,United States,10.0939
1987-12-31,XM,Euro area,8.2862
1987-12-31,ZA,South Africa,16.9909
1988-03-31,AT,Austria,1.1211
1988-03-31,AU,Australia,12.5537
1988-03-31,BE,Belgium,5.1768
1988-03-31,CA,Canada,13.8578
1988-03-31,CH,Switzerland,3.1998
1988-03-31,DE,Germany,0.4294
1988-03-31,DK,Denmark,-0.4835
1988-03-31,ES,Spain,27.3225
1988-03-31,FI,Finland,27.9459
1988-03-31,FR,France,9.3158
1988-03-31,GB,United Kingdom,21.1268
1988-03-31,HK,Hong Kong SAR,15.0405
1988-03-31,IE,Ireland,6.3038
1988-03-31,IS,Iceland,40.0148
1988-03-31,IT,Italy,9.5281
1988-03-31,JP,Japan,8.321
1988-03-31,KR,Korea,11.4712
1988-03-31,NL,Netherlands,2.6909
1988-03-31,NZ,New Zealand,18.457
1988-03-31,SE,Sweden,15.3226
1988-03-31,US,United States,8.2398
1988-03-31,XM,Euro area,7.6419
1988-03-31,ZA,South Africa,17.1679
1988-06-30,AT,Austria,-1.0225
1988-06-30,AU,Australia,17.2866
1988-06-30,BE,Belgium,8.4746
1988-06-30,CA,Canada,17.7005
1988-06-30,CH,Switzerland,2.5123
1988-06-30,DE,Germany,1.6155
1988-06-30,DK,Denmark,-0.5836
1988-06-30,ES,Spain,26.3079
1988-06-30,FI,Finland,30.7995
1988-06-30,FR,France,10.3216
1988-06-30,GB,United Kingdom,22.9111
1988-06-30,HK,Hong Kong SAR,17.5572
1988-06-30,IE,Ireland,7.4634
1988-06-30,IS,Iceland,37.7406
1988-06-30,IT,Italy,11.9632
1988-06-30,JP,Japan,6.1797
1988-06-30,KR,Korea,17.5413
1988-06-30,NL,Netherlands,4.3177
1988-06-30,NZ,New Zealand,16.0825
1988-06-30,SE,Sweden,17.3228
1988-06-30,US,United States,8.5305
1988-06-30,XM,Euro area,8.5915
1988-06-30,ZA,South Africa,14.7837
1988-09-30,AT,Austria,33.4101
1988-09-30,AU,Australia,26.5889
1988-09-30,BE,Belgium,8.564
1988-09-30,CA,Canada,18.874
1988-09-30,CH,Switzerland,5.7028
1988-09-30,DE,Germany,2.31
1988-09-30,DK,Denmark,1.9623
1988-09-30,ES,Spain,24.4349
1988-09-30,FI,Finland,37.4279
1988-09-30,FR,France,11.3531
1988-09-30,GB,United Kingdom,32.6478
1988-09-30,HK,Hong Kong SAR,21.7715
1988-09-30,IE,Ireland,7.5941
1988-09-30,IS,Iceland,27.8278
1988-09-30,IT,Italy,14.0407
1988-09-30,JP,Japan,4.1288
1988-09-30,KR,Korea,19.5147
1988-09-30,NL,Netherlands,5.7437
1988-09-30,NZ,New Zealand,11.4286
1988-09-30,SE,Sweden,20.6107
1988-09-30,US,United States,9.1624
1988-09-30,XM,Euro area,10.629
1988-09-30,ZA,South Africa,14.9652
1988-12-31,AT,Austria,13.9535
1988-12-31,AU,Australia,32.8792
1988-12-31,BE,Belgium,9.8709
1988-12-31,CA,Canada,21.8675
1988-12-31,CH,Switzerland,10.9993
1988-12-31,DE,Germany,2.1428
1988-12-31,DK,Denmark,3.7506
1988-12-31,ES,Spain,22.4435
1988-12-31,FI,Finland,41.7665
1988-12-31,FR,France,12.1014
1988-12-31,GB,United Kingdom,32.6877
1988-12-31,HK,Hong Kong SAR,29.3038
1988-12-31,IE,Ireland,5.6578
1988-12-31,IS,Iceland,28.8639
1988-12-31,IT,Italy,15.774
1988-12-31,JP,Japan,4.78
1988-12-31,KR,Korea,13.8594
1988-12-31,NL,Netherlands,5.5933
1988-12-31,NZ,New Zealand,7.1907
1988-12-31,SE,Sweden,19.1176
1988-12-31,US,United States,9.7235
1988-12-31,XM,Euro area,9.8802
1988-12-31,ZA,South Africa,13.6364
1989-03-31,AT,Austria,22.8381
1989-03-31,AU,Australia,37.5656
1989-03-31,BE,Belgium,13.4111
1989-03-31,CA,Canada,22.7422
1989-03-31,CH,Switzerland,10.5436
1989-03-31,CO,Colombia,31.0053
1989-03-31,DE,Germany,2.637
1989-03-31,DK,Denmark,1.3582
1989-03-31,ES,Spain,23.7003
1989-03-31,FI,Finland,36.1252
1989-03-31,FR,France,12.6859
1989-03-31,GB,United Kingdom,30.2326
1989-03-31,HK,Hong Kong SAR,39.2228
1989-03-31,IE,Ireland,11.4168
1989-03-31,IS,Iceland,17.2175
1989-03-31,IT,Italy,16.847
1989-03-31,JP,Japan,5.4184
1989-03-31,KR,Korea,13.7056
1989-03-31,MY,Malaysia,6.3732
1989-03-31,NL,Netherlands,6.7001
1989-03-31,NZ,New Zealand,6.8387
1989-03-31,PT,Portugal,18.7013
1989-03-31,SE,Sweden,20.2797
1989-03-31,US,United States,10.3272
1989-03-31,XM,Euro area,11.8193
1989-03-31,ZA,South Africa,13.0481
1989-06-30,AT,Austria,19.6281
1989-06-30,AU,Australia,33.1169
1989-06-30,BE,Belgium,12.8158
1989-06-30,CA,Canada,9.816
1989-06-30,CH,Switzerland,8.4197
1989-06-30,CO,Colombia,44.1604
1989-06-30,DE,Germany,2.4513
1989-06-30,DK,Denmark,1.8607
1989-06-30,ES,Spain,23.1709
1989-06-30,FI,Finland,31.3772
1989-06-30,FR,France,12.5452
1989-06-30,GB,United Kingdom,27.193
1989-06-30,HK,Hong Kong SAR,32.4679
1989-06-30,IE,Ireland,9.6512
1989-06-30,IS,Iceland,19.2626
1989-06-30,IT,Italy,17.5538
1989-06-30,JP,Japan,6.8091
1989-06-30,KR,Korea,16.2363
1989-06-30,MY,Malaysia,6.1204
1989-06-30,NL,Netherlands,6.3293
1989-06-30,NZ,New Zealand,4.7967
1989-06-30,PT,Portugal,17.5
1989-06-30,SE,Sweden,20.8054
1989-06-30,US,United States,9.2636
1989-06-30,XM,Euro area,11.6975
1989-06-30,ZA,South Africa,15.8115
1989-09-30,AT,Austria,10.8808
1989-09-30,AU,Australia,21.2517
1989-09-30,BE,Belgium,13.0511
1989-09-30,CA,Canada,11.2939
1989-09-30,CH,Switzerland,6.6814
1989-09-30,CO,Colombia,25.3005
1989-09-30,DE,Germany,3.0881
1989-09-30,DK,Denmark,-1.9245
1989-09-30,ES,Spain,24.3168
1989-09-30,FI,Finland,19.8771
1989-09-30,FR,France,11.8317
1989-09-30,GB,United Kingdom,16.2791
1989-09-30,HK,Hong Kong SAR,18.7876
1989-09-30,IE,Ireland,11.2315
1989-09-30,IS,Iceland,19.1432
1989-09-30,IT,Italy,18.2707
1989-09-30,JP,Japan,8.1989
1989-09-30,KR,Korea,12.6481
1989-09-30,MY,Malaysia,2.9814
1989-09-30,NL,Netherlands,6.8083
1989-09-30,NZ,New Zealand,6.0958
1989-09-30,PT,Portugal,19.5704
1989-09-30,SE,Sweden,18.3544
1989-09-30,US,United States,7.7491
1989-09-30,XM,Euro area,11.6316
1989-09-30,ZA,South Africa,15.6408
1989-12-31,AT,Austria,20.7792
1989-12-31,AU,Australia,10.5526
1989-12-31,BE,Belgium,16.0794
1989-12-31,CA,Canada,8.8143
1989-12-31,CH,Switzerland,7.7995
1989-12-31,CO,Colombia,33.0489
1989-12-31,DE,Germany,4.5867
1989-12-31,DK,Denmark,-4.0898
1989-12-31,ES,Spain,22.0519
1989-12-31,FI,Finland,6.3667
1989-12-31,FR,France,11.2497
1989-12-31,GB,United Kingdom,7.2993
1989-12-31,HK,Hong Kong SAR,17.2805
1989-12-31,IE,Ireland,14.7471
1989-12-31,IS,Iceland,12.6802
1989-12-31,IT,Italy,18.7228
1989-12-31,JP,Japan,10.5455
1989-12-31,KR,Korea,13.9476
1989-12-31,MY,Malaysia,1.6536
1989-12-31,NL,Netherlands,6.7934
1989-12-31,NZ,New Zealand,7.3094
1989-12-31,PT,Portugal,17.2727
1989-12-31,SE,Sweden,16.0494
1989-12-31,US,United States,6.4219
1989-12-31,XM,Euro area,12.0565
1989-12-31,ZA,South Africa,14.2439
1990-03-31,AT,Austria,19.1336
1990-03-31,AU,Australia,2.7759
1990-03-31,BE,Belgium,14.29
1990-03-31,CA,Canada,-2.884
1990-03-31,CH,Switzerland,7.9673
1990-03-31,CO,Colombia,29.2602
1990-03-31,DE,Germany,6.8386
1990-03-31,DK,Denmark,-7.5934
1990-03-31,ES,Spain,20.5507
1990-03-31,FI,Finland,-3.6639
1990-03-31,FR,France,10.0069
1990-03-31,GB,United Kingdom,2.8571
1990-03-31,HK,Hong Kong SAR,8.6293
1990-03-31,IE,Ireland,14.9931
1990-03-31,IS,Iceland,17.3823
1990-03-31,IT,Italy,18.9984
1990-03-31,JP,Japan,12.8172
1990-03-31,KR,Korea,15.4627
1990-03-31,MY,Malaysia,1.5731
1990-03-31,NL,Netherlands,4.7353
1990-03-31,NZ,New Zealand,6.8933
1990-03-31,PT,Portugal,16.1926
1990-03-31,SE,Sweden,15.6977
1990-03-31,US,United States,5.6391
1990-03-31,XM,Euro area,12.2654
1990-03-31,ZA,South Africa,15.5156
1990-06-30,AT,Austria,28.3247
1990-06-30,AU,Australia,1.713
1990-06-30,BE,Belgium,11.0947
1990-06-30,CA,Canada,-0.8323
1990-06-30,CH,Switzerland,10.7156
1990-06-30,CO,Colombia,21.2325
1990-06-30,DE,Germany,8.8691
1990-06-30,DK,Denmark,-7.3937
1990-06-30,ES,Spain,16.5794
1990-06-30,FI,Finland,-5.2971
1990-06-30,FR,France,9.2318
1990-06-30,GB,United Kingdom,-1.5517
1990-06-30,HK,Hong Kong SAR,7.1079
1990-06-30,IE,Ireland,15.6348
1990-06-30,IS,Iceland,12.4663
1990-06-30,IT,Italy,17.9716
1990-06-30,JP,Japan,14.0385
1990-06-30,KR,Korea,14.9095
1990-06-30,MY,Malaysia,1.1699
1990-06-30,NL,Netherlands,4.4751
1990-06-30,NZ,New Zealand,7.0167
1990-06-30,PT,Portugal,16.383
1990-06-30,SE,Sweden,12.7778
1990-06-30,US,United States,4.1966
1990-06-30,XM,Euro area,12.5618
1990-06-30,ZA,South Africa,15.4611
1990-09-30,AT,Austria,28.5047
1990-09-30,AU,Australia,0.8054
1990-09-30,BE,Belgium,10.0837
1990-09-30,CA,Canada,-2.5977
1990-09-30,CH,Switzerland,8.7658
1990-09-30,CO,Colombia,28.2614
1990-09-30,DE,Germany,8.7998
1990-09-30,DK,Denmark,-7.9268
1990-09-30,ES,Spain,13.5317
1990-09-30,FI,Finland,-6.0125
1990-09-30,FR,France,8.4703
1990-09-30,GB,United Kingdom,-3.1667
1990-09-30,HK,Hong Kong SAR,15.5613
1990-09-30,IE,Ireland,13.9942
1990-09-30,IS,Iceland,13.3679
1990-09-30,IT,Italy,16.0135
1990-09-30,JP,Japan,15.2174
1990-09-30,KR,Korea,17.1987
1990-09-30,MY,Malaysia,1.6943
1990-09-30,NL,Netherlands,0
1990-09-30,NZ,New Zealand,5.2212
1990-09-30,PT,Portugal,13.3733
1990-09-30,SE,Sweden,10.6952
1990-09-30,US,United States,2.5443
1990-09-30,XM,Euro area,12.2386
1990-09-30,ZA,South Africa,14.0489
1990-12-31,AT,Austria,27.957
1990-12-31,AU,Australia,1.097
1990-12-31,BE,Belgium,7.3431
1990-12-31,CA,Canada,-7.1314
1990-12-31,CH,Switzerland,0.6822
1990-12-31,CO,Colombia,26.8438
1990-12-31,DE,Germany,7.4022
1990-12-31,DK,Denmark,-7.1557
1990-12-31,ES,Spain,12.4295
1990-12-31,FI,Finland,-6.8893
1990-12-31,FR,France,7.6181
1990-12-31,GB,United Kingdom,-2.7211
1990-12-31,HK,Hong Kong SAR,14.251
1990-12-31,IE,Ireland,4.7654
1990-12-31,IS,Iceland,11.8881
1990-12-31,IT,Italy,16.2865
1990-12-31,JP,Japan,12.3206
1990-12-31,KR,Korea,20.8085
1990-12-31,MY,Malaysia,11.7119
1990-12-31,NL,Netherlands,-1.0509
1990-12-31,NZ,New Zealand,2.8008
1990-12-31,PT,Portugal,13.9535
1990-12-31,SE,Sweden,8.5106
1990-12-31,US,United States,0.7745
1990-12-31,XM,Euro area,10.9828
1990-12-31,ZA,South Africa,13.8343
1991-03-31,AT,Austria,29.5455
1991-03-31,AU,Australia,0.4952
1991-03-31,BE,Belgium,4.4721
1991-03-31,CA,Canada,-0.8746
1991-03-31,CH,Switzerland,-1.0032
1991-03-31,CO,Colombia,16.3281
1991-03-31,DE,Germany,5.3923
1991-03-31,DK,Denmark,-0.731
1991-03-31,ES,Spain,11.4451
1991-03-31,FI,Finland,-11.082
1991-03-31,FR,France,7.1458
1991-03-31,GB,United Kingdom,-2.0833
1991-03-31,HK,Hong Kong SAR,15.8877
1991-03-31,HU,Hungary,14.5965
1991-03-31,IE,Ireland,2.5051
1991-03-31,IS,Iceland,10.465
1991-03-31,IT,Italy,17.6192
1991-03-31,JP,Japan,9.6309
1991-03-31,KR,Korea,17.5043
1991-03-31,MY,Malaysia,19.3622
1991-03-31,NL,Netherlands,0.3931
1991-03-31,NZ,New Zealand,-1.1406
1991-03-31,PT,Portugal,18.2674
1991-03-31,SE,Sweden,9.5477
1991-03-31,US,United States,-1.3253
1991-03-31,XM,Euro area,9.4232
1991-03-31,ZA,South Africa,12.6126
1991-06-30,AT,Austria,22.2073
1991-06-30,AU,Australia,0.7919
1991-06-30,BE,Belgium,3.1565
1991-06-30,CA,Canada,10.0054
1991-06-30,CH,Switzerland,-0.2743
1991-06-30,CO,Colombia,27.5357
1991-06-30,DE,Germany,4.6551
1991-06-30,DK,Denmark,0.1057
1991-06-30,ES,Spain,13.9615
1991-06-30,FI,Finland,-12.5867
1991-06-30,FR,France,6.2525
1991-06-30,GB,United Kingdom,-1.5762
1991-06-30,HK,Hong Kong SAR,28.1463
1991-06-30,HU,Hungary,15.5223
1991-06-30,IE,Ireland,0.4194
1991-06-30,IS,Iceland,12.1264
1991-06-30,IT,Italy,17.182
1991-06-30,JP,Japan,5.816
1991-06-30,KR,Korea,13.4012
1991-06-30,MY,Malaysia,28.9426
1991-06-30,NL,Netherlands,-0.0544
1991-06-30,NZ,New Zealand,-3.1698
1991-06-30,PT,Portugal,20.2925
1991-06-30,SE,Sweden,6.8966
1991-06-30,US,United States,-0.7447
1991-06-30,XM,Euro area,8.7254
1991-06-30,ZA,South Africa,12.2161
1991-09-30,AT,Austria,15.1515
1991-09-30,AU,Australia,4.7941
1991-09-30,BE,Belgium,4.5864
1991-09-30,CA,Canada,3.2632
1991-09-30,CH,Switzerland,5.0653
1991-09-30,CO,Colombia,17.7309
1991-09-30,DE,Germany,4.1459
1991-09-30,DK,Denmark,2.2396
1991-09-30,ES,Spain,14.3768
1991-09-30,FI,Finland,-15.1948
1991-09-30,FR,France,4.74
1991-09-30,GB,United Kingdom,-1.3769
1991-09-30,HK,Hong Kong SAR,44.5916
1991-09-30,HU,Hungary,9.203
1991-09-30,IE,Ireland,-0.1155
1991-09-30,IS,Iceland,11.9214
1991-09-30,IT,Italy,15.4544
1991-09-30,JP,Japan,2.2102
1991-09-30,KR,Korea,9.6123
1991-09-30,MY,Malaysia,31.4069
1991-09-30,NL,Netherlands,3.3203
1991-09-30,NZ,New Zealand,-2.5352
1991-09-30,PT,Portugal,19.5423
1991-09-30,SE,Sweden,5.314
1991-09-30,US,United States,-0.8112
1991-09-30,XM,Euro area,7.7566
1991-09-30,ZA,South Africa,13.8485
1991-12-31,AT,Austria,17.2869
1991-12-31,AU,Australia,4.1727
1991-12-31,BE,Belgium,4.7516
1991-12-31,CA,Canada,3.6782
1991-12-31,CH,Switzerland,4.9041
1991-12-31,CO,Colombia,20.6433
1991-12-31,DE,Germany,4.737
1991-12-31,DK,Denmark,3.6476
1991-12-31,ES,Spain,17.3353
1991-12-31,FI,Finland,-16.8972
1991-12-31,FR,France,2.814
1991-12-31,GB,United Kingdom,-0.6993
1991-12-31,HK,Hong Kong SAR,54.7571
1991-12-31,HU,Hungary,10.8912
1991-12-31,IE,Ireland,5.5621
1991-12-31,IS,Iceland,8.3435
1991-12-31,IT,Italy,13.4201
1991-12-31,JP,Japan,-0.1597
1991-12-31,KR,Korea,1.9344
1991-12-31,MY,Malaysia,22.4483
1991-12-31,NL,Netherlands,6.712
1991-12-31,NZ,New Zealand,-2.4847
1991-12-31,PT,Portugal,19.3878
1991-12-31,SE,Sweden,5.8824
1991-12-31,US,United States,-0.6162
1991-12-31,XM,Euro area,7.8223
1991-12-31,ZA,South Africa,14.8537
1992-03-31,AT,Austria,22.4561
1992-03-31,AU,Australia,3.5834
1992-03-31,BE,Belgium,5.6231
1992-03-31,CA,Canada,0.5438
1992-03-31,CH,Switzerland,4.266
1992-03-31,CO,Colombia,21.9713
1992-03-31,DE,Germany,5.4324
1992-03-31,DK,Denmark,0.8907
1992-03-31,ES,Spain,6.041
1992-03-31,FI,Finland,-13.4587
1992-03-31,FR,France,-0.0584
1992-03-31,GB,United Kingdom,-0.8865
1992-03-31,HK,Hong Kong SAR,60.4842
1992-03-31,HU,Hungary,1.599
1992-03-31,IE,Ireland,4.0033
1992-03-31,IS,Iceland,7.0907
1992-03-31,IT,Italy,14.696
1992-03-31,JP,Japan,-2.4724
1992-03-31,KR,Korea,-3.1109
1992-03-31,MY,Malaysia,17.0118
1992-03-31,NL,Netherlands,9.7483
1992-03-31,NZ,New Zealand,-1.2203
1992-03-31,PT,Portugal,16.7197
1992-03-31,SE,Sweden,-5.5046
1992-03-31,TH,Thailand,23.4114
1992-03-31,US,United States,0.3404
1992-03-31,XM,Euro area,6.4055
1992-03-31,ZA,South Africa,11.8545
1992-06-30,AT,Austria,20.9251
1992-06-30,AU,Australia,2.6557
1992-06-30,BE,Belgium,9.8483
1992-06-30,CA,Canada,-2.15
1992-06-30,CH,Switzerland,1.6325
1992-06-30,CO,Colombia,17.6191
1992-06-30,DE,Germany,4.9248
1992-06-30,DK,Denmark,-0.3636
1992-06-30,ES,Spain,-0.3423
1992-06-30,FI,Finland,-16.7864
1992-06-30,FR,France,-2.3653
1992-06-30,GB,United Kingdom,-3.0249
1992-06-30,HK,Hong Kong SAR,55.0002
1992-06-30,HU,Hungary,-0.1612
1992-06-30,IE,Ireland,5.8354
1992-06-30,IS,Iceland,2.9987
1992-06-30,IT,Italy,15.1455
1992-06-30,JP,Japan,-3.5561
1992-06-30,KR,Korea,-8.2058
1992-06-30,MY,Malaysia,12.2725
1992-06-30,NL,Netherlands,4.6803
1992-06-30,NZ,New Zealand,1.278
1992-06-30,PT,Portugal,15.1976
1992-06-30,SE,Sweden,-6.9124
1992-06-30,TH,Thailand,11.8526
1992-06-30,US,United States,-0.5435
1992-06-30,XM,Euro area,5.2307
1992-06-30,ZA,South Africa,5.3733
1992-09-30,AT,Austria,11.6842
1992-09-30,AU,Australia,-0.2899
1992-09-30,BE,Belgium,6.2823
1992-09-30,CA,Canada,3.937
1992-09-30,CH,Switzerland,-5.6356
1992-09-30,CO,Colombia,21.5467
1992-09-30,DE,Germany,5.327
1992-09-30,DK,Denmark,-1.8608
1992-09-30,ES,Spain,-2.9093
1992-09-30,FI,Finland,-18.9681
1992-09-30,FR,France,-3.4618
1992-09-30,GB,United Kingdom,-4.5375
1992-09-30,HK,Hong Kong SAR,35.4199
1992-09-30,HU,Hungary,-2.0139
1992-09-30,IE,Ireland,3.8617
1992-09-30,IS,Iceland,3.2159
1992-09-30,IT,Italy,15.6691
1992-09-30,JP,Japan,-4.6414
1992-09-30,KR,Korea,-8.594
1992-09-30,MY,Malaysia,10.5491
1992-09-30,NL,Netherlands,10.739
1992-09-30,NZ,New Zealand,1.0671
1992-09-30,PT,Portugal,11.1929
1992-09-30,SE,Sweden,-10.0917
1992-09-30,TH,Thailand,11.0784
1992-09-30,US,United States,-0.3697
1992-09-30,XM,Euro area,4.2152
1992-09-30,ZA,South Africa,0.7392
1992-12-31,AT,Austria,9.9284
1992-12-31,AU,Australia,0.6658
1992-12-31,BE,Belgium,5.0468
1992-12-31,CA,Canada,4.917
1992-12-31,CH,Switzerland,-3.1569
1992-12-31,CO,Colombia,16.5796
1992-12-31,DE,Germany,4.7458
1992-12-31,DK,Denmark,-5.0859
1992-12-31,ES,Spain,-7.4211
1992-12-31,FI,Finland,-19.0989
1992-12-31,FR,France,-3.5609
1992-12-31,GB,United Kingdom,-7.3944
1992-12-31,HK,Hong Kong SAR,17.0763
1992-12-31,HU,Hungary,-4.4224
1992-12-31,IE,Ireland,0.4354
1992-12-31,IS,Iceland,3.2599
1992-12-31,IT,Italy,14.1799
1992-12-31,JP,Japan,-4.8
1992-12-31,KR,Korea,-6.0542
1992-12-31,MY,Malaysia,9.3043
1992-12-31,NL,Netherlands,8.3599
1992-12-31,NZ,New Zealand,1.7211
1992-12-31,PT,Portugal,7.265
1992-12-31,SE,Sweden,-15.2778
1992-12-31,TH,Thailand,8.9898
1992-12-31,US,United States,0.1867
1992-12-31,XM,Euro area,2.9181
1992-12-31,ZA,South Africa,0.3266
1993-03-31,AT,Austria,-0.382
1993-03-31,AU,Australia,2.3027
1993-03-31,BE,Belgium,4.1607
1993-03-31,CA,Canada,4.0918
1993-03-31,CH,Switzerland,-2.8915
1993-03-31,CO,Colombia,20.0094
1993-03-31,DE,Germany,4.6854
1993-03-31,DK,Denmark,-5.6975
1993-03-31,ES,Spain,-3.8454
1993-03-31,FI,Finland,-17.9634
1993-03-31,FR,France,-2.3965
1993-03-31,GB,United Kingdom,-5.3667
1993-03-31,HK,Hong Kong SAR,6.9094
1993-03-31,HU,Hungary,6.5936
1993-03-31,IE,Ireland,-2.4505
1993-03-31,IS,Iceland,0.9115
1993-03-31,IT,Italy,8.4712
1993-03-31,JP,Japan,-4.9622
1993-03-31,KR,Korea,-4.2606
1993-03-31,MY,Malaysia,7.0325
1993-03-31,NL,Netherlands,5.9003
1993-03-31,NO,Norway,-5.3191
1993-03-31,NZ,New Zealand,3.3019
1993-03-31,PT,Portugal,2.8649
1993-03-31,SE,Sweden,-15.0485
1993-03-31,TH,Thailand,8.0397
1993-03-31,US,United States,0.2768
1993-03-31,XM,Euro area,2.0698
1993-03-31,ZA,South Africa,1.4954
1993-06-30,AT,Austria,-1.184
1993-06-30,AU,Australia,2.6733
1993-06-30,BE,Belgium,4.5529
1993-06-30,CA,Canada,3.2908
1993-06-30,CH,Switzerland,-0.0842
1993-06-30,CO,Colombia,20.7424
1993-06-30,DE,Germany,4.2239
1993-06-30,DK,Denmark,-6.3331
1993-06-30,ES,Spain,-0.1353
1993-06-30,FI,Finland,-12.8429
1993-06-30,FR,France,-1.6411
1993-06-30,GB,United Kingdom,-2.2018
1993-06-30,HK,Hong Kong SAR,4.877
1993-06-30,HU,Hungary,9.5725
1993-06-30,IE,Ireland,1.7411
1993-06-30,IS,Iceland,1.8084
1993-06-30,IT,Italy,5.0603
1993-06-30,JP,Japan,-4.5831
1993-06-30,KR,Korea,-3.2106
1993-06-30,MY,Malaysia,4.2882
1993-06-30,NL,Netherlands,10.7226
1993-06-30,NO,Norway,-1.0582
1993-06-30,NZ,New Zealand,2.7673
1993-06-30,PT,Portugal,0.6596
1993-06-30,SE,Sweden,-13.3663
1993-06-30,TH,Thailand,12.1995
1993-06-30,US,United States,0.9477
1993-06-30,XM,Euro area,2.1677
1993-06-30,ZA,South Africa,4.2384
1993-09-30,AT,Austria,1.131
1993-09-30,AU,Australia,2.6817
1993-09-30,BE,Belgium,4.5665
1993-09-30,CA,Canada,0.7677
1993-09-30,CH,Switzerland,-0.1685
1993-09-30,CO,Colombia,25.2709
1993-09-30,DE,Germany,3.9215
1993-09-30,DK,Denmark,0
1993-09-30,ES,Spain,0.9292
1993-09-30,FI,Finland,-5.5448
1993-09-30,FR,France,-1.0246
1993-09-30,GB,United Kingdom,-0.5484
1993-09-30,HK,Hong Kong SAR,10.372
1993-09-30,HU,Hungary,6.0113
1993-09-30,IE,Ireland,2.4268
1993-09-30,IS,Iceland,-2.9097
1993-09-30,IT,Italy,4.0472
1993-09-30,JP,Japan,-4.2035
1993-09-30,KR,Korea,-2.9741
1993-09-30,MY,Malaysia,3.8207
1993-09-30,NL,Netherlands,7.163
1993-09-30,NO,Norway,2.1053
1993-09-30,NZ,New Zealand,4.0695
1993-09-30,PT,Portugal,0.5298
1993-09-30,SE,Sweden,-11.2245
1993-09-30,TH,Thailand,11.5622
1993-09-30,US,United States,1.8033
1993-09-30,XM,Euro area,2.2983
1993-09-30,ZA,South Africa,7.3382
1993-12-31,AT,Austria,1.9553
1993-12-31,AU,Australia,2.6563
1993-12-31,BE,Belgium,7.9185
1993-12-31,CA,Canada,-0.1483
1993-12-31,CH,Switzerland,-0.6715
1993-12-31,CO,Colombia,29.4488
1993-12-31,DE,Germany,4.3298
1993-12-31,DK,Denmark,8.6105
1993-12-31,ES,Spain,1.5738
1993-12-31,FI,Finland,3.2658
1993-12-31,FR,France,-0.6776
1993-12-31,GB,United Kingdom,1.5209
1993-12-31,HK,Hong Kong SAR,14.3914
1993-12-31,HU,Hungary,15.8755
1993-12-31,IE,Ireland,0.5557
1993-12-31,IS,Iceland,-2.2382
1993-12-31,IT,Italy,1.811
1993-12-31,JP,Japan,-3.5854
1993-12-31,KR,Korea,-3.3024
1993-12-31,MY,Malaysia,4.2936
1993-12-31,NL,Netherlands,9.2212
1993-12-31,NO,Norway,8.1081
1993-12-31,NZ,New Zealand,6.3063
1993-12-31,PT,Portugal,1.0624
1993-12-31,SE,Sweden,-3.8251
1993-12-31,TH,Thailand,7.9082
1993-12-31,US,United States,2.4274
1993-12-31,XM,Euro area,2.3002
1993-12-31,ZA,South Africa,6.901
1994-03-31,AT,Austria,5.3691
1994-03-31,AU,Australia,2.8109
1994-03-31,BE,Belgium,7.4709
1994-03-31,CA,Canada,3.4506
1994-03-31,CH,Switzerland,1.2738
1994-03-31,CO,Colombia,34.0899
1994-03-31,DE,Germany,3.9018
1994-03-31,DK,Denmark,16.4399
1994-03-31,ES,Spain,1.4812
1994-03-31,FI,Finland,7.3439
1994-03-31,FR,France,-0.5689
1994-03-31,GB,United Kingdom,2.0794
1994-03-31,HK,Hong Kong SAR,32.6675
1994-03-31,HU,Hungary,14.4244
1994-03-31,IE,Ireland,7.41
1994-03-31,IS,Iceland,-0.3751
1994-03-31,IT,Italy,-0.0287
1994-03-31,JP,Japan,-2.9512
1994-03-31,KR,Korea,-2.9022
1994-03-31,MY,Malaysia,6.3307
1994-03-31,NL,Netherlands,11.3598
1994-03-31,NO,Norway,15.7303
1994-03-31,NZ,New Zealand,11.1329
1994-03-31,PT,Portugal,1.9894
1994-03-31,SE,Sweden,2.2857
1994-03-31,TH,Thailand,0.5853
1994-03-31,US,United States,2.4455
1994-03-31,XM,Euro area,2.3543
1994-03-31,ZA,South Africa,8.0077
1994-06-30,AT,Austria,-0.553
1994-06-30,AU,Australia,3.3596
1994-06-30,BE,Belgium,6.1234
1994-06-30,CA,Canada,2.588
1994-06-30,CH,Switzerland,-2.2586
1994-06-30,CO,Colombia,30.4355
1994-06-30,DE,Germany,4.127
1994-06-30,DK,Denmark,17.2301
1994-06-30,ES,Spain,0.3023
1994-06-30,FI,Finland,8.3892
1994-06-30,FR,France,-0.0894
1994-06-30,GB,United Kingdom,2.6266
1994-06-30,HK,Hong Kong SAR,28.268
1994-06-30,HU,Hungary,18.4783
1994-06-30,IE,Ireland,3.0348
1994-06-30,IS,Iceland,-0.7463
1994-06-30,IT,Italy,-1.7017
1994-06-30,JP,Japan,-2.521
1994-06-30,KR,Korea,-2.2439
1994-06-30,MY,Malaysia,5.0594
1994-06-30,NL,Netherlands,10.0599
1994-06-30,NO,Norway,13.369
1994-06-30,NZ,New Zealand,13.7872
1994-06-30,PT,Portugal,0.9174
1994-06-30,SE,Sweden,5.1429
1994-06-30,TH,Thailand,-1.1905
1994-06-30,US,United States,2.5259
1994-06-30,XM,Euro area,1.7184
1994-06-30,ZA,South Africa,11.2452
1994-09-30,AT,Austria,0.932
1994-09-30,AU,Australia,4.8458
1994-09-30,BE,Belgium,7.9251
1994-09-30,CA,Canada,3.2478
1994-09-30,CH,Switzerland,-0.1322
1994-09-30,CO,Colombia,31.6849
1994-09-30,DE,Germany,3.9495
1994-09-30,DK,Denmark,10.3324
1994-09-30,ES,Spain,0.7345
1994-09-30,FI,Finland,6.526
1994-09-30,FR,France,-0.0098
1994-09-30,GB,United Kingdom,2.3897
1994-09-30,HK,Hong Kong SAR,18.4202
1994-09-30,HU,Hungary,30.3539
1994-09-30,IE,Ireland,-0.0326
1994-09-30,IS,Iceland,-0.1991
1994-09-30,IT,Italy,-1.8125
1994-09-30,JP,Japan,-2.0785
1994-09-30,KR,Korea,-0.9888
1994-09-30,MY,Malaysia,7.9128
1994-09-30,NL,Netherlands,11.1974
1994-09-30,NO,Norway,13.9175
1994-09-30,NZ,New Zealand,15.0074
1994-09-30,PT,Portugal,2.635
1994-09-30,SE,Sweden,6.8966
1994-09-30,TH,Thailand,-1.7405
1994-09-30,US,United States,2.2971
1994-09-30,XM,Euro area,1.6612
1994-09-30,ZA,South Africa,11.9329
1994-12-31,AT,Austria,-3.9269
1994-12-31,AU,Australia,3.4085
1994-12-31,BE,Belgium,4.2266
1994-12-31,CA,Canada,3.2082
1994-12-31,CH,Switzerland,-0.6471
1994-12-31,CO,Colombia,34.4956
1994-12-31,DE,Germany,3.0667
1994-12-31,DK,Denmark,5.7956
1994-12-31,ES,Spain,0.3099
1994-12-31,FI,Finland,1.8241
1994-12-31,FR,France,-0.0593
1994-12-31,GB,United Kingdom,3.5581
1994-12-31,HK,Hong Kong SAR,16.3209
1994-12-31,HU,Hungary,19.3541
1994-12-31,IE,Ireland,7.5163
1994-12-31,IS,Iceland,-0.6006
1994-12-31,IT,Italy,-1.3863
1994-12-31,JP,Japan,-1.8013
1994-12-31,KR,Korea,-0.2984
1994-12-31,MY,Malaysia,12.5198
1994-12-31,NL,Netherlands,7.7027
1994-12-31,NO,Norway,10
1994-12-31,NZ,New Zealand,14.5721
1994-12-31,PT,Portugal,3.548
1994-12-31,SE,Sweden,3.9773
1994-12-31,TH,Thailand,1.4972
1994-12-31,US,United States,1.8164
1994-12-31,XM,Euro area,1.3568
1994-12-31,ZA,South Africa,11.5104
1995-03-31,AT,Austria,-2.3658
1995-03-31,AU,Australia,3.2891
1995-03-31,BE,Belgium,4.9807
1995-03-31,CA,Canada,-3.8946
1995-03-31,CH,Switzerland,-1.8564
1995-03-31,CO,Colombia,27.4264
1995-03-31,DE,Germany,2.3223
1995-03-31,DK,Denmark,2.3049
1995-03-31,ES,Spain,2.867
1995-03-31,FI,Finland,-1.3644
1995-03-31,FR,France,-0.793
1995-03-31,GB,United Kingdom,1.4815
1995-03-31,HK,Hong Kong SAR,-0.8857
1995-03-31,HU,Hungary,17.6614
1995-03-31,IE,Ireland,6.4609
1995-03-31,IL,Israel,17.7208
1995-03-31,IS,Iceland,-4.5098
1995-03-31,IT,Italy,-1.2472
1995-03-31,JP,Japan,-1.5205
1995-03-31,KR,Korea,-0.2325
1995-03-31,MY,Malaysia,15.2738
1995-03-31,NL,Netherlands,5.328
1995-03-31,NO,Norway,7.2816
1995-03-31,NZ,New Zealand,10.5654
1995-03-31,PT,Portugal,2.4707
1995-03-31,SE,Sweden,2.2346
1995-03-31,TH,Thailand,6.7332
1995-03-31,US,United States,1.8573
1995-03-31,XM,Euro area,1.3754
1995-03-31,ZA,South Africa,10.8541
1995-06-30,AT,Austria,-2.1316
1995-06-30,AU,Australia,1.3509
1995-06-30,BE,Belgium,4.0295
1995-06-30,CA,Canada,-5.5518
1995-06-30,CH,Switzerland,-0.1625
1995-06-30,CO,Colombia,33.9487
1995-06-30,DE,Germany,1.3487
1995-06-30,DK,Denmark,6.0463
1995-06-30,ES,Spain,3.8138
1995-06-30,FI,Finland,-3.9699
1995-06-30,FR,France,-1.004
1995-06-30,GB,United Kingdom,1.2797
1995-06-30,HK,Hong Kong SAR,-5.5096
1995-06-30,HU,Hungary,11.124
1995-06-30,IE,Ireland,6.3448
1995-06-30,IL,Israel,13.6329
1995-06-30,IS,Iceland,-4.6121
1995-06-30,IT,Italy,0.6852
1995-06-30,JP,Japan,-1.4975
1995-06-30,KR,Korea,-0.0665
1995-06-30,MY,Malaysia,20.2204
1995-06-30,NL,Netherlands,5.3963
1995-06-30,NO,Norway,8.4906
1995-06-30,NZ,New Zealand,8.8603
1995-06-30,PT,Portugal,2.2078
1995-06-30,SE,Sweden,1.087
1995-06-30,TH,Thailand,4.739
1995-06-30,US,United States,1.9215
1995-06-30,XM,Euro area,1.3654
1995-06-30,ZA,South Africa,8.6808
1995-09-30,AT,Austria,3.0471
1995-09-30,AU,Australia,0
1995-09-30,BE,Belgium,4.1594
1995-09-30,CA,Canada,-3.1165
1995-09-30,CH,Switzerland,-0.0819
1995-09-30,CO,Colombia,29.1305
1995-09-30,DE,Germany,0.3466
1995-09-30,DK,Denmark,10.2241
1995-09-30,ES,Spain,3.2656
1995-09-30,FI,Finland,-4.8952
1995-09-30,FR,France,-0.9474
1995-09-30,GB,United Kingdom,0.3591
1995-09-30,HK,Hong Kong SAR,-10.0058
1995-09-30,HU,Hungary,4.1441
1995-09-30,IE,Ireland,8.8498
1995-09-30,IL,Israel,13.8972
1995-09-30,IS,Iceland,-1.8179
1995-09-30,IT,Italy,1.0533
1995-09-30,JP,Japan,-1.4741
1995-09-30,KR,Korea,-0.0998
1995-09-30,MY,Malaysia,20.2012
1995-09-30,NL,Netherlands,3.9667
1995-09-30,NO,Norway,5.8824
1995-09-30,NZ,New Zealand,8.6381
1995-09-30,PT,Portugal,1.1553
1995-09-30,SE,Sweden,-1.0753
1995-09-30,TH,Thailand,8.4541
1995-09-30,US,United States,2.3493
1995-09-30,XM,Euro area,1.5875
1995-09-30,ZA,South Africa,6.1077
1995-12-31,AT,Austria,-2.2814
1995-12-31,AU,Australia,0.2713
1995-12-31,BE,Belgium,4.93
1995-12-31,CA,Canada,-4.1063
1995-12-31,CH,Switzerland,-0.8617
1995-12-31,CO,Colombia,25.2476
1995-12-31,DE,Germany,0.1789
1995-12-31,DK,Denmark,11.8139
1995-12-31,ES,Spain,3.8719
1995-12-31,FI,Finland,-4.2742
1995-12-31,FR,France,-0.9102
1995-12-31,GB,United Kingdom,-0.3617
1995-12-31,HK,Hong Kong SAR,-9.997
1995-12-31,HU,Hungary,7.4122
1995-12-31,IE,Ireland,7.0731
1995-12-31,IL,Israel,15.3246
1995-12-31,IS,Iceland,-5.6333
1995-12-31,IT,Italy,2.6559
1995-12-31,JP,Japan,-1.6272
1995-12-31,KR,Korea,-0.1995
1995-12-31,MY,Malaysia,17.5855
1995-12-31,NL,Netherlands,6.7349
1995-12-31,NO,Norway,7.7273
1995-12-31,NZ,New Zealand,8.8941
1995-12-31,PT,Portugal,0.3807
1995-12-31,SE,Sweden,-1.0929
1995-12-31,TH,Thailand,5.6677
1995-12-31,US,United States,2.4246
1995-12-31,XM,Euro area,1.7633
1995-12-31,ZA,South Africa,4.9153
1996-03-31,AT,Austria,1.4911
1996-03-31,AU,Australia,-0.8857
1996-03-31,BE,Belgium,1.9284
1996-03-31,CA,Canada,-2.6425
1996-03-31,CH,Switzerland,-2.5568
1996-03-31,CO,Colombia,25.9572
1996-03-31,DE,Germany,-0.5956
1996-03-31,DK,Denmark,10.9819
1996-03-31,ES,Spain,2.6148
1996-03-31,FI,Finland,-1.8052
1996-03-31,FR,France,0.8442
1996-03-31,GB,United Kingdom,2.0073
1996-03-31,HK,Hong Kong SAR,-2.7406
1996-03-31,HU,Hungary,10.183
1996-03-31,IE,Ireland,4.9353
1996-03-31,IL,Israel,17.4912
1996-03-31,IS,Iceland,-2.2584
1996-03-31,IT,Italy,4.2928
1996-03-31,JP,Japan,-1.7815
1996-03-31,KR,Korea,0.1997
1996-03-31,MY,Malaysia,15.5736
1996-03-31,NL,Netherlands,7.9585
1996-03-31,NO,Norway,8.1448
1996-03-31,NZ,New Zealand,11.8032
1996-03-31,PT,Portugal,0.7614
1996-03-31,SE,Sweden,-0.5464
1996-03-31,TH,Thailand,4.9844
1996-03-31,US,United States,2.9349
1996-03-31,XM,Euro area,2.1161
1996-03-31,ZA,South Africa,4.1199
1996-06-30,AT,Austria,4.3561
1996-06-30,AU,Australia,1.0623
1996-06-30,BE,Belgium,2.6567
1996-06-30,CA,Canada,2.0437
1996-06-30,CH,Switzerland,-2.6634
1996-06-30,CO,Colombia,20.1652
1996-06-30,DE,Germany,-1.4834
1996-06-30,DK,Denmark,9.7857
1996-06-30,ES,Spain,2.0721
1996-06-30,FI,Finland,2.7362
1996-06-30,FR,France,0.0746
1996-06-30,GB,United Kingdom,1.083
1996-06-30,HK,Hong Kong SAR,2.9003
1996-06-30,HU,Hungary,10.2806
1996-06-30,IE,Ireland,10.4956
1996-06-30,IL,Israel,20.5964
1996-06-30,IS,Iceland,-0.2063
1996-06-30,IT,Italy,3.6729
1996-06-30,JP,Japan,-1.8501
1996-06-30,KR,Korea,0.5326
1996-06-30,MY,Malaysia,14.2766
1996-06-30,NL,Netherlands,9.5563
1996-06-30,NO,Norway,8.6957
1996-06-30,NZ,New Zealand,11.5826
1996-06-30,PT,Portugal,1.7789
1996-06-30,SE,Sweden,-1.0753
1996-06-30,TH,Thailand,6.7485
1996-06-30,US,United States,3.006
1996-06-30,XM,Euro area,2.0606
1996-06-30,ZA,South Africa,3.1529
1996-09-30,AT,Austria,-5.4659
1996-09-30,AU,Australia,1.2405
1996-09-30,BE,Belgium,1.9128
1996-09-30,CA,Canada,-0.3207
1996-09-30,CH,Switzerland,-1.6751
1996-09-30,CO,Colombia,16.541
1996-09-30,DE,Germany,-1.5071
1996-09-30,DK,Denmark,10.3513
1996-09-30,ES,Spain,1.4618
1996-09-30,FI,Finland,8.2213
1996-09-30,FR,France,0.6657
1996-09-30,GB,United Kingdom,4.1145
1996-09-30,HK,Hong Kong SAR,11.885
1996-09-30,HU,Hungary,18.8682
1996-09-30,IE,Ireland,17.7387
1996-09-30,IL,Israel,14.0362
1996-09-30,IS,Iceland,-1.0294
1996-09-30,IT,Italy,3.6553
1996-09-30,JP,Japan,-1.915
1996-09-30,KR,Korea,0.7664
1996-09-30,MY,Malaysia,12.3923
1996-09-30,NL,Netherlands,10.3333
1996-09-30,NO,Norway,8.9744
1996-09-30,NZ,New Zealand,8.6787
1996-09-30,PT,Portugal,1.7766
1996-09-30,SE,Sweden,1.6304
1996-09-30,TH,Thailand,-1.4105
1996-09-30,US,United States,2.6611
1996-09-30,XM,Euro area,2.0138
1996-09-30,ZA,South Africa,3.2967
1996-12-31,AT,Austria,0.6809
1996-12-31,AU,Australia,1.6837
1996-12-31,BE,Belgium,2.1677
1996-12-31,CA,Canada,0.09
1996-12-31,CH,Switzerland,-3.0651
1996-12-31,CO,Colombia,11.9666
1996-12-31,DE,Germany,-1.8664
1996-12-31,DK,Denmark,11.6012
1996-12-31,ES,Spain,1.3384
1996-12-31,FI,Finland,13.0899
1996-12-31,FR,France,1.9321
1996-12-31,GB,United Kingdom,7.441
1996-12-31,HK,Hong Kong SAR,25.2354
1996-12-31,HU,Hungary,20.446
1996-12-31,IE,Ireland,14.5079
1996-12-31,IL,Israel,12.1916
1996-12-31,IS,Iceland,4.6902
1996-12-31,IT,Italy,3.7486
1996-12-31,JP,Japan,-1.7143
1996-12-31,KR,Korea,1.3662
1996-12-31,MY,Malaysia,9.7745
1996-12-31,NL,Netherlands,11.8421
1996-12-31,NO,Norway,10.1266
1996-12-31,NZ,New Zealand,8.0848
1996-12-31,PT,Portugal,2.0228
1996-12-31,SE,Sweden,3.3149
1996-12-31,TH,Thailand,-1.6899
1996-12-31,US,United States,2.7845
1996-12-31,XM,Euro area,2.3225
1996-12-31,ZA,South Africa,3.8522
1997-03-31,AT,Austria,-0.8264
1997-03-31,AU,Australia,2.761
1997-03-31,BE,Belgium,0.2402
1997-03-31,CA,Canada,2.5116
1997-03-31,CH,Switzerland,-1.7784
1997-03-31,CO,Colombia,8.9747
1997-03-31,DE,Germany,-1.7422
1997-03-31,DK,Denmark,12.69
1997-03-31,ES,Spain,1.1556
1997-03-31,FI,Finland,19.0828
1997-03-31,FR,France,-2.439
1997-03-31,GB,United Kingdom,7.3345
1997-03-31,HK,Hong Kong SAR,40.6432
1997-03-31,HU,Hungary,16.425
1997-03-31,IE,Ireland,14.4441
1997-03-31,IL,Israel,10.3948
1997-03-31,IS,Iceland,2.2058
1997-03-31,IT,Italy,4.3657
1997-03-31,JP,Japan,-1.5115
1997-03-31,KR,Korea,2.9901
1997-03-31,MY,Malaysia,7.4398
1997-03-31,NL,Netherlands,11.859
1997-03-31,NO,Norway,10.8787
1997-03-31,NZ,New Zealand,6.8218
1997-03-31,PT,Portugal,2.6448
1997-03-31,SE,Sweden,4.3956
1997-03-31,TH,Thailand,2.5223
1997-03-31,US,United States,2.7425
1997-03-31,XM,Euro area,1.3837
1997-03-31,ZA,South Africa,3.6999
1997-06-30,AT,Austria,-3.902
1997-06-30,AU,Australia,2.8163
1997-06-30,BE,Belgium,2.5583
1997-06-30,CA,Canada,2.8852
1997-06-30,CH,Switzerland,-2.8096
1997-06-30,CO,Colombia,8.7678
1997-06-30,DE,Germany,-1.8614
1997-06-30,DK,Denmark,12.8729
1997-06-30,ES,Spain,1.2259
1997-06-30,FI,Finland,18.9713
1997-06-30,FR,France,2.439
1997-06-30,GB,United Kingdom,9.2857
1997-06-30,HK,Hong Kong SAR,47.1815
1997-06-30,HU,Hungary,18.6267
1997-06-30,IE,Ireland,18.7712
1997-06-30,IL,Israel,7.9738
1997-06-30,IS,Iceland,2.1649
1997-06-30,IT,Italy,4.0759
1997-06-30,JP,Japan,-1.3347
1997-06-30,KR,Korea,3.2451
1997-06-30,MY,Malaysia,4.5326
1997-06-30,NL,Netherlands,11.838
1997-06-30,NO,Norway,13.6
1997-06-30,NZ,New Zealand,6.2032
1997-06-30,PT,Portugal,2.7466
1997-06-30,SE,Sweden,7.0652
1997-06-30,TH,Thailand,5.1724
1997-06-30,US,United States,3.0594
1997-06-30,XM,Euro area,2.4579
1997-06-30,ZA,South Africa,5.8584
1997-09-30,AT,Austria,4.9289
1997-09-30,AU,Australia,4.2984
1997-09-30,BE,Belgium,3.6087
1997-09-30,CA,Canada,2.5033
1997-09-30,CH,Switzerland,-2.7309
1997-09-30,CO,Colombia,10.0499
1997-09-30,DE,Germany,-1.788
1997-09-30,DK,Denmark,12.0182
1997-09-30,ES,Spain,1.6956
1997-09-30,FI,Finland,16.9875
1997-09-30,FR,France,0
1997-09-30,GB,United Kingdom,10.4811
1997-09-30,HK,Hong Kong SAR,45.2313
1997-09-30,HU,Hungary,11.5686
1997-09-30,IE,Ireland,14.5657
1997-09-30,IL,Israel,11.3006
1997-09-30,IS,Iceland,1.9755
1997-09-30,IT,Italy,2.888
1997-09-30,JP,Japan,-1.1592
1997-09-30,KR,Korea,3.1415
1997-09-30,MY,Malaysia,0.5021
1997-09-30,NL,Netherlands,11.4804
1997-09-30,NO,Norway,12.1569
1997-09-30,NZ,New Zealand,6.3979
1997-09-30,PT,Portugal,4.3641
1997-09-30,SE,Sweden,7.4866
1997-09-30,TH,Thailand,10.3163
1997-09-30,US,United States,3.7485
1997-09-30,XM,Euro area,1.9494
1997-09-30,ZA,South Africa,10.689
1997-12-31,AT,Austria,2.9952
1997-12-31,AU,Australia,6.0418
1997-12-31,BE,Belgium,3.1106
1997-12-31,CA,Canada,1.7893
1997-12-31,CH,Switzerland,-1.1175
1997-12-31,CO,Colombia,14.126
1997-12-31,DE,Germany,-1.5215
1997-12-31,DK,Denmark,8.7715
1997-12-31,ES,Spain,2.2696
1997-12-31,FI,Finland,15.1452
1997-12-31,FR,France,0
1997-12-31,GB,United Kingdom,7.9392
1997-12-31,HK,Hong Kong SAR,26.6598
1997-12-31,HU,Hungary,6.1331
1997-12-31,IE,Ireland,21.7843
1997-12-31,IL,Israel,7.1819
1997-12-31,IS,Iceland,1.8337
1997-12-31,IT,Italy,2.3204
1997-12-31,JP,Japan,-1.224
1997-12-31,KR,Korea,2.4655
1997-12-31,MY,Malaysia,-4.4887
1997-12-31,NL,Netherlands,10.8824
1997-12-31,NO,Norway,11.1111
1997-12-31,NZ,New Zealand,4.859
1997-12-31,PT,Portugal,4.8327
1997-12-31,SE,Sweden,7.4866
1997-12-31,TH,Thailand,8.2212
1997-12-31,US,United States,4.6412
1997-12-31,XM,Euro area,2.2146
1997-12-31,ZA,South Africa,15.2882
1998-03-31,AT,Austria,-2.6852
1998-03-31,AU,Australia,7.7186
1998-03-31,BE,Belgium,8.3583
1998-03-31,CA,Canada,-0.3359
1998-03-31,CH,Switzerland,-0.7823
1998-03-31,CO,Colombia,15.9543
1998-03-31,DE,Germany,-1.62
1998-03-31,DK,Denmark,8.1106
1998-03-31,ES,Spain,2.4507
1998-03-31,FI,Finland,10.7392
1998-03-31,FR,France,2.5
1998-03-31,GB,United Kingdom,9.1667
1998-03-31,GR,Greece,14.4118
1998-03-31,HK,Hong Kong SAR,-8.7543
1998-03-31,HR,Croatia,10.6716
1998-03-31,HU,Hungary,3.2205
1998-03-31,IE,Ireland,26.2112
1998-03-31,IL,Israel,4.5255
1998-03-31,IS,Iceland,6.1671
1998-03-31,IT,Italy,-0.6704
1998-03-31,JP,Japan,-1.2891
1998-03-31,KR,Korea,-2.3549
1998-03-31,MY,Malaysia,-7.3977
1998-03-31,NL,Netherlands,10.3152
1998-03-31,NO,Norway,13.9623
1998-03-31,NZ,New Zealand,0.2223
1998-03-31,PT,Portugal,4.1718
1998-03-31,SE,Sweden,8.9474
1998-03-31,TH,Thailand,8.1042
1998-03-31,US,United States,5.8736
1998-03-31,XM,Euro area,2.3691
1998-03-31,ZA,South Africa,17.6412
1998-06-30,AT,Austria,-4.627
1998-06-30,AU,Australia,8.6516
1998-06-30,BE,Belgium,4.9697
1998-06-30,CA,Canada,-1.9466
1998-06-30,CH,Switzerland,-0.9355
1998-06-30,CO,Colombia,14.1329
1998-06-30,DE,Germany,-0.8521
1998-06-30,DK,Denmark,9.6508
1998-06-30,ES,Spain,3.8946
1998-06-30,FI,Finland,9.6926
1998-06-30,FR,France,0
1998-06-30,GB,United Kingdom,12.7451
1998-06-30,GR,Greece,16.0073
1998-06-30,HK,Hong Kong SAR,-25.3142
1998-06-30,HR,Croatia,10.3928
1998-06-30,HU,Hungary,-0.9133
1998-06-30,IE,Ireland,22.5405
1998-06-30,IL,Israel,2.4321
1998-06-30,IS,Iceland,5.9544
1998-06-30,IT,Italy,0.2119
1998-06-30,JP,Japan,-1.5069
1998-06-30,KR,Korea,-9.7499
1998-06-30,MY,Malaysia,-10.7705
1998-06-30,NL,Netherlands,10.0279
1998-06-30,NO,Norway,13.0282
1998-06-30,NZ,New Zealand,-2.4802
1998-06-30,PT,Portugal,4.4957
1998-06-30,SE,Sweden,8.6294
1998-06-30,TH,Thailand,-8.265
1998-06-30,US,United States,6.2156
1998-06-30,XM,Euro area,1.9782
1998-06-30,ZA,South Africa,16.5063
1998-09-30,AT,Austria,-6.0524
1998-09-30,AU,Australia,6.7267
1998-09-30,BE,Belgium,6.3124
1998-09-30,CA,Canada,-2.1871
1998-09-30,CH,Switzerland,-0.9413
1998-09-30,CO,Colombia,10.9733
1998-09-30,DE,Germany,-0.7777
1998-09-30,DK,Denmark,8.797
1998-09-30,ES,Spain,5.4356
1998-09-30,FI,Finland,10.9026
1998-09-30,FR,France,2.381
1998-09-30,GB,United Kingdom,11.9751
1998-09-30,GR,Greece,14.792
1998-09-30,HK,Hong Kong SAR,-38.8518
1998-09-30,HR,Croatia,5.8631
1998-09-30,HU,Hungary,3.2821
1998-09-30,IE,Ireland,19.6076
1998-09-30,IL,Israel,0.5573
1998-09-30,IS,Iceland,10.1936
1998-09-30,IT,Italy,0.3653
1998-09-30,JP,Japan,-1.7284
1998-09-30,KR,Korea,-11.8628
1998-09-30,MY,Malaysia,-11.6235
1998-09-30,NL,Netherlands,10.5691
1998-09-30,NO,Norway,11.1888
1998-09-30,NZ,New Zealand,-2.6189
1998-09-30,PT,Portugal,4.1816
1998-09-30,SE,Sweden,9.4527
1998-09-30,TH,Thailand,-3.7543
1998-09-30,US,United States,6.7699
1998-09-30,XM,Euro area,2.6598
1998-09-30,ZA,South Africa,13.6842
1998-12-31,AT,Austria,-6.0976
1998-12-31,AU,Australia,6.4318
1998-12-31,BE,Belgium,5.8752
1998-12-31,CA,Canada,-0.6678
1998-12-31,CH,Switzerland,0.1414
1998-12-31,CO,Colombia,4.2609
1998-12-31,DE,Germany,-0.2788
1998-12-31,DK,Denmark,9.3437
1998-12-31,ES,Spain,6.763
1998-12-31,FI,Finland,9.5603
1998-12-31,FR,France,2.381
1998-12-31,GB,United Kingdom,12.0501
1998-12-31,GR,Greece,12.3321
1998-12-31,HK,Hong Kong SAR,-38.4726
1998-12-31,HR,Croatia,1.9856
1998-12-31,HU,Hungary,5.5931
1998-12-31,IE,Ireland,21.2958
1998-12-31,IL,Israel,7.5425
1998-12-31,IS,Iceland,7.9
1998-12-31,IT,Italy,-0.0681
1998-12-31,JP,Japan,-2.1995
1998-12-31,KR,Korea,-12.8008
1998-12-31,MY,Malaysia,-7.7577
1998-12-31,NL,Netherlands,11.1406
1998-12-31,NO,Norway,6.5517
1998-12-31,NZ,New Zealand,-2.2804
1998-12-31,PT,Portugal,4.9645
1998-12-31,SE,Sweden,10.9453
1998-12-31,TH,Thailand,-3.8674
1998-12-31,US,United States,7.1853
1998-12-31,XM,Euro area,2.9553
1998-12-31,ZA,South Africa,8.1304
1999-03-31,AT,Austria,-4.3768
1999-03-31,AU,Australia,5.7234
1999-03-31,BE,Belgium,6.8657
1999-03-31,BG,Bulgaria,2.9164
1999-03-31,CA,Canada,0.7732
1999-03-31,CH,Switzerland,0.8334
1999-03-31,CO,Colombia,0.5861
1999-03-31,DE,Germany,-0.0302
1999-03-31,DK,Denmark,8.9592
1999-03-31,ES,Spain,9.5969
1999-03-31,FI,Finland,7.8794
1999-03-31,FR,France,4.878
1999-03-31,GB,United Kingdom,10.0763
1999-03-31,GR,Greece,9.348
1999-03-31,HK,Hong Kong SAR,-26.611
1999-03-31,HR,Croatia,-1.9871
1999-03-31,HU,Hungary,12.9945
1999-03-31,IE,Ireland,20.8008
1999-03-31,IL,Israel,6.4245
1999-03-31,IS,Iceland,11.0585
1999-03-31,IT,Italy,1.1008
1999-03-31,JP,Japan,-2.6741
1999-03-31,KR,Korea,-8.7876
1999-03-31,MY,Malaysia,-7.8302
1999-03-31,NL,Netherlands,12.7273
1999-03-31,NO,Norway,6.2914
1999-03-31,NZ,New Zealand,0.4583
1999-03-31,PE,Peru,20.2326
1999-03-31,PT,Portugal,8.1272
1999-03-31,SE,Sweden,9.1787
1999-03-31,SG,Singapore,-23.296
1999-03-31,TH,Thailand,-7.7644
1999-03-31,US,United States,6.705
1999-03-31,XM,Euro area,4.2419
1999-03-31,ZA,South Africa,4.5072
1999-06-30,AT,Austria,-0.396
1999-06-30,AU,Australia,5.8322
1999-06-30,BE,Belgium,8.4044
1999-06-30,BG,Bulgaria,-0.536
1999-06-30,CA,Canada,3.8231
1999-06-30,CH,Switzerland,1.4661
1999-06-30,CO,Colombia,-1.557
1999-06-30,DE,Germany,-0.1593
1999-06-30,DK,Denmark,6.1975
1999-06-30,ES,Spain,10.8169
1999-06-30,FI,Finland,8.1633
1999-06-30,FR,France,4.7619
1999-06-30,GB,United Kingdom,8.8406
1999-06-30,GR,Greece,8.4914
1999-06-30,HK,Hong Kong SAR,-17.9487
1999-06-30,HR,Croatia,1.0788
1999-06-30,HU,Hungary,22.518
1999-06-30,IE,Ireland,15.8692
1999-06-30,IL,Israel,4.9394
1999-06-30,IS,Iceland,15.9112
1999-06-30,IT,Italy,0.6594
1999-06-30,JP,Japan,-2.9982
1999-06-30,KR,Korea,-1.3503
1999-06-30,MY,Malaysia,-4.1462
1999-06-30,NL,Netherlands,14.6835
1999-06-30,NO,Norway,8.0997
1999-06-30,NZ,New Zealand,3.0098
1999-06-30,PE,Peru,16.7445
1999-06-30,PT,Portugal,8.7209
1999-06-30,SE,Sweden,9.8131
1999-06-30,SG,Singapore,-6.4373
1999-06-30,TH,Thailand,-18.6895
1999-06-30,US,United States,7.3715
1999-06-30,XM,Euro area,4.4453
1999-06-30,ZA,South Africa,4.8327
1999-09-30,AT,Austria,-3.8462
1999-09-30,AU,Australia,7.8029
1999-09-30,BE,Belgium,7.3957
1999-09-30,BG,Bulgaria,0.2056
1999-09-30,CA,Canada,5.0035
1999-09-30,CH,Switzerland,0.3886
1999-09-30,CO,Colombia,-4.3322
1999-09-30,DE,Germany,0.0944
1999-09-30,DK,Denmark,6.7063
1999-09-30,ES,Spain,11.5905
1999-09-30,FI,Finland,9.1178
1999-09-30,FR,France,6.9767
1999-09-30,GB,United Kingdom,10.4167
1999-09-30,GR,Greece,8.9038
1999-09-30,HK,Hong Kong SAR,-3.7942
1999-09-30,HR,Croatia,1.1602
1999-09-30,HU,Hungary,23.535
1999-09-30,IE,Ireland,21.6183
1999-09-30,IL,Israel,6.1309
1999-09-30,IS,Iceland,18.1248
1999-09-30,IT,Italy,0.9489
1999-09-30,JP,Japan,-3.3291
1999-09-30,KR,Korea,2.0735
1999-09-30,MY,Malaysia,0.438
1999-09-30,NL,Netherlands,16.6667
1999-09-30,NO,Norway,11.3208
1999-09-30,NZ,New Zealand,2.6893
1999-09-30,PE,Peru,12.4232
1999-09-30,PT,Portugal,9.8624
1999-09-30,SE,Sweden,10
1999-09-30,SG,Singapore,16.3473
1999-09-30,TH,Thailand,-5.461
1999-09-30,US,United States,7.5861
1999-09-30,XM,Euro area,5.299
1999-09-30,ZA,South Africa,3.5829
1999-12-31,AT,Austria,-1.1988
1999-12-31,AU,Australia,9.5363
1999-12-31,BE,Belgium,5.7954
1999-12-31,BG,Bulgaria,0.8027
1999-12-31,CA,Canada,5.0321
1999-12-31,CH,Switzerland,0.5393
1999-12-31,CO,Colombia,-0.2405
1999-12-31,DE,Germany,0.0929
1999-12-31,DK,Denmark,5.2441
1999-12-31,ES,Spain,9.5153
1999-12-31,FI,Finland,10.4869
1999-12-31,FR,France,6.9767
1999-12-31,GB,United Kingdom,13.9665
1999-12-31,GR,Greece,8.8696
1999-12-31,HK,Hong Kong SAR,-4.8918
1999-12-31,HR,Croatia,3.0846
1999-12-31,HU,Hungary,26.6792
1999-12-31,IE,Ireland,16.4273
1999-12-31,IL,Israel,-0.4567
1999-12-31,IS,Iceland,22.0414
1999-12-31,IT,Italy,1.4885
1999-12-31,JP,Japan,-3.4526
1999-12-31,KR,Korea,3.7896
1999-12-31,LT,Lithuania,-15.1515
1999-12-31,MY,Malaysia,2.4205
1999-12-31,NL,Netherlands,18.6158
1999-12-31,NO,Norway,18.7702
1999-12-31,NZ,New Zealand,2.2887
1999-12-31,PE,Peru,12.2437
1999-12-31,PT,Portugal,9.1216
1999-12-31,SE,Sweden,8.5202
1999-12-31,SG,Singapore,34.1258
1999-12-31,TH,Thailand,-7.7586
1999-12-31,US,United States,7.8503
1999-12-31,XM,Euro area,5.152
1999-12-31,ZA,South Africa,6.7149
2000-03-31,AT,Austria,1.6915
2000-03-31,AU,Australia,9.5916
2000-03-31,BE,Belgium,6.9248
2000-03-31,BG,Bulgaria,-0.7318
2000-03-31,CA,Canada,5.0167
2000-03-31,CH,Switzerland,-0.2988
2000-03-31,CO,Colombia,-0.2834
2000-03-31,DE,Germany,0.4699
2000-03-31,DK,Denmark,5.164
2000-03-31,ES,Spain,9.7478
2000-03-31,FI,Finland,10.7803
2000-03-31,FR,France,9.6989
2000-03-31,GB,United Kingdom,15.9501
2000-03-31,GR,Greece,9.6816
2000-03-31,HK,Hong Kong SAR,-5.5935
2000-03-31,HR,Croatia,5.8384
2000-03-31,HU,Hungary,33.4176
2000-03-31,IE,Ireland,12.8965
2000-03-31,IL,Israel,-4.2323
2000-03-31,IS,Iceland,20.3457
2000-03-31,IT,Italy,3.1499
2000-03-31,JP,Japan,-3.5783
2000-03-31,KR,Korea,2.6802
2000-03-31,LT,Lithuania,-16.9811
2000-03-31,MY,Malaysia,4.818
2000-03-31,NL,Netherlands,19.3548
2000-03-31,NO,Norway,21.1838
2000-03-31,NZ,New Zealand,0.8094
2000-03-31,PE,Peru,-8.3715
2000-03-31,PT,Portugal,7.4074
2000-03-31,SE,Sweden,10.177
2000-03-31,SG,Singapore,31.1671
2000-03-31,TH,Thailand,-6.3135
2000-03-31,US,United States,8.8284
2000-03-31,XM,Euro area,6.1042
2000-03-31,ZA,South Africa,23.0393
2000-06-30,AT,Austria,-0.0994
2000-06-30,AU,Australia,9.6796
2000-06-30,BE,Belgium,5.3745
2000-06-30,BG,Bulgaria,-2.6672
2000-06-30,CA,Canada,3.0292
2000-06-30,CH,Switzerland,-0.3512
2000-06-30,CO,Colombia,1.4063
2000-06-30,DE,Germany,0.5944
2000-06-30,DK,Denmark,6.4033
2000-06-30,ES,Spain,9.1804
2000-06-30,FI,Finland,9.3793
2000-06-30,FR,France,10.3523
2000-06-30,GB,United Kingdom,17.4434
2000-06-30,GR,Greece,9.8251
2000-06-30,HK,Hong Kong SAR,-12.0444
2000-06-30,HR,Croatia,0.804
2000-06-30,HU,Hungary,35.251
2000-06-30,IE,Ireland,17.177
2000-06-30,IL,Israel,-2.4939
2000-06-30,IS,Iceland,19.0786
2000-06-30,IT,Italy,3.3597
2000-06-30,JP,Japan,-3.7416
2000-06-30,KR,Korea,2.4856
2000-06-30,LT,Lithuania,-9.7826
2000-06-30,MY,Malaysia,7.3561
2000-06-30,NL,Netherlands,18.7638
2000-06-30,NO,Norway,19.5965
2000-06-30,NZ,New Zealand,-0.2191
2000-06-30,PE,Peru,0.2079
2000-06-30,PT,Portugal,8.1283
2000-06-30,SE,Sweden,11.0638
2000-06-30,SG,Singapore,19.0984
2000-06-30,TH,Thailand,22.1612
2000-06-30,US,United States,9.4631
2000-06-30,XM,Euro area,6.2391
2000-06-30,ZA,South Africa,19.489
2000-09-30,AT,Austria,-1.2
2000-09-30,AU,Australia,7.5264
2000-09-30,BE,Belgium,3.2551
2000-09-30,BG,Bulgaria,2.1026
2000-09-30,CA,Canada,3.7147
2000-09-30,CH,Switzerland,0.4842
2000-09-30,CO,Colombia,1.8123
2000-09-30,DE,Germany,0.5641
2000-09-30,DK,Denmark,6.8418
2000-09-30,ES,Spain,7.7326
2000-09-30,FI,Finland,3.5509
2000-09-30,FR,France,9.209
2000-09-30,GB,United Kingdom,13.0818
2000-09-30,GR,Greece,10.8053
2000-09-30,HK,Hong Kong SAR,-12.4331
2000-09-30,HR,Croatia,-5.3468
2000-09-30,HU,Hungary,35.2892
2000-09-30,IE,Ireland,11.8554
2000-09-30,IL,Israel,-5.6951
2000-09-30,IS,Iceland,14.2753
2000-09-30,IT,Italy,4.2635
2000-09-30,JP,Japan,-3.8986
2000-09-30,KR,Korea,1.3543
2000-09-30,LT,Lithuania,-9.3023
2000-09-30,MY,Malaysia,6.4008
2000-09-30,NL,Netherlands,17.6471
2000-09-30,NO,Norway,13.8418
2000-09-30,NZ,New Zealand,-0.8486
2000-09-30,PE,Peru,-3.0065
2000-09-30,PT,Portugal,7.0981
2000-09-30,SE,Sweden,11.5702
2000-09-30,SG,Singapore,7.135
2000-09-30,TH,Thailand,-2.7007
2000-09-30,US,United States,9.6735
2000-09-30,XM,Euro area,5.5723
2000-09-30,ZA,South Africa,15.5733
2000-12-31,AT,Austria,-0.4044
2000-12-31,AU,Australia,6.5853
2000-12-31,BE,Belgium,6.251
2000-12-31,BG,Bulgaria,-1.6424
2000-12-31,CA,Canada,3.3038
2000-12-31,CH,Switzerland,-1.4387
2000-12-31,CO,Colombia,-1.8708
2000-12-31,DE,Germany,0.5044
2000-12-31,DK,Denmark,7.5635
2000-12-31,ES,Spain,7.7231
2000-12-31,FI,Finland,-0.2323
2000-12-31,FR,France,8.779
2000-12-31,GB,United Kingdom,13.3578
2000-12-31,GR,Greece,11.881
2000-12-31,HK,Hong Kong SAR,-11.6514
2000-12-31,HR,Croatia,-9.0424
2000-12-31,HU,Hungary,31.2556
2000-12-31,IE,Ireland,13.8316
2000-12-31,IL,Israel,-6.7836
2000-12-31,IS,Iceland,12.9198
2000-12-31,IT,Italy,4.8732
2000-12-31,JP,Japan,-4.0026
2000-12-31,KR,Korea,0.709
2000-12-31,LT,Lithuania,-1.1905
2000-12-31,MY,Malaysia,4.5267
2000-12-31,NL,Netherlands,15.2918
2000-12-31,NO,Norway,9.8093
2000-12-31,NZ,New Zealand,-1.1553
2000-12-31,PE,Peru,-6.2841
2000-12-31,PT,Portugal,8.4623
2000-12-31,SE,Sweden,11.9835
2000-12-31,SG,Singapore,-1.0428
2000-12-31,TH,Thailand,3.4268
2000-12-31,US,United States,9.808
2000-12-31,XM,Euro area,5.61
2000-12-31,ZA,South Africa,10.8539
2001-03-31,AT,Austria,1.0763
2001-03-31,AU,Australia,6.9516
2001-03-31,BE,Belgium,4.6133
2001-03-31,BG,Bulgaria,1.2579
2001-03-31,CA,Canada,2.5197
2001-03-31,CH,Switzerland,0.2866
2001-03-31,CO,Colombia,4.8372
2001-03-31,DE,Germany,0.319
2001-03-31,DK,Denmark,8.0014
2001-03-31,ES,Spain,8.6443
2001-03-31,FI,Finland,-1.7053
2001-03-31,FR,France,7.3375
2001-03-31,GB,United Kingdom,10.1675
2001-03-31,GR,Greece,13.9517
2001-03-31,HK,Hong Kong SAR,-16.2934
2001-03-31,HR,Croatia,-0.5905
2001-03-31,HU,Hungary,25.4312
2001-03-31,IE,Ireland,13.8836
2001-03-31,IL,Israel,-3.3573
2001-03-31,IS,Iceland,8.12
2001-03-31,IT,Italy,4.5999
2001-03-31,JP,Japan,-4.1087
2001-03-31,KR,Korea,0
2001-03-31,LT,Lithuania,6.8182
2001-03-31,MK,North Macedonia,21.0239
2001-03-31,MY,Malaysia,2.7579
2001-03-31,NL,Netherlands,13.7066
2001-03-31,NO,Norway,7.1979
2001-03-31,NZ,New Zealand,0.0292
2001-03-31,PE,Peru,-10.2158
2001-03-31,PT,Portugal,7.7079
2001-03-31,RS,Serbia,51.3279
2001-03-31,SE,Sweden,12.0482
2001-03-31,SG,Singapore,-7.8868
2001-03-31,TH,Thailand,4.3377
2001-03-31,US,United States,9.7308
2001-03-31,XM,Euro area,5.2376
2001-03-31,ZA,South Africa,-2.222
2001-06-30,AT,Austria,-1.6915
2001-06-30,AU,Australia,8.2135
2001-06-30,BE,Belgium,5.1325
2001-06-30,BG,Bulgaria,-0.5349
2001-06-30,CA,Canada,4.8787
2001-06-30,CH,Switzerland,0.1044
2001-06-30,CO,Colombia,2.3094
2001-06-30,DE,Germany,0.1347
2001-06-30,DK,Denmark,6.5512
2001-06-30,ES,Spain,9.3179
2001-06-30,FI,Finland,-2.125
2001-06-30,FR,France,7.5356
2001-06-30,GB,United Kingdom,8.1633
2001-06-30,GR,Greece,14.9735
2001-06-30,HK,Hong Kong SAR,-9.8445
2001-06-30,HR,Croatia,2.85
2001-06-30,HU,Hungary,18.1554
2001-06-30,IE,Ireland,12.1936
2001-06-30,IL,Israel,-5.6572
2001-06-30,IS,Iceland,5.4778
2001-06-30,IT,Italy,5.0366
2001-06-30,JP,Japan,-4.2775
2001-06-30,KR,Korea,1.5817
2001-06-30,LT,Lithuania,2.4096
2001-06-30,MK,North Macedonia,14.6346
2001-06-30,MY,Malaysia,0.6951
2001-06-30,NL,Netherlands,12.2677
2001-06-30,NO,Norway,4.8193
2001-06-30,NZ,New Zealand,0.7028
2001-06-30,PE,Peru,-2.15
2001-06-30,PT,Portugal,6.3304
2001-06-30,RS,Serbia,29.8617
2001-06-30,SE,Sweden,8.4291
2001-06-30,SG,Singapore,-10.0597
2001-06-30,TH,Thailand,-2.4738
2001-06-30,US,United States,8.871
2001-06-30,XM,Euro area,5.1004
2001-06-30,ZA,South Africa,0.4271
2001-09-30,AT,Austria,4.0486
2001-09-30,AU,Australia,14.0067
2001-09-30,BE,Belgium,5.497
2001-09-30,BG,Bulgaria,-0.1113
2001-09-30,CA,Canada,5.3955
2001-09-30,CH,Switzerland,-0.5113
2001-09-30,CO,Colombia,3.9354
2001-09-30,DE,Germany,0.005
2001-09-30,DK,Denmark,5.3611
2001-09-30,ES,Spain,10.2038
2001-09-30,FI,Finland,-0.631
2001-09-30,FR,France,6.8898
2001-09-30,GB,United Kingdom,9.8999
2001-09-30,GR,Greece,14.9425
2001-09-30,HK,Hong Kong SAR,-9.9618
2001-09-30,HR,Croatia,-0.3097
2001-09-30,HU,Hungary,16.7607
2001-09-30,IE,Ireland,5.5611
2001-09-30,IL,Israel,-3.0109
2001-09-30,IS,Iceland,5.6013
2001-09-30,IT,Italy,5.8417
2001-09-30,JP,Japan,-4.4625
2001-09-30,KR,Korea,5.5907
2001-09-30,LT,Lithuania,19.2308
2001-09-30,MK,North Macedonia,7.4062
2001-09-30,MY,Malaysia,0.9862
2001-09-30,NL,Netherlands,10.3571
2001-09-30,NO,Norway,7.9404
2001-09-30,NZ,New Zealand,2.3757
2001-09-30,PE,Peru,-9.6972
2001-09-30,PT,Portugal,5.0682
2001-09-30,RS,Serbia,15.1386
2001-09-30,SE,Sweden,6.6667
2001-09-30,SG,Singapore,-10.2459
2001-09-30,TH,Thailand,-1.542
2001-09-30,US,United States,8.5963
2001-09-30,XM,Euro area,4.9931
2001-09-30,ZA,South Africa,5.6858
2001-12-31,AT,Austria,0
2001-12-31,AU,Australia,15.5359
2001-12-31,BE,Belgium,4.0995
2001-12-31,BG,Bulgaria,0.6705
2001-12-31,CA,Canada,5.6674
2001-12-31,CH,Switzerland,3.0537
2001-12-31,CO,Colombia,9.9875
2001-12-31,DE,Germany,-0.4514
2001-12-31,DK,Denmark,3.6052
2001-12-31,ES,Spain,11.1947
2001-12-31,FI,Finland,1.2806
2001-12-31,FR,France,7.7075
2001-12-31,GB,United Kingdom,4.6486
2001-12-31,GR,Greece,13.7426
2001-12-31,HK,Hong Kong SAR,-12.2774
2001-12-31,HR,Croatia,5.7355
2001-12-31,HU,Hungary,19.0228
2001-12-31,IE,Ireland,0.6425
2001-12-31,IL,Israel,-1.8456
2001-12-31,IS,Iceland,4.7725
2001-12-31,IT,Italy,7.433
2001-12-31,JP,Japan,-4.7163
2001-12-31,KR,Korea,8.5885
2001-12-31,LT,Lithuania,32.5301
2001-12-31,MK,North Macedonia,-0.1783
2001-12-31,MY,Malaysia,0.7874
2001-12-31,NL,Netherlands,8.9005
2001-12-31,NO,Norway,7.6923
2001-12-31,NZ,New Zealand,4.3941
2001-12-31,PE,Peru,-6.8684
2001-12-31,PT,Portugal,2.569
2001-12-31,RS,Serbia,8.0993
2001-12-31,SE,Sweden,4.797
2001-12-31,SG,Singapore,-11.6965
2001-12-31,TH,Thailand,-1.2801
2001-12-31,US,United States,7.9428
2001-12-31,XM,Euro area,4.8994
2001-12-31,ZA,South Africa,10.7242
2002-03-31,AT,Austria,-1.5489
2002-03-31,AU,Australia,17.3474
2002-03-31,BE,Belgium,4.8878
2002-03-31,BG,Bulgaria,-0.9635
2002-03-31,BR,Brazil,0.98
2002-03-31,CA,Canada,10.6076
2002-03-31,CH,Switzerland,1.1516
2002-03-31,CO,Colombia,-1.6353
2002-03-31,DE,Germany,-0.5303
2002-03-31,DK,Denmark,3.1939
2002-03-31,ES,Spain,13.1199
2002-03-31,FI,Finland,4.8371
2002-03-31,FR,France,7.4219
2002-03-31,GB,United Kingdom,8.5776
2002-03-31,GR,Greece,13.9706
2002-03-31,HK,Hong Kong SAR,-8.93
2002-03-31,HR,Croatia,0.4506
2002-03-31,HU,Hungary,15.04
2002-03-31,IE,Ireland,3.7924
2002-03-31,IL,Israel,4.2715
2002-03-31,IS,Iceland,5.4384
2002-03-31,IT,Italy,12.2963
2002-03-31,JP,Japan,-4.9758
2002-03-31,KR,Korea,15.1676
2002-03-31,LT,Lithuania,0
2002-03-31,MK,North Macedonia,2.0061
2002-03-31,MY,Malaysia,1.7893
2002-03-31,NL,Netherlands,7.6401
2002-03-31,NO,Norway,7.4341
2002-03-31,NZ,New Zealand,7.0636
2002-03-31,PE,Peru,-1.0668
2002-03-31,PT,Portugal,1.6949
2002-03-31,RS,Serbia,6.0051
2002-03-31,RU,Russia,34.158
2002-03-31,SE,Sweden,3.5842
2002-03-31,SG,Singapore,-9.1109
2002-03-31,TH,Thailand,-2.7468
2002-03-31,US,United States,7.3314
2002-03-31,XM,Euro area,5.794
2002-03-31,ZA,South Africa,12.6677
2002-06-30,AT,Austria,1.2146
2002-06-30,AU,Australia,20.0424
2002-06-30,BE,Belgium,5.8599
2002-06-30,BG,Bulgaria,1.9814
2002-06-30,BR,Brazil,1.427
2002-06-30,CA,Canada,10.2234
2002-06-30,CH,Switzerland,0.3508
2002-06-30,CO,Colombia,2.2297
2002-06-30,DE,Germany,-0.6081
2002-06-30,DK,Denmark,3.8188
2002-06-30,ES,Spain,16.1097
2002-06-30,FI,Finland,7.2286
2002-06-30,FR,France,7.7652
2002-06-30,GB,United Kingdom,13.4172
2002-06-30,GR,Greece,15.5127
2002-06-30,HK,Hong Kong SAR,-11.0838
2002-06-30,HR,Croatia,-1.9363
2002-06-30,HU,Hungary,16.5842
2002-06-30,IE,Ireland,4.8582
2002-06-30,IL,Israel,7.756
2002-06-30,IS,Iceland,3.3598
2002-06-30,IT,Italy,13.2257
2002-06-30,JP,Japan,-5.1737
2002-06-30,KR,Korea,17.4394
2002-06-30,LT,Lithuania,15.2941
2002-06-30,MK,North Macedonia,9.8521
2002-06-30,MY,Malaysia,2.6627
2002-06-30,NL,Netherlands,6.6225
2002-06-30,NO,Norway,6.6667
2002-06-30,NZ,New Zealand,9.2323
2002-06-30,PE,Peru,-8.8864
2002-06-30,PT,Portugal,0.6512
2002-06-30,RS,Serbia,2.6631
2002-06-30,RU,Russia,35.7743
2002-06-30,SE,Sweden,5.3004
2002-06-30,SG,Singapore,-8.97
2002-06-30,TH,Thailand,1.6141
2002-06-30,US,United States,8.2165
2002-06-30,XM,Euro area,6.3683
2002-06-30,ZA,South Africa,13.642
2002-09-30,AT,Austria,0.5837
2002-09-30,AU,Australia,18.8554
2002-09-30,BE,Belgium,6.7047
2002-09-30,BG,Bulgaria,2.1359
2002-09-30,BR,Brazil,2.35
2002-09-30,CA,Canada,8.9893
2002-09-30,CH,Switzerland,0.8737
2002-09-30,CO,Colombia,1.6541
2002-09-30,DE,Germany,-0.8068
2002-09-30,DK,Denmark,3.2863
2002-09-30,ES,Spain,16.2757
2002-09-30,FI,Finland,8.9801
2002-09-30,FR,France,9.0239
2002-09-30,GB,United Kingdom,16.9028
2002-09-30,GR,Greece,13.2903
2002-09-30,HK,Hong Kong SAR,-12.7174
2002-09-30,HR,Croatia,13.3941
2002-09-30,HU,Hungary,15.7019
2002-09-30,IE,Ireland,11.3727
2002-09-30,IL,Israel,5.1382
2002-09-30,IS,Iceland,5.5551
2002-09-30,IT,Italy,12.1812
2002-09-30,JP,Japan,-5.3786
2002-09-30,KR,Korea,16.9498
2002-09-30,LT,Lithuania,17.2043
2002-09-30,MK,North Macedonia,17.7485
2002-09-30,MY,Malaysia,3.125
2002-09-30,NL,Netherlands,5.9871
2002-09-30,NO,Norway,3.2184
2002-09-30,NZ,New Zealand,11.6892
2002-09-30,PE,Peru,17.7205
2002-09-30,PT,Portugal,0.1855
2002-09-30,RS,Serbia,-1.8462
2002-09-30,RU,Russia,33.3025
2002-09-30,SE,Sweden,7.2917
2002-09-30,SG,Singapore,-5.7077
2002-09-30,TH,Thailand,3.3673
2002-09-30,US,United States,8.9118
2002-09-30,XM,Euro area,6.6702
2002-09-30,ZA,South Africa,13.563
2002-12-31,AT,Austria,2.132
2002-12-31,AU,Australia,18.7362
2002-12-31,BE,Belgium,8.1016
2002-12-31,BG,Bulgaria,4.2536
2002-12-31,BR,Brazil,3.945
2002-12-31,CA,Canada,10.9942
2002-12-31,CH,Switzerland,-0.4826
2002-12-31,CO,Colombia,-2.7374
2002-12-31,DE,Germany,-0.8776
2002-12-31,DK,Denmark,4.1387
2002-12-31,ES,Spain,17.3212
2002-12-31,FI,Finland,8.7229
2002-12-31,FR,France,9.7248
2002-12-31,GB,United Kingdom,25.2066
2002-12-31,GR,Greece,12.7413
2002-12-31,HK,Hong Kong SAR,-11.8283
2002-12-31,HR,Croatia,11.2569
2002-12-31,HU,Hungary,13.4099
2002-12-31,IE,Ireland,14.1927
2002-12-31,IL,Israel,3.9219
2002-12-31,IS,Iceland,6.6377
2002-12-31,IT,Italy,10.0744
2002-12-31,JP,Japan,-5.6313
2002-12-31,KR,Korea,17.0178
2002-12-31,LT,Lithuania,-0.9091
2002-12-31,MK,North Macedonia,12.7995
2002-12-31,MY,Malaysia,4.7852
2002-12-31,NL,Netherlands,4.8077
2002-12-31,NO,Norway,2.765
2002-12-31,NZ,New Zealand,13.9598
2002-12-31,PE,Peru,-1.6242
2002-12-31,PT,Portugal,0.1855
2002-12-31,RS,Serbia,6.6522
2002-12-31,RU,Russia,27.3815
2002-12-31,SE,Sweden,9.1549
2002-12-31,SG,Singapore,-1.79
2002-12-31,TH,Thailand,0.6102
2002-12-31,US,United States,9.3044
2002-12-31,XM,Euro area,6.7201
2002-12-31,ZA,South Africa,13.7103
2003-03-31,AT,Austria,0.59
2003-03-31,AU,Australia,17.4651
2003-03-31,BE,Belgium,7.3649
2003-03-31,BG,Bulgaria,5.1833
2003-03-31,BR,Brazil,6.2786
2003-03-31,CA,Canada,8.6156
2003-03-31,CH,Switzerland,-0.9841
2003-03-31,CL,Chile,7.5709
2003-03-31,CO,Colombia,-0.0498
2003-03-31,CY,Cyprus,4.6097
2003-03-31,DE,Germany,-1.0689
2003-03-31,DK,Denmark,2.3733
2003-03-31,ES,Spain,16.917
2003-03-31,FI,Finland,6.6133
2003-03-31,FR,France,10.9091
2003-03-31,GB,United Kingdom,23.4
2003-03-31,GR,Greece,10.0075
2003-03-31,HK,Hong Kong SAR,-14.9571
2003-03-31,HR,Croatia,14.3762
2003-03-31,HU,Hungary,20.266
2003-03-31,ID,Indonesia,6.29
2003-03-31,IE,Ireland,12.6201
2003-03-31,IL,Israel,-2.3456
2003-03-31,IS,Iceland,9.3596
2003-03-31,IT,Italy,6.4595
2003-03-31,JP,Japan,-5.8909
2003-03-31,KR,Korea,11.271
2003-03-31,LT,Lithuania,39.3617
2003-03-31,MK,North Macedonia,11.7857
2003-03-31,MY,Malaysia,4.6875
2003-03-31,NL,Netherlands,4.2587
2003-03-31,NO,Norway,1.7857
2003-03-31,NZ,New Zealand,15.6352
2003-03-31,PE,Peru,-12.2723
2003-03-31,PT,Portugal,0.463
2003-03-31,RS,Serbia,27.913
2003-03-31,RU,Russia,26.7979
2003-03-31,SE,Sweden,7.9585
2003-03-31,SG,Singapore,-1.4493
2003-03-31,TH,Thailand,2.0611
2003-03-31,US,United States,9.5442
2003-03-31,XM,Euro area,6.0772
2003-03-31,ZA,South Africa,14.8246
2003-06-30,AT,Austria,1.3
2003-06-30,AU,Australia,16.8492
2003-06-30,BE,Belgium,6.4449
2003-06-30,BG,Bulgaria,8.1509
2003-06-30,BR,Brazil,9.1392
2003-06-30,CA,Canada,7.9479
2003-06-30,CH,Switzerland,2.5836
2003-06-30,CL,Chile,4.7101
2003-06-30,CO,Colombia,0.5148
2003-06-30,CY,Cyprus,6.4511
2003-06-30,DE,Germany,-1.3851
2003-06-30,DK,Denmark,2.6814
2003-06-30,ES,Spain,17.281
2003-06-30,FI,Finland,5.3061
2003-06-30,FR,France,11.2478
2003-06-30,GB,United Kingdom,17.5601
2003-06-30,GR,Greece,3.996
2003-06-30,HK,Hong Kong SAR,-17.1283
2003-06-30,HR,Croatia,19.0656
2003-06-30,HU,Hungary,19.7563
2003-06-30,ID,Indonesia,6.1564
2003-06-30,IE,Ireland,13.0158
2003-06-30,IL,Israel,-8.2973
2003-06-30,IS,Iceland,11.7354
2003-06-30,IT,Italy,5.6587
2003-06-30,JP,Japan,-6.1563
2003-06-30,KR,Korea,10.165
2003-06-30,LT,Lithuania,19.3878
2003-06-30,MK,North Macedonia,5.2249
2003-06-30,MY,Malaysia,2.8818
2003-06-30,NL,Netherlands,3.7267
2003-06-30,NO,Norway,-1.0776
2003-06-30,NZ,New Zealand,16.8242
2003-06-30,PE,Peru,-6.9285
2003-06-30,PT,Portugal,0.9242
2003-06-30,RS,Serbia,39.8308
2003-06-30,RU,Russia,21.9101
2003-06-30,SE,Sweden,7.047
2003-06-30,SG,Singapore,-1.3383
2003-06-30,TH,Thailand,1.2859
2003-06-30,US,United States,9.0534
2003-06-30,XM,Euro area,5.9376
2003-06-30,ZA,South Africa,17.0409
2003-09-30,AT,Austria,-2.9981
2003-09-30,AU,Australia,18.7747
2003-09-30,BE,Belgium,6.6001
2003-09-30,BG,Bulgaria,14.0233
2003-09-30,BR,Brazil,12.0242
2003-09-30,CA,Canada,11.1735
2003-09-30,CH,Switzerland,2.9237
2003-09-30,CL,Chile,3.5583
2003-09-30,CO,Colombia,1.2308
2003-09-30,CY,Cyprus,2.505
2003-09-30,DE,Germany,-1.5803
2003-09-30,DK,Denmark,3.5333
2003-09-30,ES,Spain,17.6704
2003-09-30,FI,Finland,6.2036
2003-09-30,FR,France,11.4865
2003-09-30,GB,United Kingdom,13.1602
2003-09-30,GR,Greece,4.5558
2003-09-30,HK,Hong Kong SAR,-13.5987
2003-09-30,HR,Croatia,13.873
2003-09-30,HU,Hungary,17.5266
2003-09-30,ID,Indonesia,6.1833
2003-09-30,IE,Ireland,13.1184
2003-09-30,IL,Israel,-6.1597
2003-09-30,IS,Iceland,13.9632
2003-09-30,IT,Italy,6.3388
2003-09-30,JP,Japan,-6.4323
2003-09-30,KR,Korea,8.3251
2003-09-30,LT,Lithuania,10.0917
2003-09-30,MK,North Macedonia,-3.2845
2003-09-30,MY,Malaysia,4.7348
2003-09-30,NL,Netherlands,2.9008
2003-09-30,NO,Norway,2.0045
2003-09-30,NZ,New Zealand,20.8801
2003-09-30,PE,Peru,-24.5016
2003-09-30,PT,Portugal,1.3889
2003-09-30,RS,Serbia,42.3479
2003-09-30,RU,Russia,20.7391
2003-09-30,SE,Sweden,5.5016
2003-09-30,SG,Singapore,-2.3002
2003-09-30,TH,Thailand,3.0303
2003-09-30,US,United States,9.427
2003-09-30,XM,Euro area,5.7945
2003-09-30,ZA,South Africa,20.2959
2003-12-31,AT,Austria,2.2863
2003-12-31,AU,Australia,18.9095
2003-12-31,BE,Belgium,7.1607
2003-12-31,BG,Bulgaria,21.1324
2003-12-31,BR,Brazil,14.1669
2003-12-31,CA,Canada,10.9152
2003-12-31,CH,Switzerland,3.2303
2003-12-31,CL,Chile,4.6403
2003-12-31,CO,Colombia,6.2789
2003-12-31,CY,Cyprus,3.9296
2003-12-31,DE,Germany,-1.6539
2003-12-31,DK,Denmark,4.0359
2003-12-31,ES,Spain,18.4549
2003-12-31,FI,Finland,7.3946
2003-12-31,FR,France,12.2074
2003-12-31,GB,United Kingdom,10.066
2003-12-31,GR,Greece,3.2846
2003-12-31,HK,Hong Kong SAR,-1.1266
2003-12-31,HR,Croatia,20.8717
2003-12-31,HU,Hungary,22.0465
2003-12-31,ID,Indonesia,5.9843
2003-12-31,IE,Ireland,13.9232
2003-12-31,IL,Israel,-5.8073
2003-12-31,IS,Iceland,12.2912
2003-12-31,IT,Italy,6.2102
2003-12-31,JP,Japan,-6.4234
2003-12-31,KR,Korea,6.6009
2003-12-31,LT,Lithuania,19.2661
2003-12-31,MK,North Macedonia,5.6736
2003-12-31,MY,Malaysia,3.6347
2003-12-31,NL,Netherlands,3.9755
2003-12-31,NO,Norway,4.0359
2003-12-31,NZ,New Zealand,24.3626
2003-12-31,PE,Peru,-10.5377
2003-12-31,PT,Portugal,1.4815
2003-12-31,RS,Serbia,34.9618
2003-12-31,RU,Russia,20.8576
2003-12-31,SE,Sweden,6.129
2003-12-31,SG,Singapore,-2.0656
2003-12-31,TH,Thailand,5.4587
2003-12-31,US,United States,10.7607
2003-12-31,XM,Euro area,6.3467
2003-12-31,ZA,South Africa,25.1795
2004-03-31,AT,Austria,-6.9404
2004-03-31,AU,Australia,15.3198
2004-03-31,BE,Belgium,8.3659
2004-03-31,BG,Bulgaria,34.4803
2004-03-31,BR,Brazil,14.9925
2004-03-31,CA,Canada,10.419
2004-03-31,CH,Switzerland,5.1147
2004-03-31,CL,Chile,5.073
2004-03-31,CO,Colombia,8.7349
2004-03-31,CY,Cyprus,19.1971
2004-03-31,DE,Germany,-1.9788
2004-03-31,DK,Denmark,7.8086
2004-03-31,ES,Spain,18.3788
2004-03-31,FI,Finland,8.3266
2004-03-31,FR,France,13.6066
2004-03-31,GB,United Kingdom,9.0762
2004-03-31,GR,Greece,1.0502
2004-03-31,HK,Hong Kong SAR,17.3219
2004-03-31,HR,Croatia,13.2204
2004-03-31,HU,Hungary,9.8523
2004-03-31,ID,Indonesia,4.4689
2004-03-31,IE,Ireland,11.3043
2004-03-31,IL,Israel,-4.1602
2004-03-31,IS,Iceland,8.5105
2004-03-31,IT,Italy,4.933
2004-03-31,JP,Japan,-6.4142
2004-03-31,KR,Korea,4.9983
2004-03-31,LT,Lithuania,8.3969
2004-03-31,MK,North Macedonia,0.1402
2004-03-31,MY,Malaysia,5.2239
2004-03-31,NL,Netherlands,4.0847
2004-03-31,NO,Norway,9.2105
2004-03-31,NZ,New Zealand,23.1286
2004-03-31,PE,Peru,17.976
2004-03-31,PT,Portugal,1.1982
2004-03-31,RS,Serbia,22.0281
2004-03-31,RU,Russia,25.4131
2004-03-31,SE,Sweden,7.6923
2004-03-31,SG,Singapore,-1.5932
2004-03-31,TH,Thailand,4.9364
2004-03-31,US,United States,12.2337
2004-03-31,XM,Euro area,5.9866
2004-03-31,ZA,South Africa,30.6199
2004-06-30,AT,Austria,-1.0859
2004-06-30,AU,Australia,8.3425
2004-06-30,BE,Belgium,7.8649
2004-06-30,BG,Bulgaria,44.5379
2004-06-30,BR,Brazil,14.413
2004-06-30,CA,Canada,11.8392
2004-06-30,CH,Switzerland,3.558
2004-06-30,CL,Chile,6.365
2004-06-30,CO,Colombia,7.856
2004-06-30,CY,Cyprus,22.5575
2004-06-30,DE,Germany,-1.1599
2004-06-30,DK,Denmark,10.0985
2004-06-30,ES,Spain,17.4786
2004-06-30,FI,Finland,8.6411
2004-06-30,FR,France,13.9021
2004-06-30,GB,United Kingdom,12.0283
2004-06-30,GR,Greece,2.1682
2004-06-30,HK,Hong Kong SAR,29.0251
2004-06-30,HR,Croatia,13.7025
2004-06-30,HU,Hungary,8.6743
2004-06-30,ID,Indonesia,4.3426
2004-06-30,IE,Ireland,10.6775
2004-06-30,IL,Israel,1.8896
2004-06-30,IS,Iceland,12.0357
2004-06-30,IT,Italy,5.6397
2004-06-30,JP,Japan,-6.2563
2004-06-30,KR,Korea,2.3005
2004-06-30,LT,Lithuania,15.3846
2004-06-30,MK,North Macedonia,-1.3181
2004-06-30,MY,Malaysia,5.6022
2004-06-30,NL,Netherlands,4.1916
2004-06-30,NO,Norway,10.2397
2004-06-30,NZ,New Zealand,21.1234
2004-06-30,PE,Peru,10.1005
2004-06-30,PT,Portugal,0.5495
2004-06-30,RS,Serbia,16.1326
2004-06-30,RU,Russia,28.6605
2004-06-30,SE,Sweden,9.7179
2004-06-30,SG,Singapore,-0.8631
2004-06-30,TH,Thailand,6.124
2004-06-30,US,United States,14.2281
2004-06-30,XM,Euro area,6.4599
2004-06-30,ZA,South Africa,33.7206
2004-09-30,AT,Austria,0.3988
2004-09-30,AU,Australia,2.3212
2004-09-30,BE,Belgium,8.9703
2004-09-30,BG,Bulgaria,51.1536
2004-09-30,BR,Brazil,12.931
2004-09-30,CA,Canada,6.943
2004-09-30,CH,Switzerland,4.6655
2004-09-30,CL,Chile,7.8895
2004-09-30,CO,Colombia,9.5268
2004-09-30,CY,Cyprus,24.5418
2004-09-30,DE,Germany,-1.08
2004-09-30,DK,Denmark,11.8932
2004-09-30,ES,Spain,16.802
2004-09-30,FI,Finland,6.5894
2004-09-30,FR,France,14.5455
2004-09-30,GB,United Kingdom,13.8485
2004-09-30,GR,Greece,2.3012
2004-09-30,HK,Hong Kong SAR,31.1973
2004-09-30,HR,Croatia,16.5049
2004-09-30,HU,Hungary,9.1205
2004-09-30,ID,Indonesia,3.7206
2004-09-30,IE,Ireland,10.6457
2004-09-30,IL,Israel,0.4159
2004-09-30,IS,Iceland,9.1166
2004-09-30,IT,Italy,6.4336
2004-09-30,JP,Japan,-6.0751
2004-09-30,KR,Korea,-0.2377
2004-09-30,LT,Lithuania,27.5
2004-09-30,MK,North Macedonia,1.8955
2004-09-30,MY,Malaysia,2.5316
2004-09-30,NL,Netherlands,4.5994
2004-09-30,NO,Norway,10.6987
2004-09-30,NZ,New Zealand,15.8215
2004-09-30,PE,Peru,12.5225
2004-09-30,PT,Portugal,0.5479
2004-09-30,RS,Serbia,14.4038
2004-09-30,RU,Russia,29.0232
2004-09-30,SE,Sweden,9.816
2004-09-30,SG,Singapore,0
2004-09-30,TH,Thailand,5.0735
2004-09-30,US,United States,14.7831
2004-09-30,XM,Euro area,6.8453
2004-09-30,ZA,South Africa,34.9684
2004-12-31,AT,Austria,0
2004-12-31,AU,Australia,0.2812
2004-12-31,BE,Belgium,9.4979
2004-12-31,BG,Bulgaria,57.4915
2004-12-31,BR,Brazil,11.2367
2004-12-31,CA,Canada,7.8798
2004-12-31,CH,Switzerland,5.1187
2004-12-31,CL,Chile,8.3885
2004-12-31,CO,Colombia,11.1876
2004-12-31,CY,Cyprus,26.8389
2004-12-31,DE,Germany,-0.8413
2004-12-31,DK,Denmark,14.0097
2004-12-31,ES,Spain,17.2458
2004-12-31,FI,Finland,5.7643
2004-12-31,FR,France,15.3502
2004-12-31,GB,United Kingdom,12.2939
2004-12-31,GR,Greece,3.7192
2004-12-31,HK,Hong Kong SAR,29.5183
2004-12-31,HR,Croatia,15.8018
2004-12-31,HU,Hungary,2.7177
2004-12-31,ID,Indonesia,3.4404
2004-12-31,IE,Ireland,11.2827
2004-12-31,IL,Israel,-0.9879
2004-12-31,IS,Iceland,13.4473
2004-12-31,IT,Italy,7.3981
2004-12-31,JP,Japan,-5.7271
2004-12-31,KR,Korea,-2.3086
2004-12-31,LT,Lithuania,31.5385
2004-12-31,MK,North Macedonia,-1.3735
2004-12-31,MY,Malaysia,2.518
2004-12-31,NL,Netherlands,3.9706
2004-12-31,NO,Norway,10.5603
2004-12-31,NZ,New Zealand,12.41
2004-12-31,PE,Peru,2.3215
2004-12-31,PT,Portugal,0.4562
2004-12-31,RS,Serbia,13.597
2004-12-31,RU,Russia,28.3794
2004-12-31,SE,Sweden,10.0304
2004-12-31,SG,Singapore,0.8685
2004-12-31,TH,Thailand,5.5356
2004-12-31,US,United States,15.3344
2004-12-31,XM,Euro area,7.2139
2004-12-31,ZA,South Africa,35.1075
2005-03-31,AT,Austria,8.5084
2005-03-31,AU,Australia,0.561
2005-03-31,BE,Belgium,11.4703
2005-03-31,BG,Bulgaria,54.9219
2005-03-31,BR,Brazil,9.7966
2005-03-31,CA,Canada,9.9467
2005-03-31,CH,Switzerland,4.7224
2005-03-31,CL,Chile,5.4056
2005-03-31,CO,Colombia,9.9584
2005-03-31,CY,Cyprus,12.1707
2005-03-31,DE,Germany,-0.3387
2005-03-31,DK,Denmark,15.4206
2005-03-31,ES,Spain,15.7257
2005-03-31,FI,Finland,5.4499
2005-03-31,FR,France,15.1515
2005-03-31,GB,United Kingdom,9.0035
2005-03-31,GR,Greece,7.6529
2005-03-31,HK,Hong Kong SAR,22.1468
2005-03-31,HR,Croatia,13.6324
2005-03-31,HU,Hungary,4.6261
2005-03-31,ID,Indonesia,3.8816
2005-03-31,IE,Ireland,11.2546
2005-03-31,IL,Israel,-1.8706
2005-03-31,IS,Iceland,24.0834
2005-03-31,IT,Italy,8.3235
2005-03-31,JP,Japan,-5.3675
2005-03-31,KR,Korea,-1.8017
2005-03-31,LT,Lithuania,45.0704
2005-03-31,MK,North Macedonia,-2.7498
2005-03-31,MY,Malaysia,1.9504
2005-03-31,NL,Netherlands,3.8285
2005-03-31,NO,Norway,7.2289
2005-03-31,NZ,New Zealand,12.5993
2005-03-31,PE,Peru,-0.5794
2005-03-31,PT,Portugal,0.1821
2005-03-31,RS,Serbia,13.656
2005-03-31,RU,Russia,25.7625
2005-03-31,SE,Sweden,8.4263
2005-03-31,SG,Singapore,1.9926
2005-03-31,TH,Thailand,7.9116
2005-03-31,US,United States,16.1473
2005-03-31,XM,Euro area,7.6196
2005-03-31,ZA,South Africa,33.5457
2005-06-30,AT,Austria,4.0918
2005-06-30,AU,Australia,2.2663
2005-06-30,BE,Belgium,13.3804
2005-06-30,BG,Bulgaria,44.0973
2005-06-30,BR,Brazil,8.8475
2005-06-30,CA,Canada,7.7898
2005-06-30,CH,Switzerland,4.3509
2005-06-30,CL,Chile,7.2376
2005-06-30,CO,Colombia,9.3603
2005-06-30,CY,Cyprus,10.9098
2005-06-30,DE,Germany,-1.3803
2005-06-30,DK,Denmark,16.3311
2005-06-30,ES,Spain,13.9086
2005-06-30,FI,Finland,6.012
2005-06-30,FR,France,15.3953
2005-06-30,GB,United Kingdom,5.8581
2005-06-30,GR,Greece,10.4634
2005-06-30,HK,Hong Kong SAR,22.4525
2005-06-30,HR,Croatia,14.5839
2005-06-30,HU,Hungary,2.9711
2005-06-30,ID,Indonesia,3.646
2005-06-30,IE,Ireland,12.4163
2005-06-30,IL,Israel,-1.7118
2005-06-30,IS,Iceland,29.1219
2005-06-30,IT,Italy,8.1393
2005-06-30,JP,Japan,-5.0233
2005-06-30,KR,Korea,-0.5223
2005-06-30,LT,Lithuania,42.2222
2005-06-30,MK,North Macedonia,2.8271
2005-06-30,MY,Malaysia,3.3599
2005-06-30,NL,Netherlands,3.823
2005-06-30,NO,Norway,8.498
2005-06-30,NZ,New Zealand,13.7334
2005-06-30,PE,Peru,-12.4483
2005-06-30,PT,Portugal,1.7304
2005-06-30,RS,Serbia,16.3471
2005-06-30,RU,Russia,22.5791
2005-06-30,SE,Sweden,7.5698
2005-06-30,SG,Singapore,2.3632
2005-06-30,TH,Thailand,7.741
2005-06-30,US,United States,16.1414
2005-06-30,XM,Euro area,7.2265
2005-06-30,ZA,South Africa,30.8137
2005-09-30,AT,Austria,3.6743
2005-09-30,AU,Australia,2.1246
2005-09-30,BE,Belgium,13.121
2005-09-30,BG,Bulgaria,32.156
2005-09-30,BR,Brazil,8.4589
2005-09-30,CA,Canada,12.2983
2005-09-30,CH,Switzerland,4.0597
2005-09-30,CL,Chile,6.8522
2005-09-30,CO,Colombia,10.1356
2005-09-30,CY,Cyprus,7.9668
2005-09-30,DE,Germany,-1.1476
2005-09-30,DK,Denmark,21.4751
2005-09-30,ES,Spain,13.4309
2005-09-30,FI,Finland,7.6214
2005-09-30,FR,France,15.2116
2005-09-30,GB,United Kingdom,3.9661
2005-09-30,GR,Greece,12.2055
2005-09-30,HK,Hong Kong SAR,20.2655
2005-09-30,HR,Croatia,12.5269
2005-09-30,HU,Hungary,2.1826
2005-09-30,ID,Indonesia,3.3757
2005-09-30,IE,Ireland,11.516
2005-09-30,IL,Israel,0.5221
2005-09-30,IS,Iceland,33.4266
2005-09-30,IT,Italy,7.4346
2005-09-30,JP,Japan,-4.6809
2005-09-30,KR,Korea,2.1457
2005-09-30,LT,Lithuania,40.5229
2005-09-30,MK,North Macedonia,-1.098
2005-09-30,MY,Malaysia,2.6455
2005-09-30,NL,Netherlands,3.8659
2005-09-30,NO,Norway,9.2702
2005-09-30,NZ,New Zealand,14.9599
2005-09-30,PE,Peru,-9.5302
2005-09-30,PT,Portugal,3.5422
2005-09-30,RS,Serbia,21.8078
2005-09-30,RU,Russia,21.7547
2005-09-30,SE,Sweden,9.2203
2005-09-30,SG,Singapore,3.2218
2005-09-30,TH,Thailand,9.0273
2005-09-30,US,United States,16.2062
2005-09-30,XM,Euro area,7.1011
2005-09-30,ZA,South Africa,27.76
2005-12-31,AT,Austria,3.8873
2005-12-31,AU,Australia,2.3677
2005-12-31,BE,Belgium,12.9319
2005-12-31,BG,Bulgaria,21.5727
2005-12-31,BR,Brazil,8.6412
2005-12-31,CA,Canada,9.5834
2005-12-31,CH,Switzerland,4.2061
2005-12-31,CL,Chile,7.3553
2005-12-31,CO,Colombia,5.4465
2005-12-31,CY,Cyprus,6.5156
2005-12-31,DE,Germany,-0.7803
2005-12-31,DK,Denmark,26.2712
2005-12-31,ES,Spain,12.7306
2005-12-31,FI,Finland,9.3862
2005-12-31,FR,France,14.7287
2005-12-31,GB,United Kingdom,3.4558
2005-12-31,GR,Greece,13.161
2005-12-31,HK,Hong Kong SAR,8.1168
2005-12-31,HR,Croatia,11.3418
2005-12-31,HU,Hungary,2.6982
2005-12-31,ID,Indonesia,4.9056
2005-12-31,IE,Ireland,10.6259
2005-12-31,IL,Israel,4.028
2005-12-31,IS,Iceland,31.8547
2005-12-31,IT,Italy,6.7658
2005-12-31,JP,Japan,-4.2654
2005-12-31,KR,Korea,3.4407
2005-12-31,LT,Lithuania,64.3275
2005-12-31,MK,North Macedonia,-1.228
2005-12-31,MY,Malaysia,2.5439
2005-12-31,NL,Netherlands,4.0733
2005-12-31,NO,Norway,7.9922
2005-12-31,NZ,New Zealand,15.2389
2005-12-31,PE,Peru,5.4863
2005-12-31,PT,Portugal,3.6331
2005-12-31,RS,Serbia,18.6566
2005-12-31,RU,Russia,23.6175
2005-12-31,SE,Sweden,10.83
2005-12-31,SG,Singapore,3.9361
2005-12-31,TH,Thailand,7.2207
2005-12-31,US,United States,15.095
2005-12-31,XM,Euro area,7.0082
2005-12-31,ZA,South Africa,23.4659
2006-03-31,AT,Austria,4.6467
2006-03-31,AU,Australia,3.6262
2006-03-31,BE,Belgium,10.0957
2006-03-31,BG,Bulgaria,15.0492
2006-03-31,BR,Brazil,9.3726
2006-03-31,CA,Canada,9.7826
2006-03-31,CH,Switzerland,5.1088
2006-03-31,CL,Chile,7.5998
2006-03-31,CO,Colombia,8.4643
2006-03-31,CY,Cyprus,11.0294
2006-03-31,DE,Germany,-1.8424
2006-03-31,DK,Denmark,29.3522
2006-03-31,EE,Estonia,52.2728
2006-03-31,ES,Spain,9.2563
2006-03-31,FI,Finland,8.1383
2006-03-31,FR,France,13.7845
2006-03-31,GB,United Kingdom,6.379
2006-03-31,GR,Greece,13.4476
2006-03-31,HK,Hong Kong SAR,1.7797
2006-03-31,HR,Croatia,15.7429
2006-03-31,HU,Hungary,4.6316
2006-03-31,ID,Indonesia,6.1811
2006-03-31,IE,Ireland,12.7716
2006-03-31,IL,Israel,5.0342
2006-03-31,IS,Iceland,24.6277
2006-03-31,IT,Italy,5.8978
2006-03-31,JP,Japan,-3.8394
2006-03-31,KR,Korea,4.8303
2006-03-31,LT,Lithuania,42.7263
2006-03-31,MA,Morocco,1.4199
2006-03-31,MK,North Macedonia,2.6051
2006-03-31,MT,Malta,9.7859
2006-03-31,MX,Mexico,7.4687
2006-03-31,MY,Malaysia,2.3478
2006-03-31,NL,Netherlands,4.1477
2006-03-31,NO,Norway,10.2996
2006-03-31,NZ,New Zealand,12.2524
2006-03-31,PE,Peru,-2.5327
2006-03-31,PT,Portugal,3.8182
2006-03-31,RS,Serbia,8.1941
2006-03-31,RU,Russia,31.2438
2006-03-31,SE,Sweden,13.9924
2006-03-31,SG,Singapore,4.7619
2006-03-31,TH,Thailand,4.9538
2006-03-31,US,United States,12.6162
2006-03-31,XM,Euro area,6.3294
2006-03-31,ZA,South Africa,19.1727
2006-06-30,AT,Austria,4.5062
2006-06-30,AU,Australia,6.6482
2006-06-30,BE,Belgium,10.602
2006-06-30,BG,Bulgaria,12.1698
2006-06-30,BR,Brazil,10.5675
2006-06-30,CA,Canada,12.0424
2006-06-30,CH,Switzerland,6.2548
2006-06-30,CL,Chile,6.3776
2006-06-30,CN,China,4.8459
2006-06-30,CO,Colombia,12.1023
2006-06-30,CY,Cyprus,14.4851
2006-06-30,DE,Germany,0.2159
2006-06-30,DK,Denmark,30.3846
2006-06-30,EE,Estonia,48.6002
2006-06-30,ES,Spain,9.5105
2006-06-30,FI,Finland,7.4922
2006-06-30,FR,France,12.5
2006-06-30,GB,United Kingdom,7.2993
2006-06-30,GR,Greece,13.1809
2006-06-30,HK,Hong Kong SAR,-1.3753
2006-06-30,HR,Croatia,12.6791
2006-06-30,HU,Hungary,3.4573
2006-06-30,ID,Indonesia,5.4483
2006-06-30,IE,Ireland,14.8158
2006-06-30,IL,Israel,1.2336
2006-06-30,IS,Iceland,17.1424
2006-06-30,IT,Italy,5.9915
2006-06-30,JP,Japan,-3.2689
2006-06-30,KR,Korea,5.5952
2006-06-30,LT,Lithuania,54.5484
2006-06-30,MA,Morocco,0.8096
2006-06-30,MK,North Macedonia,-4.452
2006-06-30,MT,Malta,22.6994
2006-06-30,MX,Mexico,6.5905
2006-06-30,MY,Malaysia,1.3687
2006-06-30,NL,Netherlands,4.3046
2006-06-30,NO,Norway,12.5683
2006-06-30,NZ,New Zealand,10.1563
2006-06-30,PE,Peru,4.7706
2006-06-30,PT,Portugal,2.8648
2006-06-30,RS,Serbia,2.7571
2006-06-30,RU,Russia,39.8192
2006-06-30,SE,Sweden,13.4418
2006-06-30,SG,Singapore,6.0753
2006-06-30,TH,Thailand,4.9641
2006-06-30,US,United States,7.5548
2006-06-30,XM,Euro area,6.8417
2006-06-30,ZA,South Africa,17.339
2006-09-30,AT,Austria,5.0766
2006-09-30,AU,Australia,8.7379
2006-09-30,BE,Belgium,10.0108
2006-09-30,BG,Bulgaria,13.9976
2006-09-30,BR,Brazil,12.0605
2006-09-30,CA,Canada,12.9735
2006-09-30,CH,Switzerland,5.5074
2006-09-30,CL,Chile,6.2554
2006-09-30,CN,China,4.9186
2006-09-30,CO,Colombia,14.4468
2006-09-30,CY,Cyprus,15.0244
2006-09-30,DE,Germany,1.481
2006-09-30,DK,Denmark,23.3929
2006-09-30,EE,Estonia,50.5833
2006-09-30,ES,Spain,11.25
2006-09-30,FI,Finland,6.4968
2006-09-30,FR,France,10.7922
2006-09-30,GB,United Kingdom,7.8292
2006-09-30,GR,Greece,12.1905
2006-09-30,HK,Hong Kong SAR,-0.8906
2006-09-30,HR,Croatia,13.4735
2006-09-30,HU,Hungary,4.3473
2006-09-30,ID,Indonesia,5.4139
2006-09-30,IE,Ireland,17.1243
2006-09-30,IL,Israel,-0.3761
2006-09-30,IS,Iceland,11.5158
2006-09-30,IT,Italy,5.8517
2006-09-30,JP,Japan,-2.6786
2006-09-30,KR,Korea,4.8828
2006-09-30,LT,Lithuania,51.9554
2006-09-30,MA,Morocco,-0.4016
2006-09-30,MK,North Macedonia,0.9143
2006-09-30,MT,Malta,16.9972
2006-09-30,MX,Mexico,6.1811
2006-09-30,MY,Malaysia,2.0619
2006-09-30,NL,Netherlands,4.1135
2006-09-30,NO,Norway,15.1625
2006-09-30,NZ,New Zealand,9.2768
2006-09-30,PE,Peru,-3.9564
2006-09-30,PT,Portugal,0.7895
2006-09-30,RS,Serbia,1.2782
2006-09-30,RU,Russia,54.0391
2006-09-30,SE,Sweden,12.1426
2006-09-30,SG,Singapore,7.563
2006-09-30,TH,Thailand,2.5032
2006-09-30,US,United States,3.1955
2006-09-30,XM,Euro area,6.9746
2006-09-30,ZA,South Africa,16.1723
2006-12-31,AT,Austria,2.2451
2006-12-31,AU,Australia,8.5714
2006-12-31,BE,Belgium,8.6054
2006-12-31,BG,Bulgaria,17.4575
2006-12-31,BR,Brazil,13.6562
2006-12-31,CA,Canada,12.1495
2006-12-31,CH,Switzerland,9.1489
2006-12-31,CL,Chile,4.5826
2006-12-31,CN,China,5.0109
2006-12-31,CO,Colombia,14.3214
2006-12-31,CY,Cyprus,19.6055
2006-12-31,DE,Germany,0.1522
2006-12-31,DK,Denmark,14.7651
2006-12-31,EE,Estonia,47.1857
2006-12-31,ES,Spain,11.5025
2006-12-31,FI,Finland,5.8031
2006-12-31,FR,France,9.5721
2006-12-31,GB,United Kingdom,9.7691
2006-12-31,GR,Greece,13.1431
2006-12-31,HK,Hong Kong SAR,3.5133
2006-12-31,HR,Croatia,15.2569
2006-12-31,HU,Hungary,5.8471
2006-12-31,ID,Indonesia,4.0572
2006-12-31,IE,Ireland,14.6616
2006-12-31,IL,Israel,-3.8721
2006-12-31,IS,Iceland,7.8023
2006-12-31,IT,Italy,5.612
2006-12-31,JP,Japan,-2.1152
2006-12-31,KR,Korea,9.2749
2006-12-31,LT,Lithuania,29.0202
2006-12-31,MA,Morocco,-0.6979
2006-12-31,MK,North Macedonia,-5.1525
2006-12-31,MT,Malta,29.1546
2006-12-31,MX,Mexico,6.9712
2006-12-31,MY,Malaysia,4.7049
2006-12-31,NL,Netherlands,4.5084
2006-12-31,NO,Norway,16.6065
2006-12-31,NZ,New Zealand,8.9239
2006-12-31,PE,Peru,-6.3226
2006-12-31,PT,Portugal,0.8764
2006-12-31,RS,Serbia,0.3721
2006-12-31,RU,Russia,65.189
2006-12-31,SE,Sweden,9.9464
2006-12-31,SG,Singapore,10.1776
2006-12-31,TH,Thailand,2.6048
2006-12-31,US,United States,0.3845
2006-12-31,XM,Euro area,6.3102
2006-12-31,ZA,South Africa,14.5945
2007-03-31,AT,Austria,4.0703
2007-03-31,AU,Australia,8.3445
2007-03-31,BE,Belgium,9.0143
2007-03-31,BG,Bulgaria,22.599
2007-03-31,BR,Brazil,15.2092
2007-03-31,CA,Canada,11.4311
2007-03-31,CH,Switzerland,8.4634
2007-03-31,CL,Chile,7.7549
2007-03-31,CN,China,5.2977
2007-03-31,CO,Colombia,19.1065
2007-03-31,CY,Cyprus,21.5871
2007-03-31,DE,Germany,0.9346
2007-03-31,DK,Denmark,7.5117
2007-03-31,EE,Estonia,34.3283
2007-03-31,ES,Spain,13.1334
2007-03-31,FI,Finland,6.879
2007-03-31,FR,France,7.9295
2007-03-31,GB,United Kingdom,10.582
2007-03-31,GR,Greece,8.6779
2007-03-31,HK,Hong Kong SAR,5.5374
2007-03-31,HR,Croatia,14.192
2007-03-31,HU,Hungary,5.8754
2007-03-31,ID,Indonesia,1.8125
2007-03-31,IE,Ireland,14.5677
2007-03-31,IL,Israel,-5.2158
2007-03-31,IS,Iceland,6.0994
2007-03-31,IT,Italy,5.8631
2007-03-31,JP,Japan,-1.5426
2007-03-31,KR,Korea,11.9637
2007-03-31,LT,Lithuania,28.465
2007-03-31,LV,Latvia,49.6293
2007-03-31,MA,Morocco,0.7
2007-03-31,MK,North Macedonia,-0.7783
2007-03-31,MT,Malta,29.8051
2007-03-31,MX,Mexico,7.4542
2007-03-31,MY,Malaysia,4.8428
2007-03-31,NL,Netherlands,4.7367
2007-03-31,NO,Norway,16.4686
2007-03-31,NZ,New Zealand,11.324
2007-03-31,PE,Peru,-10.1229
2007-03-31,PT,Portugal,1.4011
2007-03-31,RS,Serbia,-0.0298
2007-03-31,RU,Russia,62.9832
2007-03-31,SE,Sweden,10.2852
2007-03-31,SG,Singapore,13.7529
2007-03-31,SK,Slovakia,21.8644
2007-03-31,TH,Thailand,0.3776
2007-03-31,US,United States,-2.4093
2007-03-31,XM,Euro area,6.3417
2007-03-31,ZA,South Africa,14.6014
2007-06-30,AT,Austria,5.3211
2007-06-30,AU,Australia,9.2208
2007-06-30,BE,Belgium,8.2975
2007-06-30,BG,Bulgaria,27.0816
2007-06-30,BR,Brazil,16.6666
2007-06-30,CA,Canada,11.006
2007-06-30,CH,Switzerland,8.5425
2007-06-30,CL,Chile,8.4627
2007-06-30,CN,China,5.876
2007-06-30,CO,Colombia,16.6997
2007-06-30,CY,Cyprus,24.0577
2007-06-30,DE,Germany,-0.7366
2007-06-30,DK,Denmark,2.6549
2007-06-30,EE,Estonia,29.9171
2007-06-30,ES,Spain,11.5821
2007-06-30,FI,Finland,6.3253
2007-06-30,FR,France,6.5171
2007-06-30,GB,United Kingdom,10.7143
2007-06-30,GR,Greece,6.796
2007-06-30,HK,Hong Kong SAR,7.5439
2007-06-30,HR,Croatia,17.0511
2007-06-30,HU,Hungary,7.0153
2007-06-30,ID,Indonesia,2.1482
2007-06-30,IE,Ireland,10.5989
2007-06-30,IL,Israel,-2.8853
2007-06-30,IS,Iceland,7.6792
2007-06-30,IT,Italy,5.0385
2007-06-30,JP,Japan,-1.1427
2007-06-30,KR,Korea,9.9068
2007-06-30,LT,Lithuania,32.5753
2007-06-30,LV,Latvia,39.6744
2007-06-30,MA,Morocco,2.3093
2007-06-30,MK,North Macedonia,2.8907
2007-06-30,MT,Malta,22.2499
2007-06-30,MX,Mexico,7.7004
2007-06-30,MY,Malaysia,4.3882
2007-06-30,NL,Netherlands,4.2967
2007-06-30,NO,Norway,15.2104
2007-06-30,NZ,New Zealand,13.4394
2007-06-30,PE,Peru,-0.0775
2007-06-30,PT,Portugal,0.4352
2007-06-30,RS,Serbia,0.3954
2007-06-30,RU,Russia,53.6637
2007-06-30,SE,Sweden,13.7703
2007-06-30,SG,Singapore,20.9623
2007-06-30,SK,Slovakia,25.4288
2007-06-30,TH,Thailand,0.1867
2007-06-30,US,United States,-4.6422
2007-06-30,XM,Euro area,5.1271
2007-06-30,ZA,South Africa,15.8055
2007-09-30,AT,Austria,5.2871
2007-09-30,AU,Australia,11.0969
2007-09-30,BE,Belgium,7.064
2007-09-30,BG,Bulgaria,30.6166
2007-09-30,BR,Brazil,18.0512
2007-09-30,CA,Canada,10.4778
2007-09-30,CH,Switzerland,7.075
2007-09-30,CL,Chile,9.7245
2007-09-30,CN,China,6.9792
2007-09-30,CO,Colombia,14.0352
2007-09-30,CY,Cyprus,25.3472
2007-09-30,DE,Germany,-1.275
2007-09-30,DK,Denmark,0.8683
2007-09-30,EE,Estonia,17.8874
2007-09-30,ES,Spain,9.2157
2007-09-30,FI,Finland,5.9193
2007-09-30,FR,France,5.6995
2007-09-30,GB,United Kingdom,10.396
2007-09-30,GR,Greece,6.1821
2007-09-30,HK,Hong Kong SAR,12.1855
2007-09-30,HR,Croatia,16.2316
2007-09-30,HU,Hungary,8.3278
2007-09-30,ID,Indonesia,1.8684
2007-09-30,IE,Ireland,4.1986
2007-09-30,IL,Israel,0.3056
2007-09-30,IS,Iceland,12.5929
2007-09-30,IT,Italy,4.5839
2007-09-30,JP,Japan,-0.7339
2007-09-30,KR,Korea,9.232
2007-09-30,LT,Lithuania,28.2457
2007-09-30,LV,Latvia,36.5097
2007-09-30,MA,Morocco,3.629
2007-09-30,MK,North Macedonia,-0.9578
2007-09-30,MT,Malta,20.3389
2007-09-30,MX,Mexico,8.1443
2007-09-30,MY,Malaysia,5.3872
2007-09-30,NL,Netherlands,5.1259
2007-09-30,NO,Norway,11.442
2007-09-30,NZ,New Zealand,11.2921
2007-09-30,PE,Peru,12.0556
2007-09-30,PT,Portugal,1.1314
2007-09-30,RS,Serbia,1.643
2007-09-30,RU,Russia,39.335
2007-09-30,SE,Sweden,14.8136
2007-09-30,SG,Singapore,27.6786
2007-09-30,SK,Slovakia,32.6195
2007-09-30,TH,Thailand,2.5673
2007-09-30,US,United States,-6.5745
2007-09-30,XM,Euro area,4.3977
2007-09-30,ZA,South Africa,15.2614
2007-12-31,AT,Austria,4.0256
2007-12-31,AU,Australia,13.2832
2007-12-31,BE,Belgium,6.7429
2007-12-31,BG,Bulgaria,34.6291
2007-12-31,BR,Brazil,19.4282
2007-12-31,CA,Canada,10.1667
2007-12-31,CH,Switzerland,3.5112
2007-12-31,CL,Chile,9.1671
2007-12-31,CN,China,8.9517
2007-12-31,CO,Colombia,15.1816
2007-12-31,CY,Cyprus,22.0561
2007-12-31,DE,Germany,0.1845
2007-12-31,DK,Denmark,0
2007-12-31,EE,Estonia,5.1625
2007-12-31,ES,Spain,5.7085
2007-12-31,FI,Finland,4.533
2007-12-31,FR,France,5.4471
2007-12-31,GB,United Kingdom,8.2524
2007-12-31,GR,Greece,2.4198
2007-12-31,HK,Hong Kong SAR,21.3648
2007-12-31,HR,Croatia,8.3843
2007-12-31,HU,Hungary,8.6754
2007-12-31,ID,Indonesia,1.7446
2007-12-31,IE,Ireland,1.3976
2007-12-31,IL,Israel,1.7554
2007-12-31,IS,Iceland,15.1269
2007-12-31,IT,Italy,4.4333
2007-12-31,JP,Japan,-0.7356
2007-12-31,KR,Korea,5.2745
2007-12-31,LT,Lithuania,17.694
2007-12-31,LV,Latvia,23.1428
2007-12-31,MA,Morocco,7.9317
2007-12-31,MK,North Macedonia,11.0811
2007-12-31,MT,Malta,13.3183
2007-12-31,MX,Mexico,7.4517
2007-12-31,MY,Malaysia,2.8595
2007-12-31,NL,Netherlands,5.1971
2007-12-31,NO,Norway,7.5851
2007-12-31,NZ,New Zealand,7.6541
2007-12-31,PE,Peru,16.6564
2007-12-31,PT,Portugal,-0.8688
2007-12-31,RS,Serbia,5.9766
2007-12-31,RU,Russia,28.9244
2007-12-31,SE,Sweden,10.8752
2007-12-31,SG,Singapore,31.1492
2007-12-31,SK,Slovakia,35.1038
2007-12-31,TH,Thailand,1.2384
2007-12-31,US,United States,-9.531
2007-12-31,XM,Euro area,3.9195
2007-12-31,ZA,South Africa,12.3353
2008-03-31,AT,Austria,1.7778
2008-03-31,AU,Australia,12.795
2008-03-31,BE,Belgium,5.3064
2008-03-31,BG,Bulgaria,31.59
2008-03-31,BR,Brazil,20.7977
2008-03-31,CA,Canada,8.4006
2008-03-31,CH,Switzerland,3.4774
2008-03-31,CL,Chile,10.3622
2008-03-31,CN,China,9.4033
2008-03-31,CO,Colombia,16.073
2008-03-31,CY,Cyprus,25.1753
2008-03-31,DE,Germany,2.7778
2008-03-31,DK,Denmark,-1.7467
2008-03-31,EE,Estonia,-1.2346
2008-03-31,ES,Spain,2.8369
2008-03-31,FI,Finland,3.2821
2008-03-31,FR,France,4.0816
2008-03-31,GB,United Kingdom,3.6683
2008-03-31,GR,Greece,2.8916
2008-03-31,HK,Hong Kong SAR,29.4787
2008-03-31,HR,Croatia,4.1363
2008-03-31,HU,Hungary,5.8947
2008-03-31,ID,Indonesia,2.2454
2008-03-31,IE,Ireland,-2.3995
2008-03-31,IL,Israel,4.5732
2008-03-31,IS,Iceland,13.962
2008-03-31,IT,Italy,3.7345
2008-03-31,JP,Japan,-0.7373
2008-03-31,KR,Korea,2.6898
2008-03-31,LT,Lithuania,16.7749
2008-03-31,LU,Luxembourg,3.7264
2008-03-31,LV,Latvia,16.6796
2008-03-31,MA,Morocco,2.6812
2008-03-31,MK,North Macedonia,11.4183
2008-03-31,MT,Malta,16.7382
2008-03-31,MX,Mexico,6.2774
2008-03-31,MY,Malaysia,4.295
2008-03-31,NL,Netherlands,3.8782
2008-03-31,NO,Norway,3.6443
2008-03-31,NZ,New Zealand,2.7353
2008-03-31,PE,Peru,17.3623
2008-03-31,PT,Portugal,-5.1101
2008-03-31,RS,Serbia,13.593
2008-03-31,RU,Russia,24.7383
2008-03-31,SE,Sweden,7.0996
2008-03-31,SG,Singapore,29.8156
2008-03-31,SI,Slovenia,11.8172
2008-03-31,SK,Slovakia,33.3334
2008-03-31,TH,Thailand,-5.4327
2008-03-31,US,United States,-12.2042
2008-03-31,XM,Euro area,3.7012
2008-03-31,ZA,South Africa,7.1261
2008-06-30,AT,Austria,-0.9582
2008-06-30,AU,Australia,7.0155
2008-06-30,BE,Belgium,4.5948
2008-06-30,BG,Bulgaria,32.2083
2008-06-30,BR,Brazil,22.0346
2008-06-30,CA,Canada,4.725
2008-06-30,CH,Switzerland,3.2069
2008-06-30,CL,Chile,9.9354
2008-06-30,CN,China,7.8512
2008-06-30,CO,Colombia,15.5038
2008-06-30,CY,Cyprus,19.4705
2008-06-30,DE,Germany,4.0816
2008-06-30,DK,Denmark,-2.7299
2008-06-30,EE,Estonia,-9.9768
2008-06-30,ES,Spain,-0.2662
2008-06-30,FI,Finland,2.4254
2008-06-30,FR,France,2.7081
2008-06-30,GB,United Kingdom,-0.768
2008-06-30,GR,Greece,1.7364
2008-06-30,HK,Hong Kong SAR,25.5651
2008-06-30,HR,Croatia,0.7366
2008-06-30,HU,Hungary,4.7276
2008-06-30,ID,Indonesia,2.4135
2008-06-30,IE,Ireland,-5.4352
2008-06-30,IL,Israel,6.4588
2008-06-30,IS,Iceland,7.1915
2008-06-30,IT,Italy,3.5841
2008-06-30,JP,Japan,-1.2467
2008-06-30,KR,Korea,4.3918
2008-06-30,LT,Lithuania,16.0838
2008-06-30,LU,Luxembourg,6.0032
2008-06-30,LV,Latvia,11.2657
2008-06-30,MA,Morocco,1.6683
2008-06-30,MK,North Macedonia,19.7049
2008-06-30,MT,Malta,6.7486
2008-06-30,MX,Mexico,6.2656
2008-06-30,MY,Malaysia,4.2037
2008-06-30,NL,Netherlands,3.1305
2008-06-30,NO,Norway,1.1236
2008-06-30,NZ,New Zealand,-4.4543
2008-06-30,PE,Peru,26.19
2008-06-30,PT,Portugal,-4.5054
2008-06-30,RS,Serbia,20.2473
2008-06-30,RU,Russia,26.5354
2008-06-30,SE,Sweden,2.8998
2008-06-30,SG,Singapore,20.1704
2008-06-30,SI,Slovenia,9.2976
2008-06-30,SK,Slovakia,28.5943
2008-06-30,TH,Thailand,-2.6377
2008-06-30,US,United States,-13.6114
2008-06-30,XM,Euro area,2.9598
2008-06-30,ZA,South Africa,-0.1314
2008-09-30,AT,Austria,0.2597
2008-09-30,AU,Australia,1.0333
2008-09-30,BE,Belgium,4.3184
2008-09-30,BG,Bulgaria,26.7652
2008-09-30,BR,Brazil,23.0143
2008-09-30,CA,Canada,0.4552
2008-09-30,CH,Switzerland,4.8385
2008-09-30,CL,Chile,9.4738
2008-09-30,CN,China,5.5026
2008-09-30,CO,Colombia,16.0916
2008-09-30,CY,Cyprus,17.0379
2008-09-30,DE,Germany,2.952
2008-09-30,DK,Denmark,-5.3085
2008-09-30,EE,Estonia,-7.4074
2008-09-30,ES,Spain,-2.9084
2008-09-30,FI,Finland,0.7984
2008-09-30,FR,France,0.5882
2008-09-30,GB,United Kingdom,-7.1749
2008-09-30,GR,Greece,1.5599
2008-09-30,HK,Hong Kong SAR,18.4557
2008-09-30,HR,Croatia,0.9056
2008-09-30,HU,Hungary,1.087
2008-09-30,ID,Indonesia,2.5644
2008-09-30,IE,Ireland,-7.8748
2008-09-30,IL,Israel,8.3902
2008-09-30,IS,Iceland,1.0757
2008-09-30,IT,Italy,2.6158
2008-09-30,JP,Japan,-1.756
2008-09-30,KR,Korea,5.0484
2008-09-30,LT,Lithuania,7.0487
2008-09-30,LU,Luxembourg,1.4964
2008-09-30,LV,Latvia,-3.81
2008-09-30,MA,Morocco,1.8483
2008-09-30,MK,North Macedonia,24.0721
2008-09-30,MT,Malta,11.8712
2008-09-30,MX,Mexico,6.8708
2008-09-30,MY,Malaysia,4.9521
2008-09-30,NL,Netherlands,2.4441
2008-09-30,NO,Norway,-2.1097
2008-09-30,NZ,New Zealand,-6.6653
2008-09-30,PE,Peru,38.8744
2008-09-30,PT,Portugal,-7.8111
2008-09-30,RS,Serbia,25.4802
2008-09-30,RU,Russia,26.9494
2008-09-30,SE,Sweden,-1.3852
2008-09-30,SG,Singapore,8.3041
2008-09-30,SI,Slovenia,7.7275
2008-09-30,SK,Slovakia,13.0071
2008-09-30,TH,Thailand,0.2402
2008-09-30,US,United States,-15.0983
2008-09-30,XM,Euro area,1.3683
2008-09-30,ZA,South Africa,-4.9791
2008-12-31,4T,Emerging market economies (aggregate),6.2266
2008-12-31,5R,Advanced economies,-7.599
2008-12-31,AT,Austria,3.2542
2008-12-31,AU,Australia,-3.9823
2008-12-31,BE,Belgium,3.2155
2008-12-31,BG,Bulgaria,11.7192
2008-12-31,BR,Brazil,23.7253
2008-12-31,CA,Canada,-3.7065
2008-12-31,CH,Switzerland,5.1857
2008-12-31,CL,Chile,10.47
2008-12-31,CN,China,1.7903
2008-12-31,CO,Colombia,15.1915
2008-12-31,CY,Cyprus,9.7317
2008-12-31,DE,Germany,3.4991
2008-12-31,DK,Denmark,-10.9649
2008-12-31,EE,Estonia,-19.6364
2008-12-31,ES,Spain,-5.2314
2008-12-31,FI,Finland,-3.2324
2008-12-31,FR,France,-3.3138
2008-12-31,GB,United Kingdom,-13.3034
2008-12-31,GR,Greece,0.5931
2008-12-31,HK,Hong Kong SAR,-4.6217
2008-12-31,HR,Croatia,-1.2377
2008-12-31,HU,Hungary,-1.6667
2008-12-31,ID,Indonesia,2.56
2008-12-31,IE,Ireland,-12.0757
2008-12-31,IL,Israel,10.7681
2008-12-31,IS,Iceland,-2.7188
2008-12-31,IT,Italy,0.5247
2008-12-31,JP,Japan,-2.5475
2008-12-31,KR,Korea,3.9371
2008-12-31,LT,Lithuania,-2.5056
2008-12-31,LU,Luxembourg,2.246
2008-12-31,LV,Latvia,-17.7588
2008-12-31,MA,Morocco,-2.4185
2008-12-31,MK,North Macedonia,24.3674
2008-12-31,MT,Malta,9.3625
2008-12-31,MX,Mexico,8.1075
2008-12-31,MY,Malaysia,2.4623
2008-12-31,NL,Netherlands,-0.5841
2008-12-31,NO,Norway,-6.9065
2008-12-31,NZ,New Zealand,-8.9269
2008-12-31,PE,Peru,28.3199
2008-12-31,PT,Portugal,-7.7187
2008-12-31,RS,Serbia,28.4275
2008-12-31,RU,Russia,19.6776
2008-12-31,SE,Sweden,-3.6856
2008-12-31,SG,Singapore,-4.6684
2008-12-31,SI,Slovenia,-0.1686
2008-12-31,SK,Slovakia,0.9691
2008-12-31,TH,Thailand,3.2166
2008-12-31,US,United States,-16.8036
2008-12-31,XM,Euro area,-0.3767
2008-12-31,XW,World,-2.118
2008-12-31,ZA,South Africa,-5.6195
2009-03-31,4T,Emerging market economies (aggregate),3.6389
2009-03-31,5R,Advanced economies,-8.764
2009-03-31,AT,Austria,4.5415
2009-03-31,AU,Australia,-4.6256
2009-03-31,BE,Belgium,0.9716
2009-03-31,BG,Bulgaria,-7.3132
2009-03-31,BR,Brazil,24.2764
2009-03-31,CA,Canada,-8.1222
2009-03-31,CH,Switzerland,4.1592
2009-03-31,CL,Chile,2.563
2009-03-31,CN,China,-0.1903
2009-03-31,CO,Colombia,11.4507
2009-03-31,CY,Cyprus,-4.1132
2009-03-31,CZ,Czechia,2.7778
2009-03-31,DE,Germany,0.9009
2009-03-31,DK,Denmark,-15.5556
2009-03-31,EE,Estonia,-34.9375
2009-03-31,ES,Spain,-7.4168
2009-03-31,FI,Finland,-1.9495
2009-03-31,FR,France,-6.3725
2009-03-31,GB,United Kingdom,-15.3846
2009-03-31,GR,Greece,-3.2936
2009-03-31,HK,Hong Kong SAR,-13.5964
2009-03-31,HR,Croatia,-0.6068
2009-03-31,HU,Hungary,-0.8946
2009-03-31,ID,Indonesia,2.2824
2009-03-31,IE,Ireland,-16.4951
2009-03-31,IL,Israel,10.4534
2009-03-31,IS,Iceland,-11.0852
2009-03-31,IT,Italy,0.2382
2009-03-31,JP,Japan,-4.2
2009-03-31,KR,Korea,1.5563
2009-03-31,LT,Lithuania,-24.5778
2009-03-31,LU,Luxembourg,0.2847
2009-03-31,LV,Latvia,-36.9762
2009-03-31,MA,Morocco,1.9343
2009-03-31,MK,North Macedonia,13.8834
2009-03-31,MT,Malta,-2.7573
2009-03-31,MX,Mexico,7.9763
2009-03-31,MY,Malaysia,0.6258
2009-03-31,NL,Netherlands,-1.6661
2009-03-31,NO,Norway,-5.2039
2009-03-31,NZ,New Zealand,-9.0006
2009-03-31,PE,Peru,28.5317
2009-03-31,PH,Philippines,4.5819
2009-03-31,PT,Portugal,-3.3076
2009-03-31,RS,Serbia,29.1918
2009-03-31,RU,Russia,10.5996
2009-03-31,SE,Sweden,-1.3326
2009-03-31,SG,Singapore,-21.0734
2009-03-31,SI,Slovenia,-7.6936
2009-03-31,SK,Slovakia,-11.3293
2009-03-31,TH,Thailand,9.6413
2009-03-31,US,United States,-15.9497
2009-03-31,XM,Euro area,-2.7623
2009-03-31,XW,World,-3.8023
2009-03-31,ZA,South Africa,-4.6906
2009-06-30,4T,Emerging market economies (aggregate),2.3463
2009-06-30,5R,Advanced economies,-7.6569
2009-06-30,AT,Austria,5.7168
2009-06-30,AU,Australia,0.2222
2009-06-30,BE,Belgium,-1.2599
2009-06-30,BG,Bulgaria,-20.891
2009-06-30,BR,Brazil,24.8287
2009-06-30,CA,Canada,-6.7308
2009-06-30,CH,Switzerland,2.1127
2009-06-30,CL,Chile,1.3503
2009-06-30,CN,China,-0.4707
2009-06-30,CO,Colombia,10.5726
2009-06-30,CY,Cyprus,-6.3674
2009-06-30,CZ,Czechia,-4.4466
2009-06-30,DE,Germany,-1.426
2009-06-30,DK,Denmark,-14.771
2009-06-30,EE,Estonia,-37.6289
2009-06-30,ES,Spain,-7.5934
2009-06-30,FI,Finland,-1.2733
2009-06-30,FR,France,-8.0078
2009-06-30,GB,United Kingdom,-13.7771
2009-06-30,GR,Greece,-2.4763
2009-06-30,HK,Hong Kong SAR,-7.0161
2009-06-30,HR,Croatia,-4.6252
2009-06-30,HU,Hungary,-5.2012
2009-06-30,ID,Indonesia,2.1311
2009-06-30,IE,Ireland,-20.0303
2009-06-30,IL,Israel,12.4285
2009-06-30,IS,Iceland,-10.5194
2009-06-30,IT,Italy,-0.8556
2009-06-30,JP,Japan,-5.0314
2009-06-30,KR,Korea,-0.5428
2009-06-30,LT,Lithuania,-31.0113
2009-06-30,LU,Luxembourg,-1.9374
2009-06-30,LV,Latvia,-42.2512
2009-06-30,MA,Morocco,1.3513
2009-06-30,MK,North Macedonia,7.2018
2009-06-30,MT,Malta,-0.9579
2009-06-30,MX,Mexico,6.312
2009-06-30,MY,Malaysia,2.5357
2009-06-30,NL,Netherlands,-4.6503
2009-06-30,NO,Norway,-1.5278
2009-06-30,NZ,New Zealand,-3.0964
2009-06-30,PE,Peru,12.0735
2009-06-30,PH,Philippines,-0.6375
2009-06-30,PT,Portugal,-2.6962
2009-06-30,RS,Serbia,24.7587
2009-06-30,RU,Russia,0.4444
2009-06-30,SE,Sweden,-0.3568
2009-06-30,SG,Singapore,-24.9015
2009-06-30,SI,Slovenia,-9.4223
2009-06-30,SK,Slovakia,-18.1078
2009-06-30,TH,Thailand,6.2567
2009-06-30,US,United States,-11.9675
2009-06-30,XM,Euro area,-4.4505
2009-06-30,XW,World,-3.6049
2009-06-30,ZA,South Africa,-2.7197
2009-09-30,4T,Emerging market economies (aggregate),2.6739
2009-09-30,5R,Advanced economies,-4.7918
2009-09-30,AT,Austria,3.1952
2009-09-30,AU,Australia,6.8182
2009-09-30,BE,Belgium,-0.5051
2009-09-30,BG,Bulgaria,-26.8297
2009-09-30,BR,Brazil,25.4488
2009-09-30,CA,Canada,-1.435
2009-09-30,CH,Switzerland,1.1213
2009-09-30,CL,Chile,3.6619
2009-09-30,CN,China,1.1868
2009-09-30,CO,Colombia,9.9016
2009-09-30,CY,Cyprus,-6.4989
2009-09-30,CZ,Czechia,-6.6212
2009-09-30,DE,Germany,-0.8961
2009-09-30,DK,Denmark,-11.9697
2009-09-30,EE,Estonia,-42.1936
2009-09-30,ES,Spain,-6.9403
2009-09-30,FI,Finland,1.5275
2009-09-30,FR,France,-6.7251
2009-09-30,GB,United Kingdom,-6.7633
2009-09-30,GR,Greece,-5.1066
2009-09-30,HK,Hong Kong SAR,3.1647
2009-09-30,HR,Croatia,-8.0596
2009-09-30,HU,Hungary,-7.0381
2009-09-30,ID,Indonesia,2.0979
2009-09-30,IE,Ireland,-21.2478
2009-09-30,IL,Israel,13.3476
2009-09-30,IS,Iceland,-11.3274
2009-09-30,IT,Italy,-1.1311
2009-09-30,JP,Japan,-3.0036
2009-09-30,KR,Korea,-0.8564
2009-09-30,LT,Lithuania,-32.9816
2009-09-30,LU,Luxembourg,-2.4786
2009-09-30,LV,Latvia,-39.095
2009-09-30,MA,Morocco,0.0955
2009-09-30,MK,North Macedonia,2.5279
2009-09-30,MT,Malta,-5.7554
2009-09-30,MX,Mexico,3.979
2009-09-30,MY,Malaysia,1.9715
2009-09-30,NL,Netherlands,-6.6779
2009-09-30,NO,Norway,3.7356
2009-09-30,NZ,New Zealand,1.0525
2009-09-30,PE,Peru,8.1014
2009-09-30,PH,Philippines,-2.1867
2009-09-30,PT,Portugal,0.1486
2009-09-30,RS,Serbia,16.1245
2009-09-30,RU,Russia,-6.097
2009-09-30,SE,Sweden,3.1002
2009-09-30,SG,Singapore,-10.9766
2009-09-30,SI,Slovenia,-12.5981
2009-09-30,SK,Slovakia,-10.0897
2009-09-30,TH,Thailand,3.0896
2009-09-30,US,United States,-7.6209
2009-09-30,XM,Euro area,-4.2925
2009-09-30,XW,World,-1.7208
2009-09-30,ZA,South Africa,-0.2351
2009-12-31,4T,Emerging market economies (aggregate),5.0007
2009-12-31,5R,Advanced economies,-0.9444
2009-12-31,AT,Austria,2.2147
2009-12-31,AU,Australia,14.2857
2009-12-31,BE,Belgium,-0.8285
2009-12-31,BG,Bulgaria,-25.7264
2009-12-31,BR,Brazil,25.9952
2009-12-31,CA,Canada,5.4988
2009-12-31,CH,Switzerland,0.3292
2009-12-31,CL,Chile,7.3717
2009-12-31,CN,China,4.4284
2009-12-31,CO,Colombia,9.251
2009-12-31,CY,Cyprus,-1.8615
2009-12-31,CZ,Czechia,-6.7581
2009-12-31,DE,Germany,-1.2456
2009-12-31,DK,Denmark,-4.9261
2009-12-31,EE,Estonia,-33.5596
2009-12-31,ES,Spain,-4.3755
2009-12-31,FI,Finland,7.7276
2009-12-31,FR,France,-3.2258
2009-12-31,GB,United Kingdom,1.7241
2009-12-31,GR,Greece,-3.9996
2009-12-31,HK,Hong Kong SAR,23.0556
2009-12-31,HR,Croatia,-7.206
2009-12-31,HU,Hungary,-7.8764
2009-12-31,ID,Indonesia,2.3036
2009-12-31,IE,Ireland,-18.9284
2009-12-31,IL,Israel,18.2131
2009-12-31,IS,Iceland,-8.3473
2009-12-31,IT,Italy,-0.2571
2009-12-31,JP,Japan,-2.8462
2009-12-31,KR,Korea,0.6587
2009-12-31,LT,Lithuania,-31.1144
2009-12-31,LU,Luxembourg,-0.4265
2009-12-31,LV,Latvia,-29.3017
2009-12-31,MA,Morocco,0.6672
2009-12-31,MK,North Macedonia,-8.0505
2009-12-31,MT,Malta,-7.6502
2009-12-31,MX,Mexico,2.8288
2009-12-31,MY,Malaysia,5.0637
2009-12-31,NL,Netherlands,-4.798
2009-12-31,NO,Norway,11.592
2009-12-31,NZ,New Zealand,5.3925
2009-12-31,PE,Peru,7.084
2009-12-31,PH,Philippines,-2.5006
2009-12-31,PT,Portugal,2.2928
2009-12-31,RS,Serbia,10.5032
2009-12-31,RU,Russia,-6.3715
2009-12-31,SE,Sweden,11.5952
2009-12-31,SG,Singapore,1.7182
2009-12-31,SI,Slovenia,-8.1195
2009-12-31,SK,Slovakia,-11.1825
2009-12-31,TH,Thailand,2.505
2009-12-31,US,United States,-2.0546
2009-12-31,XM,Euro area,-2.829
2009-12-31,XW,World,1.5467
2009-12-31,ZA,South Africa,1.6445
2010-03-31,4T,Emerging market economies (aggregate),9.0714
2010-03-31,5R,Advanced economies,1.5154
2010-03-31,AT,Austria,5.5973
2010-03-31,AU,Australia,18.1293
2010-03-31,BE,Belgium,0.828
2010-03-31,BG,Bulgaria,-18.0484
2010-03-31,BR,Brazil,26.1665
2010-03-31,CA,Canada,12.3277
2010-03-31,CH,Switzerland,2.0358
2010-03-31,CL,Chile,9.8134
2010-03-31,CN,China,8.9926
2010-03-31,CO,Colombia,7.7234
2010-03-31,CY,Cyprus,0.6948
2010-03-31,CZ,Czechia,-4.7047
2010-03-31,DE,Germany,-1.6071
2010-03-31,DK,Denmark,2.2807
2010-03-31,EE,Estonia,-5.4755
2010-03-31,ES,Spain,-2.9796
2010-03-31,FI,Finland,7.6543
2010-03-31,FR,France,1.2565
2010-03-31,GB,United Kingdom,7.6364
2010-03-31,GR,Greece,-1.7742
2010-03-31,HK,Hong Kong SAR,30.3302
2010-03-31,HR,Croatia,-8.6772
2010-03-31,HU,Hungary,-5.015
2010-03-31,ID,Indonesia,2.5381
2010-03-31,IE,Ireland,-15.8027
2010-03-31,IL,Israel,20.5055
2010-03-31,IN,India,18.5
2010-03-31,IS,Iceland,-4.4907
2010-03-31,IT,Italy,-2.104
2010-03-31,JP,Japan,0.4032
2010-03-31,KR,Korea,2.6758
2010-03-31,LT,Lithuania,-15.5427
2010-03-31,LU,Luxembourg,5.9633
2010-03-31,LV,Latvia,-20.6689
2010-03-31,MA,Morocco,-0.5693
2010-03-31,MK,North Macedonia,1.3579
2010-03-31,MT,Malta,-0.3782
2010-03-31,MX,Mexico,2.2184
2010-03-31,MY,Malaysia,5.1948
2010-03-31,NL,Netherlands,-4.1059
2010-03-31,NO,Norway,10.6825
2010-03-31,NZ,New Zealand,6.2009
2010-03-31,PE,Peru,20.8291
2010-03-31,PH,Philippines,-1.7911
2010-03-31,PT,Portugal,1.9725
2010-03-31,RO,Romania,-6.7669
2010-03-31,RS,Serbia,7.3654
2010-03-31,RU,Russia,2.0768
2010-03-31,SE,Sweden,10.2241
2010-03-31,SG,Singapore,25.1
2010-03-31,SI,Slovenia,-1.6381
2010-03-31,SK,Slovakia,-5.3677
2010-03-31,TH,Thailand,2.6585
2010-03-31,US,United States,-0.0538
2010-03-31,XM,Euro area,-1.559
2010-03-31,XW,World,4.715
2010-03-31,ZA,South Africa,3.734
2010-06-30,4T,Emerging market economies (aggregate),10.6133
2010-06-30,5R,Advanced economies,2.5662
2010-06-30,AT,Austria,5.574
2010-06-30,AU,Australia,15.6319
2010-06-30,BE,Belgium,2.5632
2010-06-30,BG,Bulgaria,-9.8502
2010-06-30,BR,Brazil,25.7727
2010-06-30,CA,Canada,11.7367
2010-06-30,CH,Switzerland,3.4488
2010-06-30,CL,Chile,11.6398
2010-06-30,CN,China,10.6241
2010-06-30,CO,Colombia,6.8727
2010-06-30,CY,Cyprus,-0.4993
2010-06-30,CZ,Czechia,-1.3444
2010-06-30,DE,Germany,0.7233
2010-06-30,DK,Denmark,3.1196
2010-06-30,EE,Estonia,2.5827
2010-06-30,ES,Spain,-0.9583
2010-06-30,FI,Finland,6.8899
2010-06-30,FR,France,4.6709
2010-06-30,GB,United Kingdom,8.2585
2010-06-30,GR,Greece,-4.6839
2010-06-30,HK,Hong Kong SAR,25.0854
2010-06-30,HR,Croatia,-6.6897
2010-06-30,HU,Hungary,-2.4845
2010-06-30,ID,Indonesia,2.8939
2010-06-30,IE,Ireland,-12.6723
2010-06-30,IL,Israel,19.3956
2010-06-30,IN,India,19.4286
2010-06-30,IS,Iceland,-1.7158
2010-06-30,IT,Italy,-1.0258
2010-06-30,JP,Japan,2.1153
2010-06-30,KR,Korea,3.1839
2010-06-30,LT,Lithuania,-8.8456
2010-06-30,LU,Luxembourg,3.8646
2010-06-30,LV,Latvia,-11.5051
2010-06-30,MA,Morocco,-0.0952
2010-06-30,MK,North Macedonia,0.1999
2010-06-30,MT,Malta,1.5473
2010-06-30,MX,Mexico,2.025
2010-06-30,MY,Malaysia,6.4687
2010-06-30,NL,Netherlands,-1.3753
2010-06-30,NO,Norway,9.1678
2010-06-30,NZ,New Zealand,3.1668
2010-06-30,PE,Peru,26.2083
2010-06-30,PH,Philippines,-0.8683
2010-06-30,PT,Portugal,1.4102
2010-06-30,RO,Romania,-3.937
2010-06-30,RS,Serbia,7.9581
2010-06-30,RU,Russia,7.5312
2010-06-30,SE,Sweden,8.392
2010-06-30,SG,Singapore,38.1952
2010-06-30,SI,Slovenia,0.9924
2010-06-30,SK,Slovakia,-1.3511
2010-06-30,TH,Thailand,2.7411
2010-06-30,US,United States,0.2826
2010-06-30,XM,Euro area,0.6272
2010-06-30,XW,World,5.9892
2010-06-30,ZA,South Africa,4.9192
2010-09-30,4T,Emerging market economies (aggregate),10.3974
2010-09-30,5R,Advanced economies,1.1871
2010-09-30,AT,Austria,6.2762
2010-09-30,AU,Australia,9.5745
2010-09-30,BE,Belgium,2.417
2010-09-30,BG,Bulgaria,-6.4395
2010-09-30,BR,Brazil,24.8011
2010-09-30,CA,Canada,6.8199
2010-09-30,CH,Switzerland,5.1074
2010-09-30,CL,Chile,7.6179
2010-09-30,CN,China,8.7036
2010-09-30,CO,Colombia,6.3512
2010-09-30,CY,Cyprus,-1.0327
2010-09-30,CZ,Czechia,-0.8342
2010-09-30,DE,Germany,1.6275
2010-09-30,DK,Denmark,3.2702
2010-09-30,EE,Estonia,14.9554
2010-09-30,ES,Spain,-1.7088
2010-09-30,FI,Finland,6.4861
2010-09-30,FR,France,5.8516
2010-09-30,GB,United Kingdom,5.6995
2010-09-30,GR,Greece,-5.1959
2010-09-30,HK,Hong Kong SAR,21.2114
2010-09-30,HR,Croatia,-5.7399
2010-09-30,HU,Hungary,-1.367
2010-09-30,ID,Indonesia,2.9266
2010-09-30,IE,Ireland,-11.5591
2010-09-30,IL,Israel,16.5913
2010-09-30,IN,India,21.3285
2010-09-30,IS,Iceland,-1.0229
2010-09-30,IT,Italy,-0.3943
2010-09-30,JP,Japan,1.2441
2010-09-30,KR,Korea,2.1994
2010-09-30,LT,Lithuania,-5.1895
2010-09-30,LU,Luxembourg,6.4198
2010-09-30,LV,Latvia,-7.7234
2010-09-30,MA,Morocco,0.2862
2010-09-30,MK,North Macedonia,1.0581
2010-09-30,MT,Malta,3.4351
2010-09-30,MX,Mexico,3.0538
2010-09-30,MY,Malaysia,6.6946
2010-09-30,NL,Netherlands,-0.4111
2010-09-30,NO,Norway,6.6482
2010-09-30,NZ,New Zealand,0.2726
2010-09-30,PE,Peru,19.364
2010-09-30,PH,Philippines,1.9267
2010-09-30,PT,Portugal,0.5687
2010-09-30,RO,Romania,-7.8741
2010-09-30,RS,Serbia,12.0896
2010-09-30,RU,Russia,10.8332
2010-09-30,SE,Sweden,7.1025
2010-09-30,SG,Singapore,22.8468
2010-09-30,SI,Slovenia,1.3835
2010-09-30,SK,Slovakia,-6.4071
2010-09-30,TH,Thailand,3.7962
2010-09-30,US,United States,-2.1334
2010-09-30,XM,Euro area,1.282
2010-09-30,XW,World,5.109
2010-09-30,ZA,South Africa,4.6589
2010-12-31,4T,Emerging market economies (aggregate),9.4438
2010-12-31,5R,Advanced economies,0.2989
2010-12-31,AT,Austria,7.3333
2010-12-31,AU,Australia,4.4355
2010-12-31,BE,Belgium,3.2082
2010-12-31,BG,Bulgaria,-4.9579
2010-12-31,BR,Brazil,23.3989
2010-12-31,CA,Canada,3.3507
2010-12-31,CH,Switzerland,6.3673
2010-12-31,CL,Chile,3.3876
2010-12-31,CN,China,7.4887
2010-12-31,CO,Colombia,9.0683
2010-12-31,CY,Cyprus,-3.5701
2010-12-31,CZ,Czechia,0
2010-12-31,DE,Germany,1.6216
2010-12-31,DK,Denmark,2.5907
2010-12-31,EE,Estonia,12.8264
2010-12-31,ES,Spain,-1.4099
2010-12-31,FI,Finland,4.3018
2010-12-31,FR,France,6.7708
2010-12-31,GB,United Kingdom,1.5254
2010-12-31,GR,Greece,-6.971
2010-12-31,HK,Hong Kong SAR,22.1219
2010-12-31,HR,Croatia,-3.9921
2010-12-31,HU,Hungary,-0.4329
2010-12-31,ID,Indonesia,2.9069
2010-12-31,IE,Ireland,-13.4199
2010-12-31,IL,Israel,14.4363
2010-12-31,IN,India,16.2762
2010-12-31,IS,Iceland,-1.3771
2010-12-31,IT,Italy,0.3567
2010-12-31,JP,Japan,2.0014
2010-12-31,KR,Korea,1.6627
2010-12-31,LT,Lithuania,1.3761
2010-12-31,LU,Luxembourg,5.4401
2010-12-31,LV,Latvia,-2.448
2010-12-31,MA,Morocco,-0.5682
2010-12-31,MK,North Macedonia,7.8511
2010-12-31,MT,Malta,-0.5917
2010-12-31,MX,Mexico,4.4056
2010-12-31,MY,Malaysia,7.8594
2010-12-31,NL,Netherlands,-0.9128
2010-12-31,NO,Norway,6.5097
2010-12-31,NZ,New Zealand,-1.6118
2010-12-31,PE,Peru,20.0058
2010-12-31,PH,Philippines,3.1233
2010-12-31,PT,Portugal,-0.8621
2010-12-31,RO,Romania,-12.2137
2010-12-31,RS,Serbia,11.846
2010-12-31,RU,Russia,13.427
2010-12-31,SE,Sweden,5.9766
2010-12-31,SG,Singapore,17.5676
2010-12-31,SI,Slovenia,-0.1469
2010-12-31,SK,Slovakia,-1.442
2010-12-31,TH,Thailand,1.7595
2010-12-31,US,United States,-3.5314
2010-12-31,XM,Euro area,1.4991
2010-12-31,XW,World,4.21
2010-12-31,ZA,South Africa,4.3475
2011-03-31,4T,Emerging market economies (aggregate),6.0626
2011-03-31,5R,Advanced economies,-0.2739
2011-03-31,AT,Austria,4.5886
2011-03-31,AU,Australia,0.391
2011-03-31,BE,Belgium,3.7732
2011-03-31,BG,Bulgaria,-4.7907
2011-03-31,BR,Brazil,21.8096
2011-03-31,CA,Canada,2.9603
2011-03-31,CH,Switzerland,7.1973
2011-03-31,CL,Chile,9.7191
2011-03-31,CN,China,5.8892
2011-03-31,CO,Colombia,6.4287
2011-03-31,CY,Cyprus,-1.89
2011-03-31,CZ,Czechia,0.2102
2011-03-31,DE,Germany,2.9038
2011-03-31,DK,Denmark,0.8576
2011-03-31,EE,Estonia,6.6057
2011-03-31,ES,Spain,-3.556
2011-03-31,FI,Finland,3.3308
2011-03-31,FR,France,6.6184
2011-03-31,GB,United Kingdom,-0.6757
2011-03-31,GR,Greece,-5.4085
2011-03-31,HK,Hong Kong SAR,24.3844
2011-03-31,HR,Croatia,-2.9173
2011-03-31,HU,Hungary,-3.1679
2011-03-31,ID,Indonesia,4.4796
2011-03-31,IE,Ireland,-14.4053
2011-03-31,IL,Israel,14.1979
2011-03-31,IN,India,19.7527
2011-03-31,IS,Iceland,3.4309
2011-03-31,IT,Italy,1.2935
2011-03-31,JP,Japan,0.8367
2011-03-31,KR,Korea,2.8291
2011-03-31,LT,Lithuania,7.7979
2011-03-31,LU,Luxembourg,1.0514
2011-03-31,LV,Latvia,10.7757
2011-03-31,MA,Morocco,0.3816
2011-03-31,MK,North Macedonia,-3.5193
2011-03-31,MT,Malta,-3.036
2011-03-31,MX,Mexico,5.6071
2011-03-31,MY,Malaysia,9.465
2011-03-31,NL,Netherlands,-0.4901
2011-03-31,NO,Norway,8.445
2011-03-31,NZ,New Zealand,-1.4529
2011-03-31,PE,Peru,18.5122
2011-03-31,PH,Philippines,4.0871
2011-03-31,PL,Poland,1.2237
2011-03-31,PT,Portugal,-2.1303
2011-03-31,RO,Romania,-11.2903
2011-03-31,RS,Serbia,7.4489
2011-03-31,RU,Russia,-21.7758
2011-03-31,SE,Sweden,5.3643
2011-03-31,SG,Singapore,13.749
2011-03-31,SI,Slovenia,4.0995
2011-03-31,SK,Slovakia,-1.0912
2011-03-31,TH,Thailand,4.6974
2011-03-31,TR,Türkiye,8.2362
2011-03-31,US,United States,-4.3173
2011-03-31,XM,Euro area,1.575
2011-03-31,XW,World,2.4597
2011-03-31,ZA,South Africa,3.2291
2011-06-30,4T,Emerging market economies (aggregate),6.0347
2011-06-30,5R,Advanced economies,-0.4348
2011-06-30,AT,Austria,1.3396
2011-06-30,AU,Australia,-2.2052
2011-06-30,BE,Belgium,3.6662
2011-06-30,BG,Bulgaria,-5.8961
2011-06-30,BR,Brazil,20.1488
2011-06-30,CA,Canada,4.6132
2011-06-30,CH,Switzerland,7.9247
2011-06-30,CL,Chile,11.2251
2011-06-30,CN,China,4.2748
2011-06-30,CO,Colombia,8.4743
2011-06-30,CY,Cyprus,-2.6495
2011-06-30,CZ,Czechia,0.524
2011-06-30,DE,Germany,2.1544
2011-06-30,DK,Denmark,1.0084
2011-06-30,EE,Estonia,8.7613
2011-06-30,ES,Spain,-6.2425
2011-06-30,FI,Finland,4.2655
2011-06-30,FR,France,6.5923
2011-06-30,GB,United Kingdom,-1.8242
2011-06-30,GR,Greece,-5.1157
2011-06-30,HK,Hong Kong SAR,26.8609
2011-06-30,HR,Croatia,-0.1233
2011-06-30,HU,Hungary,-3.397
2011-06-30,ID,Indonesia,4.5297
2011-06-30,IE,Ireland,-15.9963
2011-06-30,IL,Israel,13.0424
2011-06-30,IN,India,23.1423
2011-06-30,IS,Iceland,3.7871
2011-06-30,IT,Italy,2.3645
2011-06-30,JP,Japan,0.2005
2011-06-30,KR,Korea,4.7672
2011-06-30,LT,Lithuania,6.2557
2011-06-30,LU,Luxembourg,4.9122
2011-06-30,LV,Latvia,12.3177
2011-06-30,MA,Morocco,0.8579
2011-06-30,MK,North Macedonia,-1.5464
2011-06-30,MT,Malta,-0.3809
2011-06-30,MX,Mexico,6.1299
2011-06-30,MY,Malaysia,8.7649
2011-06-30,NL,Netherlands,-1.7301
2011-06-30,NO,Norway,7.3643
2011-06-30,NZ,New Zealand,0.1247
2011-06-30,PE,Peru,19.5208
2011-06-30,PH,Philippines,5.9346
2011-06-30,PL,Poland,0.6612
2011-06-30,PT,Portugal,-4.5865
2011-06-30,RO,Romania,-11.4754
2011-06-30,RS,Serbia,0.9963
2011-06-30,RU,Russia,-21.1805
2011-06-30,SE,Sweden,4.1043
2011-06-30,SG,Singapore,10.1747
2011-06-30,SI,Slovenia,3.2211
2011-06-30,SK,Slovakia,-1.996
2011-06-30,TH,Thailand,6.1803
2011-06-30,TR,Türkiye,9.1494
2011-06-30,US,United States,-4.0956
2011-06-30,XM,Euro area,1.0365
2011-06-30,XW,World,2.3775
2011-06-30,ZA,South Africa,3.1532
2011-09-30,4T,Emerging market economies (aggregate),5.2943
2011-09-30,5R,Advanced economies,0.3955
2011-09-30,AT,Austria,5.9843
2011-09-30,AU,Australia,-2.7184
2011-09-30,BE,Belgium,3.5022
2011-09-30,BG,Bulgaria,-5.5345
2011-09-30,BR,Brazil,18.3226
2011-09-30,CA,Canada,7.1736
2011-09-30,CH,Switzerland,8.2727
2011-09-30,CL,Chile,12.8767
2011-09-30,CN,China,4.0887
2011-09-30,CO,Colombia,10.2561
2011-09-30,CY,Cyprus,-3.7925
2011-09-30,CZ,Czechia,0.2104
2011-09-30,DE,Germany,2.4911
2011-09-30,DK,Denmark,-3.1667
2011-09-30,EE,Estonia,6.7961
2011-09-30,ES,Spain,-8.0728
2011-09-30,FI,Finland,2.8362
2011-09-30,FR,France,5.923
2011-09-30,GB,United Kingdom,-1.9608
2011-09-30,GR,Greece,-4.7412
2011-09-30,HK,Hong Kong SAR,20.1817
2011-09-30,HR,Croatia,1.4499
2011-09-30,HU,Hungary,-4.2644
2011-09-30,ID,Indonesia,4.5378
2011-09-30,IE,Ireland,-18.5846
2011-09-30,IL,Israel,9.9499
2011-09-30,IN,India,19.6393
2011-09-30,IS,Iceland,6.6691
2011-09-30,IT,Italy,1.173
2011-09-30,JP,Japan,0.2325
2011-09-30,KR,Korea,6.4008
2011-09-30,LT,Lithuania,6.8266
2011-09-30,LU,Luxembourg,3.3354
2011-09-30,LV,Latvia,13.0219
2011-09-30,MA,Morocco,0.666
2011-09-30,MK,North Macedonia,0.8234
2011-09-30,MT,Malta,-3.1365
2011-09-30,MX,Mexico,5.9452
2011-09-30,MY,Malaysia,9.8039
2011-09-30,NL,Netherlands,-2.2833
2011-09-30,NO,Norway,8.3117
2011-09-30,NZ,New Zealand,2.0913
2011-09-30,PE,Peru,23.0657
2011-09-30,PH,Philippines,5.4533
2011-09-30,PL,Poland,-0.5754
2011-09-30,PT,Portugal,-5.434
2011-09-30,RO,Romania,-12.8205
2011-09-30,RS,Serbia,-7.3209
2011-09-30,RU,Russia,-20.7136
2011-09-30,SE,Sweden,2.314
2011-09-30,SG,Singapore,8.4871
2011-09-30,SI,Slovenia,2.1205
2011-09-30,SK,Slovakia,-0.804
2011-09-30,TH,Thailand,2.3981
2011-09-30,TR,Türkiye,8.668
2011-09-30,US,United States,-1.6466
2011-09-30,XM,Euro area,0.7149
2011-09-30,XW,World,2.5469
2011-09-30,ZA,South Africa,4.0484
2011-12-31,4T,Emerging market economies (aggregate),5.5025
2011-12-31,5R,Advanced economies,-0.0027
2011-12-31,AT,Austria,4.9689
2011-12-31,AU,Australia,-4.0541
2011-12-31,BE,Belgium,3.3891
2011-12-31,BG,Bulgaria,-5.8148
2011-12-31,BR,Brazil,16.2766
2011-12-31,CA,Canada,7.781
2011-12-31,CH,Switzerland,6.67
2011-12-31,CL,Chile,14.9257
2011-12-31,CN,China,2.2944
2011-12-31,CO,Colombia,7.4592
2011-12-31,CY,Cyprus,-4.9531
2011-12-31,CZ,Czechia,-0.8403
2011-12-31,DE,Germany,2.1277
2011-12-31,DK,Denmark,-5.5556
2011-12-31,EE,Estonia,11.7705
2011-12-31,ES,Spain,-12.7496
2011-12-31,FI,Finland,2.282
2011-12-31,FR,France,3.7073
2011-12-31,GB,United Kingdom,-1.3356
2011-12-31,GR,Greece,-6.6241
2011-12-31,HK,Hong Kong SAR,12.1997
2011-12-31,HR,Croatia,1.9032
2011-12-31,HU,Hungary,-2.9348
2011-12-31,ID,Indonesia,5.0494
2011-12-31,IE,Ireland,-19.6333
2011-12-31,IL,Israel,5.3684
2011-12-31,IN,India,26.2576
2011-12-31,IS,Iceland,8.0968
2011-12-31,IT,Italy,0.4883
2011-12-31,JP,Japan,-0.9977
2011-12-31,KR,Korea,7.0338
2011-12-31,LT,Lithuania,5.5505
2011-12-31,LU,Luxembourg,5.3829
2011-12-31,LV,Latvia,5.762
2011-12-31,MA,Morocco,0.4763
2011-12-31,MK,North Macedonia,-1.9235
2011-12-31,MT,Malta,1.3889
2011-12-31,MX,Mexico,5.4956
2011-12-31,MY,Malaysia,11.2176
2011-12-31,NL,Netherlands,-3.4384
2011-12-31,NO,Norway,7.9324
2011-12-31,NZ,New Zealand,2.2795
2011-12-31,PE,Peru,20.4702
2011-12-31,PH,Philippines,6.771
2011-12-31,PL,Poland,-0.9721
2011-12-31,PT,Portugal,-7.4783
2011-12-31,RO,Romania,-13.913
2011-12-31,RS,Serbia,-9.7319
2011-12-31,RU,Russia,-19.5916
2011-12-31,SE,Sweden,-1.2931
2011-12-31,SG,Singapore,5.8908
2011-12-31,SI,Slovenia,1.3799
2011-12-31,SK,Slovakia,-2.3092
2011-12-31,TH,Thailand,3.8349
2011-12-31,TR,Türkiye,9.1349
2011-12-31,US,United States,-0.8901
2011-12-31,XM,Euro area,-0.6219
2011-12-31,XW,World,2.4322
2011-12-31,ZA,South Africa,3.9184
2012-03-31,4T,Emerging market economies (aggregate),7.5426
2012-03-31,5R,Advanced economies,0.7956
2012-03-31,AT,Austria,10.7413
2012-03-31,AU,Australia,-2.629
2012-03-31,BE,Belgium,3.2082
2012-03-31,BG,Bulgaria,-3.7372
2012-03-31,BR,Brazil,14.1679
2012-03-31,CA,Canada,7.2931
2012-03-31,CH,Switzerland,6.2839
2012-03-31,CL,Chile,12.676
2012-03-31,CN,China,0.1377
2012-03-31,CO,Colombia,10.9966
2012-03-31,CY,Cyprus,-5.0147
2012-03-31,CZ,Czechia,-1.5723
2012-03-31,DE,Germany,2.6455
2012-03-31,DK,Denmark,-4.5918
2012-03-31,EE,Estonia,7.245
2012-03-31,ES,Spain,-14.176
2012-03-31,FI,Finland,2.6552
2012-03-31,FR,France,1.7459
2012-03-31,GB,United Kingdom,-0.5102
2012-03-31,GR,Greece,-10.5465
2012-03-31,HK,Hong Kong SAR,5.7861
2012-03-31,HR,Croatia,2.1912
2012-03-31,HU,Hungary,-1.6358
2012-03-31,ID,Indonesia,3.5932
2012-03-31,IE,Ireland,-19.6229
2012-03-31,IL,Israel,2.2222
2012-03-31,IN,India,25.7973
2012-03-31,IS,Iceland,7.3454
2012-03-31,IT,Italy,0.5894
2012-03-31,JP,Japan,-0.4978
2012-03-31,KR,Korea,5.7943
2012-03-31,LT,Lithuania,0.897
2012-03-31,LU,Luxembourg,4.5288
2012-03-31,LV,Latvia,2.5866
2012-03-31,MA,Morocco,0.7605
2012-03-31,MK,North Macedonia,2.5285
2012-03-31,MT,Malta,2.1527
2012-03-31,MX,Mexico,4.0637
2012-03-31,MY,Malaysia,12.688
2012-03-31,NL,Netherlands,-5.3914
2012-03-31,NO,Norway,6.3041
2012-03-31,NZ,New Zealand,3.1085
2012-03-31,PE,Peru,19.4379
2012-03-31,PH,Philippines,10.4761
2012-03-31,PL,Poland,-2.2479
2012-03-31,PT,Portugal,-8.1811
2012-03-31,RO,Romania,-7.2728
2012-03-31,RS,Serbia,-6.6292
2012-03-31,RU,Russia,12.4569
2012-03-31,SE,Sweden,-1.0197
2012-03-31,SG,Singapore,3.4435
2012-03-31,SI,Slovenia,-7.0675
2012-03-31,SK,Slovakia,-3.1093
2012-03-31,TH,Thailand,3.9434
2012-03-31,TR,Türkiye,9.9664
2012-03-31,US,United States,1.7005
2012-03-31,XM,Euro area,-0.9993
2012-03-31,XW,World,3.7932
2012-03-31,ZA,South Africa,4.6814
2012-06-30,4T,Emerging market economies (aggregate),6.4918
2012-06-30,5R,Advanced economies,1.2499
2012-06-30,AT,Austria,15.5521
2012-06-30,AU,Australia,-1.5686
2012-06-30,BE,Belgium,2.7188
2012-06-30,BG,Bulgaria,-1.5664
2012-06-30,BR,Brazil,12.2824
2012-06-30,CA,Canada,5.9023
2012-06-30,CH,Switzerland,5.9543
2012-06-30,CL,Chile,9.6014
2012-06-30,CN,China,-1.1206
2012-06-30,CO,Colombia,9.8118
2012-06-30,CY,Cyprus,-5.8351
2012-06-30,CZ,Czechia,-1.9812
2012-06-30,DE,Germany,3.5149
2012-06-30,DK,Denmark,-5.3245
2012-06-30,EE,Estonia,7.5926
2012-06-30,ES,Spain,-15.9599
2012-06-30,FI,Finland,1.9389
2012-06-30,FR,France,-0.1903
2012-06-30,GB,United Kingdom,0.6757
2012-06-30,GR,Greece,-10.8277
2012-06-30,HK,Hong Kong SAR,8.8821
2012-06-30,HR,Croatia,-0.6787
2012-06-30,HU,Hungary,-4.2857
2012-06-30,ID,Indonesia,3.6819
2012-06-30,IE,Ireland,-17.1271
2012-06-30,IL,Israel,1.1195
2012-06-30,IN,India,22.931
2012-06-30,IS,Iceland,7.6744
2012-06-30,IT,Italy,-2.2137
2012-06-30,JP,Japan,-1.1004
2012-06-30,KR,Korea,3.6243
2012-06-30,LT,Lithuania,-0.919
2012-06-30,LU,Luxembourg,4.0844
2012-06-30,LV,Latvia,2.0064
2012-06-30,MA,Morocco,1.1342
2012-06-30,MK,North Macedonia,-1.439
2012-06-30,MT,Malta,-1.3384
2012-06-30,MX,Mexico,3.0643
2012-06-30,MY,Malaysia,13.4615
2012-06-30,NL,Netherlands,-5.676
2012-06-30,NO,Norway,6.8592
2012-06-30,NZ,New Zealand,3.8201
2012-06-30,PE,Peru,20.0482
2012-06-30,PH,Philippines,8.8265
2012-06-30,PL,Poland,-3.5188
2012-06-30,PT,Portugal,-8.2843
2012-06-30,RO,Romania,-6.4815
2012-06-30,RS,Serbia,-3.0147
2012-06-30,RU,Russia,14.3402
2012-06-30,SE,Sweden,0.4164
2012-06-30,SG,Singapore,1.9297
2012-06-30,SI,Slovenia,-5.7299
2012-06-30,SK,Slovakia,-2.5458
2012-06-30,TH,Thailand,1.1869
2012-06-30,TR,Türkiye,10.3471
2012-06-30,US,United States,3.7679
2012-06-30,XM,Euro area,-1.6841
2012-06-30,XW,World,3.597
2012-06-30,ZA,South Africa,4.6986
2012-09-30,4T,Emerging market economies (aggregate),6.6719
2012-09-30,5R,Advanced economies,1.4628
2012-09-30,AT,Austria,11.8871
2012-09-30,AU,Australia,0
2012-09-30,BE,Belgium,1.7907
2012-09-30,BG,Bulgaria,-0.9765
2012-09-30,BR,Brazil,10.8895
2012-09-30,CA,Canada,3.5475
2012-09-30,CH,Switzerland,5.3661
2012-09-30,CL,Chile,9.4767
2012-09-30,CN,China,-1.173
2012-09-30,CO,Colombia,8.9068
2012-09-30,CY,Cyprus,-5.6732
2012-09-30,CZ,Czechia,-1.5741
2012-09-30,DE,Germany,2.4306
2012-09-30,DK,Denmark,-1.7212
2012-09-30,EE,Estonia,8.3636
2012-09-30,ES,Spain,-16.0973
2012-09-30,FI,Finland,2.1168
2012-09-30,FR,France,-1.5843
2012-09-30,GB,United Kingdom,0.3333
2012-09-30,GR,Greece,-12.5913
2012-09-30,HK,Hong Kong SAR,14.2369
2012-09-30,HR,Croatia,-2.0621
2012-09-30,HU,Hungary,-3.7862
2012-09-30,ID,Indonesia,4.2492
2012-09-30,IE,Ireland,-10.8849
2012-09-30,IL,Israel,2.5953
2012-09-30,IN,India,23.1994
2012-09-30,IS,Iceland,6.5794
2012-09-30,IT,Italy,-3.5749
2012-09-30,JP,Japan,-1.4579
2012-09-30,KR,Korea,1.8647
2012-09-30,LT,Lithuania,0.2879
2012-09-30,LU,Luxembourg,4.3634
2012-09-30,LV,Latvia,1.3017
2012-09-30,MA,Morocco,0.378
2012-09-30,MK,North Macedonia,-2.9946
2012-09-30,MT,Malta,5.3333
2012-09-30,MX,Mexico,2.8696
2012-09-30,MY,Malaysia,13.2143
2012-09-30,NL,Netherlands,-8.9109
2012-09-30,NO,Norway,7.0743
2012-09-30,NZ,New Zealand,4.4657
2012-09-30,PE,Peru,16.4211
2012-09-30,PH,Philippines,8.2869
2012-09-30,PL,Poland,-3.7947
2012-09-30,PT,Portugal,-7.6703
2012-09-30,RO,Romania,-4.902
2012-09-30,RS,Serbia,1.4243
2012-09-30,RU,Russia,16.3702
2012-09-30,SE,Sweden,1.8306
2012-09-30,SG,Singapore,1.2244
2012-09-30,SI,Slovenia,-5.9769
2012-09-30,SK,Slovakia,-2.4316
2012-09-30,TH,Thailand,2.7972
2012-09-30,TR,Türkiye,12.192
2012-09-30,US,United States,5.4302
2012-09-30,XM,Euro area,-2.6112
2012-09-30,XW,World,3.8018
2012-09-30,ZA,South Africa,4.4262
2012-12-31,4T,Emerging market economies (aggregate),7.3872
2012-12-31,5R,Advanced economies,2.7649
2012-12-31,AT,Austria,11.4645
2012-12-31,AU,Australia,3.0181
2012-12-31,BE,Belgium,1.7121
2012-12-31,BG,Bulgaria,-1.2957
2012-12-31,BR,Brazil,10.0776
2012-12-31,CA,Canada,2.0722
2012-12-31,CH,Switzerland,5.5254
2012-12-31,CL,Chile,10.4481
2012-12-31,CN,China,-0.5198
2012-12-31,CO,Colombia,9.9524
2012-12-31,CY,Cyprus,-4.7124
2012-12-31,CZ,Czechia,-0.7415
2012-12-31,DE,Germany,3.2986
2012-12-31,DK,Denmark,1.2478
2012-12-31,EE,Estonia,5.8506
2012-12-31,ES,Spain,-12.7416
2012-12-31,FI,Finland,2.968
2012-12-31,FR,France,-2.0696
2012-12-31,GB,United Kingdom,1.0152
2012-12-31,GR,Greece,-12.774
2012-12-31,HK,Hong Kong SAR,23.9612
2012-12-31,HR,Croatia,-5.8059
2012-12-31,HU,Hungary,-5.1512
2012-12-31,ID,Indonesia,6.7641
2012-12-31,IE,Ireland,-4.8113
2012-12-31,IL,Israel,7.0155
2012-12-31,IN,India,25.0996
2012-12-31,IS,Iceland,4.5504
2012-12-31,IT,Italy,-4.9563
2012-12-31,JP,Japan,-0.4367
2012-12-31,KR,Korea,0.2859
2012-12-31,LT,Lithuania,-1.1718
2012-12-31,LU,Luxembourg,3.8551
2012-12-31,LV,Latvia,6.096
2012-12-31,MA,Morocco,0.9478
2012-12-31,MK,North Macedonia,-4.6264
2012-12-31,MT,Malta,6.0665
2012-12-31,MX,Mexico,2.7791
2012-12-31,MY,Malaysia,14.3103
2012-12-31,NL,Netherlands,-6.8933
2012-12-31,NO,Norway,6.8675
2012-12-31,NZ,New Zealand,6.4408
2012-12-31,PE,Peru,19.6082
2012-12-31,PH,Philippines,7.998
2012-12-31,PL,Poland,-4.4129
2012-12-31,PT,Portugal,-4.0279
2012-12-31,RO,Romania,-1.0101
2012-12-31,RS,Serbia,0.6968
2012-12-31,RU,Russia,16.8449
2012-12-31,SE,Sweden,3.8262
2012-12-31,SG,Singapore,2.7815
2012-12-31,SI,Slovenia,-8.8385
2012-12-31,SK,Slovakia,-2.9805
2012-12-31,TH,Thailand,5.0147
2012-12-31,TR,Türkiye,11.0971
2012-12-31,US,United States,7.8644
2012-12-31,XM,Euro area,-2.0854
2012-12-31,XW,World,4.8632
2012-12-31,ZA,South Africa,4.7911
2013-03-31,4T,Emerging market economies (aggregate),6.8895
2013-03-31,5R,Advanced economies,3.1756
2013-03-31,AT,Austria,4.8497
2013-03-31,AU,Australia,3.1
2013-03-31,BE,Belgium,1.4092
2013-03-31,BG,Bulgaria,-2.2583
2013-03-31,BR,Brazil,9.6769
2013-03-31,CA,Canada,0.915
2013-03-31,CH,Switzerland,4.8823
2013-03-31,CL,Chile,11.1617
2013-03-31,CN,China,1.8698
2013-03-31,CO,Colombia,9.1631
2013-03-31,CY,Cyprus,-5.1937
2013-03-31,CZ,Czechia,-0.3195
2013-03-31,DE,Germany,3.0928
2013-03-31,DK,Denmark,2.6738
2013-03-31,EE,Estonia,7.7333
2013-03-31,ES,Spain,-12.8234
2013-03-31,FI,Finland,1.8921
2013-03-31,FR,France,-2.0019
2013-03-31,GB,United Kingdom,1.3675
2013-03-31,GR,Greece,-11.4833
2013-03-31,HK,Hong Kong SAR,28.1756
2013-03-31,HR,Croatia,-5.5748
2013-03-31,HU,Hungary,-5.8758
2013-03-31,ID,Indonesia,10.9998
2013-03-31,IE,Ireland,-3.1277
2013-03-31,IL,Israel,9.6911
2013-03-31,IN,India,19.9106
2013-03-31,IS,Iceland,4.5744
2013-03-31,IT,Italy,-7.1289
2013-03-31,JP,Japan,-0.467
2013-03-31,KR,Korea,-0.4542
2013-03-31,LT,Lithuania,-0.1721
2013-03-31,LU,Luxembourg,5.3864
2013-03-31,LV,Latvia,4.8086
2013-03-31,MA,Morocco,0.0944
2013-03-31,MK,North Macedonia,-5.4882
2013-03-31,MT,Malta,0.9578
2013-03-31,MX,Mexico,3.7812
2013-03-31,MY,Malaysia,11.0092
2013-03-31,NL,Netherlands,-7.6712
2013-03-31,NO,Norway,6.2791
2013-03-31,NZ,New Zealand,7.7426
2013-03-31,PE,Peru,19.0246
2013-03-31,PH,Philippines,7.2672
2013-03-31,PL,Poland,-5.6039
2013-03-31,PT,Portugal,-4.5232
2013-03-31,RO,Romania,-0.9804
2013-03-31,RS,Serbia,-5.3033
2013-03-31,RU,Russia,6.7678
2013-03-31,SE,Sweden,4.1637
2013-03-31,SG,Singapore,3.5327
2013-03-31,SI,Slovenia,-4.2943
2013-03-31,SK,Slovakia,0
2013-03-31,TH,Thailand,5.5447
2013-03-31,TR,Türkiye,10.8389
2013-03-31,US,United States,9.6186
2013-03-31,XM,Euro area,-2.8013
2013-03-31,XW,World,4.8743
2013-03-31,ZA,South Africa,4.9923
2013-06-30,4T,Emerging market economies (aggregate),7.4426
2013-06-30,5R,Advanced economies,3.5478
2013-06-30,AT,Austria,4.9798
2013-06-30,AU,Australia,5.2789
2013-06-30,BE,Belgium,1.6749
2013-06-30,BG,Bulgaria,-2.2228
2013-06-30,BR,Brazil,9.4085
2013-06-30,CA,Canada,0.8969
2013-06-30,CH,Switzerland,4.369
2013-06-30,CL,Chile,11.0388
2013-06-30,CN,China,5.2792
2013-06-30,CO,Colombia,9.7515
2013-06-30,CY,Cyprus,-5.4959
2013-06-30,CZ,Czechia,0.1064
2013-06-30,DE,Germany,3.056
2013-06-30,DK,Denmark,4.9209
2013-06-30,EE,Estonia,8.1755
2013-06-30,ES,Spain,-10.614
2013-06-30,FI,Finland,1.2547
2013-06-30,FR,France,-2.0972
2013-06-30,GB,United Kingdom,1.5101
2013-06-30,GR,Greece,-11.9669
2013-06-30,HK,Hong Kong SAR,19.232
2013-06-30,HR,Croatia,-4.7008
2013-06-30,HU,Hungary,-2.2962
2013-06-30,ID,Indonesia,12.1082
2013-06-30,IE,Ireland,-0.8889
2013-06-30,IL,Israel,9.399
2013-06-30,IN,India,13.8149
2013-06-30,IS,Iceland,4.8696
2013-06-30,IT,Italy,-6.6929
2013-06-30,JP,Japan,1.7195
2013-06-30,KR,Korea,-0.8058
2013-06-30,LT,Lithuania,2.4058
2013-06-30,LU,Luxembourg,4.6517
2013-06-30,LV,Latvia,7.8587
2013-06-30,MA,Morocco,-0.2803
2013-06-30,MK,North Macedonia,-3.9482
2013-06-30,MT,Malta,0.5814
2013-06-30,MX,Mexico,5.0948
2013-06-30,MY,Malaysia,11.4609
2013-06-30,NL,Netherlands,-8.0373
2013-06-30,NO,Norway,5.7432
2013-06-30,NZ,New Zealand,8.7588
2013-06-30,PE,Peru,14.5239
2013-06-30,PH,Philippines,9.7644
2013-06-30,PL,Poland,-5.1547
2013-06-30,PT,Portugal,-2.5369
2013-06-30,RO,Romania,-0.9901
2013-06-30,RS,Serbia,-7.5468
2013-06-30,RU,Russia,4.9489
2013-06-30,SE,Sweden,4.5341
2013-06-30,SG,Singapore,4.1244
2013-06-30,SI,Slovenia,-4.6193
2013-06-30,SK,Slovakia,1.1494
2013-06-30,TH,Thailand,7.6246
2013-06-30,TR,Türkiye,11.0979
2013-06-30,US,United States,9.6436
2013-06-30,XM,Euro area,-2.4131
2013-06-30,XW,World,5.3343
2013-06-30,ZA,South Africa,6.1266
2013-09-30,4T,Emerging market economies (aggregate),8.514
2013-09-30,5R,Advanced economies,4.3604
2013-09-30,AT,Austria,4.7145
2013-09-30,AU,Australia,8.0838
2013-09-30,BE,Belgium,1.7285
2013-09-30,BG,Bulgaria,-3.0847
2013-09-30,BR,Brazil,9.0969
2013-09-30,CA,Canada,2.3917
2013-09-30,CH,Switzerland,3.0349
2013-09-30,CL,Chile,9.1328
2013-09-30,CN,China,7.5076
2013-09-30,CO,Colombia,10.161
2013-09-30,CY,Cyprus,-6.9431
2013-09-30,CZ,Czechia,0.2133
2013-09-30,DE,Germany,3.7288
2013-09-30,DK,Denmark,4.5534
2013-09-30,EE,Estonia,11.0738
2013-09-30,ES,Spain,-6.4127
2013-09-30,FI,Finland,1.186
2013-09-30,FR,France,-1.8939
2013-09-30,GB,United Kingdom,2.99
2013-09-30,GR,Greece,-10.1868
2013-09-30,HK,Hong Kong SAR,16.1021
2013-09-30,HR,Croatia,-3.8983
2013-09-30,HU,Hungary,-1.2731
2013-09-30,ID,Indonesia,13.5055
2013-09-30,IE,Ireland,3.5149
2013-09-30,IL,Israel,9.4973
2013-09-30,IN,India,15.0238
2013-09-30,IS,Iceland,6.0238
2013-09-30,IT,Italy,-6.4128
2013-09-30,JP,Japan,2.4882
2013-09-30,KR,Korea,-0.612
2013-09-30,LT,Lithuania,-0.3731
2013-09-30,LU,Luxembourg,5.6891
2013-09-30,LV,Latvia,6.4508
2013-09-30,MA,Morocco,0.2825
2013-09-30,MK,North Macedonia,-2.2035
2013-09-30,MT,Malta,-1.6275
2013-09-30,MX,Mexico,5.705
2013-09-30,MY,Malaysia,13.2492
2013-09-30,NL,Netherlands,-3.7101
2013-09-30,NO,Norway,3.1355
2013-09-30,NZ,New Zealand,9.981
2013-09-30,PE,Peru,12.5781
2013-09-30,PH,Philippines,12.9685
2013-09-30,PL,Poland,-3.9247
2013-09-30,PT,Portugal,-1.0138
2013-09-30,RO,Romania,1.031
2013-09-30,RS,Serbia,-6.2015
2013-09-30,RU,Russia,2.5495
2013-09-30,SE,Sweden,5.136
2013-09-30,SG,Singapore,3.8979
2013-09-30,SI,Slovenia,-7.6819
2013-09-30,SK,Slovakia,0.1039
2013-09-30,TH,Thailand,9.5238
2013-09-30,TR,Türkiye,11.3294
2013-09-30,US,United States,10.1849
2013-09-30,XM,Euro area,-1.25
2013-09-30,XW,World,6.2714
2013-09-30,ZA,South Africa,7.1503
2013-12-31,4T,Emerging market economies (aggregate),7.9999
2013-12-31,5R,Advanced economies,4.3727
2013-12-31,AT,Austria,4.1141
2013-12-31,AU,Australia,9.9609
2013-12-31,BE,Belgium,1.129
2013-12-31,BG,Bulgaria,-1.2098
2013-12-31,BR,Brazil,8.7113
2013-12-31,CA,Canada,4.0602
2013-12-31,CH,Switzerland,3.8414
2013-12-31,CL,Chile,9.0694
2013-12-31,CN,China,9.0735
2013-12-31,CO,Colombia,8.939
2013-12-31,CY,Cyprus,-8.4986
2013-12-31,CZ,Czechia,0.1067
2013-12-31,DE,Germany,2.3529
2013-12-31,DK,Denmark,3.6972
2013-12-31,EE,Estonia,15.5612
2013-12-31,ES,Spain,-6.291
2013-12-31,FI,Finland,0.3081
2013-12-31,FR,France,-1.537
2013-12-31,GB,United Kingdom,4.3551
2013-12-31,GR,Greece,-9.6325
2013-12-31,HK,Hong Kong SAR,8.609
2013-12-31,HR,Croatia,-1.7888
2013-12-31,HU,Hungary,-0.7084
2013-12-31,ID,Indonesia,11.5099
2013-12-31,IE,Ireland,5.5773
2013-12-31,IL,Israel,7.7807
2013-12-31,IN,India,10.0637
2013-12-31,IS,Iceland,8.6887
2013-12-31,IT,Italy,-5.8282
2013-12-31,JP,Japan,2.8003
2013-12-31,KR,Korea,0.1121
2013-12-31,LT,Lithuania,2.9786
2013-12-31,LU,Luxembourg,4.2502
2013-12-31,LV,Latvia,8.2057
2013-12-31,MA,Morocco,0.7512
2013-12-31,MK,North Macedonia,-2.2989
2013-12-31,MT,Malta,-1.2915
2013-12-31,MX,Mexico,5.8626
2013-12-31,MY,Malaysia,9.3514
2013-12-31,NL,Netherlands,-4.4307
2013-12-31,NO,Norway,1.0147
2013-12-31,NZ,New Zealand,8.9646
2013-12-31,PE,Peru,9.522
2013-12-31,PH,Philippines,14.8368
2013-12-31,PL,Poland,-2.7919
2013-12-31,PT,Portugal,0.6435
2013-12-31,RO,Romania,0
2013-12-31,RS,Serbia,-1.9999
2013-12-31,RU,Russia,0.1927
2013-12-31,SE,Sweden,6.7736
2013-12-31,SG,Singapore,1.1221
2013-12-31,SI,Slovenia,-4.3798
2013-12-31,SK,Slovakia,2.1186
2013-12-31,TH,Thailand,8.3333
2013-12-31,TR,Türkiye,12.3858
2013-12-31,US,United States,9.8737
2013-12-31,XM,Euro area,-1.3572
2013-12-31,XW,World,6.0559
2013-12-31,ZA,South Africa,7.5171
2014-03-31,4T,Emerging market economies (aggregate),7.8869
2014-03-31,5R,Advanced economies,4.4882
2014-03-31,AT,Austria,4.1042
2014-03-31,AU,Australia,10.7662
2014-03-31,BE,Belgium,-0.4496
2014-03-31,BG,Bulgaria,0.675
2014-03-31,BR,Brazil,8.4642
2014-03-31,CA,Canada,5.1166
2014-03-31,CH,Switzerland,2.3479
2014-03-31,CL,Chile,9.7726
2014-03-31,CN,China,8.2321
2014-03-31,CO,Colombia,9.6753
2014-03-31,CY,Cyprus,-9.4511
2014-03-31,CZ,Czechia,1.4957
2014-03-31,DE,Germany,2.3333
2014-03-31,DK,Denmark,3.6458
2014-03-31,EE,Estonia,17.4917
2014-03-31,ES,Spain,-1.6054
2014-03-31,FI,Finland,-0.1976
2014-03-31,FR,France,-1.4591
2014-03-31,GB,United Kingdom,6.5767
2014-03-31,GR,Greece,-9.0922
2014-03-31,HK,Hong Kong SAR,2.8495
2014-03-31,HR,Croatia,-2.0112
2014-03-31,HU,Hungary,0.9423
2014-03-31,ID,Indonesia,7.9241
2014-03-31,IE,Ireland,10.3587
2014-03-31,IL,Israel,7.6145
2014-03-31,IN,India,12.2512
2014-03-31,IS,Iceland,9.747
2014-03-31,IT,Italy,-4.3113
2014-03-31,JP,Japan,3.0831
2014-03-31,KR,Korea,0.7969
2014-03-31,LT,Lithuania,3.8782
2014-03-31,LU,Luxembourg,2.4629
2014-03-31,LV,Latvia,10.5507
2014-03-31,MA,Morocco,0.8482
2014-03-31,MK,North Macedonia,-2.0319
2014-03-31,MT,Malta,1.5181
2014-03-31,MX,Mexico,5.6966
2014-03-31,MY,Malaysia,10.2179
2014-03-31,NL,Netherlands,-1.2463
2014-03-31,NO,Norway,0.3282
2014-03-31,NZ,New Zealand,7.6307
2014-03-31,PE,Peru,6.8983
2014-03-31,PH,Philippines,13.4859
2014-03-31,PL,Poland,-0.563
2014-03-31,PT,Portugal,4.024
2014-03-31,RO,Romania,-2.9702
2014-03-31,RS,Serbia,5.408
2014-03-31,RU,Russia,0.9098
2014-03-31,SE,Sweden,8.2416
2014-03-31,SG,Singapore,-0.7218
2014-03-31,SI,Slovenia,-6.6219
2014-03-31,SK,Slovakia,-0.4141
2014-03-31,TH,Thailand,8.4793
2014-03-31,TR,Türkiye,11.8232
2014-03-31,US,United States,8.6018
2014-03-31,XM,Euro area,-0.0913
2014-03-31,XW,World,6.0727
2014-03-31,ZA,South Africa,7.9857
2014-06-30,4T,Emerging market economies (aggregate),7.2481
2014-06-30,5R,Advanced economies,3.9612
2014-06-30,AT,Austria,4.8077
2014-06-30,AU,Australia,10.123
2014-06-30,BE,Belgium,-0.9355
2014-06-30,BG,Bulgaria,0.5167
2014-06-30,BR,Brazil,7.7145
2014-06-30,CA,Canada,5.5238
2014-06-30,CH,Switzerland,2.888
2014-06-30,CL,Chile,10.8585
2014-06-30,CN,China,5.3294
2014-06-30,CO,Colombia,7.358
2014-06-30,CY,Cyprus,-9.1404
2014-06-30,CZ,Czechia,1.8065
2014-06-30,DE,Germany,3.2949
2014-06-30,DK,Denmark,3.8526
2014-06-30,EE,Estonia,14.4789
2014-06-30,ES,Spain,0.8468
2014-06-30,FI,Finland,-0.2164
2014-06-30,FR,France,-1.1685
2014-06-30,GB,United Kingdom,8.0992
2014-06-30,GR,Greece,-8.2075
2014-06-30,HK,Hong Kong SAR,2.6538
2014-06-30,HR,Croatia,-0.7388
2014-06-30,HU,Hungary,2.8202
2014-06-30,ID,Indonesia,7.4013
2014-06-30,IE,Ireland,16.5022
2014-06-30,IL,Israel,7.7551
2014-06-30,IN,India,15.8349
2014-06-30,IS,Iceland,8.4297
2014-06-30,IT,Italy,-4.9578
2014-06-30,JP,Japan,1.4915
2014-06-30,KR,Korea,1.3881
2014-06-30,LT,Lithuania,6.4817
2014-06-30,LU,Luxembourg,4.9387
2014-06-30,LV,Latvia,7.7317
2014-06-30,MA,Morocco,0.5623
2014-06-30,MK,North Macedonia,0.1713
2014-06-30,MT,Malta,2.8901
2014-06-30,MX,Mexico,4.2044
2014-06-30,MY,Malaysia,10.0652
2014-06-30,NL,Netherlands,1.2572
2014-06-30,NO,Norway,1.3845
2014-06-30,NZ,New Zealand,6.4231
2014-06-30,PE,Peru,9.3991
2014-06-30,PH,Philippines,12.2336
2014-06-30,PL,Poland,1.8253
2014-06-30,PT,Portugal,5.9211
2014-06-30,RO,Romania,-3
2014-06-30,RS,Serbia,7.917
2014-06-30,RU,Russia,1.1285
2014-06-30,SE,Sweden,8.6597
2014-06-30,SG,Singapore,-2.7922
2014-06-30,SI,Slovenia,-9.804
2014-06-30,SK,Slovakia,1.0331
2014-06-30,TH,Thailand,10.6267
2014-06-30,TR,Türkiye,11.8055
2014-06-30,US,United States,6.5408
2014-06-30,XM,Euro area,0.7845
2014-06-30,XW,World,5.4981
2014-06-30,ZA,South Africa,8.0055
2014-09-30,4T,Emerging market economies (aggregate),5.0025
2014-09-30,5R,Advanced economies,3.5371
2014-09-30,AT,Austria,2.4096
2014-09-30,AU,Australia,8.7719
2014-09-30,BE,Belgium,-0.6535
2014-09-30,BG,Bulgaria,1.748
2014-09-30,BR,Brazil,6.5498
2014-09-30,CA,Canada,5.5556
2014-09-30,CH,Switzerland,2.5887
2014-09-30,CL,Chile,17.4237
2014-09-30,CN,China,0.6418
2014-09-30,CO,Colombia,7.8897
2014-09-30,CY,Cyprus,-8.3877
2014-09-30,CZ,Czechia,2.7659
2014-09-30,DE,Germany,2.9412
2014-09-30,DK,Denmark,3.1826
2014-09-30,EE,Estonia,13.2175
2014-09-30,ES,Spain,0.2614
2014-09-30,FI,Finland,-0.5122
2014-09-30,FR,France,-1.2548
2014-09-30,GB,United Kingdom,8.871
2014-09-30,GR,Greece,-6.878
2014-09-30,HK,Hong Kong SAR,6.3781
2014-09-30,HR,Croatia,-1.7787
2014-09-30,HU,Hungary,4.5721
2014-09-30,ID,Indonesia,6.5269
2014-09-30,IE,Ireland,19.2275
2014-09-30,IL,Israel,5.2285
2014-09-30,IN,India,14.0662
2014-09-30,IS,Iceland,8.6309
2014-09-30,IT,Italy,-4.6039
2014-09-30,JP,Japan,1.0827
2014-09-30,KR,Korea,1.7785
2014-09-30,LT,Lithuania,10.1412
2014-09-30,LU,Luxembourg,5.0037
2014-09-30,LV,Latvia,10.6843
2014-09-30,MA,Morocco,0.1878
2014-09-30,MK,North Macedonia,2.487
2014-09-30,MT,Malta,0.1839
2014-09-30,MX,Mexico,3.3506
2014-09-30,MY,Malaysia,8.844
2014-09-30,NL,Netherlands,1.2643
2014-09-30,NO,Norway,3.4745
2014-09-30,NZ,New Zealand,4.814
2014-09-30,PE,Peru,3.1533
2014-09-30,PH,Philippines,11.0603
2014-09-30,PL,Poland,1.2625
2014-09-30,PT,Portugal,4.9218
2014-09-30,RO,Romania,-2.0409
2014-09-30,RS,Serbia,5.0607
2014-09-30,RU,Russia,1.5514
2014-09-30,SE,Sweden,10.3373
2014-09-30,SG,Singapore,-3.881
2014-09-30,SI,Slovenia,-5.3463
2014-09-30,SK,Slovakia,1.3486
2014-09-30,TH,Thailand,8.8731
2014-09-30,TR,Türkiye,12.7726
2014-09-30,US,United States,5.2985
2014-09-30,XM,Euro area,0.8187
2014-09-30,XW,World,4.2261
2014-09-30,ZA,South Africa,7.2906
2014-12-31,4T,Emerging market economies (aggregate),3.8248
2014-12-31,5R,Advanced economies,3.3896
2014-12-31,AT,Austria,2.4219
2014-12-31,AU,Australia,6.7496
2014-12-31,BE,Belgium,0.68
2014-12-31,BG,Bulgaria,2.7879
2014-12-31,BR,Brazil,5.023
2014-12-31,CA,Canada,5.5381
2014-12-31,CH,Switzerland,2.8556
2014-12-31,CL,Chile,15.0709
2014-12-31,CN,China,-3.4535
2014-12-31,CO,Colombia,7.3567
2014-12-31,CY,Cyprus,-8.0219
2014-12-31,CZ,Czechia,3.7313
2014-12-31,DE,Germany,3.4483
2014-12-31,DK,Denmark,4.2445
2014-12-31,EE,Estonia,10.081
2014-12-31,ES,Spain,1.7587
2014-12-31,FI,Finland,-0.5153
2014-12-31,FR,France,-2.1463
2014-12-31,GB,United Kingdom,8.5072
2014-12-31,GR,Greece,-5.5464
2014-12-31,HK,Hong Kong SAR,11.8967
2014-12-31,HR,Croatia,-1.4922
2014-12-31,HU,Hungary,8.4423
2014-12-31,ID,Indonesia,6.2844
2014-12-31,IE,Ireland,19.5625
2014-12-31,IL,Israel,4.9058
2014-12-31,IN,India,16.8982
2014-12-31,IS,Iceland,6.0897
2014-12-31,IT,Italy,-4.7774
2014-12-31,JP,Japan,0.5907
2014-12-31,KR,Korea,2.0971
2014-12-31,LT,Lithuania,5.2794
2014-12-31,LU,Luxembourg,5.0738
2014-12-31,LV,Latvia,-4.4674
2014-12-31,MA,Morocco,-0.0932
2014-12-31,MK,North Macedonia,-1.4895
2014-12-31,MT,Malta,5.4206
2014-12-31,MX,Mexico,3.8416
2014-12-31,MY,Malaysia,8.6897
2014-12-31,NL,Netherlands,2.0387
2014-12-31,NO,Norway,5.8036
2014-12-31,NZ,New Zealand,7.1575
2014-12-31,PE,Peru,3.9573
2014-12-31,PH,Philippines,10.0037
2014-12-31,PL,Poland,1.4361
2014-12-31,PT,Portugal,2.1963
2014-12-31,RO,Romania,0
2014-12-31,RS,Serbia,4.3806
2014-12-31,RU,Russia,2.8447
2014-12-31,SE,Sweden,10.4095
2014-12-31,SG,Singapore,-4.047
2014-12-31,SI,Slovenia,-4.3932
2014-12-31,SK,Slovakia,3.3195
2014-12-31,TH,Thailand,10.1988
2014-12-31,TR,Türkiye,13.4586
2014-12-31,US,United States,4.8918
2014-12-31,XM,Euro area,0.89
2014-12-31,XW,World,3.5984
2014-12-31,ZA,South Africa,6.5137
2015-03-31,4T,Emerging market economies (aggregate),3.1486
2015-03-31,5R,Advanced economies,3.6334
2015-03-31,AT,Austria,3.567
2015-03-31,AU,Australia,6.9177
2015-03-31,BE,Belgium,0.5235
2015-03-31,BG,Bulgaria,2.2692
2015-03-31,BR,Brazil,2.9776
2015-03-31,CA,Canada,6.223
2015-03-31,CH,Switzerland,3.466
2015-03-31,CL,Chile,13.4245
2015-03-31,CN,China,-5.6608
2015-03-31,CO,Colombia,7.7527
2015-03-31,CY,Cyprus,-6.4999
2015-03-31,CZ,Czechia,3.4737
2015-03-31,DE,Germany,4.2345
2015-03-31,DK,Denmark,3.5176
2015-03-31,EE,Estonia,8.0758
2015-03-31,ES,Spain,1.5557
2015-03-31,FI,Finland,-0.5641
2015-03-31,FR,France,-1.8756
2015-03-31,GB,United Kingdom,6.6456
2015-03-31,GR,Greece,-4.1165
2015-03-31,HK,Hong Kong SAR,18.4113
2015-03-31,HR,Croatia,-1.7656
2015-03-31,HU,Hungary,9.2182
2015-03-31,ID,Indonesia,6.2694
2015-03-31,IE,Ireland,17.5132
2015-03-31,IL,Israel,4.0709
2015-03-31,IN,India,17.5069
2015-03-31,IS,Iceland,9.3965
2015-03-31,IT,Italy,-5.7143
2015-03-31,JP,Japan,2.3732
2015-03-31,KR,Korea,2.2104
2015-03-31,LT,Lithuania,4.4524
2015-03-31,LU,Luxembourg,7.0487
2015-03-31,LV,Latvia,-6.5361
2015-03-31,MA,Morocco,-0.4673
2015-03-31,MK,North Macedonia,1.4846
2015-03-31,MT,Malta,2.6168
2015-03-31,MX,Mexico,4.3184
2015-03-31,MY,Malaysia,9.2025
2015-03-31,NL,Netherlands,2.4639
2015-03-31,NO,Norway,7.1974
2015-03-31,NZ,New Zealand,9.3986
2015-03-31,PE,Peru,-0.4501
2015-03-31,PH,Philippines,9.9748
2015-03-31,PL,Poland,1.966
2015-03-31,PT,Portugal,0.7956
2015-03-31,RO,Romania,3.0611
2015-03-31,RS,Serbia,5.7545
2015-03-31,RU,Russia,4.9758
2015-03-31,SE,Sweden,11.7845
2015-03-31,SG,Singapore,-3.8334
2015-03-31,SI,Slovenia,-1.376
2015-03-31,SK,Slovakia,5.1975
2015-03-31,TH,Thailand,10.2804
2015-03-31,TR,Türkiye,15.3162
2015-03-31,US,United States,4.8569
2015-03-31,XM,Euro area,1.0967
2015-03-31,XW,World,3.4041
2015-03-31,ZA,South Africa,6.2148
2015-06-30,4T,Emerging market economies (aggregate),2.4309
2015-06-30,5R,Advanced economies,4.0257
2015-06-30,AT,Austria,1.4679
2015-06-30,AU,Australia,9.7938
2015-06-30,BE,Belgium,1.7553
2015-06-30,BG,Bulgaria,2.827
2015-06-30,BR,Brazil,1.1402
2015-06-30,CA,Canada,7.2202
2015-06-30,CH,Switzerland,1.7945
2015-06-30,CL,Chile,13.5148
2015-06-30,CN,China,-5.9072
2015-06-30,CO,Colombia,10.3808
2015-06-30,CY,Cyprus,-5.0364
2015-06-30,CZ,Czechia,3.7579
2015-06-30,DE,Germany,4.4657
2015-06-30,DK,Denmark,5.6452
2015-06-30,EE,Estonia,10.4935
2015-06-30,ES,Spain,4.0119
2015-06-30,FI,Finland,-0.0394
2015-06-30,FR,France,-1.9704
2015-06-30,GB,United Kingdom,5.3517
2015-06-30,GR,Greece,-4.9674
2015-06-30,HK,Hong Kong SAR,20.8429
2015-06-30,HR,Croatia,-4.3783
2015-06-30,HU,Hungary,12.8
2015-06-30,ID,Indonesia,5.9497
2015-06-30,IE,Ireland,13.8183
2015-06-30,IL,Israel,4.8682
2015-06-30,IN,India,14.5213
2015-06-30,IS,Iceland,7.8459
2015-06-30,IT,Italy,-4.6615
2015-06-30,JP,Japan,2.5147
2015-06-30,KR,Korea,2.9583
2015-06-30,LT,Lithuania,3.4822
2015-06-30,LU,Luxembourg,5.3512
2015-06-30,LV,Latvia,-4.6186
2015-06-30,MA,Morocco,-0.1864
2015-06-30,MK,North Macedonia,-0.0427
2015-06-30,MT,Malta,3.7454
2015-06-30,MX,Mexico,7.658
2015-06-30,MY,Malaysia,7.1053
2015-06-30,NL,Netherlands,3.0666
2015-06-30,NO,Norway,6.6176
2015-06-30,NZ,New Zealand,12.0594
2015-06-30,PE,Peru,-5.6517
2015-06-30,PH,Philippines,10.0211
2015-06-30,PL,Poland,1.138
2015-06-30,PT,Portugal,2.9436
2015-06-30,RO,Romania,3.0928
2015-06-30,RS,Serbia,5.4385
2015-06-30,RU,Russia,2.9667
2015-06-30,SE,Sweden,12.9782
2015-06-30,SG,Singapore,-3.6741
2015-06-30,SI,Slovenia,3.5652
2015-06-30,SK,Slovakia,5.5214
2015-06-30,TH,Thailand,6.8145
2015-06-30,TR,Türkiye,16.5791
2015-06-30,US,United States,5.3765
2015-06-30,XM,Euro area,1.4088
2015-06-30,XW,World,3.2637
2015-06-30,ZA,South Africa,6.1312
2015-09-30,4T,Emerging market economies (aggregate),3.1046
2015-09-30,5R,Advanced economies,4.3321
2015-09-30,AT,Austria,4.0248
2015-09-30,AU,Australia,10.6961
2015-09-30,BE,Belgium,2.7123
2015-09-30,BG,Bulgaria,2.0769
2015-09-30,BR,Brazil,-0.3996
2015-09-30,CA,Canada,8.5526
2015-09-30,CH,Switzerland,2.1669
2015-09-30,CL,Chile,11.9367
2015-09-30,CN,China,-3.1122
2015-09-30,CO,Colombia,8.999
2015-09-30,CY,Cyprus,-3.7479
2015-09-30,CZ,Czechia,4.1408
2015-09-30,DE,Germany,4.4444
2015-09-30,DK,Denmark,8.9286
2015-09-30,EE,Estonia,4.0027
2015-09-30,ES,Spain,4.4879
2015-09-30,FI,Finland,0.2574
2015-09-30,FR,France,-1.3685
2015-09-30,GB,United Kingdom,5.3333
2015-09-30,GR,Greece,-5.7933
2015-09-30,HK,Hong Kong SAR,16.7878
2015-09-30,HR,Croatia,-2.9373
2015-09-30,HU,Hungary,15.583
2015-09-30,ID,Indonesia,5.4618
2015-09-30,IE,Ireland,8.6508
2015-09-30,IL,Israel,6.8369
2015-09-30,IN,India,13.057
2015-09-30,IS,Iceland,7.2541
2015-09-30,IT,Italy,-2.6936
2015-09-30,JP,Japan,2.8562
2015-09-30,KR,Korea,3.9184
2015-09-30,LT,Lithuania,3.4266
2015-09-30,LU,Luxembourg,5.5221
2015-09-30,LV,Latvia,-7.9213
2015-09-30,MA,Morocco,0.0936
2015-09-30,MK,North Macedonia,-3.3703
2015-09-30,MT,Malta,8.6238
2015-09-30,MX,Mexico,10.3212
2015-09-30,MY,Malaysia,6.9098
2015-09-30,NL,Netherlands,4.1914
2015-09-30,NO,Norway,6.086
2015-09-30,NZ,New Zealand,15.474
2015-09-30,PE,Peru,-1.2893
2015-09-30,PH,Philippines,9.9931
2015-09-30,PL,Poland,1.9967
2015-09-30,PT,Portugal,3.4436
2015-09-30,RO,Romania,3.1251
2015-09-30,RS,Serbia,3.4222
2015-09-30,RU,Russia,0.1992
2015-09-30,SE,Sweden,13.4988
2015-09-30,SG,Singapore,-4.2396
2015-09-30,SI,Slovenia,1.011
2015-09-30,SK,Slovakia,5.7318
2015-09-30,TH,Thailand,5.2975
2015-09-30,TR,Türkiye,15.4697
2015-09-30,US,United States,5.4915
2015-09-30,XM,Euro area,1.7683
2015-09-30,XW,World,3.7416
2015-09-30,ZA,South Africa,6.128
2015-12-31,4T,Emerging market economies (aggregate),3.3098
2015-12-31,5R,Advanced economies,4.5096
2015-12-31,AT,Austria,7.5918
2015-12-31,AU,Australia,8.6522
2015-12-31,BE,Belgium,2.248
2015-12-31,BG,Bulgaria,3.9797
2015-12-31,BR,Brazil,-1.5742
2015-12-31,CA,Canada,9.4812
2015-12-31,CH,Switzerland,1.208
2015-12-31,CL,Chile,13.4459
2015-12-31,CN,China,-0.2872
2015-12-31,CO,Colombia,7.892
2015-12-31,CY,Cyprus,-1.813
2015-12-31,CZ,Czechia,4.5222
2015-12-31,DE,Germany,5.873
2015-12-31,DK,Denmark,9.4463
2015-12-31,EE,Estonia,5.0802
2015-12-31,ES,Spain,4.2557
2015-12-31,FI,Finland,0.3785
2015-12-31,FR,France,-0.0997
2015-12-31,GB,United Kingdom,6.5089
2015-12-31,GR,Greece,-5.1124
2015-12-31,HK,Hong Kong SAR,7.0109
2015-12-31,HR,Croatia,-1.9603
2015-12-31,HU,Hungary,14.693
2015-12-31,ID,Indonesia,4.6135
2015-12-31,IE,Ireland,6.9037
2015-12-31,IL,Israel,7.6229
2015-12-31,IN,India,9.7525
2015-12-31,IS,Iceland,9.0242
2015-12-31,IT,Italy,-2.0525
2015-12-31,JP,Japan,1.9576
2015-12-31,KR,Korea,4.3427
2015-12-31,LT,Lithuania,3.2809
2015-12-31,LU,Luxembourg,3.7106
2015-12-31,LV,Latvia,6.5735
2015-12-31,MA,Morocco,0.2798
2015-12-31,MK,North Macedonia,1.0847
2015-12-31,MT,Malta,8.156
2015-12-31,MX,Mexico,10.2212
2015-12-31,MY,Malaysia,6.4721
2015-12-31,NL,Netherlands,4.3362
2015-12-31,NO,Norway,4.5359
2015-12-31,NZ,New Zealand,12.6241
2015-12-31,PE,Peru,-3.8275
2015-12-31,PH,Philippines,10
2015-12-31,PL,Poland,1.0011
2015-12-31,PT,Portugal,5.0054
2015-12-31,RO,Romania,2.0408
2015-12-31,RS,Serbia,0.9885
2015-12-31,RU,Russia,-3.102
2015-12-31,SE,Sweden,14.1158
2015-12-31,SG,Singapore,-3.6735
2015-12-31,SI,Slovenia,0.0653
2015-12-31,SK,Slovakia,4.8193
2015-12-31,TH,Thailand,5.8824
2015-12-31,TR,Türkiye,15.667
2015-12-31,US,United States,5.4478
2015-12-31,XM,Euro area,2.736
2015-12-31,XW,World,3.9325
2015-12-31,ZA,South Africa,6.7096
2016-03-31,4T,Emerging market economies (aggregate),3.4404
2016-03-31,5R,Advanced economies,4.6599
2016-03-31,AT,Austria,8.0967
2016-03-31,AU,Australia,6.7977
2016-03-31,BE,Belgium,2.4811
2016-03-31,BG,Bulgaria,4.589
2016-03-31,BR,Brazil,-2.3488
2016-03-31,CA,Canada,12.123
2016-03-31,CH,Switzerland,1.4031
2016-03-31,CL,Chile,12.2895
2016-03-31,CN,China,3.4475
2016-03-31,CO,Colombia,10.1879
2016-03-31,CY,Cyprus,-1.6177
2016-03-31,CZ,Czechia,4.7813
2016-03-31,DE,Germany,6.25
2016-03-31,DK,Denmark,5.178
2016-03-31,EE,Estonia,2.0143
2016-03-31,ES,Spain,6.2769
2016-03-31,FI,Finland,1.0351
2016-03-31,FR,France,0.3018
2016-03-31,GB,United Kingdom,8.0119
2016-03-31,GR,Greece,-4.3568
2016-03-31,HK,Hong Kong SAR,-5.0138
2016-03-31,HR,Croatia,0.1573
2016-03-31,HU,Hungary,16.8716
2016-03-31,ID,Indonesia,4.152
2016-03-31,IE,Ireland,7.5726
2016-03-31,IL,Israel,7.5254
2016-03-31,IN,India,3.3004
2016-03-31,IS,Iceland,6.6858
2016-03-31,IT,Italy,0.1166
2016-03-31,JP,Japan,1.6196
2016-03-31,KR,Korea,4.1272
2016-03-31,LT,Lithuania,3.3625
2016-03-31,LU,Luxembourg,4.9636
2016-03-31,LV,Latvia,7.1096
2016-03-31,MA,Morocco,0.5634
2016-03-31,MK,North Macedonia,2.3448
2016-03-31,MT,Malta,5.2824
2016-03-31,MX,Mexico,9.5607
2016-03-31,MY,Malaysia,7.2409
2016-03-31,NL,Netherlands,4.3988
2016-03-31,NO,Norway,4.5778
2016-03-31,NZ,New Zealand,13.1632
2016-03-31,PE,Peru,-5.6862
2016-03-31,PH,Philippines,10.9763
2016-03-31,PL,Poland,0.949
2016-03-31,PT,Portugal,6.9407
2016-03-31,RO,Romania,2.9703
2016-03-31,RS,Serbia,-1.5834
2016-03-31,RU,Russia,-5.7529
2016-03-31,SE,Sweden,10.9749
2016-03-31,SG,Singapore,-3.3677
2016-03-31,SI,Slovenia,0.8156
2016-03-31,SK,Slovakia,5.0395
2016-03-31,TH,Thailand,4.9307
2016-03-31,TR,Türkiye,14.3102
2016-03-31,US,United States,5.3856
2016-03-31,XM,Euro area,3.5246
2016-03-31,XW,World,4.0728
2016-03-31,ZA,South Africa,5.8707
2016-06-30,4T,Emerging market economies (aggregate),4.7699
2016-06-30,5R,Advanced economies,4.8066
2016-06-30,AT,Austria,9.5238
2016-06-30,AU,Australia,4.0689
2016-06-30,BE,Belgium,2.3101
2016-06-30,BG,Bulgaria,6.5484
2016-06-30,BR,Brazil,-2.7483
2016-06-30,CA,Canada,15.3199
2016-06-30,CH,Switzerland,0.7961
2016-06-30,CL,Chile,7.4683
2016-06-30,CN,China,5.8039
2016-06-30,CO,Colombia,8.0866
2016-06-30,CY,Cyprus,-1.6783
2016-06-30,CZ,Czechia,5.7344
2016-06-30,DE,Germany,6.8702
2016-06-30,DK,Denmark,4.1221
2016-06-30,EE,Estonia,1.8239
2016-06-30,ES,Spain,3.8572
2016-06-30,FI,Finland,1.1733
2016-06-30,FR,France,0.7035
2016-06-30,GB,United Kingdom,7.9826
2016-06-30,GR,Greece,-2.5319
2016-06-30,HK,Hong Kong SAR,-8.0223
2016-06-30,HR,Croatia,1.3278
2016-06-30,HU,Hungary,13.4477
2016-06-30,ID,Indonesia,3.3886
2016-06-30,IE,Ireland,6.324
2016-06-30,IL,Israel,7.3472
2016-06-30,IN,India,7.3319
2016-06-30,IS,Iceland,8.0613
2016-06-30,IT,Italy,0.6985
2016-06-30,JP,Japan,2.9627
2016-06-30,KR,Korea,3.0062
2016-06-30,LT,Lithuania,3.4164
2016-06-30,LU,Luxembourg,5.7578
2016-06-30,LV,Latvia,9.4596
2016-06-30,MA,Morocco,0.6536
2016-06-30,MK,North Macedonia,0.9301
2016-06-30,MT,Malta,6.8592
2016-06-30,MX,Mexico,7.7904
2016-06-30,MY,Malaysia,7.1253
2016-06-30,NL,Netherlands,4.7896
2016-06-30,NO,Norway,5.5172
2016-06-30,NZ,New Zealand,15.1763
2016-06-30,PE,Peru,-2.7359
2016-06-30,PH,Philippines,13.1677
2016-06-30,PL,Poland,0.4082
2016-06-30,PT,Portugal,6.2959
2016-06-30,RO,Romania,7
2016-06-30,RS,Serbia,4.3203
2016-06-30,RU,Russia,-6.0327
2016-06-30,SE,Sweden,8.663
2016-06-30,SG,Singapore,-2.9126
2016-06-30,SI,Slovenia,0.4618
2016-06-30,SK,Slovakia,5.9109
2016-06-30,TH,Thailand,5.7648
2016-06-30,TR,Türkiye,12.7869
2016-06-30,US,United States,5.3415
2016-06-30,XM,Euro area,3.7656
2016-06-30,XW,World,4.7937
2016-06-30,ZA,South Africa,4.9565
2016-09-30,4T,Emerging market economies (aggregate),5.487
2016-09-30,5R,Advanced economies,4.8022
2016-09-30,AT,Austria,7.3214
2016-09-30,AU,Australia,3.5276
2016-09-30,BE,Belgium,2.1086
2016-09-30,BG,Bulgaria,8.7918
2016-09-30,BR,Brazil,-2.8853
2016-09-30,CA,Canada,16.584
2016-09-30,CH,Switzerland,-0.0684
2016-09-30,CL,Chile,3.5586
2016-09-30,CN,China,7.5571
2016-09-30,CO,Colombia,8.9223
2016-09-30,CY,Cyprus,-1.253
2016-09-30,CZ,Czechia,7.0577
2016-09-30,DE,Germany,8.2067
2016-09-30,DK,Denmark,4.918
2016-09-30,EE,Estonia,7.3766
2016-09-30,ES,Spain,4.0278
2016-09-30,FI,Finland,1.6392
2016-09-30,FR,France,1.4866
2016-09-30,GB,United Kingdom,6.7511
2016-09-30,GR,Greece,-1.757
2016-09-30,HK,Hong Kong SAR,-5.4833
2016-09-30,HR,Croatia,1.661
2016-09-30,HU,Hungary,11.7337
2016-09-30,ID,Indonesia,2.7458
2016-09-30,IE,Ireland,7.4705
2016-09-30,IL,Israel,8.1748
2016-09-30,IN,India,7.6535
2016-09-30,IS,Iceland,12.8663
2016-09-30,IT,Italy,0
2016-09-30,JP,Japan,1.7671
2016-09-30,KR,Korea,2.055
2016-09-30,LT,Lithuania,5.3111
2016-09-30,LU,Luxembourg,5.7711
2016-09-30,LV,Latvia,9.6031
2016-09-30,MA,Morocco,3.5581
2016-09-30,MK,North Macedonia,0.3005
2016-09-30,MT,Malta,4.7297
2016-09-30,MX,Mexico,6.0896
2016-09-30,MY,Malaysia,6.8223
2016-09-30,NL,Netherlands,5.5635
2016-09-30,NO,Norway,7.913
2016-09-30,NZ,New Zealand,14.0683
2016-09-30,PE,Peru,-1.4345
2016-09-30,PH,Philippines,8.522
2016-09-30,PL,Poland,2.0869
2016-09-30,PT,Portugal,7.6016
2016-09-30,RO,Romania,7.0707
2016-09-30,RS,Serbia,19.3872
2016-09-30,RU,Russia,-5.2733
2016-09-30,SE,Sweden,7.0803
2016-09-30,SG,Singapore,-3.0921
2016-09-30,SI,Slovenia,4.9825
2016-09-30,SK,Slovakia,7.454
2016-09-30,TH,Thailand,4.7214
2016-09-30,TR,Türkiye,12.5199
2016-09-30,US,United States,5.3058
2016-09-30,XM,Euro area,4.3801
2016-09-30,XW,World,5.1355
2016-09-30,ZA,South Africa,4.8451
2016-12-31,4T,Emerging market economies (aggregate),6.4782
2016-12-31,5R,Advanced economies,5.0325
2016-12-31,AT,Austria,4.5691
2016-12-31,AU,Australia,7.657
2016-12-31,BE,Belgium,2.4352
2016-12-31,BG,Bulgaria,8.0936
2016-12-31,BR,Brazil,-2.8282
2016-12-31,CA,Canada,16.0131
2016-12-31,CH,Switzerland,-1.3357
2016-12-31,CL,Chile,3.5927
2016-12-31,CN,China,9.514
2016-12-31,CO,Colombia,9.6224
2016-12-31,CY,Cyprus,-0.9436
2016-12-31,CZ,Czechia,10.9145
2016-12-31,DE,Germany,8.3958
2016-12-31,DK,Denmark,4.3155
2016-12-31,EE,Estonia,7.6972
2016-12-31,ES,Spain,4.4029
2016-12-31,FI,Finland,1.2899
2016-12-31,FR,France,1.5968
2016-12-31,GB,United Kingdom,5.4167
2016-12-31,GR,Greece,-1.0342
2016-12-31,HK,Hong Kong SAR,4.2807
2016-12-31,HR,Croatia,0.9998
2016-12-31,HU,Hungary,11.8053
2016-12-31,ID,Indonesia,2.3787
2016-12-31,IE,Ireland,8.5244
2016-12-31,IL,Israel,6.8003
2016-12-31,IN,India,8.3446
2016-12-31,IS,Iceland,14.6846
2016-12-31,IT,Italy,0.2328
2016-12-31,JP,Japan,2.528
2016-12-31,KR,Korea,1.4866
2016-12-31,LT,Lithuania,9.5041
2016-12-31,LU,Luxembourg,7.7601
2016-12-31,LV,Latvia,7.7608
2016-12-31,MA,Morocco,4.3722
2016-12-31,MK,North Macedonia,1.6584
2016-12-31,MT,Malta,4.9181
2016-12-31,MX,Mexico,5.8685
2016-12-31,MY,Malaysia,6.9726
2016-12-31,NL,Netherlands,6.383
2016-12-31,NO,Norway,10.0908
2016-12-31,NZ,New Zealand,14.2718
2016-12-31,PE,Peru,2.173
2016-12-31,PH,Philippines,7.5512
2016-12-31,PL,Poland,3.9848
2016-12-31,PT,Portugal,7.5907
2016-12-31,RO,Romania,8
2016-12-31,RS,Serbia,23.2706
2016-12-31,RU,Russia,-4.0864
2016-12-31,SE,Sweden,6.4859
2016-12-31,SG,Singapore,-3.1074
2016-12-31,SI,Slovenia,6.8771
2016-12-31,SK,Slovakia,8.2376
2016-12-31,TH,Thailand,3.4815
2016-12-31,TR,Türkiye,11.6486
2016-12-31,US,United States,5.3841
2016-12-31,XM,Euro area,4.5345
2016-12-31,XW,World,5.7358
2016-12-31,ZA,South Africa,3.8852
2017-03-31,4T,Emerging market economies (aggregate),6.2606
2017-03-31,5R,Advanced economies,5.3186
2017-03-31,AT,Austria,2.2918
2017-03-31,AU,Australia,10.1994
2017-03-31,BE,Belgium,3.9753
2017-03-31,BG,Bulgaria,8.9682
2017-03-31,BR,Brazil,-2.606
2017-03-31,CA,Canada,17.641
2017-03-31,CH,Switzerland,-2.2982
2017-03-31,CL,Chile,6.0463
2017-03-31,CN,China,8.148
2017-03-31,CO,Colombia,5.672
2017-03-31,CY,Cyprus,0.0816
2017-03-31,CZ,Czechia,12.8155
2017-03-31,DE,Germany,6.9118
2017-03-31,DK,Denmark,6
2017-03-31,EE,Estonia,7.707
2017-03-31,ES,Spain,5.3085
2017-03-31,FI,Finland,1.1723
2017-03-31,FR,France,2.8084
2017-03-31,GB,United Kingdom,4.3956
2017-03-31,GR,Greece,-1.8786
2017-03-31,HK,Hong Kong SAR,14.6584
2017-03-31,HR,Croatia,-0.1795
2017-03-31,HU,Hungary,11.7492
2017-03-31,ID,Indonesia,2.6264
2017-03-31,IE,Ireland,9.3218
2017-03-31,IL,Israel,5.1971
2017-03-31,IN,India,10.4531
2017-03-31,IS,Iceland,17.8551
2017-03-31,IT,Italy,-0.6985
2017-03-31,JP,Japan,3.9063
2017-03-31,KR,Korea,1.2497
2017-03-31,LT,Lithuania,10.2203
2017-03-31,LU,Luxembourg,7.2061
2017-03-31,LV,Latvia,9.285
2017-03-31,MA,Morocco,5.2288
2017-03-31,MK,North Macedonia,-3.9411
2017-03-31,MT,Malta,5.3633
2017-03-31,MX,Mexico,7.3644
2017-03-31,MY,Malaysia,6.6938
2017-03-31,NL,Netherlands,7.4438
2017-03-31,NO,Norway,10.1167
2017-03-31,NZ,New Zealand,12.1019
2017-03-31,PE,Peru,5.1332
2017-03-31,PH,Philippines,6.6728
2017-03-31,PL,Poland,3.33
2017-03-31,PT,Portugal,7.941
2017-03-31,RO,Romania,4.8077
2017-03-31,RS,Serbia,11.9061
2017-03-31,RU,Russia,-4.1605
2017-03-31,SE,Sweden,7.9108
2017-03-31,SG,Singapore,-2.7738
2017-03-31,SI,Slovenia,6.6851
2017-03-31,SK,Slovakia,3.5748
2017-03-31,TH,Thailand,1.4684
2017-03-31,TR,Türkiye,11.919
2017-03-31,US,United States,5.529
2017-03-31,XM,Euro area,4.3965
2017-03-31,XW,World,5.7741
2017-03-31,ZA,South Africa,3.7316
2017-06-30,4T,Emerging market economies (aggregate),6.0937
2017-06-30,5R,Advanced economies,5.2457
2017-06-30,AT,Austria,3.6324
2017-06-30,AU,Australia,10.1504
2017-06-30,BE,Belgium,3.0172
2017-06-30,BG,Bulgaria,8.5855
2017-06-30,BR,Brazil,-2.2361
2017-06-30,CA,Canada,16.9205
2017-06-30,CH,Switzerland,0.0245
2017-06-30,CL,Chile,8.1177
2017-06-30,CN,China,8.0474
2017-06-30,CO,Colombia,6.6705
2017-06-30,CY,Cyprus,1.311
2017-06-30,CZ,Czechia,13.3206
2017-06-30,DE,Germany,5.8571
2017-06-30,DK,Denmark,5.2786
2017-06-30,EE,Estonia,4.8178
2017-06-30,ES,Spain,5.5795
2017-06-30,FI,Finland,1.5885
2017-06-30,FR,France,3.2934
2017-06-30,GB,United Kingdom,4.4355
2017-06-30,GR,Greece,-1.0558
2017-06-30,HK,Hong Kong SAR,21.1024
2017-06-30,HR,Croatia,4.225
2017-06-30,HU,Hungary,12.0659
2017-06-30,ID,Indonesia,3.1741
2017-06-30,IE,Ireland,10.5598
2017-06-30,IL,Israel,4.7076
2017-06-30,IN,India,8.7044
2017-06-30,IS,Iceland,23.1412
2017-06-30,IT,Italy,-0.9249
2017-06-30,JP,Japan,2.0111
2017-06-30,KR,Korea,1.2396
2017-06-30,LT,Lithuania,10.2086
2017-06-30,LU,Luxembourg,6.3361
2017-06-30,LV,Latvia,9.1336
2017-06-30,MA,Morocco,4.3599
2017-06-30,MK,North Macedonia,-2.3726
2017-06-30,MT,Malta,5.9121
2017-06-30,MX,Mexico,7.4817
2017-06-30,MY,Malaysia,6.8234
2017-06-30,NL,Netherlands,7.7562
2017-06-30,NO,Norway,6.9094
2017-06-30,NZ,New Zealand,6.6798
2017-06-30,PE,Peru,1.5838
2017-06-30,PH,Philippines,0.175
2017-06-30,PL,Poland,4.5616
2017-06-30,PT,Portugal,8.0454
2017-06-30,RO,Romania,6.5421
2017-06-30,RS,Serbia,7.6136
2017-06-30,RU,Russia,-3.7138
2017-06-30,SE,Sweden,8.4914
2017-06-30,SG,Singapore,-2.4286
2017-06-30,SI,Slovenia,8.2532
2017-06-30,SK,Slovakia,6.4959
2017-06-30,TH,Thailand,0.7994
2017-06-30,TR,Türkiye,11.7369
2017-06-30,US,United States,5.8482
2017-06-30,XM,Euro area,4.3262
2017-06-30,XW,World,5.6592
2017-06-30,ZA,South Africa,4.3104
2017-09-30,4T,Emerging market economies (aggregate),5.4348
2017-09-30,5R,Advanced economies,5.2465
2017-09-30,AT,Austria,4.3816
2017-09-30,AU,Australia,8.2963
2017-09-30,BE,Belgium,4.0336
2017-09-30,BG,Bulgaria,8.9587
2017-09-30,BR,Brazil,-1.7222
2017-09-30,CA,Canada,15.0144
2017-09-30,CH,Switzerland,2.5992
2017-09-30,CL,Chile,8.7481
2017-09-30,CN,China,6.8338
2017-09-30,CO,Colombia,6.4654
2017-09-30,CY,Cyprus,1.61
2017-09-30,CZ,Czechia,12.5348
2017-09-30,DE,Germany,5.7584
2017-09-30,DK,Denmark,4.4034
2017-09-30,EE,Estonia,4.779
2017-09-30,ES,Spain,6.6473
2017-09-30,FI,Finland,0.5732
2017-09-30,FR,France,3.2227
2017-09-30,GB,United Kingdom,4.7431
2017-09-30,GR,Greece,-0.658
2017-09-30,HK,Hong Kong SAR,17.6471
2017-09-30,HR,Croatia,3.8496
2017-09-30,HU,Hungary,12.2239
2017-09-30,ID,Indonesia,3.3173
2017-09-30,IE,Ireland,11.7378
2017-09-30,IL,Israel,3.716
2017-09-30,IN,India,7.45
2017-09-30,IS,Iceland,20.3854
2017-09-30,IT,Italy,-1.4994
2017-09-30,JP,Japan,2.4496
2017-09-30,KR,Korea,1.4545
2017-09-30,LT,Lithuania,8.5495
2017-09-30,LU,Luxembourg,4.8244
2017-09-30,LV,Latvia,8.7909
2017-09-30,MA,Morocco,1.8988
2017-09-30,MK,North Macedonia,-0.9416
2017-09-30,MT,Malta,5
2017-09-30,MX,Mexico,7.8989
2017-09-30,MY,Malaysia,6.4986
2017-09-30,NL,Netherlands,8.1081
2017-09-30,NO,Norway,2.4748
2017-09-30,NZ,New Zealand,3.6505
2017-09-30,PE,Peru,2.4773
2017-09-30,PH,Philippines,1.7825
2017-09-30,PL,Poland,3.6698
2017-09-30,PT,Portugal,10.4263
2017-09-30,RO,Romania,5.6604
2017-09-30,RS,Serbia,-0.4094
2017-09-30,RU,Russia,-3.5515
2017-09-30,SE,Sweden,7.5354
2017-09-30,SG,Singapore,-0.2175
2017-09-30,SI,Slovenia,8.1866
2017-09-30,SK,Slovakia,7.2972
2017-09-30,TH,Thailand,4.3607
2017-09-30,TR,Türkiye,10.0284
2017-09-30,US,United States,6.0043
2017-09-30,XM,Euro area,4.3587
2017-09-30,XW,World,5.3359
2017-09-30,ZA,South Africa,4.2046
2017-12-31,4T,Emerging market economies (aggregate),4.7736
2017-12-31,5R,Advanced economies,5.0578
2017-12-31,AT,Austria,4.7013
2017-12-31,AU,Australia,4.9787
2017-12-31,BE,Belgium,3.1184
2017-12-31,BG,Bulgaria,8.1642
2017-12-31,BR,Brazil,-1.1049
2017-12-31,CA,Canada,13.9227
2017-12-31,CH,Switzerland,3.3069
2017-12-31,CL,Chile,9.6774
2017-12-31,CN,China,4.9908
2017-12-31,CO,Colombia,6.7592
2017-12-31,CY,Cyprus,1.7827
2017-12-31,CZ,Czechia,8.422
2017-12-31,DE,Germany,6.2241
2017-12-31,DK,Denmark,4.1369
2017-12-31,EE,Estonia,4.9025
2017-12-31,ES,Spain,7.2051
2017-12-31,FI,Finland,1.0286
2017-12-31,FR,France,3.3399
2017-12-31,GB,United Kingdom,4.6113
2017-12-31,GR,Greece,-0.4214
2017-12-31,HK,Hong Kong SAR,13.6868
2017-12-31,HR,Croatia,7.739
2017-12-31,HU,Hungary,12.8334
2017-12-31,ID,Indonesia,3.5057
2017-12-31,IE,Ireland,11.7227
2017-12-31,IL,Israel,2.0591
2017-12-31,IN,India,7.2024
2017-12-31,IS,Iceland,15.0024
2017-12-31,IT,Italy,-1.2776
2017-12-31,JP,Japan,1.8102
2017-12-31,KR,Korea,1.2588
2017-12-31,LT,Lithuania,6.8396
2017-12-31,LU,Luxembourg,4.3966
2017-12-31,LV,Latvia,7.9264
2017-12-31,MA,Morocco,0.1782
2017-12-31,MK,North Macedonia,-0.5864
2017-12-31,MT,Malta,5
2017-12-31,MX,Mexico,8.5656
2017-12-31,MY,Malaysia,6.1281
2017-12-31,NL,Netherlands,8.9333
2017-12-31,NO,Norway,0.7333
2017-12-31,NZ,New Zealand,4.0566
2017-12-31,PE,Peru,0.2096
2017-12-31,PH,Philippines,5.536
2017-12-31,PL,Poland,3.8513
2017-12-31,PT,Portugal,10.4744
2017-12-31,RO,Romania,5.5555
2017-12-31,RS,Serbia,-0.5625
2017-12-31,RU,Russia,-3.0251
2017-12-31,SE,Sweden,2.767
2017-12-31,SG,Singapore,1.0933
2017-12-31,SI,Slovenia,9.8757
2017-12-31,SK,Slovakia,5.9292
2017-12-31,TH,Thailand,4.796
2017-12-31,TR,Türkiye,9.6707
2017-12-31,US,United States,6.0374
2017-12-31,XM,Euro area,4.689
2017-12-31,XW,World,4.9185
2017-12-31,ZA,South Africa,4.2716
2018-03-31,4T,Emerging market economies (aggregate),4.7164
2018-03-31,5R,Advanced economies,4.8991
2018-03-31,AT,Austria,7.3224
2018-03-31,AU,Australia,2.0181
2018-03-31,BE,Belgium,2.8842
2018-03-31,BG,Bulgaria,7.1018
2018-03-31,BR,Brazil,-0.4351
2018-03-31,CA,Canada,7.4423
2018-03-31,CH,Switzerland,3.0287
2018-03-31,CL,Chile,8.4669
2018-03-31,CN,China,4.357
2018-03-31,CO,Colombia,6.1484
2018-03-31,CY,Cyprus,2.1181
2018-03-31,CZ,Czechia,7.5731
2018-03-31,DE,Germany,6.6025
2018-03-31,DK,Denmark,5.9507
2018-03-31,EE,Estonia,6.5642
2018-03-31,ES,Spain,6.2427
2018-03-31,FI,Finland,1.0224
2018-03-31,FR,France,2.9268
2018-03-31,GB,United Kingdom,4.3421
2018-03-31,GR,Greece,0.4744
2018-03-31,HK,Hong Kong SAR,15.663
2018-03-31,HR,Croatia,8.7191
2018-03-31,HU,Hungary,13.3793
2018-03-31,ID,Indonesia,3.6914
2018-03-31,IE,Ireland,12.3493
2018-03-31,IL,Israel,0.3458
2018-03-31,IN,India,6.7054
2018-03-31,IS,Iceland,13.1793
2018-03-31,IT,Italy,-0.5862
2018-03-31,JP,Japan,1.5338
2018-03-31,KR,Korea,1.6199
2018-03-31,LT,Lithuania,7.855
2018-03-31,LU,Luxembourg,7.1568
2018-03-31,LV,Latvia,11.4158
2018-03-31,MA,Morocco,-0.1775
2018-03-31,MK,North Macedonia,4.2779
2018-03-31,MT,Malta,5.2545
2018-03-31,MX,Mexico,8.4283
2018-03-31,MY,Malaysia,4.3099
2018-03-31,NL,Netherlands,9.1503
2018-03-31,NO,Norway,-1.0601
2018-03-31,NZ,New Zealand,3.5831
2018-03-31,PE,Peru,-0.7507
2018-03-31,PH,Philippines,1.7995
2018-03-31,PL,Poland,5.9518
2018-03-31,PT,Portugal,12.2141
2018-03-31,RO,Romania,6.422
2018-03-31,RS,Serbia,9.8298
2018-03-31,RU,Russia,0.257
2018-03-31,SE,Sweden,-0.6849
2018-03-31,SG,Singapore,5.4134
2018-03-31,SI,Slovenia,9.6189
2018-03-31,SK,Slovakia,11.8982
2018-03-31,TH,Thailand,6.2952
2018-03-31,TR,Türkiye,8.138
2018-03-31,US,United States,6.2414
2018-03-31,XM,Euro area,4.9526
2018-03-31,XW,World,4.8059
2018-03-31,ZA,South Africa,3.9311
2018-06-30,4T,Emerging market economies (aggregate),4.3948
2018-06-30,5R,Advanced economies,4.6095
2018-06-30,AT,Austria,4.9389
2018-06-30,AU,Australia,-0.6143
2018-06-30,BE,Belgium,3.8572
2018-06-30,BG,Bulgaria,7.5178
2018-06-30,BR,Brazil,0.226
2018-06-30,CA,Canada,2.9762
2018-06-30,CH,Switzerland,3.2651
2018-06-30,CL,Chile,9.7117
2018-06-30,CN,China,3.8279
2018-06-30,CO,Colombia,7.1444
2018-06-30,CY,Cyprus,1.7387
2018-06-30,CZ,Czechia,8.0605
2018-06-30,DE,Germany,6.6127
2018-06-30,DK,Denmark,5.571
2018-06-30,EE,Estonia,7.366
2018-06-30,ES,Spain,6.8063
2018-06-30,FI,Finland,0.7099
2018-06-30,FR,France,2.8019
2018-06-30,GB,United Kingdom,3.2175
2018-06-30,GR,Greece,1.2703
2018-06-30,HK,Hong Kong SAR,15.1846
2018-06-30,HR,Croatia,4.9426
2018-06-30,HU,Hungary,13.5608
2018-06-30,ID,Indonesia,3.0826
2018-06-30,IE,Ireland,12.6007
2018-06-30,IL,Israel,-0.3333
2018-06-30,IN,India,5.3264
2018-06-30,IS,Iceland,6.8932
2018-06-30,IT,Italy,-0.3501
2018-06-30,JP,Japan,1.9108
2018-06-30,KR,Korea,1.9802
2018-06-30,LT,Lithuania,7.4149
2018-06-30,LU,Luxembourg,5.8996
2018-06-30,LV,Latvia,8.6851
2018-06-30,MA,Morocco,0
2018-06-30,MK,North Macedonia,2.4954
2018-06-30,MT,Malta,6.2201
2018-06-30,MX,Mexico,8.6693
2018-06-30,MY,Malaysia,3.65
2018-06-30,NL,Netherlands,9.383
2018-06-30,NO,Norway,1.6594
2018-06-30,NZ,New Zealand,3.6139
2018-06-30,PE,Peru,-0.2168
2018-06-30,PH,Philippines,4.5415
2018-06-30,PL,Poland,6.1741
2018-06-30,PT,Portugal,11.238
2018-06-30,RO,Romania,5.2631
2018-06-30,RS,Serbia,9.4832
2018-06-30,RU,Russia,1.5468
2018-06-30,SE,Sweden,-1.6676
2018-06-30,SG,Singapore,9.0776
2018-06-30,SI,Slovenia,7.7206
2018-06-30,SK,Slovakia,7.1306
2018-06-30,TH,Thailand,6.0562
2018-06-30,TR,Türkiye,8.3902
2018-06-30,US,United States,5.9601
2018-06-30,XM,Euro area,4.9434
2018-06-30,XW,World,4.5045
2018-06-30,ZA,South Africa,3.4452
2018-09-30,4T,Emerging market economies (aggregate),5.4382
2018-09-30,5R,Advanced economies,4.2856
2018-09-30,AT,Austria,7.9702
2018-09-30,AU,Australia,-1.9152
2018-09-30,BE,Belgium,2.625
2018-09-30,BG,Bulgaria,6.2725
2018-09-30,BR,Brazil,0.858
2018-09-30,CA,Canada,1.8609
2018-09-30,CH,Switzerland,1.947
2018-09-30,CL,Chile,11.8001
2018-09-30,CN,China,5.7805
2018-09-30,CO,Colombia,4.8467
2018-09-30,CY,Cyprus,2.0545
2018-09-30,CZ,Czechia,8.8283
2018-09-30,DE,Germany,7.0385
2018-09-30,DK,Denmark,3.4014
2018-09-30,EE,Estonia,4.1049
2018-09-30,ES,Spain,7.1647
2018-09-30,FI,Finland,0.9563
2018-09-30,FR,France,2.7436
2018-09-30,GB,United Kingdom,2.7673
2018-09-30,GR,Greece,2.2758
2018-09-30,HK,Hong Kong SAR,15.7957
2018-09-30,HR,Croatia,7.3707
2018-09-30,HU,Hungary,14.8678
2018-09-30,ID,Indonesia,2.8862
2018-09-30,IE,Ireland,9.1132
2018-09-30,IL,Israel,-1.8236
2018-09-30,IN,India,5.6814
2018-09-30,IS,Iceland,5.0162
2018-09-30,IT,Italy,-0.8197
2018-09-30,JP,Japan,1.7857
2018-09-30,KR,Korea,2.1126
2018-09-30,LT,Lithuania,6.5929
2018-09-30,LU,Luxembourg,7.5283
2018-09-30,LV,Latvia,7.2013
2018-09-30,MA,Morocco,-0.2662
2018-09-30,MK,North Macedonia,3.2944
2018-09-30,MT,Malta,5.53
2018-09-30,MX,Mexico,9.048
2018-09-30,MY,Malaysia,2.7354
2018-09-30,NL,Netherlands,9.75
2018-09-30,NO,Norway,2.9517
2018-09-30,NZ,New Zealand,3.8624
2018-09-30,PE,Peru,0.417
2018-09-30,PH,Philippines,4.4658
2018-09-30,PL,Poland,6.5071
2018-09-30,PT,Portugal,8.4712
2018-09-30,RO,Romania,6.2501
2018-09-30,RS,Serbia,9.1677
2018-09-30,RU,Russia,3.1728
2018-09-30,SE,Sweden,-2.0674
2018-09-30,SG,Singapore,8.7936
2018-09-30,SI,Slovenia,9.3678
2018-09-30,SK,Slovakia,4.3661
2018-09-30,TH,Thailand,5.6657
2018-09-30,TR,Türkiye,7.9871
2018-09-30,US,United States,5.4002
2018-09-30,XM,Euro area,4.9806
2018-09-30,XW,World,4.8621
2018-09-30,ZA,South Africa,3.3214
2018-12-31,4T,Emerging market economies (aggregate),5.9999
2018-12-31,5R,Advanced economies,3.9337
2018-12-31,AT,Austria,7.3957
2018-12-31,AU,Australia,-5.1491
2018-12-31,BE,Belgium,2.7254
2018-12-31,BG,Bulgaria,5.5463
2018-12-31,BR,Brazil,1.4763
2018-12-31,CA,Canada,1.7682
2018-12-31,CH,Switzerland,3.6582
2018-12-31,CL,Chile,10.0024
2018-12-31,CN,China,7.2033
2018-12-31,CO,Colombia,3.1945
2018-12-31,CY,Cyprus,2.5133
2018-12-31,CZ,Czechia,9.8937
2018-12-31,DE,Germany,6.25
2018-12-31,DK,Denmark,2.8767
2018-12-31,EE,Estonia,5.687
2018-12-31,ES,Spain,6.673
2018-12-31,FI,Finland,1.0084
2018-12-31,FR,France,3.2319
2018-12-31,GB,United Kingdom,2.3929
2018-12-31,GR,Greece,3.1991
2018-12-31,HK,Hong Kong SAR,5.8232
2018-12-31,HR,Croatia,5.095
2018-12-31,HU,Hungary,15.4166
2018-12-31,ID,Indonesia,2.6918
2018-12-31,IE,Ireland,7.2437
2018-12-31,IL,Israel,-1.4746
2018-12-31,IN,India,5.134
2018-12-31,IS,Iceland,6.888
2018-12-31,IT,Italy,-0.4706
2018-12-31,JP,Japan,2.5138
2018-12-31,KR,Korea,3.1762
2018-12-31,LT,Lithuania,7.4172
2018-12-31,LU,Luxembourg,9.0909
2018-12-31,LV,Latvia,11.0634
2018-12-31,MA,Morocco,0.7118
2018-12-31,MK,North Macedonia,2.3381
2018-12-31,MT,Malta,6.1012
2018-12-31,MX,Mexico,9.316
2018-12-31,MY,Malaysia,2.5197
2018-12-31,NL,Netherlands,8.9351
2018-12-31,NO,Norway,2.2748
2018-12-31,NZ,New Zealand,3.317
2018-12-31,PE,Peru,1.5335
2018-12-31,PH,Philippines,0.4996
2018-12-31,PL,Poland,7.6487
2018-12-31,PT,Portugal,9.3287
2018-12-31,RO,Romania,5.2631
2018-12-31,RS,Serbia,8.9256
2018-12-31,RU,Russia,4.9169
2018-12-31,SE,Sweden,0.7237
2018-12-31,SG,Singapore,7.8587
2018-12-31,SI,Slovenia,8.2654
2018-12-31,SK,Slovakia,6.7669
2018-12-31,TH,Thailand,2.3907
2018-12-31,TR,Türkiye,6.8584
2018-12-31,US,United States,4.6344
2018-12-31,XM,Euro area,4.8172
2018-12-31,XW,World,4.9703
2018-12-31,ZA,South Africa,3.2722
2019-03-31,4T,Emerging market economies (aggregate),6.01
2019-03-31,5R,Advanced economies,3.1895
2019-03-31,AT,Austria,4.9389
2019-03-31,AU,Australia,-7.367
2019-03-31,BE,Belgium,3.3808
2019-03-31,BG,Bulgaria,7.2919
2019-03-31,BR,Brazil,2.1449
2019-03-31,CA,Canada,0.5854
2019-03-31,CH,Switzerland,4.7554
2019-03-31,CL,Chile,9.9837
2019-03-31,CN,China,7.5963
2019-03-31,CO,Colombia,5.573
2019-03-31,CY,Cyprus,2.6592
2019-03-31,CZ,Czechia,9.76
2019-03-31,DE,Germany,5.2903
2019-03-31,DK,Denmark,3.0137
2019-03-31,EE,Estonia,5.9378
2019-03-31,ES,Spain,6.8971
2019-03-31,FI,Finland,0.347
2019-03-31,FR,France,2.9384
2019-03-31,GB,United Kingdom,1.3871
2019-03-31,GR,Greece,5.4975
2019-03-31,HK,Hong Kong SAR,1.2627
2019-03-31,HR,Croatia,7.8958
2019-03-31,HU,Hungary,19.0476
2019-03-31,ID,Indonesia,1.6311
2019-03-31,IE,Ireland,4.4229
2019-03-31,IL,Israel,0.8205
2019-03-31,IN,India,3.6286
2019-03-31,IS,Iceland,4.3767
2019-03-31,IT,Italy,-0.8255
2019-03-31,JP,Japan,2.3104
2019-03-31,KR,Korea,2.678
2019-03-31,LT,Lithuania,7.8647
2019-03-31,LU,Luxembourg,5.8527
2019-03-31,LV,Latvia,6.3695
2019-03-31,MA,Morocco,-0.6222
2019-03-31,MK,North Macedonia,1.6368
2019-03-31,MT,Malta,6.5523
2019-03-31,MX,Mexico,9.0328
2019-03-31,MY,Malaysia,2.5105
2019-03-31,NL,Netherlands,8.3832
2019-03-31,NO,Norway,3.0357
2019-03-31,NZ,New Zealand,2.5893
2019-03-31,PE,Peru,2.5701
2019-03-31,PH,Philippines,3.0447
2019-03-31,PL,Poland,8.0928
2019-03-31,PT,Portugal,9.2246
2019-03-31,RO,Romania,3.4483
2019-03-31,RS,Serbia,9.1465
2019-03-31,RU,Russia,7.2274
2019-03-31,SE,Sweden,1.5225
2019-03-31,SG,Singapore,3.1228
2019-03-31,SI,Slovenia,7.5732
2019-03-31,SK,Slovakia,5.6819
2019-03-31,TH,Thailand,0.953
2019-03-31,TR,Türkiye,4.0879
2019-03-31,US,United States,3.8353
2019-03-31,XM,Euro area,4.1872
2019-03-31,XW,World,4.602
2019-03-31,ZA,South Africa,3.2611
2019-06-30,4T,Emerging market economies (aggregate),5.8122
2019-06-30,5R,Advanced economies,3.0502
2019-06-30,AT,Austria,5.5668
2019-06-30,AU,Australia,-7.4176
2019-06-30,BE,Belgium,3.0688
2019-06-30,BG,Bulgaria,5.003
2019-06-30,BR,Brazil,2.9473
2019-06-30,CA,Canada,0.1927
2019-06-30,CH,Switzerland,3.6557
2019-06-30,CL,Chile,7.8195
2019-06-30,CN,China,7.4021
2019-06-30,CO,Colombia,3.194
2019-06-30,CY,Cyprus,2.8352
2019-06-30,CZ,Czechia,9.2463
2019-06-30,DE,Germany,5.9494
2019-06-30,DK,Denmark,1.3193
2019-06-30,EE,Estonia,5.7629
2019-06-30,ES,Spain,5.4075
2019-06-30,FI,Finland,0.6954
2019-06-30,FR,France,3.1955
2019-06-30,GB,United Kingdom,0.9975
2019-06-30,GR,Greece,7.5932
2019-06-30,HK,Hong Kong SAR,2.7268
2019-06-30,HR,Croatia,10.2252
2019-06-30,HU,Hungary,19.6491
2019-06-30,ID,Indonesia,1.2613
2019-06-30,IE,Ireland,2.4783
2019-06-30,IL,Israel,1.2073
2019-06-30,IN,India,3.447
2019-06-30,IS,Iceland,4.1747
2019-06-30,IT,Italy,-0.1171
2019-06-30,JP,Japan,1.9345
2019-06-30,KR,Korea,1.8503
2019-06-30,LT,Lithuania,6.5883
2019-06-30,LU,Luxembourg,10.4335
2019-06-30,LV,Latvia,7.9169
2019-06-30,MA,Morocco,-0.6222
2019-06-30,MK,North Macedonia,5.5997
2019-06-30,MT,Malta,6.1561
2019-06-30,MX,Mexico,9.177
2019-06-30,MY,Malaysia,2.3304
2019-06-30,NL,Netherlands,7.7556
2019-06-30,NO,Norway,1.9759
2019-06-30,NZ,New Zealand,2.0023
2019-06-30,PE,Peru,4.7362
2019-06-30,PH,Philippines,6.1155
2019-06-30,PL,Poland,8.1733
2019-06-30,PT,Portugal,9.4661
2019-06-30,RO,Romania,1.6667
2019-06-30,RS,Serbia,9.5803
2019-06-30,RU,Russia,6.9115
2019-06-30,SE,Sweden,2.1709
2019-06-30,SG,Singapore,1.208
2019-06-30,SI,Slovenia,7.418
2019-06-30,SK,Slovakia,8.2599
2019-06-30,TH,Thailand,1.6315
2019-06-30,TR,Türkiye,2.5203
2019-06-30,US,United States,3.6712
2019-06-30,XM,Euro area,4.3729
2019-06-30,XW,World,4.436
2019-06-30,ZA,South Africa,2.6575
2019-09-30,4T,Emerging market economies (aggregate),5.0924
2019-09-30,5R,Advanced economies,3.0151
2019-09-30,AT,Austria,2.2638
2019-09-30,AU,Australia,-3.696
2019-09-30,BE,Belgium,4.2751
2019-09-30,BG,Bulgaria,5.5833
2019-09-30,BR,Brazil,3.9052
2019-09-30,CA,Canada,0.1923
2019-09-30,CH,Switzerland,3.148
2019-09-30,CL,Chile,7.9575
2019-09-30,CN,China,5.2704
2019-09-30,CO,Colombia,5.7864
2019-09-30,CY,Cyprus,2.8026
2019-09-30,CZ,Czechia,8.7188
2019-09-30,DE,Germany,5.335
2019-09-30,DK,Denmark,2.2368
2019-09-30,EE,Estonia,8.1051
2019-09-30,ES,Spain,4.7969
2019-09-30,FI,Finland,0.5167
2019-09-30,FR,France,3.407
2019-09-30,GB,United Kingdom,0.7344
2019-09-30,GR,Greece,8.2863
2019-09-30,HK,Hong Kong SAR,-1.3319
2019-09-30,HR,Croatia,7.6877
2019-09-30,HU,Hungary,16.633
2019-09-30,ID,Indonesia,1.2474
2019-09-30,IE,Ireland,1.7504
2019-09-30,IL,Israel,1.9557
2019-09-30,IN,India,3.2504
2019-09-30,IS,Iceland,3.3258
2019-09-30,IT,Italy,0.3542
2019-09-30,JP,Japan,1.2489
2019-09-30,KR,Korea,1.1236
2019-09-30,LT,Lithuania,6.4342
2019-09-30,LU,Luxembourg,11.1035
2019-09-30,LV,Latvia,12.6526
2019-09-30,MA,Morocco,0.089
2019-09-30,MK,North Macedonia,1.6522
2019-09-30,MT,Malta,6.1135
2019-09-30,MX,Mexico,8.4429
2019-09-30,MY,Malaysia,2.1505
2019-09-30,NL,Netherlands,6.3781
2019-09-30,NO,Norway,2.3458
2019-09-30,NZ,New Zealand,3.095
2019-09-30,PE,Peru,1.9738
2019-09-30,PH,Philippines,6.9851
2019-09-30,PL,Poland,8.9571
2019-09-30,PT,Portugal,10.7383
2019-09-30,RO,Romania,4.2017
2019-09-30,RS,Serbia,10.1652
2019-09-30,RU,Russia,8.0942
2019-09-30,SE,Sweden,2.9387
2019-09-30,SG,Singapore,2.0708
2019-09-30,SI,Slovenia,7.0415
2019-09-30,SK,Slovakia,11.5849
2019-09-30,TH,Thailand,-1.5416
2019-09-30,TR,Türkiye,4.7719
2019-09-30,US,United States,3.8472
2019-09-30,XM,Euro area,4.0903
2019-09-30,XW,World,4.0608
2019-09-30,ZA,South Africa,2.1189
2019-12-31,4T,Emerging market economies (aggregate),4.6436
2019-12-31,5R,Advanced economies,3.5353
2019-12-31,AT,Austria,3.0497
2019-12-31,AU,Australia,2.5
2019-12-31,BE,Belgium,4.2341
2019-12-31,BG,Bulgaria,6.2031
2019-12-31,BR,Brazil,4.9718
2019-12-31,CA,Canada,1.6409
2019-12-31,CH,Switzerland,3.4431
2019-12-31,CL,Chile,8.0327
2019-12-31,CN,China,3.7813
2019-12-31,CO,Colombia,6.4921
2019-12-31,CY,Cyprus,2.1519
2019-12-31,CZ,Czechia,8.9285
2019-12-31,DE,Germany,6.4951
2019-12-31,DK,Denmark,2.3968
2019-12-31,EE,Estonia,8.2046
2019-12-31,ES,Spain,3.6877
2019-12-31,FI,Finland,0.1344
2019-12-31,FR,France,3.7753
2019-12-31,GB,United Kingdom,0.861
2019-12-31,GR,Greece,7.4791
2019-12-31,HK,Hong Kong SAR,3.4211
2019-12-31,HR,Croatia,9.398
2019-12-31,HU,Hungary,12.8693
2019-12-31,ID,Indonesia,1.2429
2019-12-31,IE,Ireland,0.7946
2019-12-31,IL,Israel,3.5691
2019-12-31,IN,India,2.9735
2019-12-31,IS,Iceland,4.2847
2019-12-31,IT,Italy,0.2364
2019-12-31,JP,Japan,0.9569
2019-12-31,KR,Korea,0.0655
2019-12-31,LT,Lithuania,6.5146
2019-12-31,LU,Luxembourg,10.6097
2019-12-31,LV,Latvia,8.8491
2019-12-31,MA,Morocco,-0.8834
2019-12-31,MK,North Macedonia,3.2488
2019-12-31,MT,Malta,5.7504
2019-12-31,MX,Mexico,7.6581
2019-12-31,MY,Malaysia,1.7921
2019-12-31,NL,Netherlands,6.5169
2019-12-31,NO,Norway,2.5801
2019-12-31,NZ,New Zealand,4.7761
2019-12-31,PE,Peru,-0.6231
2019-12-31,PH,Philippines,8.7983
2019-12-31,PL,Poland,9.4308
2019-12-31,PT,Portugal,10.3668
2019-12-31,RO,Romania,4.1667
2019-12-31,RS,Serbia,10.8471
2019-12-31,RU,Russia,6.5611
2019-12-31,SE,Sweden,3.2795
2019-12-31,SG,Singapore,2.6738
2019-12-31,SI,Slovenia,4.8442
2019-12-31,SK,Slovakia,10.9546
2019-12-31,TH,Thailand,2.068
2019-12-31,TR,Türkiye,7.7788
2019-12-31,US,United States,4.4878
2019-12-31,XM,Euro area,4.32
2019-12-31,XW,World,4.0973
2019-12-31,ZA,South Africa,1.9911
2020-03-31,4T,Emerging market economies (aggregate),4.8976
2020-03-31,5R,Advanced economies,4.198
2020-03-31,AT,Austria,3.3964
2020-03-31,AU,Australia,7.3638
2020-03-31,BE,Belgium,3.8198
2020-03-31,BG,Bulgaria,4.6977
2020-03-31,BR,Brazil,6.1121
2020-03-31,CA,Canada,4.2677
2020-03-31,CH,Switzerland,1.6561
2020-03-31,CL,Chile,8.9676
2020-03-31,CN,China,2.9911
2020-03-31,CO,Colombia,5.0188
2020-03-31,CY,Cyprus,1.8262
2020-03-31,CZ,Czechia,8.6006
2020-03-31,DE,Germany,7.3529
2020-03-31,DK,Denmark,2.9255
2020-03-31,EE,Estonia,11.472
2020-03-31,ES,Spain,3.2922
2020-03-31,FI,Finland,1.143
2020-03-31,FR,France,4.8803
2020-03-31,GB,United Kingdom,1.7413
2020-03-31,GR,Greece,6.7295
2020-03-31,HK,Hong Kong SAR,2.2409
2020-03-31,HR,Croatia,8.3908
2020-03-31,HU,Hungary,8.303
2020-03-31,ID,Indonesia,1.3077
2020-03-31,IE,Ireland,0.9774
2020-03-31,IL,Israel,3.4834
2020-03-31,IN,India,3.9163
2020-03-31,IS,Iceland,5.513
2020-03-31,IT,Italy,1.6647
2020-03-31,JP,Japan,-0.4343
2020-03-31,KR,Korea,1.0914
2020-03-31,LT,Lithuania,6.2325
2020-03-31,LU,Luxembourg,14.2857
2020-03-31,LV,Latvia,8.7514
2020-03-31,MA,Morocco,-0.6261
2020-03-31,MK,North Macedonia,2.333
2020-03-31,MT,Malta,5.5637
2020-03-31,MX,Mexico,7.0372
2020-03-31,MY,Malaysia,1.8878
2020-03-31,NL,Netherlands,6.8508
2020-03-31,NO,Norway,1.9064
2020-03-31,NZ,New Zealand,7.5561
2020-03-31,PE,Peru,-0.308
2020-03-31,PH,Philippines,7.7159
2020-03-31,PL,Poland,11.2557
2020-03-31,PT,Portugal,10.581
2020-03-31,RO,Romania,8.3333
2020-03-31,RS,Serbia,11.22
2020-03-31,RU,Russia,7.1234
2020-03-31,SE,Sweden,4.5513
2020-03-31,SG,Singapore,2.3554
2020-03-31,SI,Slovenia,4.7385
2020-03-31,SK,Slovakia,13.1336
2020-03-31,TH,Thailand,4.1807
2020-03-31,TR,Türkiye,14.936
2020-03-31,US,United States,5.2346
2020-03-31,XM,Euro area,5.1055
2020-03-31,XW,World,4.5524
2020-03-31,ZA,South Africa,1.2479
2020-06-30,4T,Emerging market economies (aggregate),4.365
2020-06-30,5R,Advanced economies,4.0818
2020-06-30,AT,Austria,5.2253
2020-06-30,AU,Australia,6.2315
2020-06-30,BE,Belgium,4.265
2020-06-30,BG,Bulgaria,2.9468
2020-06-30,BR,Brazil,7.2331
2020-06-30,CA,Canada,5.6731
2020-06-30,CH,Switzerland,2.5077
2020-06-30,CL,Chile,9.4696
2020-06-30,CN,China,2.2618
2020-06-30,CO,Colombia,0.998
2020-06-30,CY,Cyprus,2.2288
2020-06-30,CZ,Czechia,7.7525
2020-06-30,DE,Germany,6.5711
2020-06-30,DK,Denmark,2.8646
2020-06-30,EE,Estonia,4.0478
2020-06-30,ES,Spain,2.1799
2020-06-30,FI,Finland,0.6527
2020-06-30,FR,France,5.1913
2020-06-30,GB,United Kingdom,1.2346
2020-06-30,GR,Greece,4.2904
2020-06-30,HK,Hong Kong SAR,-2.7559
2020-06-30,HR,Croatia,7.9273
2020-06-30,HU,Hungary,2.5806
2020-06-30,ID,Indonesia,1.3642
2020-06-30,IE,Ireland,0.349
2020-06-30,IL,Israel,2.2729
2020-06-30,IN,India,2.8243
2020-06-30,IS,Iceland,6.6873
2020-06-30,IT,Italy,3.3998
2020-06-30,JP,Japan,-0.7007
2020-06-30,KR,Korea,2.3927
2020-06-30,LT,Lithuania,6.9685
2020-06-30,LU,Luxembourg,13.2469
2020-06-30,LV,Latvia,1.5016
2020-06-30,MA,Morocco,-5.4562
2020-06-30,MK,North Macedonia,1.4535
2020-06-30,MT,Malta,3.9605
2020-06-30,MX,Mexico,5.7672
2020-06-30,MY,Malaysia,1.417
2020-06-30,NL,Netherlands,7.9607
2020-06-30,NO,Norway,2.6959
2020-06-30,NZ,New Zealand,6.807
2020-06-30,PE,Peru,-0.17
2020-06-30,PH,Philippines,8.6407
2020-06-30,PL,Poland,10.9084
2020-06-30,PT,Portugal,9.7168
2020-06-30,RO,Romania,6.5573
2020-06-30,RS,Serbia,11.5692
2020-06-30,RU,Russia,8.0776
2020-06-30,SE,Sweden,3.25
2020-06-30,SG,Singapore,1.1937
2020-06-30,SI,Slovenia,5.221
2020-06-30,SK,Slovakia,9.7037
2020-06-30,TH,Thailand,4.2809
2020-06-30,TR,Türkiye,19.6078
2020-06-30,US,United States,5.0778
2020-06-30,XM,Euro area,5.1033
2020-06-30,XW,World,4.225
2020-06-30,ZA,South Africa,1.2314
2020-09-30,4T,Emerging market economies (aggregate),4.3237
2020-09-30,5R,Advanced economies,5.1719
2020-09-30,AT,Austria,9.4803
2020-09-30,AU,Australia,4.4895
2020-09-30,BE,Belgium,3.1897
2020-09-30,BG,Bulgaria,5.1936
2020-09-30,BR,Brazil,8.2365
2020-09-30,CA,Canada,6.9098
2020-09-30,CH,Switzerland,2.5879
2020-09-30,CL,Chile,3.882
2020-09-30,CN,China,2.2134
2020-09-30,CO,Colombia,1.0753
2020-09-30,CY,Cyprus,1.1903
2020-09-30,CZ,Czechia,8.3682
2020-09-30,DE,Germany,8.245
2020-09-30,DK,Denmark,4.1184
2020-09-30,EE,Estonia,3.9007
2020-09-30,ES,Spain,1.8166
2020-09-30,FI,Finland,1.6944
2020-09-30,FR,France,4.8976
2020-09-30,GB,United Kingdom,2.5516
2020-09-30,GR,Greece,3.8798
2020-09-30,HK,Hong Kong SAR,-1.0833
2020-09-30,HR,Croatia,6.8034
2020-09-30,HU,Hungary,4.8499
2020-09-30,ID,Indonesia,1.2616
2020-09-30,IE,Ireland,-0.7864
2020-09-30,IL,Israel,2.7849
2020-09-30,IN,India,1.1038
2020-09-30,IS,Iceland,7.7484
2020-09-30,IT,Italy,1.0588
2020-09-30,JP,Japan,-0.1175
2020-09-30,KR,Korea,4.5225
2020-09-30,LT,Lithuania,6.4158
2020-09-30,LU,Luxembourg,13.8339
2020-09-30,LV,Latvia,1.7284
2020-09-30,MA,Morocco,-1.2445
2020-09-30,MK,North Macedonia,3.0347
2020-09-30,MT,Malta,2.6063
2020-09-30,MX,Mexico,5.0369
2020-09-30,MY,Malaysia,0.2005
2020-09-30,NL,Netherlands,8.4582
2020-09-30,NO,Norway,4.9236
2020-09-30,NZ,New Zealand,9.9876
2020-09-30,PE,Peru,0.5051
2020-09-30,PH,Philippines,6.3196
2020-09-30,PL,Poland,10.899
2020-09-30,PT,Portugal,6.9238
2020-09-30,RO,Romania,1.6129
2020-09-30,RS,Serbia,12.0942
2020-09-30,RU,Russia,9.6048
2020-09-30,SE,Sweden,3.7181
2020-09-30,SG,Singapore,0.6545
2020-09-30,SI,Slovenia,3.3055
2020-09-30,SK,Slovakia,8.3634
2020-09-30,TH,Thailand,4.6971
2020-09-30,TR,Türkiye,28.4942
2020-09-30,US,United States,7.1629
2020-09-30,XM,Euro area,5.2185
2020-09-30,XW,World,4.734
2020-09-30,ZA,South Africa,2.819
2020-12-31,4T,Emerging market economies (aggregate),4.6488
2020-12-31,5R,Advanced economies,6.8719
2020-12-31,AT,Austria,9.9761
2020-12-31,AU,Australia,3.6237
2020-12-31,BE,Belgium,5.8665
2020-12-31,BG,Bulgaria,5.4129
2020-12-31,BR,Brazil,8.9481
2020-12-31,CA,Canada,8.3571
2020-12-31,CH,Switzerland,3.1292
2020-12-31,CL,Chile,4.5116
2020-12-31,CN,China,2.3067
2020-12-31,CO,Colombia,1.73
2020-12-31,CY,Cyprus,0.7659
2020-12-31,CZ,Czechia,8.9481
2020-12-31,DE,Germany,8.7457
2020-12-31,DK,Denmark,7.1521
2020-12-31,EE,Estonia,4.8252
2020-12-31,ES,Spain,1.6847
2020-12-31,FI,Finland,3.5375
2020-12-31,FR,France,5.8563
2020-12-31,GB,United Kingdom,5.8537
2020-12-31,GR,Greece,3.1741
2020-12-31,HK,Hong Kong SAR,-0.0788
2020-12-31,HR,Croatia,6.3204
2020-12-31,HU,Hungary,4.1885
2020-12-31,ID,Indonesia,1.1491
2020-12-31,IE,Ireland,0.7145
2020-12-31,IL,Israel,3.6843
2020-12-31,IN,India,2.1918
2020-12-31,IS,Iceland,7.7638
2020-12-31,IT,Italy,1.533
2020-12-31,JP,Japan,1.5699
2020-12-31,KR,Korea,7.1684
2020-12-31,LT,Lithuania,9.3961
2020-12-31,LU,Luxembourg,16.6567
2020-12-31,LV,Latvia,2.2323
2020-12-31,MA,Morocco,1.6043
2020-12-31,MK,North Macedonia,1.8879
2020-12-31,MT,Malta,1.5915
2020-12-31,MX,Mexico,5.3772
2020-12-31,MY,Malaysia,1.2072
2020-12-31,NL,Netherlands,8.6498
2020-12-31,NO,Norway,7.5455
2020-12-31,NZ,New Zealand,16.0658
2020-12-31,PE,Peru,3.8465
2020-12-31,PH,Philippines,3.9097
2020-12-31,PL,Poland,8.9406
2020-12-31,PT,Portugal,7.948
2020-12-31,RO,Romania,2.4
2020-12-31,RS,Serbia,12.7518
2020-12-31,RU,Russia,13.9833
2020-12-31,SE,Sweden,5.2747
2020-12-31,SG,Singapore,2.2135
2020-12-31,SI,Slovenia,5.1755
2020-12-31,SK,Slovakia,7.1227
2020-12-31,TH,Thailand,1.1111
2020-12-31,TR,Türkiye,31.3392
2020-12-31,US,United States,9.5075
2020-12-31,XM,Euro area,5.9385
2020-12-31,XW,World,5.7245
2020-12-31,ZA,South Africa,4.1631
2021-03-31,4T,Emerging market economies (aggregate),4.7659
2021-03-31,5R,Advanced economies,8.3454
2021-03-31,AT,Austria,12.3416
2021-03-31,AU,Australia,7.476
2021-03-31,BE,Belgium,6.2218
2021-03-31,BG,Bulgaria,7.5211
2021-03-31,BR,Brazil,9.1237
2021-03-31,CA,Canada,8.7442
2021-03-31,CH,Switzerland,3.8598
2021-03-31,CL,Chile,8.1793
2021-03-31,CN,China,3.0351
2021-03-31,CO,Colombia,2.2005
2021-03-31,CY,Cyprus,0.9031
2021-03-31,CZ,Czechia,13.3557
2021-03-31,DE,Germany,9.3607
2021-03-31,DK,Denmark,9.0439
2021-03-31,EE,Estonia,6.5789
2021-03-31,ES,Spain,0.9391
2021-03-31,FI,Finland,4.1311
2021-03-31,FR,France,5.5312
2021-03-31,GB,United Kingdom,7.7017
2021-03-31,GR,Greece,4.538
2021-03-31,HK,Hong Kong SAR,2.2006
2021-03-31,HR,Croatia,4.7897
2021-03-31,HU,Hungary,9.681
2021-03-31,ID,Indonesia,0.9584
2021-03-31,IE,Ireland,3.028
2021-03-31,IL,Israel,4.6323
2021-03-31,IN,India,2.6575
2021-03-31,IS,Iceland,8.547
2021-03-31,IT,Italy,1.7544
2021-03-31,JP,Japan,3.344
2021-03-31,KR,Korea,10.2498
2021-03-31,LT,Lithuania,11.9594
2021-03-31,LU,Luxembourg,17.1412
2021-03-31,LV,Latvia,2.8771
2021-03-31,MA,Morocco,0.6301
2021-03-31,MK,North Macedonia,2.9355
2021-03-31,MT,Malta,4.577
2021-03-31,MX,Mexico,6.5673
2021-03-31,MY,Malaysia,0.7011
2021-03-31,NL,Netherlands,10.3413
2021-03-31,NO,Norway,11.1395
2021-03-31,NZ,New Zealand,22.7404
2021-03-31,PE,Peru,2.1329
2021-03-31,PH,Philippines,4.1098
2021-03-31,PL,Poland,7.2156
2021-03-31,PT,Portugal,6.611
2021-03-31,RO,Romania,0.7692
2021-03-31,RS,Serbia,13.6127
2021-03-31,RU,Russia,11.0675
2021-03-31,SE,Sweden,7.2393
2021-03-31,SG,Singapore,6.6403
2021-03-31,SI,Slovenia,7.2549
2021-03-31,SK,Slovakia,1.9688
2021-03-31,TH,Thailand,0.9709
2021-03-31,TR,Türkiye,31.4781
2021-03-31,US,United States,11.3312
2021-03-31,XM,Euro area,6.2204
2021-03-31,XW,World,6.4829
2021-03-31,ZA,South Africa,6.309
2021-06-30,4T,Emerging market economies (aggregate),5.5333
2021-06-30,5R,Advanced economies,11.2423
2021-06-30,AT,Austria,11.754
2021-06-30,AU,Australia,16.7598
2021-06-30,BE,Belgium,7.0063
2021-06-30,BG,Bulgaria,9.052
2021-06-30,BR,Brazil,8.6722
2021-06-30,CA,Canada,13.4668
2021-06-30,CH,Switzerland,4.713
2021-06-30,CL,Chile,10.3522
2021-06-30,CN,China,3.669
2021-06-30,CO,Colombia,7.2777
2021-06-30,CY,Cyprus,0.2394
2021-06-30,CZ,Czechia,17.2277
2021-06-30,DE,Germany,11.5471
2021-06-30,DK,Denmark,12.7848
2021-06-30,EE,Estonia,16.0598
2021-06-30,ES,Spain,3.2855
2021-06-30,FI,Finland,5.5357
2021-06-30,FR,France,6.0606
2021-06-30,GB,United Kingdom,9.3902
2021-06-30,GR,Greece,6.8714
2021-06-30,HK,Hong Kong SAR,2.4863
2021-06-30,HR,Croatia,6.5984
2021-06-30,HU,Hungary,16.8668
2021-06-30,ID,Indonesia,0.9557
2021-06-30,IE,Ireland,5.5652
2021-06-30,IL,Israel,7.6838
2021-06-30,IN,India,1.972
2021-06-30,IS,Iceland,12.6243
2021-06-30,IT,Italy,0.2268
2021-06-30,JP,Japan,5.469
2021-06-30,KR,Korea,13.0091
2021-06-30,LT,Lithuania,13.2683
2021-06-30,LU,Luxembourg,13.4859
2021-06-30,LV,Latvia,12.1005
2021-06-30,MA,Morocco,2.3652
2021-06-30,MK,North Macedonia,4.1597
2021-06-30,MT,Malta,5.4422
2021-06-30,MX,Mexico,7.7463
2021-06-30,MY,Malaysia,1.0479
2021-06-30,NL,Netherlands,12.5253
2021-06-30,NO,Norway,12.3872
2021-06-30,NZ,New Zealand,28.5164
2021-06-30,PE,Peru,1.4367
2021-06-30,PH,Philippines,2.3859
2021-06-30,PL,Poland,8.3314
2021-06-30,PT,Portugal,7.8304
2021-06-30,RO,Romania,3.0769
2021-06-30,RS,Serbia,14.6589
2021-06-30,RU,Russia,14.3553
2021-06-30,SE,Sweden,10.925
2021-06-30,SG,Singapore,7.1429
2021-06-30,SI,Slovenia,10.0666
2021-06-30,SK,Slovakia,4.7265
2021-06-30,TH,Thailand,0.8339
2021-06-30,TR,Türkiye,34.3039
2021-06-30,US,United States,15.5708
2021-06-30,XM,Euro area,7.4166
2021-06-30,XW,World,8.2514
2021-06-30,ZA,South Africa,7.71
2021-09-30,4T,Emerging market economies (aggregate),5.4226
2021-09-30,5R,Advanced economies,12.7302
2021-09-30,AT,Austria,10.4176
2021-09-30,AU,Australia,21.6909
2021-09-30,BE,Belgium,7.5514
2021-09-30,BG,Bulgaria,8.7074
2021-09-30,BR,Brazil,7.625
2021-09-30,CA,Canada,14.3627
2021-09-30,CH,Switzerland,6.9456
2021-09-30,CL,Chile,13.3246
2021-09-30,CN,China,3.0678
2021-09-30,CO,Colombia,6.4696
2021-09-30,CY,Cyprus,1.1764
2021-09-30,CZ,Czechia,22.1364
2021-09-30,DE,Germany,12.7312
2021-09-30,DK,Denmark,13.1026
2021-09-30,EE,Estonia,17.3087
2021-09-30,ES,Spain,4.1725
2021-09-30,FI,Finland,4.8582
2021-09-30,FR,France,7.1307
2021-09-30,GB,United Kingdom,8.2938
2021-09-30,GR,Greece,8.7983
2021-09-30,HK,Hong Kong SAR,3.7462
2021-09-30,HR,Croatia,9.0227
2021-09-30,HU,Hungary,16.685
2021-09-30,ID,Indonesia,1.022
2021-09-30,IE,Ireland,10.5772
2021-09-30,IL,Israel,9.6041
2021-09-30,IN,India,2.3811
2021-09-30,IS,Iceland,14.6522
2021-09-30,IT,Italy,4.0745
2021-09-30,JP,Japan,8.1447
2021-09-30,KR,Korea,15.0808
2021-09-30,LT,Lithuania,18.8748
2021-09-30,LU,Luxembourg,13.3852
2021-09-30,LV,Latvia,12.3955
2021-09-30,MA,Morocco,-5.4906
2021-09-30,MK,North Macedonia,5.651
2021-09-30,MT,Malta,5.8824
2021-09-30,MX,Mexico,8.6641
2021-09-30,MY,Malaysia,1.0505
2021-09-30,NL,Netherlands,16.1895
2021-09-30,NO,Norway,10.4369
2021-09-30,NZ,New Zealand,28.6702
2021-09-30,PE,Peru,-0.6733
2021-09-30,PH,Philippines,5.0121
2021-09-30,PL,Poland,8.9158
2021-09-30,PT,Portugal,11.5081
2021-09-30,RO,Romania,6.3492
2021-09-30,RS,Serbia,15.5827
2021-09-30,RU,Russia,14.5636
2021-09-30,SE,Sweden,11.3379
2021-09-30,SG,Singapore,7.4772
2021-09-30,SI,Slovenia,12.894
2021-09-30,SK,Slovakia,8.0506
2021-09-30,TH,Thailand,4.2263
2021-09-30,TR,Türkiye,33.2964
2021-09-30,US,United States,16.7013
2021-09-30,XM,Euro area,9.2374
2021-09-30,XW,World,8.8811
2021-09-30,ZA,South Africa,6.9448
2021-12-31,4T,Emerging market economies (aggregate),5.6187
2021-12-31,5R,Advanced economies,12.8122
2021-12-31,AT,Austria,12.5434
2021-12-31,AU,Australia,23.6718
2021-12-31,BE,Belgium,5.9037
2021-12-31,BG,Bulgaria,9.37
2021-12-31,BR,Brazil,6.1718
2021-12-31,CA,Canada,13.9351
2021-12-31,CH,Switzerland,7.314
2021-12-31,CL,Chile,15.4366
2021-12-31,CN,China,1.6141
2021-12-31,CO,Colombia,6.4925
2021-12-31,CY,Cyprus,2.6226
2021-12-31,CZ,Czechia,25.7681
2021-12-31,DE,Germany,12.6984
2021-12-31,DK,Denmark,11.165
2021-12-31,EE,Estonia,20.3851
2021-12-31,ES,Spain,6.3013
2021-12-31,FI,Finland,3.8981
2021-12-31,FR,France,6.8734
2021-12-31,GB,United Kingdom,7.2581
2021-12-31,GR,Greece,10.0429
2021-12-31,HK,Hong Kong SAR,3.6521
2021-12-31,HR,Croatia,9.4807
2021-12-31,HU,Hungary,22.7806
2021-12-31,ID,Indonesia,1.1846
2021-12-31,IE,Ireland,13.8209
2021-12-31,IL,Israel,11.7476
2021-12-31,IN,India,3.1276
2021-12-31,IS,Iceland,15.851
2021-12-31,IT,Italy,3.9489
2021-12-31,JP,Japan,6.8241
2021-12-31,KR,Korea,15.75
2021-12-31,LT,Lithuania,19.8236
2021-12-31,LU,Luxembourg,12.1015
2021-12-31,LV,Latvia,16.1325
2021-12-31,MA,Morocco,-7.193
2021-12-31,MK,North Macedonia,11.3768
2021-12-31,MT,Malta,4.5692
2021-12-31,MX,Mexico,8.5492
2021-12-31,MY,Malaysia,1.8887
2021-12-31,NL,Netherlands,18.5437
2021-12-31,NO,Norway,7.9839
2021-12-31,NZ,New Zealand,25.9273
2021-12-31,PE,Peru,-2.9875
2021-12-31,PH,Philippines,6.3586
2021-12-31,PL,Poland,12.0864
2021-12-31,PT,Portugal,11.5964
2021-12-31,RO,Romania,7.8125
2021-12-31,RS,Serbia,16.358
2021-12-31,RU,Russia,14.952
2021-12-31,SE,Sweden,10.9029
2021-12-31,SG,Singapore,10.5732
2021-12-31,SI,Slovenia,15.7715
2021-12-31,SK,Slovakia,10.7308
2021-12-31,TH,Thailand,3.0381
2021-12-31,TR,Türkiye,49.206
2021-12-31,US,United States,16.8749
2021-12-31,XM,Euro area,9.5457
2021-12-31,XW,World,9.0162
2021-12-31,ZA,South Africa,5.9606
2022-03-31,4T,Emerging market economies (aggregate),7.0894
2022-03-31,5R,Advanced economies,13.6965
2022-03-31,AT,Austria,12.3642
2022-03-31,AU,Australia,20.5831
2022-03-31,BE,Belgium,6.2168
2022-03-31,BG,Bulgaria,11.5273
2022-03-31,BR,Brazil,4.58
2022-03-31,CA,Canada,25.4561
2022-03-31,CH,Switzerland,6.9742
2022-03-31,CL,Chile,7.3929
2022-03-31,CN,China,-0.1523
2022-03-31,CO,Colombia,7.8811
2022-03-31,CY,Cyprus,3.1892
2022-03-31,CZ,Czechia,24.5116
2022-03-31,DE,Germany,12.2129
2022-03-31,DK,Denmark,9.7156
2022-03-31,EE,Estonia,20.9877
2022-03-31,ES,Spain,8.5283
2022-03-31,FI,Finland,3.0096
2022-03-31,FR,France,6.9884
2022-03-31,GB,United Kingdom,8.1725
2022-03-31,GR,Greece,10.0287
2022-03-31,HK,Hong Kong SAR,-0.0519
2022-03-31,HR,Croatia,13.7291
2022-03-31,HU,Hungary,23.1633
2022-03-31,ID,Indonesia,1.5789
2022-03-31,IE,Ireland,14.9362
2022-03-31,IL,Israel,15.2059
2022-03-31,IN,India,1.797
2022-03-31,IS,Iceland,19.0813
2022-03-31,IT,Italy,4.5977
2022-03-31,JP,Japan,9.0602
2022-03-31,KR,Korea,12.6087
2022-03-31,LT,Lithuania,19.1636
2022-03-31,LU,Luxembourg,10.2263
2022-03-31,LV,Latvia,17.3962
2022-03-31,MA,Morocco,-5.3667
2022-03-31,MK,North Macedonia,12.4657
2022-03-31,MT,Malta,6.7639
2022-03-31,MX,Mexico,7.7422
2022-03-31,MY,Malaysia,2.3869
2022-03-31,NL,Netherlands,19.0253
2022-03-31,NO,Norway,7.192
2022-03-31,NZ,New Zealand,13.5922
2022-03-31,PE,Peru,-2.1077
2022-03-31,PH,Philippines,9.0927
2022-03-31,PL,Poland,13.5591
2022-03-31,PT,Portugal,12.9569
2022-03-31,RO,Romania,6.8702
2022-03-31,RS,Serbia,16.7142
2022-03-31,RU,Russia,32.4969
2022-03-31,SE,Sweden,10.3135
2022-03-31,SG,Singapore,7.7682
2022-03-31,SI,Slovenia,17.0231
2022-03-31,SK,Slovakia,14.181
2022-03-31,TH,Thailand,2.8205
2022-03-31,TR,Türkiye,92.2426
2022-03-31,US,United States,18.0196
2022-03-31,XM,Euro area,9.9964
2022-03-31,XW,World,10.2125
2022-03-31,ZA,South Africa,5.1453
2022-06-30,4T,Emerging market economies (aggregate),7.4698
2022-06-30,5R,Advanced economies,12.0391
2022-06-30,AT,Austria,13.1268
2022-06-30,AU,Australia,13.3574
2022-06-30,BE,Belgium,5.9304
2022-06-30,BG,Bulgaria,14.6071
2022-06-30,BR,Brazil,3.1609
2022-06-30,CA,Canada,14.5592
2022-06-30,CH,Switzerland,7.4816
2022-06-30,CL,Chile,7.1708
2022-06-30,CN,China,-2.1837
2022-06-30,CO,Colombia,6.9321
2022-06-30,CY,Cyprus,4.6643
2022-06-30,CZ,Czechia,22.2973
2022-06-30,DE,Germany,10.1508
2022-06-30,DK,Denmark,5.7239
2022-06-30,EE,Estonia,27.3313
2022-06-30,ES,Spain,8.0556
2022-06-30,FI,Finland,2.0394
2022-06-30,FR,France,6.7755
2022-06-30,GB,United Kingdom,8.9186
2022-06-30,GR,Greece,10.8787
2022-06-30,HK,Hong Kong SAR,-2.2563
2022-06-30,HR,Croatia,13.6993
2022-06-30,HU,Hungary,24.8532
2022-06-30,ID,Indonesia,1.6518
2022-06-30,IE,Ireland,14.2857
2022-06-30,IL,Israel,17.4912
2022-06-30,IN,India,3.3556
2022-06-30,IS,Iceland,22.8806
2022-06-30,IT,Italy,5.2036
2022-06-30,JP,Japan,9.1999
2022-06-30,KR,Korea,9.3872
2022-06-30,LT,Lithuania,22.0634
2022-06-30,LU,Luxembourg,11.5799
2022-06-30,LV,Latvia,16.325
2022-06-30,MA,Morocco,-1.9408
2022-06-30,MK,North Macedonia,16.4959
2022-06-30,MT,Malta,7.4838
2022-06-30,MX,Mexico,7.9678
2022-06-30,MY,Malaysia,2.6173
2022-06-30,NL,Netherlands,17.5045
2022-06-30,NO,Norway,6.3504
2022-06-30,NZ,New Zealand,5.109
2022-06-30,PE,Peru,-1.6691
2022-06-30,PH,Philippines,9.6336
2022-06-30,PL,Poland,12.3712
2022-06-30,PT,Portugal,13.16
2022-06-30,RO,Romania,8.2089
2022-06-30,RS,Serbia,16.4952
2022-06-30,RU,Russia,29.4502
2022-06-30,SE,Sweden,7.0548
2022-06-30,SG,Singapore,10.6422
2022-06-30,SI,Slovenia,15.5696
2022-06-30,SK,Slovakia,16.6345
2022-06-30,TH,Thailand,3.5623
2022-06-30,TR,Türkiye,143.2684
2022-06-30,US,United States,15.8454
2022-06-30,XM,Euro area,9.4239
2022-06-30,XW,World,9.639
2022-06-30,ZA,South Africa,4.513
2022-09-30,4T,Emerging market economies (aggregate),8.1247
2022-09-30,5R,Advanced economies,8.3642
2022-09-30,AT,Austria,10.7882
2022-09-30,AU,Australia,4.2018
2022-09-30,BE,Belgium,5.4046
2022-09-30,BG,Bulgaria,15.5904
2022-09-30,BR,Brazil,2.1745
2022-09-30,CA,Canada,2.0084
2022-09-30,CH,Switzerland,6.3144
2022-09-30,CL,Chile,8.102
2022-09-30,CN,China,-3.2766
2022-09-30,CO,Colombia,6.7344
2022-09-30,CY,Cyprus,6.2757
2022-09-30,CZ,Czechia,15.5954
2022-09-30,DE,Germany,5.1158
2022-09-30,DK,Denmark,3.2787
2022-09-30,EE,Estonia,24.1895
2022-09-30,ES,Spain,7.6467
2022-09-30,FI,Finland,1.1784
2022-09-30,FR,France,6.4184
2022-09-30,GB,United Kingdom,10.9409
2022-09-30,GR,Greece,12.6187
2022-09-30,HK,Hong Kong SAR,-7.4229
2022-09-30,HR,Croatia,14.8071
2022-09-30,HU,Hungary,24.1151
2022-09-30,ID,Indonesia,1.9367
2022-09-30,IE,Ireland,11.8728
2022-09-30,IL,Israel,19.584
2022-09-30,IN,India,6.6461
2022-09-30,IS,Iceland,22.6252
2022-09-30,IT,Italy,2.9083
2022-09-30,JP,Japan,7.8575
2022-09-30,KR,Korea,5.2667
2022-09-30,LT,Lithuania,19.2693
2022-09-30,LU,Luxembourg,11.0423
2022-09-30,LV,Latvia,13.5997
2022-09-30,MA,Morocco,1.5239
2022-09-30,MK,North Macedonia,21.4137
2022-09-30,MT,Malta,6.4394
2022-09-30,MX,Mexico,9.4236
2022-09-30,MY,Malaysia,5.1485
2022-09-30,NL,Netherlands,12.0646
2022-09-30,NO,Norway,4.8352
2022-09-30,NZ,New Zealand,-3.6451
2022-09-30,PE,Peru,0.1118
2022-09-30,PH,Philippines,13.9141
2022-09-30,PL,Poland,12.1248
2022-09-30,PT,Portugal,13.1547
2022-09-30,RO,Romania,6.7164
2022-09-30,RS,Serbia,15.8338
2022-09-30,RU,Russia,26.8587
2022-09-30,SE,Sweden,1.1506
2022-09-30,SG,Singapore,13.6116
2022-09-30,SI,Slovenia,15.1818
2022-09-30,SK,Slovakia,14.5936
2022-09-30,TH,Thailand,1.3724
2022-09-30,TR,Türkiye,180.5053
2022-09-30,US,United States,10.6012
2022-09-30,XM,Euro area,7.045
2022-09-30,XW,World,8.2463
2022-09-30,ZA,South Africa,4.1348
2022-12-31,4T,Emerging market economies (aggregate),7.0454
2022-12-31,5R,Advanced economies,4.6885
2022-12-31,AT,Austria,5.2449
2022-12-31,AU,Australia,-3.0743
2022-12-31,BE,Belgium,4.6105
2022-12-31,BG,Bulgaria,13.3753
2022-12-31,BR,Brazil,1.7808
2022-12-31,CA,Canada,-4.6741
2022-12-31,CH,Switzerland,4.8076
2022-12-31,CL,Chile,4.8815
2022-12-31,CN,China,-3.7064
2022-12-31,CO,Colombia,5.4264
2022-12-31,CY,Cyprus,6.605
2022-12-31,CZ,Czechia,6.9292
2022-12-31,DE,Germany,-2.5352
2022-12-31,DK,Denmark,0.7642
2022-12-31,EE,Estonia,16.8552
2022-12-31,ES,Spain,5.4749
2022-12-31,FI,Finland,-2.3527
2022-12-31,FR,France,4.7059
2022-12-31,GB,United Kingdom,9.0226
2022-12-31,GR,Greece,14.2473
2022-12-31,HK,Hong Kong SAR,-13.553
2022-12-31,HR,Croatia,16.9605
2022-12-31,HU,Hungary,17.508
2022-12-31,ID,Indonesia,2.0055
2022-12-31,IE,Ireland,8.5966
2022-12-31,IL,Israel,16.7283
2022-12-31,IN,India,4.5045
2022-12-31,IS,Iceland,20.2712
2022-12-31,IT,Italy,2.6816
2022-12-31,JP,Japan,7.5348
2022-12-31,KR,Korea,-0.0905
2022-12-31,LT,Lithuania,16.0141
2022-12-31,LU,Luxembourg,5.5218
2022-12-31,LV,Latvia,8.6296
2022-12-31,MA,Morocco,1.0397
2022-12-31,MK,North Macedonia,20.4741
2022-12-31,MT,Malta,5.8677
2022-12-31,MX,Mexico,10.4072
2022-12-31,MY,Malaysia,3.9024
2022-12-31,NL,Netherlands,5.6511
2022-12-31,NO,Norway,2.6139
2022-12-31,NZ,New Zealand,-10.7876
2022-12-31,PE,Peru,1.5403
2022-12-31,PH,Philippines,12.9367
2022-12-31,PL,Poland,9.3394
2022-12-31,PT,Portugal,11.336
2022-12-31,RO,Romania,6.5218
2022-12-31,RS,Serbia,14.6359
2022-12-31,RU,Russia,23.0504
2022-12-31,SE,Sweden,-3.6968
2022-12-31,SG,Singapore,8.6405
2022-12-31,SI,Slovenia,11.5849
2022-12-31,SK,Slovakia,9.6908
2022-12-31,TH,Thailand,4.266
2022-12-31,TR,Türkiye,170.4663
2022-12-31,US,United States,6.8391
2022-12-31,XM,Euro area,3.3091
2022-12-31,XW,World,5.9242
2022-12-31,ZA,South Africa,3.5327
2023-03-31,4T,Emerging market economies (aggregate),4.8559
2023-03-31,5R,Advanced economies,1.3243
2023-03-31,AT,Austria,1.0409
2023-03-31,AU,Australia,-6.1314
2023-03-31,BE,Belgium,3.8609
2023-03-31,BG,Bulgaria,9.4771
2023-03-31,BR,Brazil,2.0161
2023-03-31,CA,Canada,-15.4453
2023-03-31,CH,Switzerland,3.924
2023-03-31,CL,Chile,8.342
2023-03-31,CN,China,-3.3571
2023-03-31,CO,Colombia,7.8742
2023-03-31,CY,Cyprus,7.6716
2023-03-31,CZ,Czechia,0.7133
2023-03-31,DE,Germany,-6.3256
2023-03-31,DK,Denmark,-4.4276
2023-03-31,EE,Estonia,9.1837
2023-03-31,ES,Spain,3.5459
2023-03-31,FI,Finland,-5.4537
2023-03-31,FR,France,2.8771
2023-03-31,GB,United Kingdom,3.9874
2023-03-31,GR,Greece,15.625
2023-03-31,HK,Hong Kong SAR,-10.244
2023-03-31,HR,Croatia,13.8959
2023-03-31,HU,Hungary,11.3505
2023-03-31,ID,Indonesia,1.7926
2023-03-31,IE,Ireland,5.1142
2023-03-31,IL,Israel,11.2416
2023-03-31,IN,India,4.3422
2023-03-31,IS,Iceland,13.3531
2023-03-31,IT,Italy,0.989
2023-03-31,JP,Japan,4.7472
2023-03-31,KR,Korea,-4.3253
2023-03-31,LT,Lithuania,13.1219
2023-03-31,LU,Luxembourg,-1.6314
2023-03-31,LV,Latvia,5.8689
2023-03-31,MA,Morocco,0.6616
2023-03-31,MK,North Macedonia,19.0659
2023-03-31,MT,Malta,7.3292
2023-03-31,MX,Mexico,11.6789
2023-03-31,MY,Malaysia,4.8082
2023-03-31,NL,Netherlands,0.0787
2023-03-31,NO,Norway,-0.0714
2023-03-31,NZ,New Zealand,-11.6739
2023-03-31,PE,Peru,0.723
2023-03-31,PH,Philippines,10.1177
2023-03-31,PL,Poland,5.7517
2023-03-31,PT,Portugal,8.7114
2023-03-31,RO,Romania,4.2857
2023-03-31,RS,Serbia,13.1882
2023-03-31,RU,Russia,1.1394
2023-03-31,SE,Sweden,-6.7201
2023-03-31,SG,Singapore,11.4417
2023-03-31,SI,Slovenia,8.9985
2023-03-31,SK,Slovakia,7.4053
2023-03-31,TH,Thailand,4.7382
2023-03-31,TR,Türkiye,142.6874
2023-03-31,US,United States,3.6434
2023-03-31,XM,Euro area,0.5741
2023-03-31,XW,World,3.1701
2023-03-31,ZA,South Africa,2.583
2023-06-30,4T,Emerging market economies (aggregate),4.0599
2023-06-30,5R,Advanced economies,-0.0257
2023-06-30,AT,Austria,-2.2703
2023-06-30,AU,Australia,-3.8022
2023-06-30,BE,Belgium,1.793
2023-06-30,BG,Bulgaria,10.693
2023-06-30,BR,Brazil,2.7273
2023-06-30,CA,Canada,-8.8542
2023-06-30,CH,Switzerland,2.3932
2023-06-30,CL,Chile,7.9905
2023-06-30,CN,China,-2.6688
2023-06-30,CO,Colombia,5.9788
2023-06-30,CY,Cyprus,7.4234
2023-06-30,CZ,Czechia,-2.7164
2023-06-30,DE,Germany,-9.3978
2023-06-30,DK,Denmark,-5.7325
2023-06-30,EE,Estonia,4.9949
2023-06-30,ES,Spain,3.7084
2023-06-30,FI,Finland,-6.0656
2023-06-30,FR,France,0.6881
2023-06-30,GB,United Kingdom,0.9212
2023-06-30,GR,Greece,14.8428
2023-06-30,HK,Hong Kong SAR,-8.713
2023-06-30,HR,Croatia,13.9398
2023-06-30,HU,Hungary,6.3871
2023-06-30,ID,Indonesia,1.9291
2023-06-30,IE,Ireland,2.7389
2023-06-30,IL,Israel,5.0517
2023-06-30,IN,India,3.7212
2023-06-30,IS,Iceland,7.8848
2023-06-30,IT,Italy,0.7527
2023-06-30,JP,Japan,3.2423
2023-06-30,KR,Korea,-6.7964
2023-06-30,LT,Lithuania,9.3438
2023-06-30,LU,Luxembourg,-5.9479
2023-06-30,LV,Latvia,5.378
2023-06-30,MA,Morocco,0.2827
2023-06-30,MK,North Macedonia,13.0201
2023-06-30,MT,Malta,5.2822
2023-06-30,MX,Mexico,11.5326
2023-06-30,MY,Malaysia,4.3311
2023-06-30,NL,Netherlands,-4.0489
2023-06-30,NO,Norway,-0.1373
2023-06-30,NZ,New Zealand,-8.8957
2023-06-30,PE,Peru,1.0456
2023-06-30,PH,Philippines,10.5082
2023-06-30,PL,Poland,7.0336
2023-06-30,PT,Portugal,8.7292
2023-06-30,RO,Romania,0
2023-06-30,RS,Serbia,11.6024
2023-06-30,RU,Russia,0.7918
2023-06-30,SE,Sweden,-6.7531
2023-06-30,SG,Singapore,7.4627
2023-06-30,SI,Slovenia,7.515
2023-06-30,SK,Slovakia,-2.1559
2023-06-30,TH,Thailand,2.887
2023-06-30,TR,Türkiye,105.4445
2023-06-30,US,United States,2.1804
2023-06-30,XM,Euro area,-1.4195
2023-06-30,XW,World,2.1098
2023-06-30,ZA,South Africa,1.6043
2023-09-30,4T,Emerging market economies (aggregate),3.52
2023-09-30,5R,Advanced economies,0.8256
2023-09-30,AT,Austria,-2.9105
2023-09-30,AU,Australia,2.3823
2023-09-30,BE,Belgium,1.0003
2023-09-30,BG,Bulgaria,9.2013
2023-09-30,BR,Brazil,3.6979
2023-09-30,CA,Canada,-0.3499
2023-09-30,CH,Switzerland,1.3088
2023-09-30,CL,Chile,7.9242
2023-09-30,CN,China,-3.1808
2023-09-30,CO,Colombia,8.3181
2023-09-30,CY,Cyprus,7.5638
2023-09-30,CZ,Czechia,-3.5096
2023-09-30,DE,Germany,-10.1928
2023-09-30,DK,Denmark,-4.3386
2023-09-30,EE,Estonia,3.8487
2023-09-30,ES,Spain,4.5227
2023-09-30,FI,Finland,-7.7731
2023-09-30,FR,France,-1.5637
2023-09-30,GB,United Kingdom,-1.0848
2023-09-30,GR,Greece,12.7711
2023-09-30,HK,Hong Kong SAR,-8.5882
2023-09-30,HR,Croatia,10.8756
2023-09-30,HU,Hungary,3.6502
2023-09-30,ID,Indonesia,1.9565
2023-09-30,IE,Ireland,1.3817
2023-09-30,IL,Israel,-0.1966
2023-09-30,IN,India,2.6257
2023-09-30,IS,Iceland,2.2551
2023-09-30,IT,Italy,1.7391
2023-09-30,JP,Japan,2.1427
2023-09-30,KR,Korea,-7.3239
2023-09-30,LT,Lithuania,8.7372
2023-09-30,LU,Luxembourg,-13.9373
2023-09-30,LV,Latvia,3.0164
2023-09-30,MA,Morocco,0.0938
2023-09-30,MK,North Macedonia,11.1924
2023-09-30,MT,Malta,5.6109
2023-09-30,MX,Mexico,10.3813
2023-09-30,MY,Malaysia,3.2957
2023-09-30,NL,Netherlands,-3.7149
2023-09-30,NO,Norway,-1.2579
2023-09-30,NZ,New Zealand,-4.0618
2023-09-30,PE,Peru,1.0934
2023-09-30,PH,Philippines,7.3471
2023-09-30,PL,Poland,9.2603
2023-09-30,PT,Portugal,7.5687
2023-09-30,RO,Romania,4.8951
2023-09-30,RS,Serbia,9.9627
2023-09-30,RU,Russia,1.7592
2023-09-30,SE,Sweden,-4.1734
2023-09-30,SG,Singapore,4.3664
2023-09-30,SI,Slovenia,5.6279
2023-09-30,SK,Slovakia,-4.0838
2023-09-30,TH,Thailand,3.2
2023-09-30,TR,Türkiye,93.7552
2023-09-30,US,United States,4.5979
2023-09-30,XM,Euro area,-2.0784
2023-09-30,XW,World,2.2422
2023-09-30,ZA,South Africa,0.8698
2023-12-31,4T,Emerging market economies (aggregate),3.3774
2023-12-31,5R,Advanced economies,1.6612
2023-12-31,AT,Austria,-2.3452
2023-12-31,AU,Australia,7.2442
2023-12-31,BE,Belgium,2.7722
2023-12-31,BG,Bulgaria,10.0754
2023-12-31,BR,Brazil,4.7026
2023-12-31,CA,Canada,0.467
2023-12-31,CH,Switzerland,1.2482
2023-12-31,CL,Chile,7.544
2023-12-31,CN,China,-3.7182
2023-12-31,CO,Colombia,4.9077
2023-12-31,CY,Cyprus,8.3382
2023-12-31,CZ,Czechia,-1.0256
2023-12-31,DE,Germany,-7.6108
2023-12-31,DK,Denmark,-0.5417
2023-12-31,EE,Estonia,5.7763
2023-12-31,ES,Spain,4.294
2023-12-31,FI,Finland,-5.549
2023-12-31,FR,France,-3.5955
2023-12-31,GB,United Kingdom,-2.4631
2023-12-31,GR,Greece,12.4706
2023-12-31,HK,Hong Kong SAR,-7.2525
2023-12-31,HR,Croatia,9.8052
2023-12-31,HU,Hungary,7.3529
2023-12-31,ID,Indonesia,1.7404
2023-12-31,IE,Ireland,3.1269
2023-12-31,IL,Israel,-1.6204
2023-12-31,IN,India,2.955
2023-12-31,IS,Iceland,4.2353
2023-12-31,IT,Italy,1.741
2023-12-31,JP,Japan,2.031
2023-12-31,KR,Korea,-5.5994
2023-12-31,LT,Lithuania,8.3354
2023-12-31,LU,Luxembourg,-14.434
2023-12-31,LV,Latvia,0.8181
2023-12-31,MA,Morocco,-0.2806
2023-12-31,MK,North Macedonia,6.8676
2023-12-31,MT,Malta,6.7217
2023-12-31,MX,Mexico,10.0616
2023-12-31,MY,Malaysia,3.8498
2023-12-31,NL,Netherlands,0.155
2023-12-31,NO,Norway,-0.7278
2023-12-31,NZ,New Zealand,-0.615
2023-12-31,PE,Peru,2.933
2023-12-31,PH,Philippines,3.2079
2023-12-31,PL,Poland,13.0158
2023-12-31,PT,Portugal,7.8384
2023-12-31,RO,Romania,3.4014
2023-12-31,RS,Serbia,8.4603
2023-12-31,RU,Russia,3.2382
2023-12-31,SE,Sweden,-2.8563
2023-12-31,SG,Singapore,6.8399
2023-12-31,SI,Slovenia,6.9094
2023-12-31,SK,Slovakia,-1.4092
2023-12-31,TH,Thailand,2.5271
2023-12-31,TR,Türkiye,87.2631
2023-12-31,US,United States,5.3906
2023-12-31,XM,Euro area,-1.1211
2023-12-31,XW,World,2.5727
2023-12-31,ZA,South Africa,0.9085
2024-03-31,4T,Emerging market economies (aggregate),4.0797
2024-03-31,5R,Advanced economies,2.2695
2024-03-31,AT,Austria,-2.5754
2024-03-31,AU,Australia,9.5525
2024-03-31,BE,Belgium,3.1991
2024-03-31,BG,Bulgaria,16.0247
2024-03-31,BR,Brazil,5.5506
2024-03-31,CA,Canada,0.7333
2024-03-31,CH,Switzerland,1.478
2024-03-31,CL,Chile,7.5429
2024-03-31,CN,China,-5.1579
2024-03-31,CO,Colombia,7.891
2024-03-31,CY,Cyprus,7.7944
2024-03-31,CZ,Czechia,1.1803
2024-03-31,DE,Germany,-5.1639
2024-03-31,DK,Denmark,1.1299
2024-03-31,EE,Estonia,7.8104
2024-03-31,ES,Spain,6.3848
2024-03-31,FI,Finland,-4.0172
2024-03-31,FR,France,-4.7619
2024-03-31,GB,United Kingdom,-1.3118
2024-03-31,GR,Greece,10.8108
2024-03-31,HK,Hong Kong SAR,-11.5288
2024-03-31,HR,Croatia,8.9193
2024-03-31,HU,Hungary,11.9792
2024-03-31,ID,Indonesia,1.883
2024-03-31,IE,Ireland,6.321
2024-03-31,IL,Israel,1.0909
2024-03-31,IN,India,6.8899
2024-03-31,IS,Iceland,6.9663
2024-03-31,IT,Italy,1.6322
2024-03-31,JP,Japan,2.4877
2024-03-31,KR,Korea,-2.7962
2024-03-31,LT,Lithuania,9.9178
2024-03-31,LU,Luxembourg,-11.2265
2024-03-31,LV,Latvia,3.621
2024-03-31,MA,Morocco,-0.6573
2024-03-31,MK,North Macedonia,4.5302
2024-03-31,MT,Malta,6.6898
2024-03-31,MX,Mexico,9.6706
2024-03-31,MY,Malaysia,3.5218
2024-03-31,NL,Netherlands,3.6979
2024-03-31,NO,Norway,1.2143
2024-03-31,NZ,New Zealand,2.0812
2024-03-31,PE,Peru,1.5312
2024-03-31,PH,Philippines,7.4123
2024-03-31,PL,Poland,18.0038
2024-03-31,PT,Portugal,7.0033
2024-03-31,RO,Romania,5.4795
2024-03-31,RS,Serbia,7.1946
2024-03-31,RU,Russia,18.9628
2024-03-31,SE,Sweden,-1.5874
2024-03-31,SG,Singapore,4.8767
2024-03-31,SI,Slovenia,7.4171
2024-03-31,SK,Slovakia,-2.9316
2024-03-31,TH,Thailand,0.5952
2024-03-31,TR,Türkiye,63.3482
2024-03-31,US,United States,5.2852
2024-03-31,XM,Euro area,-0.0754
2024-03-31,XW,World,3.2344
2024-03-31,ZA,South Africa,1.0122
2024-06-30,4T,Emerging market economies (aggregate),2.8283
2024-06-30,5R,Advanced economies,2.6939
2024-06-30,AT,Austria,-2.4705
2024-06-30,AU,Australia,8.8514
2024-06-30,BE,Belgium,3.2776
2024-06-30,BG,Bulgaria,15.1149
2024-06-30,BR,Brazil,6.1096
2024-06-30,CA,Canada,-2.7619
2024-06-30,CH,Switzerland,1.3762
2024-06-30,CL,Chile,7.1367
2024-06-30,CN,China,-7.382
2024-06-30,CO,Colombia,7.698
2024-06-30,CY,Cyprus,7.9728
2024-06-30,CZ,Czechia,4.0701
2024-06-30,DE,Germany,-2.5176
2024-06-30,DK,Denmark,3.9414
2024-06-30,EE,Estonia,6.686
2024-06-30,ES,Spain,7.9381
2024-06-30,FI,Finland,-4.4411
2024-06-30,FR,France,-4.5558
2024-06-30,GB,United Kingdom,0.4057
2024-06-30,GR,Greece,9.7575
2024-06-30,HK,Hong Kong SAR,-12.7674
2024-06-30,HR,Croatia,9.9962
2024-06-30,HU,Hungary,12.8913
2024-06-30,ID,Indonesia,1.7621
2024-06-30,IE,Ireland,8.4386
2024-06-30,IL,Israel,4.5063
2024-06-30,IN,India,7.6198
2024-06-30,IS,Iceland,6.2825
2024-06-30,IT,Italy,2.8815
2024-06-30,JP,Japan,2.7695
2024-06-30,KR,Korea,-0.9672
2024-06-30,LT,Lithuania,10.3591
2024-06-30,LU,Luxembourg,-8.1709
2024-06-30,LV,Latvia,0.715
2024-06-30,MA,Morocco,-0.2819
2024-06-30,MK,North Macedonia,11.3689
2024-06-30,MT,Malta,6.9213
2024-06-30,MX,Mexico,9.3551
2024-06-30,MY,Malaysia,4.1052
2024-06-30,NL,Netherlands,7.6433
2024-06-30,NO,Norway,1.512
2024-06-30,NZ,New Zealand,1.2013
2024-06-30,PE,Peru,0.443
2024-06-30,PH,Philippines,7.8941
2024-06-30,PL,Poland,17.6686
2024-06-30,PT,Portugal,7.8093
2024-06-30,RO,Romania,6.8966
2024-06-30,RS,Serbia,6.2002
2024-06-30,RU,Russia,19.2588
2024-06-30,SE,Sweden,-0.7635
2024-06-30,SG,Singapore,6.0185
2024-06-30,SI,Slovenia,6.9781
2024-06-30,SK,Slovakia,4.0113
2024-06-30,TH,Thailand,1.2537
2024-06-30,TR,Türkiye,49.6847
2024-06-30,US,United States,4.7253
2024-06-30,XM,Euro area,1.5581
2024-06-30,XW,World,2.7633
2024-06-30,ZA,South Africa,0.6101
2024-09-30,4T,Emerging market economies (aggregate),1.4378
2024-09-30,5R,Advanced economies,2.7839
2024-09-30,AT,Austria,-2.2576
2024-09-30,AU,Australia,7.4356
2024-09-30,BE,Belgium,3.5581
2024-09-30,BG,Bulgaria,16.4988
2024-09-30,BR,Brazil,6.3143
2024-09-30,CA,Canada,-4.0217
2024-09-30,CH,Switzerland,1.7467
2024-09-30,CL,Chile,6.8641
2024-09-30,CN,China,-8.5737
2024-09-30,CO,Colombia,7.3894
2024-09-30,CY,Cyprus,6.507
2024-09-30,CZ,Czechia,6.1407
2024-09-30,DE,Germany,-0.2045
2024-09-30,DK,Denmark,5.1991
2024-09-30,EE,Estonia,6.4454
2024-09-30,ES,Spain,8.2584
2024-09-30,FI,Finland,-1.9899
2024-09-30,FR,France,-3.4796
2024-09-30,GB,United Kingdom,0.8973
2024-09-30,GR,Greece,8.5575
2024-09-30,HK,Hong Kong SAR,-13.1274
2024-09-30,HR,Croatia,12.7138
2024-09-30,HU,Hungary,13.6464
2024-09-30,ID,Indonesia,1.4554
2024-09-30,IE,Ireland,9.9151
2024-09-30,IL,Israel,6.19
2024-09-30,IN,India,6.9867
2024-09-30,IS,Iceland,11.886
2024-09-30,IT,Italy,3.7393
2024-09-30,JP,Japan,3.233
2024-09-30,KR,Korea,-0.3283
2024-09-30,LT,Lithuania,8.8672
2024-09-30,LU,Luxembourg,-1.8559
2024-09-30,LV,Latvia,5.254
2024-09-30,MA,Morocco,-0.3749
2024-09-30,MK,North Macedonia,7.9448
2024-09-30,MT,Malta,6.964
2024-09-30,MX,Mexico,9.1864
2024-09-30,MY,Malaysia,4.33
2024-09-30,NL,Netherlands,10.3937
2024-09-30,NO,Norway,3.2555
2024-09-30,NZ,New Zealand,-0.9932
2024-09-30,PE,Peru,0.0766
2024-09-30,PH,Philippines,7.5836
2024-09-30,PL,Poland,14.392
2024-09-30,PT,Portugal,9.7823
2024-09-30,RO,Romania,4
2024-09-30,RS,Serbia,5.5338
2024-09-30,RU,Russia,17.7033
2024-09-30,SE,Sweden,0.2212
2024-09-30,SG,Singapore,4.4388
2024-09-30,SI,Slovenia,8.1536
2024-09-30,SK,Slovakia,6.1624
2024-09-30,TH,Thailand,3.0411
2024-09-30,TR,Türkiye,33.2763
2024-09-30,US,United States,3.7211
2024-09-30,XM,Euro area,2.9371
2024-09-30,XW,World,2.0556
2024-09-30,ZA,South Africa,0.6487
2024-12-31,4T,Emerging market economies (aggregate),1.087
2024-12-31,5R,Advanced economies,3.278
2024-12-31,AT,Austria,-1.0882
2024-12-31,AU,Australia,5.7735
2024-12-31,BE,Belgium,2.8204
2024-12-31,BG,Bulgaria,18.2676
2024-12-31,BR,Brazil,6.1976
2024-12-31,CA,Canada,-1.826
2024-12-31,CH,Switzerland,2.3686
2024-12-31,CL,Chile,7.4577
2024-12-31,CN,China,-8.5668
2024-12-31,CO,Colombia,10.1597
2024-12-31,CY,Cyprus,4.5323
2024-12-31,CZ,Czechia,8.4314
2024-12-31,DE,Germany,1.877
2024-12-31,DK,Denmark,3.8126
2024-12-31,EE,Estonia,3.5669
2024-12-31,ES,Spain,11.3466
2024-12-31,FI,Finland,-1.8456
2024-12-31,FR,France,-1.8648
2024-12-31,GB,United Kingdom,2.4242
2024-12-31,GR,Greece,7.4109
2024-12-31,HK,Hong Kong SAR,-8.1357
2024-12-31,HR,Croatia,9.9988
2024-12-31,HU,Hungary,16.1139
2024-12-31,ID,Indonesia,1.387
2024-12-31,IE,Ireland,9.3648
2024-12-31,IL,Israel,7.5252
2024-12-31,IN,India,6.8766
2024-12-31,IS,Iceland,8.7089
2024-12-31,IT,Italy,4.492
2024-12-31,JP,Japan,2.7868
2024-12-31,KR,Korea,-0.1629
2024-12-31,LT,Lithuania,9.7904
2024-12-31,LU,Luxembourg,1.3556
2024-12-31,LV,Latvia,7.3158
2024-12-31,MA,Morocco,1.6886
2024-12-31,MK,North Macedonia,10.6016
2024-12-31,MT,Malta,6.3978
2024-12-31,MX,Mexico,8.7133
2024-12-31,MY,Malaysia,4.4304
2024-12-31,NL,Netherlands,10.8359
2024-12-31,NO,Norway,4.8387
2024-12-31,NZ,New Zealand,-1.5909
2024-12-31,PE,Peru,-1.496
2024-12-31,PH,Philippines,9.7667
2024-12-31,PL,Poland,10.3954
2024-12-31,PT,Portugal,11.5649
2024-12-31,RO,Romania,3.9474
2024-12-31,RS,Serbia,5.2399
2024-12-31,RU,Russia,17.1055
2024-12-31,SE,Sweden,2.1191
2024-12-31,SG,Singapore,3.9206
2024-12-31,SI,Slovenia,7.5868
2024-12-31,SK,Slovakia,7.9714
2024-12-31,TH,Thailand,2.5822
2024-12-31,TR,Türkiye,28.5446
2024-12-31,US,United States,3.4585
2024-12-31,XM,Euro area,4.3084
2024-12-31,XW,World,2.0937
2024-12-31,ZA,South Africa,1.0748
2025-03-31,4T,Emerging market economies (aggregate),0.9116
2025-03-31,5R,Advanced economies,3.675
2025-03-31,AT,Austria,0.3776
2025-03-31,AU,Australia,4.4669
2025-03-31,BE,Belgium,2.6693
2025-03-31,BG,Bulgaria,15.067
2025-03-31,BR,Brazil,5.8891
2025-03-31,CA,Canada,-1.4891
2025-03-31,CH,Switzerland,4.1295
2025-03-31,CL,Chile,6.4842
2025-03-31,CN,China,-7.5194
2025-03-31,CO,Colombia,4.2451
2025-03-31,CY,Cyprus,4.8311
2025-03-31,CZ,Czechia,9.9394
2025-03-31,DE,Germany,3.7696
2025-03-31,DK,Denmark,8.7151
2025-03-31,EE,Estonia,4.613
2025-03-31,ES,Spain,12.2981
2025-03-31,FI,Finland,-2.2829
2025-03-31,FR,France,0.3968
2025-03-31,GB,United Kingdom,4.1922
2025-03-31,GR,Greece,7.5557
2025-03-31,HK,Hong Kong SAR,-6.5482
2025-03-31,HR,Croatia,13.3174
2025-03-31,HU,Hungary,16.5116
2025-03-31,ID,Indonesia,1.0758
2025-03-31,IE,Ireland,7.9332
2025-03-31,IL,Israel,5.9294
2025-03-31,IN,India,3.8337
2025-03-31,IS,Iceland,7.002
2025-03-31,IT,Italy,4.3897
2025-03-31,JP,Japan,4.6864
2025-03-31,KR,Korea,-0.1532
2025-03-31,LT,Lithuania,8.7735
2025-03-31,LU,Luxembourg,0.9751
2025-03-31,LV,Latvia,5.4372
2025-03-31,MA,Morocco,0.5671
2025-03-31,MK,North Macedonia,19.4987
2025-03-31,MT,Malta,5.9232
2025-03-31,MX,Mexico,8.1525
2025-03-31,MY,Malaysia,3.5363
2025-03-31,NL,Netherlands,10.7739
2025-03-31,NO,Norway,6.4926
2025-03-31,NZ,New Zealand,-1.9046
2025-03-31,PE,Peru,0.743
2025-03-31,PH,Philippines,7.5632
2025-03-31,PL,Poland,6.5787
2025-03-31,PT,Portugal,16.2817
2025-03-31,RO,Romania,5.1948
2025-03-31,RS,Serbia,5.1805
2025-03-31,RU,Russia,17.0471
2025-03-31,SE,Sweden,2.1059
2025-03-31,SG,Singapore,3.3284
2025-03-31,SI,Slovenia,6.4761
2025-03-31,SK,Slovakia,13.1991
2025-03-31,TH,Thailand,3.4911
2025-03-31,TR,Türkiye,31.8392
2025-03-31,US,United States,2.7578
2025-03-31,XM,Euro area,5.5184
2025-03-31,XW,World,2.1777
2025-03-31,ZA,South Africa,1.7812
2025-06-30,4T,Emerging market economies (aggregate),1.3559
2025-06-30,5R,Advanced economies,3.0155
2025-06-30,AT,Austria,0
2025-06-30,AU,Australia,4.0617
2025-06-30,BE,Belgium,2.8641
2025-06-30,BG,Bulgaria,15.4995
2025-06-30,BR,Brazil,5.5397
2025-06-30,CA,Canada,-2.9056
2025-06-30,CH,Switzerland,4.9549
2025-06-30,CL,Chile,6.3949
2025-06-30,CN,China,-6.4048
2025-06-30,CO,Colombia,9.8805
2025-06-30,CY,Cyprus,4.681
2025-06-30,CZ,Czechia,10.5048
2025-06-30,DE,Germany,3.3058
2025-06-30,DK,Denmark,7.2589
2025-06-30,EE,Estonia,5.5137
2025-06-30,ES,Spain,12.7618
2025-06-30,FI,Finland,-1.6237
2025-06-30,FR,France,0.6364
2025-06-30,GB,United Kingdom,2.0202
2025-06-30,GR,Greece,8.0777
2025-06-30,HK,Hong Kong SAR,-6.3099
2025-06-30,HR,Croatia,12.8258
2025-06-30,HU,Hungary,16.9657
2025-06-30,ID,Indonesia,0.8979
2025-06-30,IE,Ireland,7.7634
2025-06-30,IL,Israel,2.6723
2025-06-30,IN,India,3.6437
2025-06-30,IS,Iceland,5.845
2025-06-30,IT,Italy,3.9419
2025-06-30,JP,Japan,3.6574
2025-06-30,KR,Korea,0.1084
2025-06-30,LT,Lithuania,8.769
2025-06-30,LU,Luxembourg,4.6115
2025-06-30,LV,Latvia,6.4667
2025-06-30,MA,Morocco,0.2827
2025-06-30,MK,North Macedonia,19.8861
2025-06-30,MT,Malta,5.6415
2025-06-30,MX,Mexico,8.7134
2025-06-30,MY,Malaysia,3.0128
2025-06-30,NL,Netherlands,9.5414
2025-06-30,NO,Norway,4.5362
2025-06-30,NZ,New Zealand,-1.1038
2025-06-30,PE,Peru,2.2358
2025-06-30,PH,Philippines,7.5474
2025-06-30,PL,Poland,4.7252
2025-06-30,PT,Portugal,17.2364
2025-06-30,RO,Romania,4.5162
2025-06-30,RS,Serbia,5.3747
2025-06-30,RU,Russia,16.2494
2025-06-30,SE,Sweden,0.5823
2025-06-30,SG,Singapore,3.445
2025-06-30,SI,Slovenia,8.2349
2025-06-30,SK,Slovakia,11.2982
2025-06-30,TH,Thailand,2.8302
2025-06-30,TR,Türkiye,32.6498
2025-06-30,US,United States,1.9961
2025-06-30,XM,Euro area,5.3011
2025-06-30,XW,World,2.118
2025-06-30,ZA,South Africa,3.3058
2025-09-30,4T,Emerging market economies (aggregate),1.6605
2025-09-30,5R,Advanced economies,2.9053
2025-09-30,AT,Austria,1.4767
2025-09-30,AU,Australia,5.0701
2025-09-30,BE,Belgium,3.6625
2025-09-30,BG,Bulgaria,15.3639
2025-09-30,BR,Brazil,5.2734
2025-09-30,CA,Canada,-3.1926
2025-09-30,CH,Switzerland,5.2223
2025-09-30,CL,Chile,6.3497
2025-09-30,CN,China,-5.5214
2025-09-30,CO,Colombia,8.261
2025-09-30,CY,Cyprus,5.0313
2025-09-30,CZ,Czechia,10.8145
2025-09-30,DE,Germany,3.1762
2025-09-30,DK,Denmark,6.3091
2025-09-30,EE,Estonia,5.1771
2025-09-30,ES,Spain,12.8432
2025-09-30,FI,Finland,-2.7135
2025-09-30,FR,France,0.7053
2025-09-30,GB,United Kingdom,2.0751
2025-09-30,GR,Greece,8.779
2025-09-30,HK,Hong Kong SAR,-0.8205
2025-09-30,HR,Croatia,13.3326
2025-09-30,HU,Hungary,23.2731
2025-09-30,ID,Indonesia,0.8498
2025-09-30,IE,Ireland,7.4753
2025-09-30,IL,Israel,0.6745
2025-09-30,IN,India,3.5355
2025-09-30,IS,Iceland,2.8286
2025-09-30,IT,Italy,3.7075
2025-09-30,JP,Japan,4.327
2025-09-30,KR,Korea,0.3538
2025-09-30,LT,Lithuania,10.8309
2025-09-30,LU,Luxembourg,0.9557
2025-09-30,LV,Latvia,7.9433
2025-09-30,MA,Morocco,2.0697
2025-09-30,MK,North Macedonia,25.0697
2025-09-30,MT,Malta,5.954
2025-09-30,MX,Mexico,8.8639
2025-09-30,MY,Malaysia,2.3154
2025-09-30,NL,Netherlands,7.9173
2025-09-30,NO,Norway,5.0034
2025-09-30,NZ,New Zealand,-0.53
2025-09-30,PE,Peru,4.065
2025-09-30,PH,Philippines,1.8897
2025-09-30,PL,Poland,3.9866
2025-09-30,PT,Portugal,17.683
2025-09-30,RO,Romania,6.4103
2025-09-30,RS,Serbia,5.5652
2025-09-30,RU,Russia,16.0114
2025-09-30,SE,Sweden,0.3156
2025-09-30,SG,Singapore,5.0806
2025-09-30,SI,Slovenia,7.123
2025-09-30,SK,Slovakia,13.4037
2025-09-30,TH,Thailand,0.4051
2025-09-30,TR,Türkiye,32.1311
2025-09-30,US,United States,1.4252
2025-09-30,XM,Euro area,5.2275
2025-09-30,XW,World,2.2264
2025-09-30,ZA,South Africa,4.8894
2025-12-31,4T,Emerging market economies (aggregate),1.4762
2025-12-31,5R,Advanced economies,2.8407
2025-12-31,AT,Austria,2.1244
2025-12-31,AU,Australia,8.1576
2025-12-31,BE,Belgium,3.4534
2025-12-31,BG,Bulgaria,12.5929
2025-12-31,BR,Brazil,5.153
2025-12-31,CA,Canada,-3.3818
2025-12-31,CH,Switzerland,3.9406
2025-12-31,CL,Chile,4.8918
2025-12-31,CN,China,-5.7407
2025-12-31,CO,Colombia,11.8766
2025-12-31,CY,Cyprus,7.1172
2025-12-31,CZ,Czechia,10.3823
2025-12-31,DE,Germany,2.5589
2025-12-31,DK,Denmark,7.5551
2025-12-31,EE,Estonia,5.5471
2025-12-31,ES,Spain,12.8766
2025-12-31,FI,Finland,-2.5596
2025-12-31,FR,France,0.9501
2025-12-31,GB,United Kingdom,1.9724
2025-12-31,GR,Greece,8.6994
2025-12-31,HK,Hong Kong SAR,2.4665
2025-12-31,HR,Croatia,15.8935
2025-12-31,HU,Hungary,21.1425
2025-12-31,ID,Indonesia,0.8299
2025-12-31,IE,Ireland,6.9837
2025-12-31,IL,Israel,-0.2664
2025-12-31,IN,India,3.5758
2025-12-31,IS,Iceland,3.6484
2025-12-31,IT,Italy,3.9918
2025-12-31,JP,Japan,5.0351
2025-12-31,KR,Korea,0.7031
2025-12-31,LT,Lithuania,10.848
2025-12-31,LU,Luxembourg,-0.1106
2025-12-31,LV,Latvia,10.5022
2025-12-31,MA,Morocco,0.6458
2025-12-31,MK,North Macedonia,25
2025-12-31,MT,Malta,6.335
2025-12-31,MX,Mexico,8.9237
2025-12-31,MY,Malaysia,2.4675
2025-12-31,NL,Netherlands,6.1453
2025-12-31,NO,Norway,5.9441
2025-12-31,NZ,New Zealand,-1.1925
2025-12-31,PE,Peru,6.1028
2025-12-31,PH,Philippines,1.5676
2025-12-31,PL,Poland,4.3326
2025-12-31,PT,Portugal,18.885
2025-12-31,RO,Romania,6.962
2025-12-31,RS,Serbia,5.6034
2025-12-31,RU,Russia,14.2674
2025-12-31,SE,Sweden,1.1855
2025-12-31,SG,Singapore,3.3429
2025-12-31,SI,Slovenia,7.407
2025-12-31,SK,Slovakia,12.7291
2025-12-31,TH,Thailand,0.6293
2025-12-31,TR,Türkiye,30.6182
2025-12-31,US,United States,1.0054
2025-12-31,XM,Euro area,5.0932
2025-12-31,XW,World,2.0943
2025-12-31,ZA,South Africa,5.4522
2026-03-31,4T,Emerging market economies (aggregate),1.1352
2026-03-31,5R,Advanced economies,2.1354
2026-03-31,AT,Austria,2.4078
2026-03-31,AU,Australia,10.2961
2026-03-31,BE,Belgium,1.9919
2026-03-31,BG,Bulgaria,14.7728
2026-03-31,BR,Brazil,5.1647
2026-03-31,CA,Canada,-4.8035
2026-03-31,CH,Switzerland,4.7221
2026-03-31,CL,Chile,5.1291
2026-03-31,CN,China,-6.3007
2026-03-31,CO,Colombia,12.763
2026-03-31,CY,Cyprus,7.5502
2026-03-31,CZ,Czechia,10.0594
2026-03-31,DE,Germany,1.4127
2026-03-31,DK,Denmark,8.3248
2026-03-31,EE,Estonia,5.9485
2026-03-31,ES,Spain,12.8202
2026-03-31,FI,Finland,-1.9868
2026-03-31,FR,France,0.0791
2026-03-31,GB,United Kingdom,1.1776
2026-03-31,GR,Greece,6.5681
2026-03-31,HK,Hong Kong SAR,7.8699
2026-03-31,HR,Croatia,14.3159
2026-03-31,HU,Hungary,8.4117
2026-03-31,ID,Indonesia,0.6095
2026-03-31,IE,Ireland,6.8288
2026-03-31,IL,Israel,-1.4131
2026-03-31,IN,India,4.2132
2026-03-31,IS,Iceland,3.1893
2026-03-31,IT,Italy,5.1282
2026-03-31,KR,Korea,1.7641
2026-03-31,LT,Lithuania,11.9008
2026-03-31,LU,Luxembourg,1.6977
2026-03-31,LV,Latvia,10.3176
2026-03-31,MA,Morocco,-0.094
2026-03-31,MK,North Macedonia,16.6452
2026-03-31,MT,Malta,6.7083
2026-03-31,MX,Mexico,8.7096
2026-03-31,MY,Malaysia,1.9888
2026-03-31,NL,Netherlands,5.137
2026-03-31,NO,Norway,3.8436
2026-03-31,NZ,New Zealand,-0.7523
2026-03-31,PE,Peru,7.9208
2026-03-31,PH,Philippines,4.5039
2026-03-31,PL,Poland,5.9522
2026-03-31,PT,Portugal,17.7828
2026-03-31,RO,Romania,7.4074
2026-03-31,RS,Serbia,5.5311
2026-03-31,RU,Russia,13.7436
2026-03-31,SE,Sweden,2.6118
2026-03-31,SG,Singapore,3.4107
2026-03-31,SI,Slovenia,9.2937
2026-03-31,SK,Slovakia,13.3893
2026-03-31,TH,Thailand,1.2579
2026-03-31,TR,Türkiye,26.7171
2026-03-31,US,United States,0.6759
2026-03-31,XM,Euro area,4.6885
2026-03-31,XW,World,1.5908
2026-03-31,ZA,South Africa,5.973
2026-06-30,AT,Austria,3.5917
2026-06-30,AU,Australia,8.262
2026-06-30,BR,Brazil,5.2328
2026-06-30,CA,Canada,-3.9677
2026-06-30,CH,Switzerland,3.5254
2026-06-30,CN,China,-5.9002
2026-06-30,FR,France,-0.7905
2026-06-30,GB,United Kingdom,2.8713
2026-06-30,GR,Greece,5.4904
2026-06-30,HK,Hong Kong SAR,12.0507
2026-06-30,ID,Indonesia,0.6901
2026-06-30,IE,Ireland,5.9691
2026-06-30,IS,Iceland,2.6812
2026-06-30,IT,Italy,3.992
2026-06-30,KR,Korea,2.4694
2026-06-30,LT,Lithuania,14.3393
2026-06-30,LV,Latvia,11.3623
2026-06-30,MA,Morocco,0.9398
2026-06-30,MK,North Macedonia,13.3337
2026-06-30,MX,Mexico,7.2855
2026-06-30,MY,Malaysia,0.9462
2026-06-30,NO,Norway,4.4041
2026-06-30,RS,Serbia,5.2472
2026-06-30,RU,Russia,14.3848
2026-06-30,SE,Sweden,4.8004
2026-06-30,SG,Singapore,2.908
2026-06-30,SK,Slovakia,13.6164
2026-06-30,TH,Thailand,2.3509
2026-06-30,TR,Türkiye,25.1423
2026-06-30,US,United States,1.1603
2026-06-30,ZA,South Africa,5.8082
