date,country_code,country,price
1927-03-31,IT,Italy,0.0189
1927-06-30,IT,Italy,0.0188
1927-09-30,IT,Italy,0.0187
1927-12-31,IT,Italy,0.0186
1928-03-31,IT,Italy,0.0185
1928-06-30,IT,Italy,0.0185
1928-09-30,IT,Italy,0.0183
1928-12-31,IT,Italy,0.0182
1929-03-31,IT,Italy,0.018
1929-06-30,IT,Italy,0.0178
1929-09-30,IT,Italy,0.0175
1929-12-31,IT,Italy,0.0172
1930-03-31,IT,Italy,0.0169
1930-06-30,IT,Italy,0.0165
1930-09-30,IT,Italy,0.0161
1930-12-31,IT,Italy,0.0157
1931-03-31,IT,Italy,0.0153
1931-06-30,IT,Italy,0.0148
1931-09-30,IT,Italy,0.0144
1931-12-31,IT,Italy,0.014
1932-03-31,IT,Italy,0.0136
1932-06-30,IT,Italy,0.0132
1932-09-30,IT,Italy,0.0129
1932-12-31,IT,Italy,0.0128
1933-03-31,IT,Italy,0.0126
1933-06-30,IT,Italy,0.0125
1933-09-30,IT,Italy,0.0123
1933-12-31,IT,Italy,0.0121
1934-03-31,IT,Italy,0.0118
1934-06-30,IT,Italy,0.0116
1934-09-30,IT,Italy,0.0115
1934-12-31,IT,Italy,0.0116
1935-03-31,IT,Italy,0.0117
1935-06-30,IT,Italy,0.0118
1935-09-30,IT,Italy,0.0119
1935-12-31,IT,Italy,0.0119
1936-03-31,IT,Italy,0.0119
1936-06-30,IT,Italy,0.0119
1936-09-30,IT,Italy,0.012
1936-12-31,IT,Italy,0.0121
1937-03-31,IT,Italy,0.0122
1937-06-30,IT,Italy,0.0123
1937-09-30,IT,Italy,0.0124
1937-12-31,IT,Italy,0.0125
1938-03-31,IT,Italy,0.0126
1938-06-30,IT,Italy,0.0127
1938-09-30,IT,Italy,0.0128
1938-12-31,IT,Italy,0.0129
1939-03-31,IT,Italy,0.0129
1939-06-30,IT,Italy,0.013
1939-09-30,IT,Italy,0.0132
1939-12-31,IT,Italy,0.0134
1940-03-31,IT,Italy,0.0136
1940-06-30,IT,Italy,0.0138
1940-09-30,IT,Italy,0.0142
1940-12-31,IT,Italy,0.0147
1941-03-31,IT,Italy,0.0152
1941-06-30,IT,Italy,0.0158
1941-09-30,IT,Italy,0.0162
1941-12-31,IT,Italy,0.0165
1942-03-31,IT,Italy,0.0168
1942-06-30,IT,Italy,0.0171
1942-09-30,IT,Italy,0.0178
1942-12-31,IT,Italy,0.0188
1943-03-31,IT,Italy,0.0199
1943-06-30,IT,Italy,0.0209
1943-09-30,IT,Italy,0.0287
1943-12-31,IT,Italy,0.0435
1944-03-31,IT,Italy,0.0582
1944-06-30,IT,Italy,0.0729
1944-09-30,IT,Italy,0.1164
1944-12-31,IT,Italy,0.1901
1945-03-31,IT,Italy,0.2631
1945-06-30,IT,Italy,0.3356
1945-09-30,IT,Italy,0.3961
1945-12-31,IT,Italy,0.4434
1946-03-31,IT,Italy,0.4902
1946-06-30,IT,Italy,0.5367
1946-09-30,IT,Italy,0.5995
1946-12-31,IT,Italy,0.6793
1947-03-31,IT,Italy,0.7583
1947-06-30,IT,Italy,0.8368
1947-09-30,IT,Italy,0.9002
1947-12-31,IT,Italy,0.9469
1948-03-31,IT,Italy,1.0434
1948-06-30,IT,Italy,1.0723
1948-09-30,IT,Italy,0.987
1948-12-31,IT,Italy,1.0198
1949-03-31,IT,Italy,1.0494
1949-06-30,IT,Italy,1.0536
1949-09-30,IT,Italy,0.9601
1949-12-31,IT,Italy,0.9204
1950-03-31,IT,Italy,0.9168
1950-06-30,IT,Italy,0.9824
1950-09-30,IT,Italy,1.0612
1950-12-31,IT,Italy,1.0745
1951-03-31,IT,Italy,1.1429
1951-06-30,IT,Italy,1.2261
1951-09-30,IT,Italy,1.216
1951-12-31,IT,Italy,1.2004
1952-03-31,IT,Italy,1.196
1952-06-30,IT,Italy,1.2136
1952-09-30,IT,Italy,1.229
1952-12-31,IT,Italy,1.2389
1953-03-31,IT,Italy,1.2198
1953-06-30,IT,Italy,1.2591
1953-09-30,IT,Italy,1.208
1953-12-31,IT,Italy,1.2307
1954-03-31,IT,Italy,1.2635
1954-06-30,IT,Italy,1.2661
1954-09-30,IT,Italy,1.2893
1954-12-31,IT,Italy,1.3117
1955-03-31,IT,Italy,1.3217
1955-03-31,JP,Japan,2.2115
1955-06-30,IT,Italy,1.3148
1955-06-30,JP,Japan,2.2785
1955-09-30,IT,Italy,1.3087
1955-09-30,JP,Japan,2.3462
1955-12-31,IT,Italy,1.307
1955-12-31,JP,Japan,2.4327
1956-03-31,IT,Italy,1.3434
1956-03-31,JP,Japan,2.5192
1956-06-30,IT,Italy,1.3547
1956-06-30,JP,Japan,2.6635
1956-09-30,IT,Italy,1.3438
1956-09-30,JP,Japan,2.8077
1956-12-31,IT,Italy,1.3622
1956-12-31,JP,Japan,2.9952
1957-03-31,IT,Italy,1.3848
1957-03-31,JP,Japan,3.1827
1957-06-30,IT,Italy,1.3778
1957-06-30,JP,Japan,3.35
1957-09-30,IT,Italy,1.3837
1957-09-30,JP,Japan,3.5192
1957-12-31,IT,Italy,1.401
1957-12-31,JP,Japan,3.7163
1958-03-31,IT,Italy,1.3892
1958-03-31,JP,Japan,3.9135
1958-06-30,IT,Italy,1.4114
1958-06-30,JP,Japan,4.1477
1958-09-30,IT,Italy,1.3995
1958-09-30,JP,Japan,4.3846
1958-12-31,IT,Italy,1.3765
1958-12-31,JP,Japan,4.6154
1959-03-31,IT,Italy,1.366
1959-03-31,JP,Japan,4.8462
1959-06-30,IT,Italy,1.3808
1959-06-30,JP,Japan,5.133
1959-09-30,IT,Italy,1.3827
1959-09-30,JP,Japan,5.4231
1959-12-31,IT,Italy,1.4255
1959-12-31,JP,Japan,5.6923
1960-03-31,IT,Italy,1.4347
1960-03-31,JP,Japan,5.9615
1960-06-30,IT,Italy,1.4102
1960-06-30,JP,Japan,6.4087
1960-09-30,IT,Italy,1.4257
1960-09-30,JP,Japan,6.8558
1960-12-31,IT,Italy,1.4394
1960-12-31,JP,Japan,7.5337
1961-03-31,IT,Italy,1.4657
1961-03-31,JP,Japan,8.2115
1961-06-30,IT,Italy,1.4879
1961-06-30,JP,Japan,8.857
1961-09-30,IT,Italy,1.5014
1961-09-30,JP,Japan,9.5096
1961-12-31,IT,Italy,1.5228
1961-12-31,JP,Japan,9.9471
1962-03-31,IT,Italy,1.5654
1962-03-31,JP,Japan,10.3846
1962-06-30,IT,Italy,1.6165
1962-06-30,JP,Japan,10.8149
1962-06-30,NZ,New Zealand,1.8046
1962-09-30,IT,Italy,1.6199
1962-09-30,JP,Japan,11.25
1962-09-30,NZ,New Zealand,1.8188
1962-12-31,IT,Italy,1.6378
1962-12-31,JP,Japan,11.6346
1962-12-31,NZ,New Zealand,1.833
1963-03-31,IT,Italy,1.7321
1963-03-31,JP,Japan,12.0192
1963-03-31,NZ,New Zealand,1.833
1963-06-30,IT,Italy,1.7382
1963-06-30,JP,Japan,12.4017
1963-06-30,NZ,New Zealand,1.8472
1963-09-30,IT,Italy,1.7309
1963-09-30,JP,Japan,12.7885
1963-09-30,NZ,New Zealand,1.8757
1963-12-31,IT,Italy,1.8301
1963-12-31,JP,Japan,13.2212
1963-12-31,NZ,New Zealand,1.9041
1964-03-31,IT,Italy,1.8956
1964-03-31,JP,Japan,13.6539
1964-03-31,NZ,New Zealand,1.9183
1964-06-30,IT,Italy,1.9526
1964-06-30,JP,Japan,14.1346
1964-06-30,NZ,New Zealand,1.9325
1964-09-30,IT,Italy,1.9922
1964-09-30,JP,Japan,14.6154
1964-09-30,NZ,New Zealand,1.9609
1964-12-31,IT,Italy,1.9873
1964-12-31,JP,Japan,15.1442
1964-12-31,NZ,New Zealand,2.0035
1965-03-31,IT,Italy,1.9749
1965-03-31,JP,Japan,15.6731
1965-03-31,NZ,New Zealand,2.0462
1965-06-30,IT,Italy,1.9333
1965-06-30,JP,Japan,15.8643
1965-06-30,NZ,New Zealand,2.0888
1965-09-30,IT,Italy,1.941
1965-09-30,JP,Japan,16.0577
1965-09-30,NZ,New Zealand,2.103
1965-12-31,IT,Italy,1.9624
1965-12-31,JP,Japan,16.3462
1965-12-31,NZ,New Zealand,2.1314
1966-03-31,IT,Italy,1.9839
1966-03-31,JP,Japan,16.6346
1966-03-31,NZ,New Zealand,2.1456
1966-03-31,ZA,South Africa,1.0467
1966-06-30,IT,Italy,1.9844
1966-06-30,JP,Japan,16.9693
1966-06-30,NZ,New Zealand,2.174
1966-06-30,ZA,South Africa,1.0671
1966-09-30,IT,Italy,1.9622
1966-09-30,JP,Japan,17.3077
1966-09-30,NZ,New Zealand,2.2167
1966-09-30,ZA,South Africa,1.0569
1966-12-31,IT,Italy,1.9494
1966-12-31,JP,Japan,17.7885
1966-12-31,NZ,New Zealand,2.2593
1966-12-31,ZA,South Africa,1.0975
1967-03-31,IT,Italy,1.9879
1967-03-31,JP,Japan,18.2692
1967-03-31,NZ,New Zealand,2.2735
1967-03-31,ZA,South Africa,1.2195
1967-06-30,IT,Italy,1.9635
1967-06-30,JP,Japan,18.9864
1967-06-30,NZ,New Zealand,2.2877
1967-06-30,ZA,South Africa,1.2601
1967-09-30,IT,Italy,2.0054
1967-09-30,JP,Japan,19.7115
1967-09-30,NZ,New Zealand,2.2877
1967-09-30,ZA,South Africa,1.3008
1967-12-31,IT,Italy,2.0753
1967-12-31,JP,Japan,20.5289
1967-12-31,NZ,New Zealand,2.2877
1967-12-31,ZA,South Africa,1.3008
1968-03-31,IT,Italy,2.1366
1968-03-31,JP,Japan,21.3462
1968-03-31,NZ,New Zealand,2.302
1968-03-31,ZA,South Africa,1.2805
1968-06-30,GB,United Kingdom,2.1742
1968-06-30,IT,Italy,2.2102
1968-06-30,JP,Japan,22.2596
1968-06-30,NZ,New Zealand,2.3162
1968-06-30,ZA,South Africa,1.2906
1968-09-30,GB,United Kingdom,2.2346
1968-09-30,IT,Italy,2.2126
1968-09-30,JP,Japan,23.1731
1968-09-30,NZ,New Zealand,2.3304
1968-09-30,ZA,South Africa,1.3414
1968-12-31,GB,United Kingdom,2.2346
1968-12-31,IT,Italy,2.2097
1968-12-31,JP,Japan,24.3269
1968-12-31,NZ,New Zealand,2.3446
1968-12-31,ZA,South Africa,1.3923
1969-03-31,GB,United Kingdom,2.2346
1969-03-31,IT,Italy,2.228
1969-03-31,JP,Japan,25.4808
1969-03-31,NZ,New Zealand,2.3872
1969-03-31,ZA,South Africa,1.4126
1969-06-30,GB,United Kingdom,2.295
1969-06-30,IT,Italy,2.2592
1969-06-30,JP,Japan,26.9151
1969-06-30,NZ,New Zealand,2.4156
1969-06-30,ZA,South Africa,1.4532
1969-09-30,GB,United Kingdom,2.295
1969-09-30,IT,Italy,2.2957
1969-09-30,JP,Japan,28.3654
1969-09-30,NZ,New Zealand,2.444
1969-09-30,ZA,South Africa,1.4939
1969-12-31,GB,United Kingdom,2.3554
1969-12-31,IT,Italy,2.3249
1969-12-31,JP,Japan,29.8077
1969-12-31,NZ,New Zealand,2.4725
1969-12-31,ZA,South Africa,1.5345
1970-03-31,AU,Australia,3.1274
1970-03-31,BE,Belgium,8.5837
1970-03-31,CA,Canada,6.617
1970-03-31,CH,Switzerland,24.7518
1970-03-31,DE,Germany,37.5984
1970-03-31,DK,Denmark,7.7151
1970-03-31,FI,Finland,6.7455
1970-03-31,FR,France,6.1123
1970-03-31,GB,United Kingdom,2.3554
1970-03-31,IE,Ireland,2.6598
1970-03-31,IT,Italy,2.3797
1970-03-31,JP,Japan,31.25
1970-03-31,NL,Netherlands,7.7021
1970-03-31,NO,Norway,4.653
1970-03-31,NZ,New Zealand,2.5151
1970-03-31,SE,Sweden,6.5893
1970-03-31,US,United States,10.5574
1970-03-31,ZA,South Africa,1.6158
1970-06-30,AU,Australia,3.1846
1970-06-30,BE,Belgium,8.627
1970-06-30,CA,Canada,6.617
1970-06-30,CH,Switzerland,24.6153
1970-06-30,DE,Germany,39.2939
1970-06-30,DK,Denmark,7.7151
1970-06-30,FI,Finland,6.8643
1970-06-30,FR,France,6.2249
1970-06-30,GB,United Kingdom,2.3554
1970-06-30,IE,Ireland,2.6598
1970-06-30,IT,Italy,2.4262
1970-06-30,JP,Japan,32.6844
1970-06-30,NL,Netherlands,8.0757
1970-06-30,NO,Norway,4.653
1970-06-30,NZ,New Zealand,2.5719
1970-06-30,SE,Sweden,6.7544
1970-06-30,US,United States,10.6351
1970-06-30,ZA,South Africa,1.687
1970-09-30,AU,Australia,3.2736
1970-09-30,BE,Belgium,8.5273
1970-09-30,CA,Canada,6.6716
1970-09-30,CH,Switzerland,25.4126
1970-09-30,DE,Germany,39.6928
1970-09-30,DK,Denmark,7.7151
1970-09-30,FI,Finland,6.9119
1970-09-30,FR,France,6.3708
1970-09-30,GB,United Kingdom,2.4762
1970-09-30,IE,Ireland,2.7996
1970-09-30,IT,Italy,2.4258
1970-09-30,JP,Japan,34.1346
1970-09-30,NL,Netherlands,8.3015
1970-09-30,NO,Norway,4.653
1970-09-30,NZ,New Zealand,2.6288
1970-09-30,SE,Sweden,6.7544
1970-09-30,US,United States,10.8024
1970-09-30,ZA,South Africa,1.7276
1970-12-31,AU,Australia,3.3753
1970-12-31,BE,Belgium,8.1937
1970-12-31,CA,Canada,6.8626
1970-12-31,CH,Switzerland,25.4628
1970-12-31,DE,Germany,40.1914
1970-12-31,DK,Denmark,7.7151
1970-12-31,FI,Finland,7.0505
1970-12-31,FR,France,6.3541
1970-12-31,GB,United Kingdom,2.4762
1970-12-31,IE,Ireland,2.9603
1970-12-31,IT,Italy,2.4533
1970-12-31,JP,Japan,35.4808
1970-12-31,NL,Netherlands,8.4455
1970-12-31,NO,Norway,4.653
1970-12-31,NZ,New Zealand,2.6998
1970-12-31,SE,Sweden,6.9026
1970-12-31,US,United States,10.9398
1970-12-31,ZA,South Africa,1.7479
1971-03-31,AU,Australia,3.4707
1971-03-31,BE,Belgium,8.3107
1971-03-31,CA,Canada,6.9172
1971-03-31,CH,Switzerland,27.2267
1971-03-31,DE,Germany,41.4879
1971-03-31,DK,Denmark,8.4056
1971-03-31,ES,Spain,1.5527
1971-03-31,FI,Finland,7.1535
1971-03-31,FR,France,6.3541
1971-03-31,GB,United Kingdom,2.5366
1971-03-31,IE,Ireland,2.9184
1971-03-31,IT,Italy,2.4175
1971-03-31,JP,Japan,36.8269
1971-03-31,NL,Netherlands,8.6907
1971-03-31,NO,Norway,4.906
1971-03-31,NZ,New Zealand,2.7851
1971-03-31,SE,Sweden,6.9397
1971-03-31,US,United States,11.2385
1971-03-31,ZA,South Africa,1.7683
1971-06-30,AU,Australia,3.5501
1971-06-30,BE,Belgium,8.432
1971-06-30,CA,Canada,6.999
1971-06-30,CH,Switzerland,27.157
1971-06-30,DE,Germany,43.4826
1971-06-30,DK,Denmark,8.4771
1971-06-30,ES,Spain,1.6054
1971-06-30,FI,Finland,7.0624
1971-06-30,FR,France,6.5376
1971-06-30,GB,United Kingdom,2.597
1971-06-30,IE,Ireland,2.8974
1971-06-30,IT,Italy,2.4724
1971-06-30,JP,Japan,38.1657
1971-06-30,NL,Netherlands,9.0059
1971-06-30,NO,Norway,4.906
1971-06-30,NZ,New Zealand,2.8703
1971-06-30,SE,Sweden,7.1047
1971-06-30,US,United States,11.5432
1971-06-30,ZA,South Africa,1.8089
1971-09-30,AU,Australia,3.6582
1971-09-30,BE,Belgium,8.523
1971-09-30,CA,Canada,6.9717
1971-09-30,CH,Switzerland,28.3704
1971-09-30,DE,Germany,44.0809
1971-09-30,DK,Denmark,8.7231
1971-09-30,ES,Spain,1.623
1971-09-30,FI,Finland,7.3119
1971-09-30,FR,France,6.8002
1971-09-30,GB,United Kingdom,2.7782
1971-09-30,IE,Ireland,3.198
1971-09-30,IT,Italy,2.5329
1971-09-30,JP,Japan,39.5192
1971-09-30,NL,Netherlands,9.0876
1971-09-30,NO,Norway,4.906
1971-09-30,NZ,New Zealand,2.9272
1971-09-30,SE,Sweden,7.1047
1971-09-30,US,United States,11.6687
1971-09-30,ZA,South Africa,1.8292
1971-12-31,AU,Australia,3.798
1971-12-31,BE,Belgium,8.4017
1971-12-31,CA,Canada,7.3265
1971-12-31,CH,Switzerland,28.9058
1971-12-31,DE,Germany,44.1807
1971-12-31,DK,Denmark,9.1756
1971-12-31,ES,Spain,1.6405
1971-12-31,FI,Finland,7.3951
1971-12-31,FR,France,6.8628
1971-12-31,GB,United Kingdom,2.899
1971-12-31,IE,Ireland,3.4427
1971-12-31,IT,Italy,2.5659
1971-12-31,JP,Japan,40.8173
1971-12-31,NL,Netherlands,9.3212
1971-12-31,NO,Norway,4.906
1971-12-31,NZ,New Zealand,2.9982
1971-12-31,SE,Sweden,7.2698
1971-12-31,US,United States,11.9495
1971-12-31,ZA,South Africa,1.8496
1972-03-31,AU,Australia,3.8806
1972-03-31,BE,Belgium,8.7396
1972-03-31,CA,Canada,7.4856
1972-03-31,CH,Switzerland,30.0896
1972-03-31,DE,Germany,45.0782
1972-03-31,DK,Denmark,9.7034
1972-03-31,ES,Spain,1.6194
1972-03-31,FI,Finland,7.6961
1972-03-31,FR,France,6.9003
1972-03-31,GB,United Kingdom,3.0802
1972-03-31,IE,Ireland,3.3238
1972-03-31,IT,Italy,2.6043
1972-03-31,JP,Japan,42.1154
1972-03-31,NL,Netherlands,9.6831
1972-03-31,NO,Norway,5.2824
1972-03-31,NZ,New Zealand,3.1119
1972-03-31,SE,Sweden,7.4551
1972-03-31,US,United States,11.9854
1972-03-31,ZA,South Africa,1.8597
1972-06-30,AU,Australia,3.9474
1972-06-30,BE,Belgium,9.0863
1972-06-30,CA,Canada,7.4856
1972-06-30,CH,Switzerland,31.9743
1972-06-30,DE,Germany,46.1753
1972-06-30,DK,Denmark,10.1598
1972-06-30,ES,Spain,1.6756
1972-06-30,FI,Finland,7.807
1972-06-30,FR,France,7.1171
1972-06-30,GB,United Kingdom,3.3822
1972-06-30,IE,Ireland,3.2609
1972-06-30,IT,Italy,2.6867
1972-06-30,JP,Japan,43.9904
1972-06-30,NL,Netherlands,10.0879
1972-06-30,NO,Norway,5.674
1972-06-30,NZ,New Zealand,3.2398
1972-06-30,SE,Sweden,7.637
1972-06-30,US,United States,12.3259
1972-06-30,ZA,South Africa,1.8597
1972-09-30,AU,Australia,4.0586
1972-09-30,BE,Belgium,9.4026
1972-09-30,CA,Canada,7.5948
1972-09-30,CH,Switzerland,33.4614
1972-09-30,DE,Germany,46.6739
1972-09-30,DK,Denmark,10.2272
1972-09-30,ES,Spain,1.7248
1972-09-30,FI,Finland,7.8427
1972-09-30,FR,France,7.4256
1972-09-30,GB,United Kingdom,3.8653
1972-09-30,IE,Ireland,3.4427
1972-09-30,IT,Italy,2.7527
1972-09-30,JP,Japan,45.8654
1972-09-30,NL,Netherlands,10.1774
1972-09-30,NO,Norway,5.6589
1972-09-30,NZ,New Zealand,3.3392
1972-09-30,SE,Sweden,7.637
1972-09-30,US,United States,12.5709
1972-09-30,ZA,South Africa,1.9207
1972-12-31,AU,Australia,4.2779
1972-12-31,BE,Belgium,9.3939
1972-12-31,CA,Canada,7.9495
1972-12-31,CH,Switzerland,35.1518
1972-12-31,DE,Germany,46.9731
1972-12-31,DK,Denmark,10.6836
1972-12-31,ES,Spain,1.7705
1972-12-31,FI,Finland,8.2309
1972-12-31,FR,France,7.5174
1972-12-31,GB,United Kingdom,4.1673
1972-12-31,IE,Ireland,3.6244
1972-12-31,IT,Italy,2.7691
1972-12-31,JP,Japan,50.0962
1972-12-31,NL,Netherlands,10.6989
1972-12-31,NO,Norway,5.5234
1972-12-31,NZ,New Zealand,3.4814
1972-12-31,SE,Sweden,7.8223
1972-12-31,US,United States,12.8457
1972-12-31,ZA,South Africa,1.9817
1973-03-31,AU,Australia,4.3987
1973-03-31,BE,Belgium,9.8056
1973-03-31,CA,Canada,8.3588
1973-03-31,CH,Switzerland,37.7754
1973-03-31,DE,Germany,47.6712
1973-03-31,DK,Denmark,11.1758
1973-03-31,ES,Spain,1.9461
1973-03-31,FI,Finland,8.825
1973-03-31,FR,France,7.5716
1973-03-31,GB,United Kingdom,4.6505
1973-03-31,IE,Ireland,3.6209
1973-03-31,IT,Italy,2.8241
1973-03-31,JP,Japan,54.3269
1973-03-31,NL,Netherlands,11.0764
1973-03-31,NO,Norway,5.7492
1973-03-31,NZ,New Zealand,3.6945
1973-03-31,SE,Sweden,8.0042
1973-03-31,US,United States,13.4133
1973-03-31,ZA,South Africa,2.0731
1973-06-30,AU,Australia,4.6593
1973-06-30,BE,Belgium,10.2302
1973-06-30,CA,Canada,8.7954
1973-06-30,CH,Switzerland,37.4724
1973-06-30,DE,Germany,49.8653
1973-06-30,DK,Denmark,11.4893
1973-06-30,ES,Spain,1.9321
1973-06-30,FI,Finland,9.7915
1973-06-30,FR,France,7.8384
1973-06-30,GB,United Kingdom,4.8921
1973-06-30,IE,Ireland,3.6978
1973-06-30,IT,Italy,3.0274
1973-06-30,JP,Japan,58.7734
1973-06-30,NL,Netherlands,11.7575
1973-06-30,NO,Norway,6.0052
1973-06-30,NZ,New Zealand,3.9644
1973-06-30,SE,Sweden,8.1895
1973-06-30,US,United States,13.736
1973-06-30,ZA,South Africa,2.1341
1973-09-30,AU,Australia,5.0375
1973-09-30,BE,Belgium,10.6072
1973-09-30,CA,Canada,9.4503
1973-09-30,CH,Switzerland,38.258
1973-09-30,DE,Germany,50.364
1973-09-30,DK,Denmark,12.0489
1973-09-30,ES,Spain,2.0972
1973-09-30,FI,Finland,10.3817
1973-09-30,FR,France,8.222
1973-09-30,GB,United Kingdom,5.194
1973-09-30,IE,Ireland,3.7223
1973-09-30,IT,Italy,3.368
1973-09-30,JP,Japan,63.2693
1973-09-30,NL,Netherlands,11.9832
1973-09-30,NO,Norway,5.8095
1973-09-30,NZ,New Zealand,4.2629
1973-09-30,SE,Sweden,8.1895
1973-09-30,US,United States,14.0885
1973-09-30,ZA,South Africa,2.2561
1973-12-31,AU,Australia,5.3871
1973-12-31,BE,Belgium,10.7328
1973-12-31,CA,Canada,10.3462
1973-12-31,CH,Switzerland,37.7132
1973-12-31,DE,Germany,50.364
1973-12-31,DK,Denmark,12.3664
1973-12-31,ES,Spain,2.2272
1973-12-31,FI,Finland,10.8649
1973-12-31,FR,France,8.4013
1973-12-31,GB,United Kingdom,5.2544
1973-12-31,IE,Ireland,3.7852
1973-12-31,IT,Italy,3.7856
1973-12-31,JP,Japan,65.9135
1973-12-31,NL,Netherlands,12.6449
1973-12-31,NO,Norway,5.5776
1973-12-31,NZ,New Zealand,4.6607
1973-12-31,SE,Sweden,8.3714
1973-12-31,US,United States,14.3872
1973-12-31,ZA,South Africa,2.3475
1974-03-31,AU,Australia,5.7368
1974-03-31,BE,Belgium,11.0058
1974-03-31,CA,Canada,11.4377
1974-03-31,CH,Switzerland,37.5418
1974-03-31,DE,Germany,51.461
1974-03-31,DK,Denmark,12.3664
1974-03-31,ES,Spain,2.459
1974-03-31,FI,Finland,11.463
1974-03-31,FR,France,8.6222
1974-03-31,GB,United Kingdom,5.3148
1974-03-31,IE,Ireland,4.0473
1974-03-31,IT,Italy,4.2526
1974-03-31,JP,Japan,68.5577
1974-03-31,NL,Netherlands,13.3454
1974-03-31,NO,Norway,5.5655
1974-03-31,NZ,New Zealand,5.1865
1974-03-31,SE,Sweden,8.5567
1974-03-31,US,United States,14.7397
1974-03-31,ZA,South Africa,2.3475
1974-06-30,AU,Australia,5.9306
1974-06-30,BE,Belgium,11.9157
1974-06-30,CA,Canada,11.9516
1974-06-30,CH,Switzerland,37.6293
1974-06-30,DE,Germany,53.5553
1974-06-30,DK,Denmark,11.9457
1974-06-30,ES,Spain,2.7471
1974-06-30,FI,Finland,12.073
1974-06-30,FR,France,9.0017
1974-06-30,GB,United Kingdom,5.3148
1974-06-30,IE,Ireland,4.3094
1974-06-30,IT,Italy,4.7471
1974-06-30,JP,Japan,69.1315
1974-06-30,NL,Netherlands,14.1394
1974-06-30,NO,Norway,5.9872
1974-06-30,NZ,New Zealand,5.698
1974-06-30,SE,Sweden,8.7386
1974-06-30,US,United States,15.0265
1974-06-30,ZA,South Africa,2.3882
1974-09-30,AU,Australia,6.0005
1974-09-30,BE,Belgium,12.4097
1974-09-30,CA,Canada,11.8424
1974-09-30,CH,Switzerland,37.9015
1974-09-30,DE,Germany,54.054
1974-09-30,DK,Denmark,12.0846
1974-09-30,ES,Spain,2.863
1974-09-30,FI,Finland,12.2196
1974-09-30,FR,France,9.4853
1974-09-30,GB,United Kingdom,5.3752
1974-09-30,IE,Ireland,4.5786
1974-09-30,IT,Italy,5.1921
1974-09-30,JP,Japan,69.7116
1974-09-30,NL,Netherlands,14.5052
1974-09-30,NO,Norway,6.201
1974-09-30,NZ,New Zealand,6.0533
1974-09-30,SE,Sweden,8.9407
1974-09-30,US,United States,15.4268
1974-09-30,ZA,South Africa,2.3983
1974-12-31,AU,Australia,6.1436
1974-12-31,BE,Belgium,12.2537
1974-12-31,CA,Canada,11.8697
1974-12-31,CH,Switzerland,37.628
1974-12-31,DE,Germany,53.7548
1974-12-31,DK,Denmark,12.9617
1974-12-31,ES,Spain,2.87
1974-12-31,FI,Finland,12.4136
1974-12-31,FR,France,9.6688
1974-12-31,GB,United Kingdom,5.4356
1974-12-31,IE,Ireland,5.012
1974-12-31,IT,Italy,5.4833
1974-12-31,JP,Japan,67.6923
1974-12-31,NL,Netherlands,15.2252
1974-12-31,NO,Norway,6.3937
1974-12-31,NZ,New Zealand,6.2238
1974-12-31,SE,Sweden,9.4898
1974-12-31,US,United States,15.5224
1974-12-31,ZA,South Africa,2.4085
1975-03-31,AU,Australia,6.2675
1975-03-31,BE,Belgium,13.0813
1975-03-31,CA,Canada,12.4973
1975-03-31,CH,Switzerland,36.2178
1975-03-31,DE,Germany,53.8827
1975-03-31,DK,Denmark,13.8348
1975-03-31,ES,Spain,2.87
1975-03-31,FI,Finland,12.3384
1975-03-31,FR,France,9.7105
1975-03-31,GB,United Kingdom,5.496
1975-03-31,IE,Ireland,5.3265
1975-03-31,IT,Italy,5.6482
1975-03-31,JP,Japan,65.6731
1975-03-31,KR,Korea,6.2599
1975-03-31,NL,Netherlands,15.556
1975-03-31,NO,Norway,6.5985
1975-03-31,NZ,New Zealand,6.2522
1975-03-31,SE,Sweden,9.8402
1975-03-31,US,United States,15.9347
1975-03-31,XM,Euro area,12.5862
1975-03-31,ZA,South Africa,2.5508
1975-06-30,AU,Australia,6.5281
1975-06-30,BE,Belgium,13.5233
1975-06-30,CA,Canada,12.9066
1975-06-30,CH,Switzerland,35.7616
1975-06-30,DE,Germany,54.6747
1975-06-30,DK,Denmark,14.3269
1975-06-30,ES,Spain,2.9719
1975-06-30,FI,Finland,12.4493
1975-06-30,FR,France,10.0648
1975-06-30,GB,United Kingdom,5.6168
1975-06-30,IE,Ireland,5.6201
1975-06-30,IT,Italy,5.7416
1975-06-30,JP,Japan,65.8643
1975-06-30,KR,Korea,6.9856
1975-06-30,NL,Netherlands,16.2254
1975-06-30,NO,Norway,6.8816
1975-06-30,NZ,New Zealand,6.2522
1975-06-30,SE,Sweden,10.3893
1975-06-30,US,United States,16.3888
1975-06-30,XM,Euro area,12.8566
1975-06-30,ZA,South Africa,2.5914
1975-09-30,AU,Australia,6.7125
1975-09-30,BE,Belgium,13.9089
1975-09-30,CA,Canada,13.3159
1975-09-30,CH,Switzerland,35.4076
1975-09-30,DE,Germany,54.6936
1975-09-30,DK,Denmark,14.9936
1975-09-30,ES,Spain,3.0105
1975-09-30,FI,Finland,12.5444
1975-09-30,FR,France,10.5652
1975-09-30,GB,United Kingdom,5.798
1975-09-30,IE,Ireland,6.015
1975-09-30,IT,Italy,5.9119
1975-09-30,JP,Japan,66.0577
1975-09-30,KR,Korea,7.705
1975-09-30,NL,Netherlands,16.8248
1975-09-30,NO,Norway,6.7612
1975-09-30,NZ,New Zealand,6.3374
1975-09-30,SE,Sweden,10.7565
1975-09-30,US,United States,16.6815
1975-09-30,XM,Euro area,13.0699
1975-09-30,ZA,South Africa,2.6016
1975-12-31,AU,Australia,6.9095
1975-12-31,BE,Belgium,14.4375
1975-12-31,CA,Canada,13.8616
1975-12-31,CH,Switzerland,35.2472
1975-12-31,DE,Germany,54.5635
1975-12-31,DK,Denmark,15.0254
1975-12-31,ES,Spain,3.0668
1975-12-31,FI,Finland,13.0236
1975-12-31,FR,France,10.8237
1975-12-31,GB,United Kingdom,5.8584
1975-12-31,IE,Ireland,6.2981
1975-12-31,IT,Italy,6.1317
1975-12-31,JP,Japan,66.3462
1975-12-31,KR,Korea,8.2318
1975-12-31,NL,Netherlands,17.6771
1975-12-31,NO,Norway,6.5925
1975-12-31,NZ,New Zealand,6.4795
1975-12-31,SE,Sweden,11.1439
1975-12-31,US,United States,16.9922
1975-12-31,XM,Euro area,13.228
1975-12-31,ZA,South Africa,2.6626
1976-03-31,AU,Australia,7.1765
1976-03-31,BE,Belgium,15.8977
1976-03-31,CA,Canada,14.4574
1976-03-31,CH,Switzerland,34.4557
1976-03-31,DE,Germany,54.6879
1976-03-31,DK,Denmark,15.4818
1976-03-31,ES,Spain,3.137
1976-03-31,FI,Finland,13.2256
1976-03-31,FR,France,11.0738
1976-03-31,GB,United Kingdom,5.9792
1976-03-31,IE,Ireland,6.6057
1976-03-31,IT,Italy,6.3679
1976-03-31,JP,Japan,66.6346
1976-03-31,KR,Korea,8.4731
1976-03-31,NL,Netherlands,18.5489
1976-03-31,NO,Norway,6.3275
1976-03-31,NZ,New Zealand,6.6217
1976-03-31,SE,Sweden,11.5111
1976-03-31,US,United States,16.5348
1976-03-31,XM,Euro area,13.5589
1976-03-31,ZA,South Africa,2.7134
1976-06-30,AU,Australia,7.3449
1976-06-30,BE,Belgium,16.2444
1976-06-30,CA,Canada,14.6211
1976-06-30,CH,Switzerland,34.6398
1976-06-30,DE,Germany,55.5742
1976-06-30,DK,Denmark,15.6564
1976-06-30,ES,Spain,3.4602
1976-06-30,FI,Finland,13.1266
1976-06-30,FR,France,11.6534
1976-06-30,GB,United Kingdom,6.1604
1976-06-30,IE,Ireland,6.6791
1976-06-30,IT,Italy,6.6371
1976-06-30,JP,Japan,67.2116
1976-06-30,KR,Korea,8.9213
1976-06-30,NL,Netherlands,20.561
1976-06-30,NO,Norway,7.1165
1976-06-30,NZ,New Zealand,6.7495
1976-06-30,SE,Sweden,12.1343
1976-06-30,US,United States,17.0712
1976-06-30,XM,Euro area,14.3032
1976-06-30,ZA,South Africa,2.7743
1976-09-30,AU,Australia,7.3354
1976-09-30,BE,Belgium,16.9463
1976-09-30,CA,Canada,14.6484
1976-09-30,CH,Switzerland,34.2643
1976-09-30,DE,Germany,55.8614
1976-09-30,DK,Denmark,15.9739
1976-09-30,ES,Spain,3.6358
1976-09-30,FI,Finland,13.4554
1976-09-30,FR,France,12.333
1976-09-30,GB,United Kingdom,6.2812
1976-09-30,IE,Ireland,7.0461
1976-09-30,IT,Italy,6.9448
1976-09-30,JP,Japan,67.7885
1976-09-30,KR,Korea,9.636
1976-09-30,NL,Netherlands,21.9115
1976-09-30,NO,Norway,7.1527
1976-09-30,NZ,New Zealand,6.8206
1976-09-30,SE,Sweden,12.8148
1976-09-30,US,United States,17.4989
1976-09-30,XM,Euro area,14.8447
1976-09-30,ZA,South Africa,2.7743
1976-12-31,AU,Australia,7.5738
1976-12-31,BE,Belgium,17.4966
1976-12-31,CA,Canada,15.1941
1976-12-31,CH,Switzerland,35.3114
1976-12-31,DE,Germany,56.7041
1976-12-31,DK,Denmark,16.6366
1976-12-31,ES,Spain,3.7658
1976-12-31,FI,Finland,13.6138
1976-12-31,FR,France,12.6415
1976-12-31,GB,United Kingdom,6.4019
1976-12-31,IE,Ireland,7.7661
1976-12-31,IT,Italy,7.2141
1976-12-31,JP,Japan,68.5096
1976-12-31,KR,Korea,9.9354
1976-12-31,NL,Netherlands,23.5345
1976-12-31,NO,Norway,7.0744
1976-12-31,NZ,New Zealand,6.9342
1976-12-31,SE,Sweden,12.8316
1976-12-31,US,United States,18.2158
1976-12-31,XM,Euro area,15.204
1976-12-31,ZA,South Africa,2.7642
1977-03-31,AU,Australia,7.7708
1977-03-31,BE,Belgium,18.3156
1977-03-31,CA,Canada,15.3306
1977-03-31,CH,Switzerland,35.2922
1977-03-31,DE,Germany,57.1612
1977-03-31,DK,Denmark,16.7081
1977-03-31,ES,Spain,4.1593
1977-03-31,FI,Finland,13.5782
1977-03-31,FR,France,12.8792
1977-03-31,GB,United Kingdom,6.4019
1977-03-31,IE,Ireland,7.6857
1977-03-31,IT,Italy,7.3679
1977-03-31,JP,Japan,69.2308
1977-03-31,KR,Korea,10.7706
1977-03-31,NL,Netherlands,26.2199
1977-03-31,NO,Norway,8.005
1977-03-31,NZ,New Zealand,7.0905
1977-03-31,SE,Sweden,13.347
1977-03-31,US,United States,18.9762
1977-03-31,XM,Euro area,15.5888
1977-03-31,ZA,South Africa,2.7743
1977-06-30,AU,Australia,7.9552
1977-06-30,BE,Belgium,18.8745
1977-06-30,CA,Canada,15.3851
1977-06-30,CH,Switzerland,35.626
1977-06-30,DE,Germany,58.5039
1977-06-30,DK,Denmark,17.7598
1977-06-30,ES,Spain,4.5984
1977-06-30,FI,Finland,13.8554
1977-06-30,FR,France,13.4545
1977-06-30,GB,United Kingdom,6.5227
1977-06-30,IE,Ireland,7.9548
1977-06-30,IT,Italy,7.4943
1977-06-30,JP,Japan,69.9958
1977-06-30,KR,Korea,11.5583
1977-06-30,NL,Netherlands,29.9522
1977-06-30,NO,Norway,8.3784
1977-06-30,NZ,New Zealand,7.2469
1977-06-30,SE,Sweden,14.1353
1977-06-30,US,United States,19.8634
1977-06-30,XM,Euro area,16.2411
1977-06-30,ZA,South Africa,2.815
1977-09-30,AU,Australia,7.9806
1977-09-30,BE,Belgium,19.6761
1977-09-30,CA,Canada,15.3306
1977-09-30,CH,Switzerland,36.3867
1977-09-30,DE,Germany,59.3543
1977-09-30,DK,Denmark,18.4265
1977-09-30,ES,Spain,4.9707
1977-09-30,FI,Finland,13.7406
1977-09-30,FR,France,14.1717
1977-09-30,GB,United Kingdom,6.7039
1977-09-30,IE,Ireland,8.8076
1977-09-30,IT,Italy,7.6151
1977-09-30,JP,Japan,70.7693
1977-09-30,KR,Korea,12.8493
1977-09-30,NL,Netherlands,30.1974
1977-09-30,NO,Norway,8.4537
1977-09-30,NZ,New Zealand,7.2895
1977-09-30,SE,Sweden,14.5227
1977-09-30,US,United States,20.5767
1977-09-30,XM,Euro area,16.8332
1977-09-30,ZA,South Africa,2.815
1977-12-31,AU,Australia,8.1268
1977-12-31,BE,Belgium,20.6554
1977-12-31,CA,Canada,15.7671
1977-12-31,CH,Switzerland,36.2699
1977-12-31,DE,Germany,59.9643
1977-12-31,DK,Denmark,19.3711
1977-12-31,ES,Spain,5.4169
1977-12-31,FI,Finland,13.7406
1977-12-31,FR,France,14.4635
1977-12-31,GB,United Kingdom,6.9455
1977-12-31,IE,Ireland,9.0837
1977-12-31,IT,Italy,7.7415
1977-12-31,JP,Japan,71.6346
1977-12-31,KR,Korea,14.1702
1977-12-31,NL,Netherlands,30.7617
1977-12-31,NO,Norway,8.3724
1977-12-31,NZ,New Zealand,7.2753
1977-12-31,SE,Sweden,14.8899
1977-12-31,US,United States,21.1674
1977-12-31,XM,Euro area,17.2745
1977-12-31,ZA,South Africa,2.8353
1978-03-31,AU,Australia,8.3429
1978-03-31,BE,Belgium,20.924
1978-03-31,CA,Canada,15.7126
1978-03-31,CH,Switzerland,35.8788
1978-03-31,DE,Germany,61.0765
1978-03-31,DK,Denmark,20.0378
1978-03-31,ES,Spain,5.8876
1978-03-31,FI,Finland,14.1089
1978-03-31,FR,France,14.6053
1978-03-31,GB,United Kingdom,7.0663
1978-03-31,IE,Ireland,10.0344
1978-03-31,IT,Italy,7.9558
1978-03-31,JP,Japan,72.5
1978-03-31,KR,Korea,16.3164
1978-03-31,NL,Netherlands,31.509
1978-03-31,NO,Norway,8.9717
1978-03-31,NZ,New Zealand,7.2895
1978-03-31,SE,Sweden,15.018
1978-03-31,US,United States,22.0706
1978-03-31,XM,Euro area,17.7586
1978-03-31,ZA,South Africa,2.8658
1978-06-30,AU,Australia,8.3175
1978-06-30,BE,Belgium,21.2057
1978-06-30,CA,Canada,16.1719
1978-06-30,CH,Switzerland,36.7753
1978-06-30,DE,Germany,62.5668
1978-06-30,DK,Denmark,20.8434
1978-06-30,ES,Spain,6.3372
1978-06-30,FI,Finland,14.3783
1978-06-30,FR,France,15.0764
1978-06-30,GB,United Kingdom,7.4287
1978-06-30,IE,Ireland,10.6251
1978-06-30,IT,Italy,8.4063
1978-06-30,JP,Japan,73.6953
1978-06-30,KR,Korea,18.0323
1978-06-30,NL,Netherlands,33.3771
1978-06-30,NO,Norway,9.1855
1978-06-30,NZ,New Zealand,7.3321
1978-06-30,SE,Sweden,15.9915
1978-06-30,US,United States,22.8208
1978-06-30,XM,Euro area,18.3299
1978-06-30,ZA,South Africa,2.876
1978-09-30,AU,Australia,8.3588
1978-09-30,BE,Belgium,22.1156
1978-09-30,CA,Canada,16.1446
1978-09-30,CH,Switzerland,37.4129
1978-09-30,DE,Germany,63.7864
1978-09-30,DK,Denmark,21.3673
1978-09-30,ES,Spain,6.555
1978-09-30,FI,Finland,14.1604
1978-09-30,FR,France,15.706
1978-09-30,GB,United Kingdom,7.9118
1978-09-30,IE,Ireland,11.373
1978-09-30,IT,Italy,8.9393
1978-09-30,JP,Japan,74.9039
1978-09-30,KR,Korea,19.4053
1978-09-30,NL,Netherlands,30.9758
1978-09-30,NO,Norway,9.3301
1978-09-30,NZ,New Zealand,7.4032
1978-09-30,SE,Sweden,16.7596
1978-09-30,US,United States,23.7595
1978-09-30,XM,Euro area,18.8777
1978-09-30,ZA,South Africa,2.9369
1978-12-31,AU,Australia,8.451
1978-12-31,BE,Belgium,22.3322
1978-12-31,CA,Canada,16.9086
1978-12-31,CH,Switzerland,38.5566
1978-12-31,DE,Germany,64.7398
1978-12-31,DK,Denmark,21.5776
1978-12-31,ES,Spain,6.6253
1978-12-31,FI,Finland,14.3189
1978-12-31,FR,France,15.9812
1978-12-31,GB,United Kingdom,8.5158
1978-12-31,IE,Ireland,11.3451
1978-12-31,IT,Italy,9.3953
1978-12-31,JP,Japan,76.4423
1978-12-31,KR,Korea,19.7727
1978-12-31,NL,Netherlands,31.0147
1978-12-31,NO,Norway,9.5771
1978-12-31,NZ,New Zealand,7.4884
1978-12-31,SE,Sweden,16.7259
1978-12-31,US,United States,24.4424
1978-12-31,XM,Euro area,19.4254
1978-12-31,ZA,South Africa,3.0386
1979-03-31,AU,Australia,8.9055
1979-03-31,BE,Belgium,23.0255
1979-03-31,CA,Canada,17.4816
1979-03-31,CH,Switzerland,39.05
1979-03-31,DE,Germany,66.0662
1979-03-31,DK,Denmark,22.1015
1979-03-31,ES,Spain,6.6464
1979-03-31,FI,Finland,14.4931
1979-03-31,FR,France,16.2022
1979-03-31,GB,United Kingdom,8.9386
1979-03-31,IE,Ireland,12.1804
1979-03-31,IT,Italy,9.7909
1979-03-31,JP,Japan,77.9808
1979-03-31,KR,Korea,20.4747
1979-03-31,NL,Netherlands,30.5166
1979-03-31,NO,Norway,9.8812
1979-03-31,NZ,New Zealand,7.6305
1979-03-31,SE,Sweden,16.9078
1979-03-31,US,United States,25.5296
1979-03-31,XM,Euro area,20.2921
1979-03-31,ZA,South Africa,3.1097
1979-06-30,AU,Australia,9.4648
1979-06-30,BE,Belgium,23.2032
1979-06-30,CA,Canada,17.8637
1979-06-30,CH,Switzerland,39.0613
1979-06-30,DE,Germany,68.6576
1979-06-30,DK,Denmark,23.1175
1979-06-30,ES,Spain,6.6394
1979-06-30,FI,Finland,14.6833
1979-06-30,FR,France,16.8734
1979-06-30,GB,United Kingdom,9.6633
1979-06-30,IE,Ireland,13.2743
1979-06-30,IT,Italy,10.1315
1979-06-30,JP,Japan,80.1801
1979-06-30,KR,Korea,21.8954
1979-06-30,NL,Netherlands,30.7189
1979-06-30,NO,Norway,10.0017
1979-06-30,NZ,New Zealand,7.73
1979-06-30,SE,Sweden,17.8275
1979-06-30,US,United States,26.6757
1979-06-30,XM,Euro area,21.0421
1979-06-30,ZA,South Africa,3.2113
1979-09-30,AU,Australia,9.6746
1979-09-30,BE,Belgium,23.9138
1979-09-30,CA,Canada,17.7818
1979-09-30,CH,Switzerland,40.6209
1979-09-30,DE,Germany,69.9795
1979-09-30,DK,Denmark,23.4707
1979-09-30,ES,Spain,6.7588
1979-09-30,FI,Finland,14.9526
1979-09-30,FR,France,17.8616
1979-09-30,GB,United Kingdom,10.3881
1979-09-30,IE,Ireland,13.7042
1979-09-30,IT,Italy,10.5052
1979-09-30,JP,Japan,82.4039
1979-09-30,KR,Korea,21.8769
1979-09-30,NL,Netherlands,29.9172
1979-09-30,NO,Norway,9.9053
1979-09-30,NZ,New Zealand,7.8152
1979-09-30,SE,Sweden,18.4878
1979-09-30,US,United States,27.652
1979-09-30,XM,Euro area,21.5174
1979-09-30,ZA,South Africa,3.3434
1979-12-31,AU,Australia,9.8431
1979-12-31,BE,Belgium,23.7361
1979-12-31,CA,Canada,18.5686
1979-12-31,CH,Switzerland,41.8454
1979-12-31,DE,Germany,70.3829
1979-12-31,DK,Denmark,23.435
1979-12-31,ES,Spain,6.6921
1979-12-31,FI,Finland,15.5507
1979-12-31,FR,France,18.4953
1979-12-31,GB,United Kingdom,11.0524
1979-12-31,HK,Hong Kong SAR,10.9338
1979-12-31,IE,Ireland,13.6343
1979-12-31,IT,Italy,10.9777
1979-12-31,JP,Japan,85.1443
1979-12-31,KR,Korea,21.5505
1979-12-31,NL,Netherlands,29.1116
1979-12-31,NO,Norway,9.9595
1979-12-31,NZ,New Zealand,7.9147
1979-12-31,SE,Sweden,18.3396
1979-12-31,US,United States,28.6335
1979-12-31,XM,Euro area,21.6286
1979-12-31,ZA,South Africa,3.4755
1980-03-31,AU,Australia,10.0624
1980-03-31,BE,Belgium,24.3991
1980-03-31,CA,Canada,18.8414
1980-03-31,CH,Switzerland,43.5591
1980-03-31,DE,Germany,71.6748
1980-03-31,DK,Denmark,23.0143
1980-03-31,ES,Spain,6.9731
1980-03-31,FI,Finland,16.3786
1980-03-31,FR,France,19.2416
1980-03-31,GB,United Kingdom,11.5356
1980-03-31,HK,Hong Kong SAR,12.1928
1980-03-31,IE,Ireland,14.5745
1980-03-31,IT,Italy,11.7579
1980-03-31,JP,Japan,87.8847
1980-03-31,KR,Korea,23.1287
1980-03-31,NL,Netherlands,28.773
1980-03-31,NO,Norway,9.7788
1980-03-31,NZ,New Zealand,8.0882
1980-03-31,SE,Sweden,18.1374
1980-03-31,US,United States,29.275
1980-03-31,XM,Euro area,22.0889
1980-03-31,ZA,South Africa,3.6077
1980-06-30,AU,Australia,10.5772
1980-06-30,BE,Belgium,23.7838
1980-06-30,CA,Canada,19.6055
1980-06-30,CH,Switzerland,42.8464
1980-06-30,DE,Germany,73.4748
1980-06-30,DK,Denmark,22.3118
1980-06-30,ES,Spain,7.0785
1980-06-30,FI,Finland,16.8697
1980-06-30,FR,France,20.3799
1980-06-30,GB,United Kingdom,11.9583
1980-06-30,HK,Hong Kong SAR,12.1928
1980-06-30,IE,Ireland,14.9415
1980-06-30,IT,Italy,13.038
1980-06-30,JP,Japan,90.7693
1980-06-30,KR,Korea,23.9772
1980-06-30,NL,Netherlands,28.5161
1980-06-30,NO,Norway,10.5197
1980-06-30,NZ,New Zealand,8.3446
1980-06-30,SE,Sweden,18.4305
1980-06-30,US,United States,29.6498
1980-06-30,XM,Euro area,23.0332
1980-06-30,ZA,South Africa,3.8516
1980-09-30,AU,Australia,10.9141
1980-09-30,BE,Belgium,23.6755
1980-09-30,CA,Canada,20.4104
1980-09-30,CH,Switzerland,43.7912
1980-09-30,DE,Germany,74.3731
1980-09-30,DK,Denmark,22.6968
1980-09-30,ES,Spain,7.0609
1980-09-30,FI,Finland,17.5272
1980-09-30,FR,France,21.6348
1980-09-30,GB,United Kingdom,12.4415
1980-09-30,HK,Hong Kong SAR,13.4519
1980-09-30,IE,Ireland,16.2801
1980-09-30,IT,Italy,14.527
1980-09-30,JP,Japan,93.6539
1980-09-30,KR,Korea,24.0634
1980-09-30,NL,Netherlands,26.574
1980-09-30,NO,Norway,11.2515
1980-09-30,NZ,New Zealand,8.6218
1980-09-30,SE,Sweden,18.7067
1980-09-30,US,United States,30.6001
1980-09-30,XM,Euro area,24.3507
1980-09-30,ZA,South Africa,4.2072
1980-12-31,AU,Australia,11.2828
1980-12-31,BE,Belgium,22.7785
1980-12-31,CA,Canada,21.702
1980-12-31,CH,Switzerland,44.6159
1980-12-31,DE,Germany,75.6602
1980-12-31,DK,Denmark,22.7325
1980-12-31,ES,Spain,6.9661
1980-12-31,FI,Finland,17.6857
1980-12-31,FR,France,21.9517
1980-12-31,GB,United Kingdom,12.5019
1980-12-31,HK,Hong Kong SAR,14.8434
1980-12-31,IE,Ireland,17.063
1980-12-31,IT,Italy,15.9061
1980-12-31,JP,Japan,96.1539
1980-12-31,KR,Korea,24.6545
1980-12-31,NL,Netherlands,26.4806
1980-12-31,NO,Norway,11.887
1980-12-31,NZ,New Zealand,8.8921
1980-12-31,SE,Sweden,18.1947
1980-12-31,US,United States,31.2524
1980-12-31,XM,Euro area,25.3435
1980-12-31,ZA,South Africa,4.6036
1981-03-31,AU,Australia,12.0011
1981-03-31,BE,Belgium,22.6832
1981-03-31,CA,Canada,22.5297
1981-03-31,CH,Switzerland,46.4716
1981-03-31,DE,Germany,76.9375
1981-03-31,DK,Denmark,22.5936
1981-03-31,ES,Spain,7.1909
1981-03-31,FI,Finland,18.8185
1981-03-31,FR,France,22.1644
1981-03-31,GB,United Kingdom,12.5019
1981-03-31,HK,Hong Kong SAR,16.1025
1981-03-31,IE,Ireland,17.2867
1981-03-31,IS,Iceland,2.2024
1981-03-31,IT,Italy,17.1698
1981-03-31,JP,Japan,98.6539
1981-03-31,KR,Korea,25.0567
1981-03-31,NL,Netherlands,26.5896
1981-03-31,NO,Norway,12.6791
1981-03-31,NZ,New Zealand,9.2595
1981-03-31,SE,Sweden,18.3025
1981-03-31,US,United States,31.8294
1981-03-31,XM,Euro area,26.4817
1981-03-31,ZA,South Africa,4.9999
1981-06-30,AU,Australia,12.3952
1981-06-30,BE,Belgium,22.4016
1981-06-30,CA,Canada,22.7025
1981-06-30,CH,Switzerland,47.7989
1981-06-30,DE,Germany,79.3518
1981-06-30,DK,Denmark,21.6808
1981-06-30,ES,Spain,7.4017
1981-06-30,FI,Finland,19.2106
1981-06-30,FR,France,22.8273
1981-06-30,GB,United Kingdom,12.8643
1981-06-30,HK,Hong Kong SAR,16.1688
1981-06-30,IE,Ireland,17.4195
1981-06-30,IS,Iceland,2.4434
1981-06-30,IT,Italy,18.2686
1981-06-30,JP,Japan,100.9966
1981-06-30,KR,Korea,25.4652
1981-06-30,NL,Netherlands,25.5077
1981-06-30,NO,Norway,13.8867
1981-06-30,NZ,New Zealand,10.0565
1981-06-30,SE,Sweden,18.4305
1981-06-30,US,United States,32.2201
1981-06-30,XM,Euro area,27.3021
1981-06-30,ZA,South Africa,5.4267
1981-09-30,AU,Australia,12.1632
1981-09-30,BE,Belgium,22.3669
1981-09-30,CA,Canada,23.2801
1981-09-30,CH,Switzerland,48.1636
1981-09-30,DE,Germany,80.0153
1981-09-30,DK,Denmark,20.9109
1981-09-30,ES,Spain,7.3173
1981-09-30,FI,Finland,20.0187
1981-09-30,FR,France,23.657
1981-09-30,GB,United Kingdom,13.0455
1981-09-30,HK,Hong Kong SAR,16.3013
1981-09-30,IE,Ireland,18.6603
1981-09-30,IS,Iceland,2.9426
1981-09-30,IT,Italy,19.0653
1981-09-30,JP,Japan,103.3654
1981-09-30,KR,Korea,26.3299
1981-09-30,NL,Netherlands,24.3089
1981-09-30,NO,Norway,14.6969
1981-09-30,NZ,New Zealand,10.8189
1981-09-30,SE,Sweden,18.2284
1981-09-30,US,United States,32.5188
1981-09-30,XM,Euro area,27.4393
1981-09-30,ZA,South Africa,5.8535
1981-12-31,AU,Australia,12.7384
1981-12-31,BE,Belgium,22.0463
1981-12-31,CA,Canada,23.612
1981-12-31,CH,Switzerland,48.9569
1981-12-31,DE,Germany,79.6432
1981-12-31,DK,Denmark,21.2959
1981-12-31,ES,Spain,7.1312
1981-12-31,FI,Finland,20.4781
1981-12-31,FR,France,23.6945
1981-12-31,GB,United Kingdom,12.8039
1981-12-31,HK,Hong Kong SAR,15.97
1981-12-31,IE,Ireland,19.1671
1981-12-31,IS,Iceland,3.1939
1981-12-31,IT,Italy,19.4664
1981-12-31,JP,Japan,105.4808
1981-12-31,KR,Korea,26.1477
1981-12-31,NL,Netherlands,22.8534
1981-12-31,NO,Norway,15.254
1981-12-31,NZ,New Zealand,11.6991
1981-12-31,SE,Sweden,17.8275
1981-12-31,US,United States,32.9232
1981-12-31,XM,Euro area,27.4263
1981-12-31,ZA,South Africa,6.2092
1982-03-31,AU,Australia,12.6018
1982-03-31,BE,Belgium,21.34
1982-03-31,CA,Canada,22.6525
1982-03-31,CH,Switzerland,50.193
1982-03-31,DE,Germany,79.7825
1982-03-31,DK,Denmark,21.1212
1982-03-31,ES,Spain,7.3103
1982-03-31,FI,Finland,22.1774
1982-03-31,FR,France,23.5986
1982-03-31,GB,United Kingdom,12.5019
1982-03-31,HK,Hong Kong SAR,14.9097
1982-03-31,IE,Ireland,19.3278
1982-03-31,IS,Iceland,3.8258
1982-03-31,IT,Italy,19.7961
1982-03-31,JP,Japan,107.5962
1982-03-31,KR,Korea,26.214
1982-03-31,NL,Netherlands,22.2112
1982-03-31,NO,Norway,16.2931
1982-03-31,NZ,New Zealand,12.6971
1982-03-31,SE,Sweden,18.0296
1982-03-31,US,United States,33.0378
1982-03-31,XM,Euro area,27.7291
1982-03-31,ZA,South Africa,6.4633
1982-06-30,AU,Australia,12.9895
1982-06-30,BE,Belgium,21.184
1982-06-30,CA,Canada,21.702
1982-06-30,CH,Switzerland,49.7456
1982-06-30,DE,Germany,79.797
1982-06-30,DK,Denmark,21.2959
1982-06-30,ES,Spain,7.4368
1982-06-30,FI,Finland,22.8428
1982-06-30,FR,France,24.1281
1982-06-30,GB,United Kingdom,13.0455
1982-06-30,HK,Hong Kong SAR,14.3796
1982-06-30,IE,Ireland,19.3733
1982-06-30,IS,Iceland,4.4436
1982-06-30,IT,Italy,20.3894
1982-06-30,JP,Japan,109.3174
1982-06-30,KR,Korea,26.4769
1982-06-30,NL,Netherlands,22.0789
1982-06-30,NO,Norway,17.3923
1982-06-30,NZ,New Zealand,13.7644
1982-06-30,SE,Sweden,18.4878
1982-06-30,US,United States,33.1146
1982-06-30,XM,Euro area,28.084
1982-06-30,ZA,South Africa,6.6767
1982-09-30,AU,Australia,12.7607
1982-09-30,BE,Belgium,22.0376
1982-09-30,CA,Canada,21.2927
1982-09-30,CH,Switzerland,50.0979
1982-09-30,DE,Germany,79.814
1982-09-30,DK,Denmark,20.8077
1982-09-30,ES,Spain,7.5246
1982-09-30,FI,Finland,23.4845
1982-09-30,FR,France,24.912
1982-09-30,GB,United Kingdom,13.3474
1982-09-30,HK,Hong Kong SAR,13.6507
1982-09-30,IE,Ireland,19.9744
1982-09-30,IS,Iceland,5.1954
1982-09-30,IT,Italy,20.9609
1982-09-30,JP,Japan,111.0577
1982-09-30,KR,Korea,27.3317
1982-09-30,NL,Netherlands,22.2929
1982-09-30,NO,Norway,17.6061
1982-09-30,NZ,New Zealand,14.0763
1982-09-30,SE,Sweden,18.6528
1982-09-30,US,United States,33.1429
1982-09-30,XM,Euro area,28.5566
1982-09-30,ZA,South Africa,6.8596
1982-12-31,AU,Australia,12.7067
1982-12-31,BE,Belgium,21.652
1982-12-31,CA,Canada,21.752
1982-12-31,CH,Switzerland,50.8414
1982-12-31,DE,Germany,79.4638
1982-12-31,DK,Denmark,21.2959
1982-12-31,ES,Spain,7.7354
1982-12-31,FI,Finland,24.5857
1982-12-31,FR,France,24.8869
1982-12-31,GB,United Kingdom,13.5286
1982-12-31,HK,Hong Kong SAR,12.9218
1982-12-31,IE,Ireland,20.261
1982-12-31,IS,Iceland,5.4168
1982-12-31,IT,Italy,21.4389
1982-12-31,JP,Japan,112.452
1982-12-31,KR,Korea,28.5463
1982-12-31,NL,Netherlands,21.7247
1982-12-31,NO,Norway,17.8079
1982-12-31,NZ,New Zealand,14.3882
1982-12-31,SE,Sweden,18.4305
1982-12-31,US,United States,33.3683
1982-12-31,XM,Euro area,28.7465
1982-12-31,ZA,South Africa,7.0527
1983-03-31,AU,Australia,13.0404
1983-03-31,BE,Belgium,21.2447
1983-03-31,CA,Canada,23.2391
1983-03-31,CH,Switzerland,51.0125
1983-03-31,DE,Germany,79.4954
1983-03-31,DK,Denmark,23.1175
1983-03-31,ES,Spain,8.582
1983-03-31,FI,Finland,26.784
1983-03-31,FR,France,24.7744
1983-03-31,GB,United Kingdom,13.9514
1983-03-31,HK,Hong Kong SAR,12.2591
1983-03-31,IE,Ireland,19.9989
1983-03-31,IS,Iceland,5.9607
1983-03-31,IT,Italy,21.829
1983-03-31,JP,Japan,113.8462
1983-03-31,KR,Korea,30.4532
1983-03-31,NL,Netherlands,22.001
1983-03-31,NO,Norway,17.9163
1983-03-31,NZ,New Zealand,14.5892
1983-03-31,SE,Sweden,18.3025
1983-03-31,US,United States,33.7228
1983-03-31,XM,Euro area,29.2293
1983-03-31,ZA,South Africa,7.4694
1983-06-30,AU,Australia,13.498
1983-06-30,BE,Belgium,21.1103
1983-06-30,CA,Canada,23.2255
1983-06-30,CH,Switzerland,51.7985
1983-06-30,DE,Germany,80.1618
1983-06-30,DK,Denmark,26.0265
1983-06-30,ES,Spain,8.9754
1983-06-30,FI,Finland,27.4296
1983-06-30,FR,France,25.3497
1983-06-30,GB,United Kingdom,14.4346
1983-06-30,HK,Hong Kong SAR,12.3254
1983-06-30,IE,Ireland,19.4152
1983-06-30,IS,Iceland,6.5649
1983-06-30,IT,Italy,22.1751
1983-06-30,JP,Japan,114.9459
1983-06-30,KR,Korea,31.7309
1983-06-30,NL,Netherlands,22.83
1983-06-30,NO,Norway,17.9133
1983-06-30,NZ,New Zealand,14.8595
1983-06-30,SE,Sweden,18.5248
1983-06-30,US,United States,34.1635
1983-06-30,XM,Euro area,29.6451
1983-06-30,ZA,South Africa,7.9267
1983-09-30,AU,Australia,13.4122
1983-09-30,BE,Belgium,21.3313
1983-09-30,CA,Canada,22.9299
1983-09-30,CH,Switzerland,53.1806
1983-09-30,DE,Germany,80.2947
1983-09-30,DK,Denmark,26.3757
1983-09-30,ES,Spain,9.1019
1983-09-30,FI,Finland,28.606
1983-09-30,FR,France,26.2045
1983-09-30,GB,United Kingdom,15.0385
1983-09-30,HK,Hong Kong SAR,11.8615
1983-09-30,IE,Ireland,20.4218
1983-09-30,IS,Iceland,7.3104
1983-09-30,IT,Italy,22.4498
1983-09-30,JP,Japan,116.0577
1983-09-30,KR,Korea,32.7996
1983-09-30,NL,Netherlands,22.8689
1983-09-30,NO,Norway,18.2627
1983-09-30,NZ,New Zealand,15.2268
1983-09-30,SE,Sweden,18.5619
1983-09-30,US,United States,34.631
1983-09-30,XM,Euro area,30.1732
1983-09-30,ZA,South Africa,8.323
1983-12-31,AU,Australia,14.0288
1983-12-31,BE,Belgium,21.1277
1983-12-31,CA,Canada,23.0117
1983-12-31,CH,Switzerland,53.9194
1983-12-31,DE,Germany,79.6139
1983-12-31,DK,Denmark,27.1457
1983-12-31,ES,Spain,9.1511
1983-12-31,FI,Finland,29.7547
1983-12-31,FR,France,26.1794
1983-12-31,GB,United Kingdom,15.1593
1983-12-31,HK,Hong Kong SAR,11.2651
1983-12-31,IE,Ireland,19.8451
1983-12-31,IS,Iceland,7.9817
1983-12-31,IT,Italy,22.6311
1983-12-31,JP,Japan,117.0193
1983-12-31,KR,Korea,33.6661
1983-12-31,NL,Netherlands,22.184
1983-12-31,NO,Norway,18.6933
1983-12-31,NZ,New Zealand,15.7258
1983-12-31,SE,Sweden,18.7067
1983-12-31,US,United States,35.0732
1983-12-31,XM,Euro area,30.0306
1983-12-31,ZA,South Africa,8.8006
1984-03-31,AU,Australia,14.4897
1984-03-31,BE,Belgium,21.3963
1984-03-31,CA,Canada,22.989
1984-03-31,CH,Switzerland,54.7272
1984-03-31,DE,Germany,78.8112
1984-03-31,DK,Denmark,28.6895
1984-03-31,ES,Spain,9.4813
1984-03-31,FI,Finland,31.042
1984-03-31,FR,France,25.9752
1984-03-31,GB,United Kingdom,15.2801
1984-03-31,HK,Hong Kong SAR,11.5964
1984-03-31,IE,Ireland,20.1771
1984-03-31,IS,Iceland,8.6359
1984-03-31,IT,Italy,22.7575
1984-03-31,JP,Japan,117.9808
1984-03-31,KR,Korea,35.1191
1984-03-31,NL,Netherlands,22.3241
1984-03-31,NO,Norway,19.2023
1984-03-31,NZ,New Zealand,16.2803
1984-03-31,SE,Sweden,18.6899
1984-03-31,US,United States,35.4806
1984-03-31,XM,Euro area,30.0759
1984-03-31,ZA,South Africa,9.0039
1984-06-30,AU,Australia,14.8297
1984-06-30,BE,Belgium,21.5306
1984-06-30,CA,Canada,23.1209
1984-06-30,CH,Switzerland,55.9347
1984-06-30,DE,Germany,78.5211
1984-06-30,DK,Denmark,29.2848
1984-06-30,ES,Spain,9.6359
1984-06-30,FI,Finland,31.1846
1984-06-30,FR,France,26.4046
1984-06-30,GB,United Kingdom,15.7633
1984-06-30,HK,Hong Kong SAR,11.6627
1984-06-30,IE,Ireland,19.922
1984-06-30,IS,Iceland,9.2582
1984-06-30,IT,Italy,22.8344
1984-06-30,JP,Japan,118.7981
1984-06-30,KR,Korea,36.21
1984-06-30,NL,Netherlands,22.3318
1984-06-30,NO,Norway,19.8016
1984-06-30,NZ,New Zealand,16.8209
1984-06-30,SE,Sweden,19.2761
1984-06-30,US,United States,35.9524
1984-06-30,XM,Euro area,30.224
1984-06-30,ZA,South Africa,8.9836
1984-09-30,AU,Australia,15.4463
1984-09-30,BE,Belgium,21.9336
1984-09-30,CA,Canada,22.6934
1984-09-30,CH,Switzerland,55.9406
1984-09-30,DE,Germany,78.0704
1984-09-30,DK,Denmark,29.5983
1984-09-30,ES,Spain,9.6675
1984-09-30,FI,Finland,31.854
1984-09-30,FR,France,27.0884
1984-09-30,GB,United Kingdom,16.3672
1984-09-30,HK,Hong Kong SAR,11.0663
1984-09-30,IE,Ireland,20.7783
1984-09-30,IS,Iceland,9.6631
1984-09-30,IT,Italy,22.9113
1984-09-30,JP,Japan,119.6154
1984-09-30,KR,Korea,36.9419
1984-09-30,NL,Netherlands,22.4564
1984-09-30,NO,Norway,19.9823
1984-09-30,NZ,New Zealand,17.2922
1984-09-30,SE,Sweden,19.4782
1984-09-30,US,United States,36.4874
1984-09-30,XM,Euro area,30.4936
1984-09-30,ZA,South Africa,8.8718
1984-12-31,AU,Australia,15.4273
1984-12-31,BE,Belgium,21.6693
1984-12-31,CA,Canada,22.9754
1984-12-31,CH,Switzerland,56.3268
1984-12-31,DE,Germany,77.7284
1984-12-31,DK,Denmark,30.9278
1984-12-31,ES,Spain,9.7412
1984-12-31,FI,Finland,32.0243
1984-12-31,FR,France,27.0342
1984-12-31,GB,United Kingdom,16.6088
1984-12-31,HK,Hong Kong SAR,11.1989
1984-12-31,IE,Ireland,20.6035
1984-12-31,IS,Iceland,9.6323
1984-12-31,IT,Italy,22.9938
1984-12-31,JP,Japan,120.4327
1984-12-31,KR,Korea,37.3748
1984-12-31,NL,Netherlands,22.1411
1984-12-31,NO,Norway,19.8378
1984-12-31,NZ,New Zealand,17.7773
1984-12-31,SE,Sweden,19.495
1984-12-31,US,United States,36.744
1984-12-31,XM,Euro area,30.4053
1984-12-31,ZA,South Africa,8.6177
1985-03-31,AU,Australia,16.2123
1985-03-31,BE,Belgium,21.704
1985-03-31,CA,Canada,23.4574
1985-03-31,CH,Switzerland,59.3794
1985-03-31,DE,Germany,77.5157
1985-03-31,DK,Denmark,32.1541
1985-03-31,ES,Spain,10.3244
1985-03-31,FI,Finland,32.9472
1985-03-31,FR,France,26.7923
1985-03-31,GB,United Kingdom,16.6088
1985-03-31,HK,Hong Kong SAR,11.6627
1985-03-31,IE,Ireland,20.4707
1985-03-31,IS,Iceland,10.1454
1985-03-31,IT,Italy,23.1201
1985-03-31,JP,Japan,121.25
1985-03-31,KR,Korea,37.9773
1985-03-31,NL,Netherlands,22.1567
1985-03-31,NO,Norway,19.7745
1985-03-31,NZ,New Zealand,18.4011
1985-03-31,SE,Sweden,19.6803
1985-03-31,US,United States,37.1753
1985-03-31,XM,Euro area,30.5714
1985-03-31,ZA,South Africa,8.3637
1985-06-30,AU,Australia,16.3744
1985-06-30,BE,Belgium,21.509
1985-06-30,CA,Canada,24.0032
1985-06-30,CH,Switzerland,58.0653
1985-06-30,DE,Germany,77.1773
1985-06-30,DK,Denmark,33.6265
1985-06-30,ES,Spain,10.5773
1985-06-30,FI,Finland,32.9195
1985-06-30,FR,France,27.2551
1985-06-30,GB,United Kingdom,17.2128
1985-06-30,HK,Hong Kong SAR,12.2591
1985-06-30,IE,Ireland,20.3204
1985-06-30,IS,Iceland,10.8105
1985-06-30,IT,Italy,23.2355
1985-06-30,JP,Japan,121.8716
1985-06-30,KR,Korea,38.6716
1985-06-30,NL,Netherlands,22.5965
1985-06-30,NO,Norway,20.1841
1985-06-30,NZ,New Zealand,19.108
1985-06-30,SE,Sweden,20.1755
1985-06-30,US,United States,38.0009
1985-06-30,XM,Euro area,30.7525
1985-06-30,ZA,South Africa,8.2112
1985-09-30,AU,Australia,16.7494
1985-09-30,BE,Belgium,22.3626
1985-09-30,CA,Canada,24.1214
1985-09-30,CH,Switzerland,58.5682
1985-09-30,DE,Germany,77.4362
1985-09-30,DK,Denmark,36.0077
1985-09-30,ES,Spain,10.6897
1985-09-30,FI,Finland,32.6977
1985-09-30,FR,France,27.9931
1985-09-30,GB,United Kingdom,17.5751
1985-09-30,HK,Hong Kong SAR,12.988
1985-09-30,IE,Ireland,21.1383
1985-09-30,IS,Iceland,10.8128
1985-09-30,IT,Italy,23.3948
1985-09-30,JP,Japan,122.5
1985-09-30,KR,Korea,39.3262
1985-09-30,NL,Netherlands,22.2929
1985-09-30,NO,Norway,20.9912
1985-09-30,NZ,New Zealand,19.8496
1985-09-30,SE,Sweden,20.2126
1985-09-30,US,United States,38.3271
1985-09-30,XM,Euro area,31.1883
1985-09-30,ZA,South Africa,8.0893
1985-12-31,AU,Australia,16.9941
1985-12-31,BE,Belgium,22.2369
1985-12-31,CA,Canada,25.1446
1985-12-31,CH,Switzerland,58.4518
1985-12-31,DE,Germany,77.4115
1985-12-31,DK,Denmark,36.8848
1985-12-31,ES,Spain,10.8056
1985-12-31,FI,Finland,32.975
1985-12-31,FR,France,27.9723
1985-12-31,GB,United Kingdom,18.1791
1985-12-31,HK,Hong Kong SAR,13.4519
1985-12-31,IE,Ireland,21.6171
1985-12-31,IS,Iceland,11.3792
1985-12-31,IT,Italy,23.4992
1985-12-31,JP,Japan,123.1731
1985-12-31,KR,Korea,39.8559
1985-12-31,NL,Netherlands,22.363
1985-12-31,NO,Norway,22.235
1985-12-31,NZ,New Zealand,20.4734
1985-12-31,SE,Sweden,20.0644
1985-12-31,US,United States,39.0679
1985-12-31,XM,Euro area,31.3275
1985-12-31,ZA,South Africa,8.069
1986-03-31,AU,Australia,17.3692
1986-03-31,BE,Belgium,22.2629
1986-03-31,CA,Canada,26.609
1986-03-31,CH,Switzerland,60.6449
1986-03-31,DE,Germany,77.387
1986-03-31,DK,Denmark,38.9882
1986-03-31,ES,Spain,11.1745
1986-03-31,FI,Finland,34.0682
1986-03-31,FR,France,27.9014
1986-03-31,GB,United Kingdom,18.5415
1986-03-31,HK,Hong Kong SAR,13.5181
1986-03-31,IE,Ireland,21.1558
1986-03-31,IS,Iceland,11.2167
1986-03-31,IT,Italy,23.6751
1986-03-31,JP,Japan,123.8462
1986-03-31,KR,Korea,42.3793
1986-03-31,NL,Netherlands,22.9312
1986-03-31,NO,Norway,24.042
1986-03-31,NZ,New Zealand,20.8892
1986-03-31,SE,Sweden,20.3781
1986-03-31,US,United States,39.8573
1986-03-31,XM,Euro area,31.4263
1986-03-31,ZA,South Africa,7.9775
1986-06-30,AU,Australia,17.8395
1986-06-30,BE,Belgium,22.5359
1986-06-30,CA,Canada,27.9506
1986-06-30,CH,Switzerland,58.5807
1986-06-30,DE,Germany,77.8703
1986-06-30,DK,Denmark,39.1271
1986-06-30,ES,Spain,11.6979
1986-06-30,FI,Finland,33.8187
1986-06-30,FR,France,28.4684
1986-06-30,GB,United Kingdom,19.387
1986-06-30,HK,Hong Kong SAR,13.6507
1986-06-30,IE,Ireland,21.1837
1986-06-30,IS,Iceland,11.6222
1986-06-30,IT,Italy,23.9003
1986-06-30,JP,Japan,124.7068
1986-06-30,KR,Korea,41.9143
1986-06-30,NL,Netherlands,23.3321
1986-06-30,NO,Norway,26.2586
1986-06-30,NZ,New Zealand,21.1803
1986-06-30,SE,Sweden,20.7453
1986-06-30,US,United States,40.6322
1986-06-30,XM,Euro area,31.8973
1986-06-30,ZA,South Africa,7.8352
1986-09-30,AT,Austria,34.2565
1986-09-30,AU,Australia,17.3501
1986-09-30,BE,Belgium,23.7058
1986-09-30,CA,Canada,28.4281
1986-09-30,CH,Switzerland,59.4369
1986-09-30,DE,Germany,77.7147
1986-09-30,DK,Denmark,38.1111
1986-09-30,ES,Spain,12.4672
1986-09-30,FI,Finland,34.1236
1986-09-30,FR,France,29.3065
1986-09-30,GB,United Kingdom,20.2326
1986-09-30,HK,Hong Kong SAR,14.3133
1986-09-30,IE,Ireland,22.2218
1986-09-30,IS,Iceland,12.4273
1986-09-30,IT,Italy,24.0926
1986-09-30,JP,Japan,125.577
1986-09-30,KR,Korea,41.5973
1986-09-30,NL,Netherlands,23.7485
1986-09-30,NO,Norway,28.2433
1986-09-30,NZ,New Zealand,21.6516
1986-09-30,SE,Sweden,21.2961
1986-09-30,US,United States,41.5774
1986-09-30,XM,Euro area,32.4837
1986-09-30,ZA,South Africa,7.7844
1986-12-31,AT,Austria,32.3709
1986-12-31,AU,Australia,17.5503
1986-12-31,BE,Belgium,23.4025
1986-12-31,CA,Canada,30.3882
1986-12-31,CH,Switzerland,58.9603
1986-12-31,DE,Germany,77.284
1986-12-31,DK,Denmark,38.6707
1986-12-31,ES,Spain,13.5633
1986-12-31,FI,Finland,34.9396
1986-12-31,FR,France,29.4524
1986-12-31,GB,United Kingdom,20.8365
1986-12-31,HK,Hong Kong SAR,15.0422
1986-12-31,IE,Ireland,21.9177
1986-12-31,IS,Iceland,13.4112
1986-12-31,IT,Italy,24.23
1986-12-31,JP,Japan,127.5001
1986-12-31,KR,Korea,41.3859
1986-12-31,NL,Netherlands,23.6434
1986-12-31,NO,Norway,29.463
1986-12-31,NZ,New Zealand,22.0952
1986-12-31,SE,Sweden,21.8468
1986-12-31,US,United States,42.2254
1986-12-31,XM,Euro area,32.793
1986-12-31,ZA,South Africa,7.8352
1987-03-31,AT,Austria,35.0422
1987-03-31,AU,Australia,17.7474
1987-03-31,BE,Belgium,24.0221
1987-03-31,CA,Canada,32.9486
1987-03-31,CH,Switzerland,60.432
1987-03-31,DE,Germany,76.9862
1987-03-31,DK,Denmark,36.1149
1987-03-31,ES,Spain,15.39
1987-03-31,FI,Finland,36.0011
1987-03-31,FR,France,29.4941
1987-03-31,GB,United Kingdom,21.4405
1987-03-31,HK,Hong Kong SAR,16.3013
1987-03-31,IE,Ireland,21.5123
1987-03-31,IS,Iceland,14.7731
1987-03-31,IT,Italy,24.5651
1987-03-31,JP,Japan,129.4231
1987-03-31,KR,Korea,41.0899
1987-03-31,NL,Netherlands,24.1533
1987-03-31,NO,Norway,32.565
1987-03-31,NZ,New Zealand,23.3566
1987-03-31,SE,Sweden,22.7648
1987-03-31,US,United States,43.6157
1987-03-31,XM,Euro area,33.4941
1987-03-31,ZA,South Africa,8.1096
1987-06-30,AT,Austria,38.4207
1987-06-30,AU,Australia,17.9444
1987-06-30,BE,Belgium,24.0308
1987-06-30,CA,Canada,32.553
1987-06-30,CH,Switzerland,61.3309
1987-06-30,DE,Germany,76.9451
1987-06-30,DK,Denmark,36.0434
1987-06-30,ES,Spain,16.3841
1987-06-30,FI,Finland,37.2053
1987-06-30,FR,France,30.3363
1987-06-30,GB,United Kingdom,22.4068
1987-06-30,HK,Hong Kong SAR,17.3615
1987-06-30,IE,Ireland,20.7923
1987-06-30,IS,Iceland,15.6834
1987-06-30,IT,Italy,25.0761
1987-06-30,JP,Japan,133.3915
1987-06-30,KR,Korea,41.0899
1987-06-30,NL,Netherlands,24.6981
1987-06-30,NO,Norway,33.2185
1987-06-30,NZ,New Zealand,24.5209
1987-06-30,SE,Sweden,23.3155
1987-06-30,US,United States,44.5856
1987-06-30,XM,Euro area,34.1162
1987-06-30,ZA,South Africa,8.4551
1987-09-30,AT,Austria,34.0994
1987-09-30,AU,Australia,18.2527
1987-09-30,BE,Belgium,24.893
1987-09-30,CA,Canada,32.553
1987-09-30,CH,Switzerland,61.379
1987-09-30,DE,Germany,76.9679
1987-09-30,DK,Denmark,35.7974
1987-09-30,ES,Spain,17.2518
1987-09-30,FI,Finland,38.4688
1987-09-30,FR,France,31.5829
1987-09-30,GB,United Kingdom,23.4939
1987-09-30,HK,Hong Kong SAR,17.9579
1987-09-30,IE,Ireland,22.1833
1987-09-30,IS,Iceland,16.9983
1987-09-30,IT,Italy,25.631
1987-09-30,JP,Japan,137.4039
1987-09-30,KR,Korea,41.8086
1987-09-30,NL,Netherlands,24.5969
1987-09-30,NO,Norway,33.4595
1987-09-30,NZ,New Zealand,25.713
1987-09-30,SE,Sweden,24.0499
1987-09-30,US,United States,45.5612
1987-09-30,XM,Euro area,34.6017
1987-09-30,ZA,South Africa,8.76
1987-12-31,AT,Austria,37.1636
1987-12-31,AU,Australia,19.1299
1987-12-31,BE,Belgium,24.8454
1987-12-31,CA,Canada,34.3357
1987-12-31,CH,Switzerland,61.0578
1987-12-31,DE,Germany,77.206
1987-12-31,DK,Denmark,35.4481
1987-12-31,ES,Spain,18.3443
1987-12-31,FI,Finland,40.988
1987-12-31,FR,France,31.904
1987-12-31,GB,United Kingdom,24.9434
1987-12-31,HK,Hong Kong SAR,18.0905
1987-12-31,IE,Ireland,23.3507
1987-12-31,IS,Iceland,18.675
1987-12-31,IT,Italy,26.1585
1987-12-31,JP,Japan,138.7981
1987-12-31,KR,Korea,43.9223
1987-12-31,NL,Netherlands,24.632
1987-12-31,NO,Norway,33.7546
1987-12-31,NZ,New Zealand,26.8912
1987-12-31,SE,Sweden,24.9678
1987-12-31,US,United States,46.4876
1987-12-31,XM,Euro area,35.5103
1987-12-31,ZA,South Africa,9.1665
1988-03-31,AT,Austria,35.4351
1988-03-31,AU,Australia,19.9753
1988-03-31,BE,Belgium,25.2657
1988-03-31,CA,Canada,37.5146
1988-03-31,CH,Switzerland,62.3657
1988-03-31,CO,Colombia,5.5697
1988-03-31,DE,Germany,77.3168
1988-03-31,DK,Denmark,35.9402
1988-03-31,ES,Spain,19.5949
1988-03-31,FI,Finland,46.062
1988-03-31,FR,France,32.2417
1988-03-31,GB,United Kingdom,25.9702
1988-03-31,HK,Hong Kong SAR,18.7531
1988-03-31,IE,Ireland,22.8684
1988-03-31,IS,Iceland,20.6845
1988-03-31,IT,Italy,26.9057
1988-03-31,JP,Japan,140.1924
1988-03-31,KR,Korea,45.8035
1988-03-31,MY,Malaysia,31.4536
1988-03-31,NL,Netherlands,24.8032
1988-03-31,NO,Norway,34.2003
1988-03-31,NZ,New Zealand,27.6675
1988-03-31,PT,Portugal,35.6682
1988-03-31,SE,Sweden,26.2529
1988-03-31,US,United States,47.2096
1988-03-31,XM,Euro area,36.0537
1988-03-31,ZA,South Africa,9.5019
1988-06-30,AT,Austria,38.0279
1988-06-30,AU,Australia,21.0464
1988-06-30,BE,Belgium,26.0673
1988-06-30,CA,Canada,38.315
1988-06-30,CH,Switzerland,62.8717
1988-06-30,CO,Colombia,5.437
1988-06-30,DE,Germany,78.1882
1988-06-30,DK,Denmark,35.8331
1988-06-30,ES,Spain,20.6944
1988-06-30,FI,Finland,48.6643
1988-06-30,FR,France,33.4675
1988-06-30,GB,United Kingdom,27.5404
1988-06-30,HK,Hong Kong SAR,20.4097
1988-06-30,IE,Ireland,22.3441
1988-06-30,IS,Iceland,21.6024
1988-06-30,IT,Italy,28.076
1988-06-30,JP,Japan,141.6347
1988-06-30,KR,Korea,48.2977
1988-06-30,MY,Malaysia,31.6868
1988-06-30,NL,Netherlands,25.7645
1988-06-30,NO,Norway,33.9022
1988-06-30,NZ,New Zealand,28.4645
1988-06-30,PT,Portugal,37.0579
1988-06-30,SE,Sweden,27.3544
1988-06-30,US,United States,48.3889
1988-06-30,XM,Euro area,37.0473
1988-06-30,ZA,South Africa,9.7051
1988-09-30,AT,Austria,45.492
1988-09-30,AU,Australia,23.1059
1988-09-30,BE,Belgium,27.0249
1988-09-30,CA,Canada,38.697
1988-09-30,CH,Switzerland,64.8793
1988-09-30,CO,Colombia,6.4315
1988-09-30,DE,Germany,78.7459
1988-09-30,DK,Denmark,36.4998
1988-09-30,ES,Spain,21.4673
1988-09-30,FI,Finland,52.8669
1988-09-30,FR,France,35.1686
1988-09-30,GB,United Kingdom,31.1642
1988-09-30,HK,Hong Kong SAR,21.8676
1988-09-30,IE,Ireland,23.868
1988-09-30,IS,Iceland,21.7286
1988-09-30,IT,Italy,29.2298
1988-09-30,JP,Japan,143.077
1988-09-30,KR,Korea,49.9674
1988-09-30,MY,Malaysia,32.7809
1988-09-30,NL,Netherlands,26.0097
1988-09-30,NO,Norway,32.8421
1988-09-30,NZ,New Zealand,28.6516
1988-09-30,PT,Portugal,38.8181
1988-09-30,SE,Sweden,29.0067
1988-09-30,US,United States,49.7357
1988-09-30,XM,Euro area,38.2795
1988-09-30,ZA,South Africa,10.0709
1988-12-31,AT,Austria,42.3492
1988-12-31,AU,Australia,25.4197
1988-12-31,BE,Belgium,27.2978
1988-12-31,CA,Canada,41.8441
1988-12-31,CH,Switzerland,67.7737
1988-12-31,CO,Colombia,6.3866
1988-12-31,DE,Germany,78.8604
1988-12-31,DK,Denmark,36.7776
1988-12-31,ES,Spain,22.4614
1988-12-31,FI,Finland,58.1072
1988-12-31,FR,France,35.7648
1988-12-31,GB,United Kingdom,33.0968
1988-12-31,HK,Hong Kong SAR,23.3917
1988-12-31,IE,Ireland,24.6718
1988-12-31,IS,Iceland,24.0654
1988-12-31,IT,Italy,30.2847
1988-12-31,JP,Japan,145.4328
1988-12-31,KR,Korea,50.0097
1988-12-31,MY,Malaysia,33.0605
1988-12-31,NL,Netherlands,26.0097
1988-12-31,NO,Norway,31.5471
1988-12-31,NZ,New Zealand,28.8249
1988-12-31,PT,Portugal,40.7637
1988-12-31,SE,Sweden,29.741
1988-12-31,US,United States,51.0078
1988-12-31,XM,Euro area,39.0188
1988-12-31,ZA,South Africa,10.4165
1989-03-31,AT,Austria,43.5278
1989-03-31,AU,Australia,27.4792
1989-03-31,BE,Belgium,28.6541
1989-03-31,CA,Canada,46.0462
1989-03-31,CH,Switzerland,68.9413
1989-03-31,CO,Colombia,7.2966
1989-03-31,DE,Germany,79.3557
1989-03-31,DK,Denmark,36.4284
1989-03-31,ES,Spain,24.2389
1989-03-31,FI,Finland,62.7019
1989-03-31,FR,France,36.3319
1989-03-31,GB,United Kingdom,33.8216
1989-03-31,HK,Hong Kong SAR,26.1086
1989-03-31,IE,Ireland,25.4792
1989-03-31,IS,Iceland,24.2458
1989-03-31,IT,Italy,31.4385
1989-03-31,JP,Japan,147.7885
1989-03-31,KR,Korea,52.0811
1989-03-31,MY,Malaysia,33.4582
1989-03-31,NL,Netherlands,26.4651
1989-03-31,NO,Norway,29.7883
1989-03-31,NZ,New Zealand,29.5596
1989-03-31,PT,Portugal,42.3386
1989-03-31,SE,Sweden,31.5769
1989-03-31,US,United States,52.085
1989-03-31,XM,Euro area,40.315
1989-03-31,ZA,South Africa,10.7417
1989-06-30,AT,Austria,45.492
1989-06-30,AU,Australia,28.0163
1989-06-30,BE,Belgium,29.408
1989-06-30,CA,Canada,42.076
1989-06-30,CH,Switzerland,68.1653
1989-06-30,CO,Colombia,7.838
1989-06-30,DE,Germany,80.1047
1989-06-30,DK,Denmark,36.4998
1989-06-30,ES,Spain,25.4895
1989-06-30,FI,Finland,63.9338
1989-06-30,FR,France,37.6661
1989-06-30,GB,United Kingdom,35.0295
1989-06-30,HK,Hong Kong SAR,27.0363
1989-06-30,IE,Ireland,24.5006
1989-06-30,IS,Iceland,25.7636
1989-06-30,IT,Italy,33.0044
1989-06-30,JP,Japan,151.2787
1989-06-30,KR,Korea,56.1394
1989-06-30,MY,Malaysia,33.6262
1989-06-30,NL,Netherlands,27.3952
1989-06-30,NO,Norway,29.1769
1989-06-30,NZ,New Zealand,29.8299
1989-06-30,PT,Portugal,43.543
1989-06-30,SE,Sweden,33.0456
1989-06-30,US,United States,52.8715
1989-06-30,XM,Euro area,41.3809
1989-06-30,ZA,South Africa,11.2396
1989-09-30,AT,Austria,50.442
1989-09-30,AU,Australia,28.0163
1989-09-30,BE,Belgium,30.5519
1989-09-30,CA,Canada,43.0674
1989-09-30,CH,Switzerland,69.2141
1989-09-30,CO,Colombia,8.0587
1989-09-30,DE,Germany,81.1776
1989-09-30,DK,Denmark,35.7974
1989-09-30,ES,Spain,26.6874
1989-09-30,FI,Finland,63.3753
1989-09-30,FR,France,39.3296
1989-09-30,GB,United Kingdom,36.2374
1989-09-30,HK,Hong Kong SAR,25.976
1989-09-30,IE,Ireland,26.5487
1989-09-30,IS,Iceland,25.8881
1989-09-30,IT,Italy,34.5703
1989-09-30,JP,Japan,154.8078
1989-09-30,KR,Korea,56.2874
1989-09-30,MY,Malaysia,33.7583
1989-09-30,NL,Netherlands,27.7805
1989-09-30,NO,Norway,28.0716
1989-09-30,NZ,New Zealand,30.3982
1989-09-30,PT,Portugal,46.415
1989-09-30,SE,Sweden,34.3307
1989-09-30,US,United States,53.5898
1989-09-30,XM,Euro area,42.732
1989-09-30,ZA,South Africa,11.6461
1989-12-31,AT,Austria,51.1491
1989-12-31,AU,Australia,28.1021
1989-12-31,BE,Belgium,31.6872
1989-12-31,CA,Canada,45.5323
1989-12-31,CH,Switzerland,73.0597
1989-12-31,CO,Colombia,8.4973
1989-12-31,DE,Germany,82.4775
1989-12-31,DK,Denmark,35.2735
1989-12-31,ES,Spain,27.4146
1989-12-31,FI,Finland,61.8068
1989-12-31,FR,France,39.7883
1989-12-31,GB,United Kingdom,35.5127
1989-12-31,HK,Hong Kong SAR,27.4339
1989-12-31,IE,Ireland,28.3102
1989-12-31,IS,Iceland,27.1169
1989-12-31,IT,Italy,35.9549
1989-12-31,JP,Japan,160.7693
1989-12-31,KR,Korea,56.9849
1989-12-31,MY,Malaysia,33.6072
1989-12-31,NL,Netherlands,27.7766
1989-12-31,NO,Norway,27.3428
1989-12-31,NZ,New Zealand,30.9318
1989-12-31,PT,Portugal,47.8047
1989-12-31,SE,Sweden,34.5143
1989-12-31,US,United States,54.2835
1989-12-31,XM,Euro area,43.7231
1989-12-31,ZA,South Africa,11.9002
1990-03-31,AT,Austria,51.8562
1990-03-31,AU,Australia,28.242
1990-03-31,BE,Belgium,32.7487
1990-03-31,CA,Canada,44.7183
1990-03-31,CH,Switzerland,74.434
1990-03-31,CO,Colombia,9.4316
1990-03-31,DE,Germany,84.7825
1990-03-31,DK,Denmark,33.6622
1990-03-31,ES,Spain,29.2202
1990-03-31,FI,Finland,60.4046
1990-03-31,FR,France,39.9675
1990-03-31,GB,United Kingdom,34.7879
1990-03-31,HK,Hong Kong SAR,28.3616
1990-03-31,HU,Hungary,13.7611
1990-03-31,IE,Ireland,29.2993
1990-03-31,IS,Iceland,28.4603
1990-03-31,IT,Italy,37.4114
1990-03-31,JP,Japan,166.7308
1990-03-31,KR,Korea,60.1342
1990-03-31,MY,Malaysia,33.9845
1990-03-31,NL,Netherlands,27.7183
1990-03-31,NO,Norway,27.7193
1990-03-31,NZ,New Zealand,31.5972
1990-03-31,PT,Portugal,49.1943
1990-03-31,SE,Sweden,36.5338
1990-03-31,US,United States,55.0221
1990-03-31,XM,Euro area,45.2598
1990-03-31,ZA,South Africa,12.4083
1990-06-30,AT,Austria,58.3775
1990-06-30,AU,Australia,28.4962
1990-06-30,BE,Belgium,32.6708
1990-06-30,CA,Canada,41.7258
1990-06-30,CH,Switzerland,75.4697
1990-06-30,CO,Colombia,9.5022
1990-06-30,DE,Germany,87.2093
1990-06-30,DK,Denmark,33.8011
1990-06-30,ES,Spain,29.7155
1990-06-30,FI,Finland,60.5472
1990-06-30,FR,France,41.1433
1990-06-30,GB,United Kingdom,34.4859
1990-06-30,HK,Hong Kong SAR,28.958
1990-06-30,HU,Hungary,14.22
1990-06-30,IE,Ireland,28.3312
1990-06-30,IS,Iceland,28.9754
1990-06-30,IT,Italy,38.9358
1990-06-30,JP,Japan,172.516
1990-06-30,KR,Korea,64.5095
1990-06-30,MY,Malaysia,34.0195
1990-06-30,NL,Netherlands,28.6212
1990-06-30,NO,Norway,28.1138
1990-06-30,NZ,New Zealand,31.9229
1990-06-30,PT,Portugal,50.6767
1990-06-30,SE,Sweden,37.2681
1990-06-30,US,United States,55.0903
1990-06-30,XM,Euro area,46.5791
1990-06-30,ZA,South Africa,12.9774
1990-09-30,AT,Austria,64.8203
1990-09-30,AU,Australia,28.242
1990-09-30,BE,Belgium,33.6327
1990-09-30,CA,Canada,41.9487
1990-09-30,CH,Switzerland,75.2813
1990-09-30,CO,Colombia,10.3362
1990-09-30,DE,Germany,88.321
1990-09-30,DK,Denmark,32.9598
1990-09-30,ES,Spain,30.2987
1990-09-30,FI,Finland,59.5649
1990-09-30,FR,France,42.661
1990-09-30,GB,United Kingdom,35.0899
1990-09-30,HK,Hong Kong SAR,30.0182
1990-09-30,HU,Hungary,15.3138
1990-09-30,IE,Ireland,30.264
1990-09-30,IS,Iceland,29.3488
1990-09-30,IT,Italy,40.1062
1990-09-30,JP,Japan,178.3655
1990-09-30,KR,Korea,65.968
1990-09-30,MY,Malaysia,34.3302
1990-09-30,NL,Netherlands,27.7805
1990-09-30,NO,Norway,27.4392
1990-09-30,NZ,New Zealand,31.9853
1990-09-30,PT,Portugal,52.6222
1990-09-30,SE,Sweden,38.0024
1990-09-30,US,United States,54.9533
1990-09-30,XM,Euro area,47.9618
1990-09-30,ZA,South Africa,13.2823
1990-12-31,AT,Austria,65.4488
1990-12-31,AU,Australia,28.4104
1990-12-31,BE,Belgium,34.014
1990-12-31,CA,Canada,42.2852
1990-12-31,CH,Switzerland,73.5581
1990-12-31,CO,Colombia,10.7783
1990-12-31,DE,Germany,88.5826
1990-12-31,DK,Denmark,32.7494
1990-12-31,ES,Spain,30.8221
1990-12-31,FI,Finland,57.5487
1990-12-31,FR,France,42.8194
1990-12-31,GB,United Kingdom,34.5463
1990-12-31,HK,Hong Kong SAR,31.3435
1990-12-31,HU,Hungary,15.414
1990-12-31,IE,Ireland,29.6593
1990-12-31,IS,Iceland,30.3406
1990-12-31,IT,Italy,41.8107
1990-12-31,JP,Japan,180.577
1990-12-31,KR,Korea,68.8426
1990-12-31,MY,Malaysia,37.5433
1990-12-31,NL,Netherlands,27.4848
1990-12-31,NO,Norway,26.5779
1990-12-31,NZ,New Zealand,31.7982
1990-12-31,PT,Portugal,54.4751
1990-12-31,SE,Sweden,37.4517
1990-12-31,US,United States,54.7039
1990-12-31,XM,Euro area,48.5251
1990-12-31,ZA,South Africa,13.5465
1991-03-31,AT,Austria,67.1774
1991-03-31,AU,Australia,28.3818
1991-03-31,BE,Belgium,34.2133
1991-03-31,CA,Canada,44.3272
1991-03-31,CH,Switzerland,73.6873
1991-03-31,CO,Colombia,10.9716
1991-03-31,DE,Germany,89.3542
1991-03-31,DK,Denmark,33.4162
1991-03-31,ES,Spain,32.5645
1991-03-31,FI,Finland,53.7106
1991-03-31,FR,France,42.8236
1991-03-31,GB,United Kingdom,34.0632
1991-03-31,HK,Hong Kong SAR,32.8676
1991-03-31,HU,Hungary,15.7698
1991-03-31,IE,Ireland,30.0333
1991-03-31,IS,Iceland,31.4387
1991-03-31,IT,Italy,44.003
1991-03-31,JP,Japan,182.7885
1991-03-31,KR,Korea,70.6603
1991-03-31,MY,Malaysia,40.5647
1991-03-31,NL,Netherlands,27.8272
1991-03-31,NO,Norway,26.0478
1991-03-31,NZ,New Zealand,31.2368
1991-03-31,PT,Portugal,58.1809
1991-03-31,SE,Sweden,40.0219
1991-03-31,TH,Thailand,51.8031
1991-03-31,US,United States,54.2929
1991-03-31,XM,Euro area,49.5247
1991-03-31,ZA,South Africa,13.9733
1991-06-30,AT,Austria,71.3416
1991-06-30,AU,Australia,28.7219
1991-06-30,BE,Belgium,33.702
1991-06-30,CA,Canada,45.9007
1991-06-30,CH,Switzerland,75.2627
1991-06-30,CO,Colombia,12.1187
1991-06-30,DE,Germany,91.269
1991-06-30,DK,Denmark,33.8368
1991-06-30,ES,Spain,33.8642
1991-06-30,FI,Finland,52.9263
1991-06-30,FR,France,43.7158
1991-06-30,GB,United Kingdom,33.9424
1991-06-30,HK,Hong Kong SAR,37.1086
1991-06-30,HU,Hungary,16.4272
1991-06-30,IE,Ireland,28.45
1991-06-30,IS,Iceland,32.4891
1991-06-30,IT,Italy,45.6258
1991-06-30,JP,Japan,182.5495
1991-06-30,KR,Korea,73.1545
1991-06-30,MY,Malaysia,43.8657
1991-06-30,NL,Netherlands,28.6056
1991-06-30,NO,Norway,26.0478
1991-06-30,NZ,New Zealand,30.911
1991-06-30,PT,Portugal,60.9602
1991-06-30,SE,Sweden,39.8383
1991-06-30,TH,Thailand,57.9825
1991-06-30,US,United States,54.68
1991-06-30,XM,Euro area,50.6433
1991-06-30,ZA,South Africa,14.5627
1991-09-30,AT,Austria,74.6415
1991-09-30,AU,Australia,29.5959
1991-09-30,BE,Belgium,35.1752
1991-09-30,CA,Canada,43.3176
1991-09-30,CH,Switzerland,79.0945
1991-09-30,CO,Colombia,12.1689
1991-09-30,DE,Germany,91.9828
1991-09-30,DK,Denmark,33.6979
1991-09-30,ES,Spain,34.6546
1991-09-30,FI,Finland,50.5141
1991-09-30,FR,France,44.6831
1991-09-30,GB,United Kingdom,34.6067
1991-09-30,HK,Hong Kong SAR,43.4038
1991-09-30,HU,Hungary,16.7231
1991-09-30,IE,Ireland,30.229
1991-09-30,IS,Iceland,32.8476
1991-09-30,IT,Italy,46.3044
1991-09-30,JP,Japan,182.3078
1991-09-30,KR,Korea,72.3091
1991-09-30,MY,Malaysia,45.1123
1991-09-30,NL,Netherlands,28.7029
1991-09-30,NO,Norway,25.6984
1991-09-30,NZ,New Zealand,31.1744
1991-09-30,PT,Portugal,62.9058
1991-09-30,SE,Sweden,40.0219
1991-09-30,TH,Thailand,58.9065
1991-09-30,US,United States,54.5075
1991-09-30,XM,Euro area,51.682
1991-09-30,ZA,South Africa,15.1217
1991-12-31,AT,Austria,76.7629
1991-12-31,AU,Australia,29.5959
1991-12-31,BE,Belgium,35.6302
1991-12-31,CA,Canada,43.8406
1991-12-31,CH,Switzerland,77.1655
1991-12-31,CO,Colombia,13.0033
1991-12-31,DE,Germany,92.7788
1991-12-31,DK,Denmark,33.944
1991-12-31,ES,Spain,36.1652
1991-12-31,FI,Finland,47.8246
1991-12-31,FR,France,44.0243
1991-12-31,GB,United Kingdom,34.3048
1991-12-31,HK,Hong Kong SAR,48.5063
1991-12-31,HU,Hungary,17.0927
1991-12-31,IE,Ireland,31.309
1991-12-31,IS,Iceland,32.8721
1991-12-31,IT,Italy,47.4217
1991-12-31,JP,Japan,180.2885
1991-12-31,KR,Korea,70.1743
1991-12-31,MY,Malaysia,45.9711
1991-12-31,NL,Netherlands,29.3295
1991-12-31,NO,Norway,25.2106
1991-12-31,NZ,New Zealand,31.0081
1991-12-31,PT,Portugal,65.0366
1991-12-31,SE,Sweden,39.6547
1991-12-31,TH,Thailand,62.3139
1991-12-31,US,United States,54.3668
1991-12-31,XM,Euro area,52.3209
1991-12-31,ZA,South Africa,15.5587
1992-03-31,AT,Austria,82.2628
1992-03-31,AU,Australia,29.3989
1992-03-31,BE,Belgium,36.1371
1992-03-31,CA,Canada,44.5682
1992-03-31,CH,Switzerland,76.8308
1992-03-31,CO,Colombia,13.3822
1992-03-31,DE,Germany,94.2083
1992-03-31,DK,Denmark,33.7138
1992-03-31,ES,Spain,34.5317
1992-03-31,FI,Finland,46.4818
1992-03-31,FR,France,42.7985
1992-03-31,GB,United Kingdom,33.7612
1992-03-31,HK,Hong Kong SAR,52.7473
1992-03-31,HU,Hungary,16.0219
1992-03-31,IE,Ireland,31.2356
1992-03-31,IS,Iceland,33.6679
1992-03-31,IT,Italy,50.4696
1992-03-31,JP,Japan,178.2693
1992-03-31,KR,Korea,68.4621
1992-03-31,MY,Malaysia,47.4655
1992-03-31,NL,Netherlands,30.5399
1992-03-31,NO,Norway,24.5832
1992-03-31,NZ,New Zealand,30.8556
1992-03-31,PT,Portugal,67.9086
1992-03-31,SE,Sweden,37.8189
1992-03-31,TH,Thailand,63.9309
1992-03-31,US,United States,54.4777
1992-03-31,XM,Euro area,52.697
1992-03-31,ZA,South Africa,15.6298
1992-06-30,AT,Austria,86.2699
1992-06-30,AU,Australia,29.4847
1992-06-30,BE,Belgium,37.0211
1992-06-30,CA,Canada,44.9138
1992-06-30,CH,Switzerland,76.4913
1992-06-30,CO,Colombia,14.2539
1992-06-30,DE,Germany,95.7638
1992-06-30,DK,Denmark,33.7138
1992-06-30,ES,Spain,33.7483
1992-06-30,FI,Finland,44.0419
1992-06-30,FR,France,42.6818
1992-06-30,GB,United Kingdom,32.9157
1992-06-30,HK,Hong Kong SAR,57.5184
1992-06-30,HU,Hungary,16.4007
1992-06-30,IE,Ireland,30.1102
1992-06-30,IS,Iceland,33.4633
1992-06-30,IT,Italy,52.536
1992-06-30,JP,Japan,176.0578
1992-06-30,KR,Korea,67.1517
1992-06-30,MY,Malaysia,49.2491
1992-06-30,NL,Netherlands,29.9444
1992-06-30,NO,Norway,24.714
1992-06-30,NZ,New Zealand,31.3061
1992-06-30,PT,Portugal,70.2247
1992-06-30,SE,Sweden,37.0845
1992-06-30,TH,Thailand,64.8549
1992-06-30,US,United States,54.3828
1992-06-30,XM,Euro area,53.2923
1992-06-30,ZA,South Africa,15.3452
1992-09-30,AT,Austria,83.3628
1992-09-30,AU,Australia,29.5101
1992-09-30,BE,Belgium,37.385
1992-09-30,CA,Canada,45.023
1992-09-30,CH,Switzerland,74.6371
1992-09-30,CO,Colombia,14.7909
1992-09-30,DE,Germany,96.8827
1992-09-30,DK,Denmark,33.0709
1992-09-30,ES,Spain,33.6464
1992-09-30,FI,Finland,40.9325
1992-09-30,FR,France,43.1363
1992-09-30,GB,United Kingdom,33.0364
1992-09-30,HK,Hong Kong SAR,58.7774
1992-09-30,HU,Hungary,16.3863
1992-09-30,IE,Ireland,31.3964
1992-09-30,IS,Iceland,33.904
1992-09-30,IT,Italy,53.5599
1992-09-30,JP,Japan,173.8462
1992-09-30,KR,Korea,66.0948
1992-09-30,MY,Malaysia,49.8712
1992-09-30,NL,Netherlands,31.7853
1992-09-30,NO,Norway,24.8447
1992-09-30,NZ,New Zealand,31.5071
1992-09-30,PT,Portugal,69.9468
1992-09-30,SE,Sweden,35.983
1992-09-30,TH,Thailand,65.4324
1992-09-30,US,United States,54.306
1992-09-30,XM,Euro area,53.8605
1992-09-30,ZA,South Africa,15.2335
1992-12-31,AT,Austria,84.3842
1992-12-31,AU,Australia,29.793
1992-12-31,BE,Belgium,37.4284
1992-12-31,CA,Canada,45.9962
1992-12-31,CH,Switzerland,74.7295
1992-12-31,CO,Colombia,15.1592
1992-12-31,DE,Germany,97.1818
1992-12-31,DK,Denmark,32.2176
1992-12-31,ES,Spain,33.4813
1992-12-31,FI,Finland,38.6906
1992-12-31,FR,France,42.4567
1992-12-31,GB,United Kingdom,31.7681
1992-12-31,HK,Hong Kong SAR,56.7894
1992-12-31,HU,Hungary,16.3368
1992-12-31,IE,Ireland,31.4453
1992-12-31,IS,Iceland,33.9437
1992-12-31,IT,Italy,54.1461
1992-12-31,JP,Japan,171.6347
1992-12-31,KR,Korea,65.9257
1992-12-31,MY,Malaysia,50.2484
1992-12-31,NL,Netherlands,31.7814
1992-12-31,NO,Norway,24.1909
1992-12-31,NZ,New Zealand,31.5417
1992-12-31,PT,Portugal,69.7615
1992-12-31,SE,Sweden,33.5964
1992-12-31,TH,Thailand,67.9158
1992-12-31,US,United States,54.4683
1992-12-31,XM,Euro area,53.8477
1992-12-31,ZA,South Africa,15.6095
1993-03-31,AT,Austria,81.9485
1993-03-31,AU,Australia,30.0758
1993-03-31,BE,Belgium,37.6407
1993-03-31,CA,Canada,46.3919
1993-03-31,CH,Switzerland,74.6092
1993-03-31,CO,Colombia,16.0599
1993-03-31,DE,Germany,98.6223
1993-03-31,DK,Denmark,31.793
1993-03-31,ES,Spain,33.2038
1993-03-31,FI,Finland,38.1321
1993-03-31,FR,France,41.7729
1993-03-31,GB,United Kingdom,31.9493
1993-03-31,HK,Hong Kong SAR,56.3918
1993-03-31,HU,Hungary,17.0783
1993-03-31,IE,Ireland,30.4702
1993-03-31,IS,Iceland,33.9748
1993-03-31,IT,Italy,54.745
1993-03-31,JP,Japan,169.4231
1993-03-31,KR,Korea,65.5452
1993-03-31,MY,Malaysia,50.8035
1993-03-31,NL,Netherlands,32.3419
1993-03-31,NO,Norway,23.2756
1993-03-31,NZ,New Zealand,31.8744
1993-03-31,PT,Portugal,69.8541
1993-03-31,SE,Sweden,32.1277
1993-03-31,TH,Thailand,69.0708
1993-03-31,US,United States,54.6285
1993-03-31,XM,Euro area,53.7877
1993-03-31,ZA,South Africa,15.8635
1993-06-30,AT,Austria,85.2485
1993-06-30,AU,Australia,30.2729
1993-06-30,BE,Belgium,38.7066
1993-06-30,CA,Canada,46.3919
1993-06-30,CH,Switzerland,76.4269
1993-06-30,CO,Colombia,17.2105
1993-06-30,DE,Germany,99.8088
1993-06-30,DK,Denmark,31.5787
1993-06-30,ES,Spain,33.7026
1993-06-30,FI,Finland,38.3856
1993-06-30,FR,France,41.9813
1993-06-30,GB,United Kingdom,32.1909
1993-06-30,HK,Hong Kong SAR,60.3236
1993-06-30,HU,Hungary,17.9707
1993-06-30,IE,Ireland,30.6344
1993-06-30,IS,Iceland,34.0685
1993-06-30,IT,Italy,55.1945
1993-06-30,JP,Japan,167.9888
1993-06-30,KR,Korea,64.9957
1993-06-30,MY,Malaysia,51.361
1993-06-30,NL,Netherlands,33.1553
1993-06-30,NO,Norway,24.4524
1993-06-30,NZ,New Zealand,32.1724
1993-06-30,PT,Portugal,70.6879
1993-06-30,SE,Sweden,32.1277
1993-06-30,TH,Thailand,72.7669
1993-06-30,US,United States,54.8982
1993-06-30,XM,Euro area,54.4475
1993-06-30,ZA,South Africa,15.9956
1993-09-30,AT,Austria,84.3056
1993-09-30,AU,Australia,30.3015
1993-09-30,BE,Belgium,39.0922
1993-09-30,CA,Canada,45.3686
1993-09-30,CH,Switzerland,74.5113
1993-09-30,CO,Colombia,18.5287
1993-09-30,DE,Germany,100.6819
1993-09-30,DK,Denmark,33.0709
1993-09-30,ES,Spain,33.9591
1993-09-30,FI,Finland,38.6629
1993-09-30,FR,France,42.6943
1993-09-30,GB,United Kingdom,32.8553
1993-09-30,HK,Hong Kong SAR,64.8738
1993-09-30,HU,Hungary,17.3714
1993-09-30,IE,Ireland,32.1583
1993-09-30,IS,Iceland,32.9174
1993-09-30,IT,Italy,55.7276
1993-09-30,JP,Japan,166.5385
1993-09-30,KR,Korea,64.1291
1993-09-30,MY,Malaysia,51.7767
1993-09-30,NL,Netherlands,34.0621
1993-09-30,NO,Norway,25.3678
1993-09-30,NZ,New Zealand,32.7893
1993-09-30,PT,Portugal,70.3173
1993-09-30,SE,Sweden,31.9441
1993-09-30,TH,Thailand,72.9979
1993-09-30,US,United States,55.2852
1993-09-30,XM,Euro area,55.0984
1993-09-30,ZA,South Africa,16.3513
1993-12-31,AT,Austria,86.0342
1993-12-31,AU,Australia,30.5843
1993-12-31,BE,Belgium,40.3921
1993-12-31,CA,Canada,45.928
1993-12-31,CH,Switzerland,74.2277
1993-12-31,CO,Colombia,19.6234
1993-12-31,DE,Germany,101.3896
1993-12-31,DK,Denmark,34.9917
1993-12-31,ES,Spain,34.0083
1993-12-31,FI,Finland,39.9542
1993-12-31,FR,France,42.169
1993-12-31,GB,United Kingdom,32.2513
1993-12-31,HK,Hong Kong SAR,64.9622
1993-12-31,HU,Hungary,18.9304
1993-12-31,IE,Ireland,31.6201
1993-12-31,IS,Iceland,33.1839
1993-12-31,IT,Italy,55.1266
1993-12-31,JP,Japan,165.4808
1993-12-31,KR,Korea,63.7486
1993-12-31,MY,Malaysia,52.4058
1993-12-31,NL,Netherlands,34.7121
1993-12-31,NO,Norway,26.1523
1993-12-31,NZ,New Zealand,33.5309
1993-12-31,PT,Portugal,70.5026
1993-12-31,SE,Sweden,32.3113
1993-12-31,TH,Thailand,73.2867
1993-12-31,US,United States,55.7905
1993-12-31,XM,Euro area,55.0863
1993-12-31,ZA,South Africa,16.6867
1994-03-31,AT,Austria,86.3485
1994-03-31,AU,Australia,30.9212
1994-03-31,BE,Belgium,40.4528
1994-03-31,CA,Canada,47.9927
1994-03-31,CH,Switzerland,75.5596
1994-03-31,CO,Colombia,21.5347
1994-03-31,DE,Germany,102.4704
1994-03-31,DK,Denmark,37.0197
1994-03-31,ES,Spain,33.6956
1994-03-31,FI,Finland,40.9325
1994-03-31,FR,France,41.5352
1994-03-31,GB,United Kingdom,32.6137
1994-03-31,HK,Hong Kong SAR,74.8136
1994-03-31,HU,Hungary,19.5418
1994-03-31,IE,Ireland,32.728
1994-03-31,IL,Israel,45.6137
1994-03-31,IS,Iceland,33.8473
1994-03-31,IT,Italy,54.7293
1994-03-31,JP,Japan,164.4231
1994-03-31,KR,Korea,63.643
1994-03-31,MY,Malaysia,54.0197
1994-03-31,NL,Netherlands,36.0158
1994-03-31,NO,Norway,26.9369
1994-03-31,NZ,New Zealand,35.4229
1994-03-31,PT,Portugal,71.2438
1994-03-31,SE,Sweden,32.862
1994-03-31,TH,Thailand,69.4751
1994-03-31,US,United States,55.9644
1994-03-31,XM,Euro area,55.054
1994-03-31,ZA,South Africa,17.1338
1994-06-30,AT,Austria,84.7771
1994-06-30,AU,Australia,31.2899
1994-06-30,BE,Belgium,41.0768
1994-06-30,CA,Canada,47.5925
1994-06-30,CH,Switzerland,74.7007
1994-06-30,CO,Colombia,22.4486
1994-06-30,DE,Germany,103.9279
1994-06-30,DK,Denmark,37.0197
1994-06-30,ES,Spain,33.8045
1994-06-30,FI,Finland,41.6059
1994-06-30,FR,France,41.9438
1994-06-30,GB,United Kingdom,33.0364
1994-06-30,HK,Hong Kong SAR,77.3759
1994-06-30,HU,Hungary,21.2914
1994-06-30,IE,Ireland,31.5641
1994-06-30,IL,Israel,48.3843
1994-06-30,IS,Iceland,33.8142
1994-06-30,IT,Italy,54.2552
1994-06-30,JP,Japan,163.7538
1994-06-30,KR,Korea,63.5372
1994-06-30,MY,Malaysia,53.9595
1994-06-30,NL,Netherlands,36.4907
1994-06-30,NO,Norway,27.7215
1994-06-30,NZ,New Zealand,36.6081
1994-06-30,PT,Portugal,71.3364
1994-06-30,SE,Sweden,33.78
1994-06-30,TH,Thailand,71.9006
1994-06-30,US,United States,56.2848
1994-06-30,XM,Euro area,55.3831
1994-06-30,ZA,South Africa,17.7944
1994-09-30,AT,Austria,85.0913
1994-09-30,AU,Australia,31.7698
1994-09-30,BE,Belgium,42.1903
1994-09-30,CA,Canada,46.8421
1994-09-30,CH,Switzerland,74.4127
1994-09-30,CO,Colombia,24.3995
1994-09-30,DE,Germany,104.6583
1994-09-30,DK,Denmark,36.4879
1994-09-30,ES,Spain,34.2085
1994-09-30,FI,Finland,41.186
1994-09-30,FR,France,42.6901
1994-09-30,GB,United Kingdom,33.6404
1994-09-30,HK,Hong Kong SAR,76.8237
1994-09-30,HU,Hungary,22.6443
1994-09-30,IE,Ireland,32.1478
1994-09-30,IL,Israel,50.4814
1994-09-30,IS,Iceland,32.8519
1994-09-30,IT,Italy,54.7175
1994-09-30,JP,Japan,163.077
1994-09-30,KR,Korea,63.495
1994-09-30,MY,Malaysia,55.8737
1994-09-30,NL,Netherlands,37.8762
1994-09-30,NO,Norway,28.8983
1994-09-30,NZ,New Zealand,37.7101
1994-09-30,PT,Portugal,72.1702
1994-09-30,SE,Sweden,34.1471
1994-09-30,TH,Thailand,71.7274
1994-09-30,US,United States,56.5552
1994-09-30,XM,Euro area,56.0137
1994-09-30,ZA,South Africa,18.3025
1994-12-31,AT,Austria,82.6557
1994-12-31,AU,Australia,31.6268
1994-12-31,BE,Belgium,42.0993
1994-12-31,CA,Canada,47.4015
1994-12-31,CH,Switzerland,73.7474
1994-12-31,CO,Colombia,26.3926
1994-12-31,DE,Germany,104.4989
1994-12-31,DK,Denmark,37.0197
1994-12-31,ES,Spain,34.1137
1994-12-31,FI,Finland,40.683
1994-12-31,FR,France,42.144
1994-12-31,GB,United Kingdom,33.3988
1994-12-31,HK,Hong Kong SAR,75.5646
1994-12-31,HU,Hungary,22.5942
1994-12-31,IE,Ireland,33.9967
1994-12-31,IL,Israel,52.248
1994-12-31,IS,Iceland,32.9846
1994-12-31,IT,Italy,54.3624
1994-12-31,JP,Japan,162.5001
1994-12-31,KR,Korea,63.5584
1994-12-31,MY,Malaysia,58.967
1994-12-31,NL,Netherlands,37.3858
1994-12-31,NO,Norway,28.7676
1994-12-31,NZ,New Zealand,38.417
1994-12-31,PT,Portugal,73.004
1994-12-31,SE,Sweden,33.5964
1994-12-31,TH,Thailand,74.3839
1994-12-31,US,United States,56.8038
1994-12-31,XM,Euro area,55.8337
1994-12-31,ZA,South Africa,18.6074
1995-03-31,AT,Austria,84.3056
1995-03-31,AU,Australia,31.9383
1995-03-31,BE,Belgium,42.4676
1995-03-31,CA,Canada,46.1235
1995-03-31,CH,Switzerland,74.157
1995-03-31,CO,Colombia,27.4409
1995-03-31,DE,Germany,104.85
1995-03-31,DK,Denmark,37.873
1995-03-31,ES,Spain,34.6617
1995-03-31,FI,Finland,40.374
1995-03-31,FR,France,41.2058
1995-03-31,GB,United Kingdom,33.0968
1995-03-31,HK,Hong Kong SAR,74.151
1995-03-31,HU,Hungary,22.9931
1995-03-31,IE,Ireland,34.8425
1995-03-31,IL,Israel,53.6968
1995-03-31,IS,Iceland,32.3209
1995-03-31,IT,Italy,54.0467
1995-03-31,JP,Japan,161.9231
1995-03-31,KR,Korea,63.495
1995-03-31,MY,Malaysia,62.2706
1995-03-31,NL,Netherlands,37.9348
1995-03-31,NO,Norway,28.8983
1995-03-31,NZ,New Zealand,39.1655
1995-03-31,PT,Portugal,73.004
1995-03-31,SE,Sweden,33.5964
1995-03-31,TH,Thailand,74.1529
1995-03-31,US,United States,57.0039
1995-03-31,XM,Euro area,55.8112
1995-03-31,ZA,South Africa,18.9935
1995-06-30,AT,Austria,82.9699
1995-06-30,AU,Australia,31.7126
1995-06-30,BE,Belgium,42.732
1995-06-30,CA,Canada,44.9502
1995-06-30,CH,Switzerland,74.5793
1995-06-30,CO,Colombia,30.0696
1995-06-30,DE,Germany,105.3296
1995-06-30,DK,Denmark,39.258
1995-06-30,ES,Spain,35.0937
1995-06-30,FI,Finland,39.9542
1995-06-30,FR,France,41.5227
1995-06-30,GB,United Kingdom,33.4592
1995-06-30,HK,Hong Kong SAR,73.1128
1995-06-30,HU,Hungary,23.6598
1995-06-30,IE,Ireland,33.5668
1995-06-30,IL,Israel,54.9805
1995-06-30,IS,Iceland,32.2547
1995-06-30,IT,Italy,54.627
1995-06-30,JP,Japan,161.3016
1995-06-30,KR,Korea,63.495
1995-06-30,MY,Malaysia,64.8704
1995-06-30,NL,Netherlands,38.4598
1995-06-30,NO,Norway,30.0752
1995-06-30,NZ,New Zealand,39.8517
1995-06-30,PT,Portugal,72.9114
1995-06-30,SE,Sweden,34.1471
1995-06-30,TH,Thailand,75.308
1995-06-30,US,United States,57.3663
1995-06-30,XM,Euro area,56.1393
1995-06-30,ZA,South Africa,19.3391
1995-09-30,AT,Austria,87.6841
1995-09-30,AU,Australia,31.7698
1995-09-30,BE,Belgium,43.9452
1995-09-30,CA,Canada,45.3823
1995-09-30,CH,Switzerland,74.3518
1995-09-30,CO,Colombia,31.5072
1995-09-30,DE,Germany,105.0211
1995-09-30,DK,Denmark,40.2185
1995-09-30,ES,Spain,35.3256
1995-09-30,FI,Finland,39.1699
1995-09-30,FR,France,42.2857
1995-09-30,GB,United Kingdom,33.7612
1995-09-30,HK,Hong Kong SAR,69.1369
1995-09-30,HU,Hungary,23.5827
1995-09-30,IE,Ireland,34.9928
1995-09-30,IL,Israel,57.4969
1995-09-30,IS,Iceland,32.2547
1995-09-30,IT,Italy,55.2938
1995-09-30,JP,Japan,160.6731
1995-09-30,KR,Korea,63.4316
1995-09-30,MY,Malaysia,67.1608
1995-09-30,NL,Netherlands,39.3786
1995-09-30,NO,Norway,30.5982
1995-09-30,NZ,New Zealand,40.9675
1995-09-30,PT,Portugal,73.004
1995-09-30,SE,Sweden,33.78
1995-09-30,TH,Thailand,77.7913
1995-09-30,US,United States,57.8839
1995-09-30,XM,Euro area,56.9029
1995-09-30,ZA,South Africa,19.4204
1995-12-31,AT,Austria,80.77
1995-12-31,AU,Australia,31.7126
1995-12-31,BE,Belgium,44.1748
1995-12-31,CA,Canada,45.455
1995-12-31,CH,Switzerland,73.1119
1995-12-31,CO,Colombia,33.0561
1995-12-31,DE,Germany,104.6859
1995-12-31,DK,Denmark,41.3932
1995-12-31,ES,Spain,35.4345
1995-12-31,FI,Finland,38.9441
1995-12-31,FR,France,41.7604
1995-12-31,GB,United Kingdom,33.278
1995-12-31,HK,Hong Kong SAR,68.0104
1995-12-31,HU,Hungary,24.2689
1995-12-31,IE,Ireland,36.4013
1995-12-31,IL,Israel,60.2548
1995-12-31,IS,Iceland,31.1265
1995-12-31,IT,Italy,55.8062
1995-12-31,JP,Japan,159.8558
1995-12-31,KR,Korea,63.4316
1995-12-31,MY,Malaysia,69.3366
1995-12-31,NL,Netherlands,39.9037
1995-12-31,NO,Norway,30.9905
1995-12-31,NZ,New Zealand,41.8339
1995-12-31,PT,Portugal,73.282
1995-12-31,SE,Sweden,33.2292
1995-12-31,TH,Thailand,78.5998
1995-12-31,US,United States,58.1811
1995-12-31,XM,Euro area,56.8182
1995-12-31,ZA,South Africa,19.522
1996-03-31,AT,Austria,85.5628
1996-03-31,AU,Australia,31.6554
1996-03-31,BE,Belgium,43.2866
1996-03-31,CA,Canada,44.9047
1996-03-31,CH,Switzerland,72.2609
1996-03-31,CO,Colombia,34.5638
1996-03-31,DE,Germany,104.2256
1996-03-31,DK,Denmark,42.0321
1996-03-31,ES,Spain,35.568
1996-03-31,FI,Finland,39.6452
1996-03-31,FR,France,41.5537
1996-03-31,GB,United Kingdom,33.7612
1996-03-31,HK,Hong Kong SAR,72.1188
1996-03-31,HU,Hungary,25.3345
1996-03-31,IE,Ireland,36.5621
1996-03-31,IL,Israel,63.089
1996-03-31,IS,Iceland,31.591
1996-03-31,IT,Italy,56.3669
1996-03-31,JP,Japan,159.0385
1996-03-31,KR,Korea,63.6218
1996-03-31,MY,Malaysia,71.9683
1996-03-31,NL,Netherlands,40.9538
1996-03-31,NO,Norway,31.252
1996-03-31,NZ,New Zealand,43.7883
1996-03-31,PT,Portugal,73.5599
1996-03-31,SE,Sweden,33.4128
1996-03-31,TH,Thailand,77.849
1996-03-31,US,United States,58.6769
1996-03-31,XM,Euro area,56.9922
1996-03-31,ZA,South Africa,19.7761
1996-06-30,AT,Austria,86.5842
1996-06-30,AU,Australia,32.0495
1996-06-30,BE,Belgium,43.8672
1996-06-30,CA,Canada,45.8689
1996-06-30,CH,Switzerland,72.593
1996-06-30,CO,Colombia,36.1332
1996-06-30,DE,Germany,103.7671
1996-06-30,DK,Denmark,43.0997
1996-06-30,ES,Spain,35.8209
1996-06-30,FI,Finland,41.0474
1996-06-30,FR,France,41.5537
1996-06-30,GB,United Kingdom,33.8216
1996-06-30,HK,Hong Kong SAR,75.2333
1996-06-30,HU,Hungary,26.0922
1996-06-30,IE,Ireland,37.0899
1996-06-30,IL,Israel,66.3045
1996-06-30,IS,Iceland,32.1882
1996-06-30,IT,Italy,56.6334
1996-06-30,JP,Japan,158.3174
1996-06-30,KR,Korea,63.8332
1996-06-30,MY,Malaysia,74.1316
1996-06-30,NL,Netherlands,42.1351
1996-06-30,NO,Norway,32.6904
1996-06-30,NZ,New Zealand,44.4675
1996-06-30,PT,Portugal,74.2084
1996-06-30,SE,Sweden,33.78
1996-06-30,TH,Thailand,80.3901
1996-06-30,US,United States,59.0908
1996-06-30,XM,Euro area,57.2961
1996-06-30,ZA,South Africa,19.9488
1996-09-30,AT,Austria,82.8914
1996-09-30,AU,Australia,32.1639
1996-09-30,BE,Belgium,44.7858
1996-09-30,CA,Canada,45.2367
1996-09-30,CH,Switzerland,73.1063
1996-09-30,CO,Colombia,36.7188
1996-09-30,DE,Germany,103.4384
1996-09-30,DK,Denmark,44.3816
1996-09-30,ES,Spain,35.842
1996-09-30,FI,Finland,42.3902
1996-09-30,FR,France,42.5672
1996-09-30,GB,United Kingdom,35.1503
1996-09-30,HK,Hong Kong SAR,77.3538
1996-09-30,HU,Hungary,28.0323
1996-09-30,IE,Ireland,41.2001
1996-09-30,IL,Israel,65.5673
1996-09-30,IS,Iceland,31.9227
1996-09-30,IT,Italy,57.315
1996-09-30,JP,Japan,157.5962
1996-09-30,KR,Korea,63.9177
1996-09-30,MY,Malaysia,75.4836
1996-09-30,NL,Netherlands,43.4478
1996-09-30,NO,Norway,33.3442
1996-09-30,NZ,New Zealand,44.523
1996-09-30,PT,Portugal,74.3011
1996-09-30,SE,Sweden,34.3307
1996-09-30,TH,Thailand,76.694
1996-09-30,US,United States,59.4242
1996-09-30,XM,Euro area,58.0488
1996-09-30,ZA,South Africa,20.0606
1996-12-31,AT,Austria,81.32
1996-12-31,AU,Australia,32.2466
1996-12-31,BE,Belgium,45.1324
1996-12-31,CA,Canada,45.4959
1996-12-31,CH,Switzerland,70.8709
1996-12-31,CO,Colombia,37.0118
1996-12-31,DE,Germany,102.732
1996-12-31,DK,Denmark,46.1953
1996-12-31,ES,Spain,35.9087
1996-12-31,FI,Finland,44.0419
1996-12-31,FR,France,42.5672
1996-12-31,GB,United Kingdom,35.7543
1996-12-31,HK,Hong Kong SAR,85.1731
1996-12-31,HU,Hungary,29.2309
1996-12-31,IE,Ireland,41.6824
1996-12-31,IL,Israel,67.6008
1996-12-31,IS,Iceland,32.5864
1996-12-31,IT,Italy,57.8982
1996-12-31,JP,Japan,157.1154
1996-12-31,KR,Korea,64.2982
1996-12-31,MY,Malaysia,76.114
1996-12-31,NL,Netherlands,44.6291
1996-12-31,NO,Norway,34.1288
1996-12-31,NZ,New Zealand,45.2161
1996-12-31,PT,Portugal,74.7643
1996-12-31,SE,Sweden,34.3307
1996-12-31,TH,Thailand,77.2715
1996-12-31,US,United States,59.8011
1996-12-31,XM,Euro area,58.1378
1996-12-31,ZA,South Africa,20.274
1997-03-31,AT,Austria,84.8556
1997-03-31,AU,Australia,32.5294
1997-03-31,BE,Belgium,43.3906
1997-03-31,CA,Canada,46.0326
1997-03-31,CH,Switzerland,70.9758
1997-03-31,CO,Colombia,37.6658
1997-03-31,DE,Germany,102.4098
1997-03-31,DK,Denmark,47.366
1997-03-31,ES,Spain,35.979
1997-03-31,FI,Finland,47.2106
1997-03-31,FR,France,40.5402
1997-03-31,GB,United Kingdom,36.2374
1997-03-31,GR,Greece,40.1558
1997-03-31,HK,Hong Kong SAR,101.4302
1997-03-31,HR,Croatia,48.1265
1997-03-31,HU,Hungary,29.4958
1997-03-31,IE,Ireland,41.8432
1997-03-31,IL,Israel,69.647
1997-03-31,IS,Iceland,32.2878
1997-03-31,IT,Italy,58.8276
1997-03-31,JP,Japan,156.6347
1997-03-31,KR,Korea,65.5242
1997-03-31,MY,Malaysia,77.3226
1997-03-31,NL,Netherlands,45.8105
1997-03-31,NO,Norway,34.6518
1997-03-31,NZ,New Zealand,46.7755
1997-03-31,PT,Portugal,75.5054
1997-03-31,SE,Sweden,34.8815
1997-03-31,TH,Thailand,79.8126
1997-03-31,US,United States,60.2861
1997-03-31,XM,Euro area,57.7808
1997-03-31,ZA,South Africa,20.5077
1997-06-30,AT,Austria,83.2057
1997-06-30,AU,Australia,32.9521
1997-06-30,BE,Belgium,44.9894
1997-06-30,CA,Canada,47.1923
1997-06-30,CH,Switzerland,70.5534
1997-06-30,CO,Colombia,39.3013
1997-06-30,DE,Germany,101.8356
1997-06-30,DK,Denmark,48.6479
1997-06-30,ES,Spain,36.26
1997-06-30,FI,Finland,48.8346
1997-06-30,FR,France,42.5672
1997-06-30,GB,United Kingdom,36.9622
1997-06-30,GR,Greece,40.9825
1997-06-30,HK,Hong Kong SAR,110.7295
1997-06-30,HR,Croatia,48.0721
1997-06-30,HU,Hungary,30.9523
1997-06-30,IE,Ireland,44.0521
1997-06-30,IL,Israel,71.5915
1997-06-30,IS,Iceland,32.885
1997-06-30,IT,Italy,58.9417
1997-06-30,JP,Japan,156.2044
1997-06-30,KR,Korea,65.9046
1997-06-30,MY,Malaysia,77.4917
1997-06-30,NL,Netherlands,47.1231
1997-06-30,NO,Norway,37.1363
1997-06-30,NZ,New Zealand,47.226
1997-06-30,PT,Portugal,76.2466
1997-06-30,SE,Sweden,36.1666
1997-06-30,TH,Thailand,84.5482
1997-06-30,US,United States,60.8986
1997-06-30,XM,Euro area,58.7044
1997-06-30,ZA,South Africa,21.1175
1997-09-30,AT,Austria,86.977
1997-09-30,AU,Australia,33.5465
1997-09-30,BE,Belgium,46.402
1997-09-30,CA,Canada,46.3691
1997-09-30,CH,Switzerland,71.1099
1997-09-30,CO,Colombia,40.409
1997-09-30,DE,Germany,101.5889
1997-09-30,DK,Denmark,49.7155
1997-09-30,ES,Spain,36.4497
1997-09-30,FI,Finland,49.5912
1997-09-30,FR,France,42.5672
1997-09-30,GB,United Kingdom,38.8344
1997-09-30,GR,Greece,41.8092
1997-09-30,HK,Hong Kong SAR,112.3419
1997-09-30,HR,Croatia,50.2838
1997-09-30,HU,Hungary,31.2753
1997-09-30,IE,Ireland,47.2012
1997-09-30,IL,Israel,72.9768
1997-09-30,IS,Iceland,32.5533
1997-09-30,IT,Italy,58.9702
1997-09-30,JP,Japan,155.7693
1997-09-30,KR,Korea,65.9257
1997-09-30,MY,Malaysia,75.8627
1997-09-30,NL,Netherlands,48.4357
1997-09-30,NO,Norway,37.3978
1997-09-30,NZ,New Zealand,47.3715
1997-09-30,PT,Portugal,77.5436
1997-09-30,SE,Sweden,36.9009
1997-09-30,TH,Thailand,84.6059
1997-09-30,US,United States,61.6517
1997-09-30,XM,Euro area,59.1804
1997-09-30,ZA,South Africa,22.2049
1997-12-31,AT,Austria,83.7556
1997-12-31,AU,Australia,34.1948
1997-12-31,BE,Belgium,46.5363
1997-12-31,CA,Canada,46.31
1997-12-31,CH,Switzerland,70.079
1997-12-31,CO,Colombia,42.2401
1997-12-31,DE,Germany,101.1689
1997-12-31,DK,Denmark,50.2473
1997-12-31,ES,Spain,36.7237
1997-12-31,FI,Finland,50.7121
1997-12-31,FR,France,42.5672
1997-12-31,GB,United Kingdom,38.5929
1997-12-31,GR,Greece,43.9673
1997-12-31,HK,Hong Kong SAR,107.8801
1997-12-31,HR,Croatia,51.5491
1997-12-31,HU,Hungary,31.0237
1997-12-31,IE,Ireland,50.7627
1997-12-31,IL,Israel,72.4558
1997-12-31,IS,Iceland,33.1839
1997-12-31,IT,Italy,59.2417
1997-12-31,JP,Japan,155.1924
1997-12-31,KR,Korea,65.8834
1997-12-31,MY,Malaysia,72.6975
1997-12-31,NL,Netherlands,49.4858
1997-12-31,NO,Norway,37.9209
1997-12-31,NZ,New Zealand,47.4131
1997-12-31,PT,Portugal,78.3774
1997-12-31,SE,Sweden,36.9009
1997-12-31,TH,Thailand,83.6242
1997-12-31,US,United States,62.5766
1997-12-31,XM,Euro area,59.4253
1997-12-31,ZA,South Africa,23.3735
1998-03-31,AT,Austria,82.5771
1998-03-31,AU,Australia,35.0403
1998-03-31,BE,Belgium,47.0173
1998-03-31,BG,Bulgaria,32.0007
1998-03-31,CA,Canada,45.878
1998-03-31,CH,Switzerland,70.4205
1998-03-31,CO,Colombia,43.6751
1998-03-31,DE,Germany,100.7508
1998-03-31,DK,Denmark,51.2077
1998-03-31,ES,Spain,36.8607
1998-03-31,FI,Finland,52.2807
1998-03-31,FR,France,41.5537
1998-03-31,GB,United Kingdom,39.5592
1998-03-31,GR,Greece,45.9429
1998-03-31,HK,Hong Kong SAR,92.5507
1998-03-31,HR,Croatia,53.2624
1998-03-31,HU,Hungary,30.4457
1998-03-31,IE,Ireland,52.8108
1998-03-31,IL,Israel,72.7989
1998-03-31,IS,Iceland,34.279
1998-03-31,IT,Italy,58.4332
1998-03-31,JP,Japan,154.6154
1998-03-31,KR,Korea,63.9811
1998-03-31,MY,Malaysia,71.6025
1998-03-31,NL,Netherlands,50.5359
1998-03-31,NO,Norway,39.49
1998-03-31,NZ,New Zealand,46.8794
1998-03-31,PE,Peru,59.0857
1998-03-31,PT,Portugal,78.6554
1998-03-31,SE,Sweden,38.0024
1998-03-31,SG,Singapore,73.9793
1998-03-31,TH,Thailand,86.2807
1998-03-31,US,United States,63.827
1998-03-31,XM,Euro area,59.1497
1998-03-31,ZA,South Africa,24.1256
1998-06-30,AT,Austria,79.3557
1998-06-30,AU,Australia,35.803
1998-06-30,BE,Belgium,47.2253
1998-06-30,BG,Bulgaria,33.8641
1998-06-30,CA,Canada,46.2736
1998-06-30,CH,Switzerland,69.8934
1998-06-30,CO,Colombia,44.8557
1998-06-30,DE,Germany,100.9679
1998-06-30,DK,Denmark,53.3428
1998-06-30,ES,Spain,37.6722
1998-06-30,FI,Finland,53.568
1998-06-30,FR,France,42.5672
1998-06-30,GB,United Kingdom,41.673
1998-06-30,GR,Greece,47.5427
1998-06-30,HK,Hong Kong SAR,82.6992
1998-06-30,HR,Croatia,53.0681
1998-06-30,HU,Hungary,30.6696
1998-06-30,IE,Ireland,53.9816
1998-06-30,IL,Israel,73.3327
1998-06-30,IS,Iceland,34.8431
1998-06-30,IT,Italy,59.0666
1998-06-30,JP,Japan,153.8505
1998-06-30,KR,Korea,59.479
1998-06-30,MY,Malaysia,69.1454
1998-06-30,NL,Netherlands,51.8485
1998-06-30,NO,Norway,41.9745
1998-06-30,NZ,New Zealand,46.0547
1998-06-30,PE,Peru,56.7212
1998-06-30,PT,Portugal,79.6745
1998-06-30,SE,Sweden,39.2876
1998-06-30,SG,Singapore,67.8081
1998-06-30,TH,Thailand,77.5603
1998-06-30,US,United States,64.6838
1998-06-30,XM,Euro area,59.8657
1998-06-30,ZA,South Africa,24.6032
1998-09-30,AT,Austria,81.7128
1998-09-30,AU,Australia,35.803
1998-09-30,BE,Belgium,49.3311
1998-09-30,BG,Bulgaria,32.4181
1998-09-30,CA,Canada,45.355
1998-09-30,CH,Switzerland,70.4405
1998-09-30,CO,Colombia,44.8432
1998-09-30,DE,Germany,100.7988
1998-09-30,DK,Denmark,54.0889
1998-09-30,ES,Spain,38.431
1998-09-30,FI,Finland,54.9979
1998-09-30,FR,France,43.5807
1998-09-30,GB,United Kingdom,43.4849
1998-09-30,GR,Greece,47.9936
1998-09-30,HK,Hong Kong SAR,68.6951
1998-09-30,HR,Croatia,53.232
1998-09-30,HU,Hungary,32.3017
1998-09-30,IE,Ireland,56.4562
1998-09-30,IL,Israel,73.3835
1998-09-30,IS,Iceland,35.8717
1998-09-30,IT,Italy,59.1856
1998-09-30,JP,Japan,153.077
1998-09-30,KR,Korea,58.1051
1998-09-30,MY,Malaysia,67.0447
1998-09-30,NL,Netherlands,53.5549
1998-09-30,NO,Norway,41.5822
1998-09-30,NZ,New Zealand,46.1309
1998-09-30,PE,Peru,59.3654
1998-09-30,PT,Portugal,80.7862
1998-09-30,SE,Sweden,40.3891
1998-09-30,SG,Singapore,58.9276
1998-09-30,TH,Thailand,81.4296
1998-09-30,US,United States,65.8255
1998-09-30,XM,Euro area,60.7545
1998-09-30,ZA,South Africa,25.2434
1998-12-31,AT,Austria,78.6486
1998-12-31,AU,Australia,36.3942
1998-12-31,BE,Belgium,49.2704
1998-12-31,BG,Bulgaria,32.7073
1998-12-31,CA,Canada,46.0007
1998-12-31,CH,Switzerland,70.178
1998-12-31,CO,Colombia,44.0399
1998-12-31,DE,Germany,100.8869
1998-12-31,DK,Denmark,54.9422
1998-12-31,ES,Spain,39.2073
1998-12-31,FI,Finland,55.5603
1998-12-31,FR,France,43.5807
1998-12-31,GB,United Kingdom,43.2433
1998-12-31,GR,Greece,49.3894
1998-12-31,HK,Hong Kong SAR,66.3758
1998-12-31,HR,Croatia,52.5727
1998-12-31,HU,Hungary,32.7589
1998-12-31,IE,Ireland,61.573
1998-12-31,IL,Israel,77.9208
1998-12-31,IS,Iceland,35.8055
1998-12-31,IT,Italy,59.2014
1998-12-31,JP,Japan,151.7789
1998-12-31,KR,Korea,57.4498
1998-12-31,LT,Lithuania,34.6263
1998-12-31,MY,Malaysia,67.0578
1998-12-31,NL,Netherlands,54.9988
1998-12-31,NO,Norway,40.4054
1998-12-31,NZ,New Zealand,46.3319
1998-12-31,PE,Peru,61.9132
1998-12-31,PT,Portugal,82.2685
1998-12-31,SE,Sweden,40.9398
1998-12-31,SG,Singapore,53.81
1998-12-31,TH,Thailand,80.3901
1998-12-31,US,United States,67.073
1998-12-31,XM,Euro area,61.1815
1998-12-31,ZA,South Africa,25.2739
1999-03-31,AT,Austria,78.9629
1999-03-31,AU,Australia,37.0457
1999-03-31,BE,Belgium,50.2454
1999-03-31,BG,Bulgaria,32.9339
1999-03-31,CA,Canada,46.2327
1999-03-31,CH,Switzerland,71.0074
1999-03-31,CO,Colombia,43.9311
1999-03-31,DE,Germany,100.7203
1999-03-31,DK,Denmark,55.7955
1999-03-31,ES,Spain,40.3982
1999-03-31,FI,Finland,56.4001
1999-03-31,FR,France,43.5807
1999-03-31,GB,United Kingdom,43.5453
1999-03-31,GR,Greece,50.2376
1999-03-31,HK,Hong Kong SAR,67.922
1999-03-31,HR,Croatia,52.204
1999-03-31,HU,Hungary,34.4019
1999-03-31,IE,Ireland,63.7958
1999-03-31,IL,Israel,77.4759
1999-03-31,IS,Iceland,38.0698
1999-03-31,IT,Italy,59.0765
1999-03-31,JP,Japan,150.4808
1999-03-31,KR,Korea,58.3587
1999-03-31,LT,Lithuania,37.0746
1999-03-31,MY,Malaysia,65.9959
1999-03-31,NL,Netherlands,56.9678
1999-03-31,NO,Norway,41.9745
1999-03-31,NZ,New Zealand,47.0943
1999-03-31,PE,Peru,71.0403
1999-03-31,PT,Portugal,85.0479
1999-03-31,SE,Sweden,41.4906
1999-03-31,SG,Singapore,56.7451
1999-03-31,TH,Thailand,79.5816
1999-03-31,US,United States,68.1066
1999-03-31,XM,Euro area,61.6588
1999-03-31,ZA,South Africa,25.2129
1999-06-30,AT,Austria,79.0414
1999-06-30,AU,Australia,37.8912
1999-06-30,BE,Belgium,51.1943
1999-06-30,BG,Bulgaria,33.6826
1999-06-30,CA,Canada,48.0427
1999-06-30,CH,Switzerland,70.9181
1999-06-30,CO,Colombia,44.1573
1999-06-30,DE,Germany,100.807
1999-06-30,DK,Denmark,56.6487
1999-06-30,ES,Spain,41.7472
1999-06-30,FI,Finland,57.9409
1999-06-30,FR,France,44.5942
1999-06-30,GB,United Kingdom,45.3572
1999-06-30,GR,Greece,51.5797
1999-06-30,HK,Hong Kong SAR,67.8558
1999-06-30,HR,Croatia,53.6406
1999-06-30,HU,Hungary,37.5758
1999-06-30,IE,Ireland,62.5481
1999-06-30,IL,Israel,76.9549
1999-06-30,IS,Iceland,40.3871
1999-06-30,IT,Italy,59.4561
1999-06-30,JP,Japan,149.2377
1999-06-30,KR,Korea,58.6758
1999-06-30,LT,Lithuania,32.178
1999-06-30,MY,Malaysia,66.2785
1999-06-30,NL,Netherlands,59.4617
1999-06-30,NO,Norway,45.3743
1999-06-30,NZ,New Zealand,47.4408
1999-06-30,PE,Peru,66.2189
1999-06-30,PT,Portugal,86.6228
1999-06-30,SE,Sweden,43.1429
1999-06-30,SG,Singapore,63.4431
1999-06-30,TH,Thailand,63.0646
1999-06-30,US,United States,69.4519
1999-06-30,XM,Euro area,62.5269
1999-06-30,ZA,South Africa,25.7922
1999-09-30,AT,Austria,78.57
1999-09-30,AU,Australia,38.5967
1999-09-30,BE,Belgium,52.9795
1999-09-30,BG,Bulgaria,32.4847
1999-09-30,CA,Canada,47.6243
1999-09-30,CH,Switzerland,70.7142
1999-09-30,CO,Colombia,42.9005
1999-09-30,DE,Germany,100.894
1999-09-30,DK,Denmark,57.7163
1999-09-30,ES,Spain,42.8853
1999-09-30,FI,Finland,60.0125
1999-09-30,FR,France,46.6212
1999-09-30,GB,United Kingdom,48.0146
1999-09-30,GR,Greece,52.2669
1999-09-30,HK,Hong Kong SAR,66.0887
1999-09-30,HR,Croatia,53.8496
1999-09-30,HU,Hungary,39.904
1999-09-30,IE,Ireland,68.661
1999-09-30,IL,Israel,77.8826
1999-09-30,IS,Iceland,42.3733
1999-09-30,IT,Italy,59.7472
1999-09-30,JP,Japan,147.9808
1999-09-30,KR,Korea,59.3099
1999-09-30,LT,Lithuania,30.0794
1999-09-30,MY,Malaysia,67.3384
1999-09-30,NL,Netherlands,62.4808
1999-09-30,NO,Norway,46.2896
1999-09-30,NZ,New Zealand,47.3715
1999-09-30,PE,Peru,66.7405
1999-09-30,PT,Portugal,88.7536
1999-09-30,SE,Sweden,44.428
1999-09-30,SG,Singapore,68.5607
1999-09-30,TH,Thailand,76.9827
1999-09-30,US,United States,70.819
1999-09-30,XM,Euro area,63.9739
1999-09-30,ZA,South Africa,26.1479
1999-12-31,AT,Austria,77.7058
1999-12-31,AU,Australia,39.8649
1999-12-31,BE,Belgium,52.1259
1999-12-31,BG,Bulgaria,32.9698
1999-12-31,CA,Canada,48.3156
1999-12-31,CH,Switzerland,70.5565
1999-12-31,CO,Colombia,43.934
1999-12-31,DE,Germany,100.9806
1999-12-31,DK,Denmark,57.8234
1999-12-31,ES,Spain,42.938
1999-12-31,FI,Finland,61.3869
1999-12-31,FR,France,46.6212
1999-12-31,GB,United Kingdom,49.2829
1999-12-31,GR,Greece,53.7701
1999-12-31,HK,Hong Kong SAR,63.1288
1999-12-31,HR,Croatia,54.1943
1999-12-31,HU,Hungary,41.4987
1999-12-31,IE,Ireland,71.6877
1999-12-31,IL,Israel,77.5649
1999-12-31,IS,Iceland,43.6975
1999-12-31,IT,Italy,60.0826
1999-12-31,JP,Japan,146.5385
1999-12-31,KR,Korea,59.627
1999-12-31,LT,Lithuania,29.3799
1999-12-31,MY,Malaysia,68.6809
1999-12-31,NL,Netherlands,65.2373
1999-12-31,NO,Norway,47.9895
1999-12-31,NZ,New Zealand,47.3923
1999-12-31,PE,Peru,69.4937
1999-12-31,PT,Portugal,89.7727
1999-12-31,SE,Sweden,44.428
1999-12-31,SG,Singapore,72.1731
1999-12-31,TH,Thailand,74.1529
1999-12-31,US,United States,72.3384
1999-12-31,XM,Euro area,64.3336
1999-12-31,ZA,South Africa,26.971
2000-03-31,AT,Austria,80.2986
2000-03-31,AU,Australia,40.599
2000-03-31,BE,Belgium,53.7248
2000-03-31,BG,Bulgaria,32.6929
2000-03-31,CA,Canada,48.552
2000-03-31,CH,Switzerland,70.7953
2000-03-31,CO,Colombia,43.8066
2000-03-31,DE,Germany,101.1936
2000-03-31,DK,Denmark,58.6767
2000-03-31,ES,Spain,44.3362
2000-03-31,FI,Finland,62.4801
2000-03-31,FR,France,47.8076
2000-03-31,GB,United Kingdom,50.4908
2000-03-31,GR,Greece,55.1014
2000-03-31,HK,Hong Kong SAR,64.1228
2000-03-31,HR,Croatia,55.2519
2000-03-31,HU,Hungary,45.8982
2000-03-31,IE,Ireland,72.0233
2000-03-31,IL,Israel,74.1969
2000-03-31,IS,Iceland,45.8153
2000-03-31,IT,Italy,60.9373
2000-03-31,JP,Japan,145.0962
2000-03-31,KR,Korea,59.9229
2000-03-31,LT,Lithuania,30.7789
2000-03-31,MK,North Macedonia,56.84
2000-03-31,MY,Malaysia,69.1756
2000-03-31,NL,Netherlands,67.9938
2000-03-31,NO,Norway,50.8663
2000-03-31,NZ,New Zealand,47.4755
2000-03-31,PE,Peru,65.0931
2000-03-31,PT,Portugal,91.3477
2000-03-31,RS,Serbia,19.648
2000-03-31,SE,Sweden,45.7131
2000-03-31,SG,Singapore,74.4309
2000-03-31,TH,Thailand,74.5572
2000-03-31,US,United States,74.1193
2000-03-31,XM,Euro area,65.4226
2000-03-31,ZA,South Africa,31.0218
2000-06-30,AT,Austria,78.9629
2000-06-30,AU,Australia,41.5589
2000-06-30,BE,Belgium,53.9457
2000-06-30,BG,Bulgaria,32.7842
2000-06-30,CA,Canada,49.498
2000-06-30,CH,Switzerland,70.669
2000-06-30,CO,Colombia,44.7783
2000-06-30,DE,Germany,101.4062
2000-06-30,DK,Denmark,60.2761
2000-06-30,ES,Spain,45.5797
2000-06-30,FI,Finland,63.3753
2000-06-30,FR,France,49.2107
2000-06-30,GB,United Kingdom,53.269
2000-06-30,GR,Greece,56.6475
2000-06-30,HK,Hong Kong SAR,59.683
2000-06-30,HR,Croatia,54.0719
2000-06-30,HU,Hungary,50.8217
2000-06-30,IE,Ireland,73.292
2000-06-30,IL,Israel,75.0357
2000-06-30,IS,Iceland,48.0924
2000-06-30,IT,Italy,61.4537
2000-06-30,JP,Japan,143.6539
2000-06-30,KR,Korea,60.1342
2000-06-30,LT,Lithuania,29.0301
2000-06-30,MK,North Macedonia,58.97
2000-06-30,MY,Malaysia,71.154
2000-06-30,NL,Netherlands,70.619
2000-06-30,NO,Norway,54.2661
2000-06-30,NZ,New Zealand,47.3369
2000-06-30,PE,Peru,66.3565
2000-06-30,PT,Portugal,93.6638
2000-06-30,RS,Serbia,23.4046
2000-06-30,SE,Sweden,47.9161
2000-06-30,SG,Singapore,75.5597
2000-06-30,TH,Thailand,77.0405
2000-06-30,US,United States,76.0243
2000-06-30,XM,Euro area,66.428
2000-06-30,ZA,South Africa,30.8189
2000-09-30,AT,Austria,77.6272
2000-09-30,AU,Australia,41.5017
2000-09-30,BE,Belgium,54.704
2000-09-30,BG,Bulgaria,33.1678
2000-09-30,CA,Canada,49.3934
2000-09-30,CH,Switzerland,71.0566
2000-09-30,CO,Colombia,43.678
2000-09-30,DE,Germany,101.4631
2000-09-30,DK,Denmark,61.6651
2000-09-30,ES,Spain,46.2015
2000-09-30,FI,Finland,62.1435
2000-09-30,FR,France,50.9146
2000-09-30,GB,United Kingdom,54.2957
2000-09-30,GR,Greece,57.9145
2000-09-30,HK,Hong Kong SAR,57.8718
2000-09-30,HR,Croatia,50.9704
2000-09-30,HU,Hungary,53.9857
2000-09-30,IE,Ireland,76.8011
2000-09-30,IL,Israel,73.4471
2000-09-30,IS,Iceland,48.4222
2000-09-30,IT,Italy,62.2946
2000-09-30,JP,Japan,142.2116
2000-09-30,KR,Korea,60.1131
2000-09-30,LT,Lithuania,27.2813
2000-09-30,MK,North Macedonia,62.11
2000-09-30,MY,Malaysia,71.6486
2000-09-30,NL,Netherlands,73.5068
2000-09-30,NO,Norway,52.697
2000-09-30,NZ,New Zealand,46.9695
2000-09-30,PE,Peru,64.7339
2000-09-30,PT,Portugal,95.0535
2000-09-30,RS,Serbia,27.1819
2000-09-30,SE,Sweden,49.5684
2000-09-30,SG,Singapore,73.4525
2000-09-30,TH,Thailand,74.9037
2000-09-30,US,United States,77.6697
2000-09-30,XM,Euro area,67.5387
2000-09-30,ZA,South Africa,30.22
2000-12-31,AT,Austria,77.3915
2000-12-31,AU,Australia,42.4901
2000-12-31,BE,Belgium,55.3843
2000-12-31,BG,Bulgaria,32.4283
2000-12-31,CA,Canada,49.9118
2000-12-31,CH,Switzerland,69.5414
2000-12-31,CO,Colombia,43.1121
2000-12-31,DE,Germany,101.4899
2000-12-31,DK,Denmark,62.1969
2000-12-31,ES,Spain,46.2542
2000-12-31,FI,Finland,61.2443
2000-12-31,FR,France,50.7141
2000-12-31,GB,United Kingdom,55.866
2000-12-31,GR,Greece,60.1585
2000-12-31,HK,Hong Kong SAR,55.7734
2000-12-31,HR,Croatia,49.2938
2000-12-31,HU,Hungary,54.4693
2000-12-31,IE,Ireland,81.6033
2000-12-31,IL,Israel,72.3032
2000-12-31,IS,Iceland,49.3431
2000-12-31,IT,Italy,63.0106
2000-12-31,JP,Japan,140.6731
2000-12-31,KR,Korea,60.0497
2000-12-31,LT,Lithuania,29.0301
2000-12-31,MK,North Macedonia,67.31
2000-12-31,MY,Malaysia,71.79
2000-12-31,NL,Netherlands,75.2132
2000-12-31,NO,Norway,52.697
2000-12-31,NZ,New Zealand,46.8448
2000-12-31,PE,Peru,65.1266
2000-12-31,PT,Portugal,97.3696
2000-12-31,RS,Serbia,29.2998
2000-12-31,SE,Sweden,49.752
2000-12-31,SG,Singapore,71.4205
2000-12-31,TH,Thailand,76.694
2000-12-31,US,United States,79.4333
2000-12-31,XM,Euro area,67.9427
2000-12-31,ZA,South Africa,29.8984
2001-03-31,AT,Austria,81.1628
2001-03-31,AU,Australia,43.4213
2001-03-31,BE,Belgium,56.2032
2001-03-31,BG,Bulgaria,33.1042
2001-03-31,BR,Brazil,28.55
2001-03-31,CA,Canada,49.7754
2001-03-31,CH,Switzerland,70.9982
2001-03-31,CO,Colombia,45.9256
2001-03-31,DE,Germany,101.5164
2001-03-31,DK,Denmark,63.3716
2001-03-31,ES,Spain,48.1687
2001-03-31,FI,Finland,61.4146
2001-03-31,FR,France,51.3155
2001-03-31,GB,United Kingdom,55.6244
2001-03-31,GR,Greece,62.789
2001-03-31,HK,Hong Kong SAR,53.675
2001-03-31,HR,Croatia,54.9256
2001-03-31,HU,Hungary,57.5707
2001-03-31,IE,Ireland,82.0227
2001-03-31,IL,Israel,71.7059
2001-03-31,IS,Iceland,49.5355
2001-03-31,IT,Italy,63.7403
2001-03-31,JP,Japan,139.1347
2001-03-31,KR,Korea,59.9229
2001-03-31,LT,Lithuania,32.8775
2001-03-31,MK,North Macedonia,68.79
2001-03-31,MY,Malaysia,71.0834
2001-03-31,NL,Netherlands,77.3134
2001-03-31,NO,Norway,54.5276
2001-03-31,NZ,New Zealand,47.4893
2001-03-31,PE,Peru,58.4434
2001-03-31,PT,Portugal,98.3887
2001-03-31,RS,Serbia,29.7329
2001-03-31,RU,Russia,12.2882
2001-03-31,SE,Sweden,51.2207
2001-03-31,SG,Singapore,68.5607
2001-03-31,TH,Thailand,77.7913
2001-03-31,US,United States,81.3317
2001-03-31,XM,Euro area,68.8492
2001-03-31,ZA,South Africa,30.3325
2001-06-30,AT,Austria,77.6272
2001-06-30,AU,Australia,44.9723
2001-06-30,BE,Belgium,56.7145
2001-06-30,BG,Bulgaria,32.6088
2001-06-30,BR,Brazil,28.6128
2001-06-30,CA,Canada,51.9129
2001-06-30,CH,Switzerland,70.7427
2001-06-30,CO,Colombia,45.8124
2001-06-30,DE,Germany,101.5428
2001-06-30,DK,Denmark,64.2249
2001-06-30,ES,Spain,49.8268
2001-06-30,FI,Finland,62.0286
2001-06-30,FR,France,52.9191
2001-06-30,GB,United Kingdom,57.6175
2001-06-30,GR,Greece,65.1296
2001-06-30,HK,Hong Kong SAR,53.8075
2001-06-30,HR,Croatia,55.6129
2001-06-30,HU,Hungary,60.0485
2001-06-30,IE,Ireland,82.2289
2001-06-30,IL,Israel,70.7908
2001-06-30,IS,Iceland,50.7267
2001-06-30,IT,Italy,64.5488
2001-06-30,JP,Japan,137.5091
2001-06-30,KR,Korea,61.0854
2001-06-30,LT,Lithuania,29.7296
2001-06-30,MK,North Macedonia,67.6
2001-06-30,MY,Malaysia,71.6486
2001-06-30,NL,Netherlands,79.2823
2001-06-30,NO,Norway,56.8813
2001-06-30,NZ,New Zealand,47.6695
2001-06-30,PE,Peru,64.9299
2001-06-30,PT,Portugal,99.5931
2001-06-30,RS,Serbia,30.3936
2001-06-30,RU,Russia,13.0001
2001-06-30,SE,Sweden,51.955
2001-06-30,SG,Singapore,67.9586
2001-06-30,TH,Thailand,75.1347
2001-06-30,US,United States,82.7684
2001-06-30,XM,Euro area,69.8161
2001-06-30,ZA,South Africa,30.9505
2001-09-30,AT,Austria,80.77
2001-09-30,AU,Australia,47.3147
2001-09-30,BE,Belgium,57.7111
2001-09-30,BG,Bulgaria,33.1308
2001-09-30,BR,Brazil,28.6728
2001-09-30,CA,Canada,52.0584
2001-09-30,CH,Switzerland,70.6933
2001-09-30,CO,Colombia,45.3969
2001-09-30,DE,Germany,101.4682
2001-09-30,DK,Denmark,64.971
2001-09-30,ES,Spain,50.9158
2001-09-30,FI,Finland,61.7513
2001-09-30,FR,France,54.4225
2001-09-30,GB,United Kingdom,59.671
2001-09-30,GR,Greece,66.5684
2001-09-30,HK,Hong Kong SAR,52.1067
2001-09-30,HR,Croatia,50.8125
2001-09-30,HU,Hungary,63.0341
2001-09-30,IE,Ireland,81.0721
2001-09-30,IL,Israel,71.2357
2001-09-30,IS,Iceland,51.1345
2001-09-30,IT,Italy,65.9336
2001-09-30,JP,Japan,135.8654
2001-09-30,KR,Korea,63.4739
2001-09-30,LT,Lithuania,32.5277
2001-09-30,MK,North Macedonia,66.71
2001-09-30,MY,Malaysia,72.3552
2001-09-30,NL,Netherlands,81.12
2001-09-30,NO,Norway,56.8813
2001-09-30,NZ,New Zealand,48.0854
2001-09-30,PE,Peru,58.4566
2001-09-30,PT,Portugal,99.871
2001-09-30,RS,Serbia,31.2969
2001-09-30,RU,Russia,13.9548
2001-09-30,SE,Sweden,52.873
2001-09-30,SG,Singapore,65.9266
2001-09-30,TH,Thailand,73.7487
2001-09-30,US,United States,84.3464
2001-09-30,XM,Euro area,70.911
2001-09-30,ZA,South Africa,31.9382
2001-12-31,AT,Austria,77.3915
2001-12-31,AU,Australia,49.0913
2001-12-31,BE,Belgium,57.6548
2001-12-31,BG,Bulgaria,32.6458
2001-12-31,BR,Brazil,28.7327
2001-12-31,CA,Canada,52.7406
2001-12-31,CH,Switzerland,71.665
2001-12-31,CO,Colombia,47.4179
2001-12-31,DE,Germany,101.0318
2001-12-31,DK,Denmark,64.4392
2001-12-31,ES,Spain,51.4322
2001-12-31,FI,Finland,62.0286
2001-12-31,FR,France,54.6229
2001-12-31,GB,United Kingdom,58.463
2001-12-31,GR,Greece,68.4258
2001-12-31,HK,Hong Kong SAR,48.9259
2001-12-31,HR,Croatia,52.1211
2001-12-31,HU,Hungary,64.8309
2001-12-31,IE,Ireland,82.1276
2001-12-31,IL,Israel,70.9688
2001-12-31,IS,Iceland,51.698
2001-12-31,IT,Italy,67.6941
2001-12-31,JP,Japan,134.0385
2001-12-31,KR,Korea,65.2071
2001-12-31,LT,Lithuania,38.4737
2001-12-31,MK,North Macedonia,67.19
2001-12-31,MY,Malaysia,72.3552
2001-12-31,NL,Netherlands,81.9076
2001-12-31,NO,Norway,56.7506
2001-12-31,NZ,New Zealand,48.9032
2001-12-31,PE,Peru,60.6535
2001-12-31,PT,Portugal,99.871
2001-12-31,RS,Serbia,31.6729
2001-12-31,RU,Russia,15.2698
2001-12-31,SE,Sweden,52.1386
2001-12-31,SG,Singapore,63.0668
2001-12-31,TH,Thailand,75.7122
2001-12-31,US,United States,85.7425
2001-12-31,XM,Euro area,71.2715
2001-12-31,ZA,South Africa,33.1048
2002-03-31,AT,Austria,79.9057
2002-03-31,AU,Australia,50.9538
2002-03-31,BE,Belgium,58.9503
2002-03-31,BG,Bulgaria,32.7852
2002-03-31,BR,Brazil,28.8298
2002-03-31,CA,Canada,55.0554
2002-03-31,CH,Switzerland,71.8158
2002-03-31,CL,Chile,55.9177
2002-03-31,CO,Colombia,45.1746
2002-03-31,CY,Cyprus,43.9916
2002-03-31,DE,Germany,100.9781
2002-03-31,DK,Denmark,65.3957
2002-03-31,ES,Spain,54.4884
2002-03-31,FI,Finland,64.3854
2002-03-31,FR,France,55.124
2002-03-31,GB,United Kingdom,60.3957
2002-03-31,GR,Greece,71.561
2002-03-31,HK,Hong Kong SAR,48.8818
2002-03-31,HR,Croatia,55.1731
2002-03-31,HU,Hungary,66.2293
2002-03-31,ID,Indonesia,73.9057
2002-03-31,IE,Ireland,85.1333
2002-03-31,IL,Israel,74.7688
2002-03-31,IS,Iceland,52.2295
2002-03-31,IT,Italy,71.5781
2002-03-31,JP,Japan,132.2116
2002-03-31,KR,Korea,69.0117
2002-03-31,LT,Lithuania,32.8775
2002-03-31,MK,North Macedonia,70.17
2002-03-31,MY,Malaysia,72.3552
2002-03-31,NL,Netherlands,83.2202
2002-03-31,NO,Norway,58.5812
2002-03-31,NZ,New Zealand,50.8438
2002-03-31,PE,Peru,57.8199
2002-03-31,PT,Portugal,100.0563
2002-03-31,RS,Serbia,31.5183
2002-03-31,RU,Russia,16.4856
2002-03-31,SE,Sweden,53.0566
2002-03-31,SG,Singapore,62.3142
2002-03-31,TH,Thailand,75.6545
2002-03-31,US,United States,87.2944
2002-03-31,XM,Euro area,72.8383
2002-03-31,ZA,South Africa,34.175
2002-06-30,AT,Austria,78.57
2002-06-30,AU,Australia,53.9858
2002-06-30,BE,Belgium,60.0379
2002-06-30,BG,Bulgaria,33.2549
2002-06-30,BR,Brazil,29.0211
2002-06-30,CA,Canada,57.2201
2002-06-30,CH,Switzerland,70.9909
2002-06-30,CL,Chile,58.4865
2002-06-30,CO,Colombia,46.8339
2002-06-30,CY,Cyprus,43.7305
2002-06-30,DE,Germany,100.9253
2002-06-30,DK,Denmark,66.6775
2002-06-30,ES,Spain,57.8537
2002-06-30,FI,Finland,66.5124
2002-06-30,FR,France,57.0283
2002-06-30,GB,United Kingdom,65.3481
2002-06-30,GR,Greece,75.233
2002-06-30,HK,Hong Kong SAR,47.8436
2002-06-30,HR,Croatia,54.5361
2002-06-30,HU,Hungary,70.0071
2002-06-30,ID,Indonesia,75.0291
2002-06-30,IE,Ireland,86.2238
2002-06-30,IL,Israel,76.2813
2002-06-30,IS,Iceland,52.4311
2002-06-30,IT,Italy,73.0858
2002-06-30,JP,Japan,130.3948
2002-06-30,KR,Korea,71.7383
2002-06-30,LT,Lithuania,34.2765
2002-06-30,MK,North Macedonia,74.26
2002-06-30,MY,Malaysia,73.5564
2002-06-30,NL,Netherlands,84.5328
2002-06-30,NO,Norway,60.6734
2002-06-30,NZ,New Zealand,52.0706
2002-06-30,PE,Peru,59.1599
2002-06-30,PT,Portugal,100.2416
2002-06-30,RS,Serbia,31.203
2002-06-30,RU,Russia,17.6508
2002-06-30,SE,Sweden,54.7088
2002-06-30,SG,Singapore,61.8627
2002-06-30,TH,Thailand,76.3475
2002-06-30,US,United States,89.5691
2002-06-30,XM,Euro area,74.2622
2002-06-30,ZA,South Africa,35.1727
2002-09-30,AT,Austria,81.2414
2002-09-30,AU,Australia,56.236
2002-09-30,BE,Belgium,61.5805
2002-09-30,BG,Bulgaria,33.8385
2002-09-30,BR,Brazil,29.3466
2002-09-30,CA,Canada,56.738
2002-09-30,CH,Switzerland,71.311
2002-09-30,CL,Chile,59.6185
2002-09-30,CO,Colombia,46.1478
2002-09-30,CY,Cyprus,46.4913
2002-09-30,DE,Germany,100.6495
2002-09-30,DK,Denmark,67.1062
2002-09-30,ES,Spain,59.2027
2002-09-30,FI,Finland,67.2967
2002-09-30,FR,France,59.3335
2002-09-30,GB,United Kingdom,69.757
2002-09-30,GR,Greece,75.4155
2002-09-30,HK,Hong Kong SAR,45.4801
2002-09-30,HR,Croatia,57.6184
2002-09-30,HU,Hungary,72.9317
2002-09-30,ID,Indonesia,76.1377
2002-09-30,IE,Ireland,90.2921
2002-09-30,IL,Israel,74.8959
2002-09-30,IS,Iceland,53.9751
2002-09-30,IT,Italy,73.9651
2002-09-30,JP,Japan,128.5577
2002-09-30,KR,Korea,74.2325
2002-09-30,LT,Lithuania,38.1239
2002-09-30,MK,North Macedonia,78.55
2002-09-30,MY,Malaysia,74.6163
2002-09-30,NL,Netherlands,85.9767
2002-09-30,NO,Norway,58.712
2002-09-30,NZ,New Zealand,53.7062
2002-09-30,PE,Peru,68.8154
2002-09-30,PT,Portugal,100.0563
2002-09-30,RS,Serbia,30.7191
2002-09-30,RU,Russia,18.6021
2002-09-30,SE,Sweden,56.7283
2002-09-30,SG,Singapore,62.1637
2002-09-30,TH,Thailand,76.232
2002-09-30,US,United States,91.8632
2002-09-30,XM,Euro area,75.6409
2002-09-30,ZA,South Africa,36.27
2002-12-31,AT,Austria,79.0414
2002-12-31,AU,Australia,58.2892
2002-12-31,BE,Belgium,62.3257
2002-12-31,BG,Bulgaria,34.0344
2002-12-31,BR,Brazil,29.8662
2002-12-31,CA,Canada,58.539
2002-12-31,CH,Switzerland,71.3192
2002-12-31,CL,Chile,60.0634
2002-12-31,CO,Colombia,46.1199
2002-12-31,CY,Cyprus,46.7523
2002-12-31,DE,Germany,100.1452
2002-12-31,DK,Denmark,67.1062
2002-12-31,ES,Spain,60.3409
2002-12-31,FI,Finland,67.4393
2002-12-31,FR,France,59.9349
2002-12-31,GB,United Kingdom,73.1996
2002-12-31,GR,Greece,77.1441
2002-12-31,HK,Hong Kong SAR,43.1388
2002-12-31,HR,Croatia,57.9883
2002-12-31,HU,Hungary,73.5246
2002-12-31,ID,Indonesia,76.8176
2002-12-31,IE,Ireland,93.7837
2002-12-31,IL,Israel,73.7521
2002-12-31,IS,Iceland,55.1296
2002-12-31,IT,Italy,74.5139
2002-12-31,JP,Japan,126.4904
2002-12-31,KR,Korea,76.3039
2002-12-31,LT,Lithuania,38.1239
2002-12-31,MK,North Macedonia,75.79
2002-12-31,MY,Malaysia,75.8175
2002-12-31,NL,Netherlands,85.8454
2002-12-31,NO,Norway,58.3197
2002-12-31,NZ,New Zealand,55.73
2002-12-31,PE,Peru,59.6684
2002-12-31,PT,Portugal,100.0563
2002-12-31,RS,Serbia,33.7798
2002-12-31,RU,Russia,19.4509
2002-12-31,SE,Sweden,56.9119
2002-12-31,SG,Singapore,61.9379
2002-12-31,TH,Thailand,76.1742
2002-12-31,US,United States,93.7203
2002-12-31,XM,Euro area,76.061
2002-12-31,ZA,South Africa,37.6436
2003-03-31,AT,Austria,80.3771
2003-03-31,AU,Australia,59.8529
2003-03-31,BE,Belgium,63.292
2003-03-31,BG,Bulgaria,34.4846
2003-03-31,BR,Brazil,30.6399
2003-03-31,CA,Canada,59.7987
2003-03-31,CH,Switzerland,71.109
2003-03-31,CL,Chile,60.1512
2003-03-31,CO,Colombia,45.1521
2003-03-31,CY,Cyprus,46.0195
2003-03-31,DE,Germany,99.8987
2003-03-31,DK,Denmark,66.9477
2003-03-31,ES,Spain,63.7062
2003-03-31,FI,Finland,68.6434
2003-03-31,FR,France,61.1376
2003-03-31,GB,United Kingdom,74.5283
2003-03-31,GR,Greece,78.7225
2003-03-31,HK,Hong Kong SAR,41.5705
2003-03-31,HR,Croatia,63.1049
2003-03-31,HU,Hungary,79.6513
2003-03-31,ID,Indonesia,78.5544
2003-03-31,IE,Ireland,95.8772
2003-03-31,IL,Israel,73.015
2003-03-31,IS,Iceland,57.118
2003-03-31,IT,Italy,76.2016
2003-03-31,JP,Japan,124.4231
2003-03-31,KR,Korea,76.79
2003-03-31,LT,Lithuania,45.8186
2003-03-31,MK,North Macedonia,78.44
2003-03-31,MY,Malaysia,75.7469
2003-03-31,NL,Netherlands,86.7643
2003-03-31,NO,Norway,59.6273
2003-03-31,NZ,New Zealand,58.7934
2003-03-31,PE,Peru,50.7241
2003-03-31,PT,Portugal,100.5195
2003-03-31,RS,Serbia,40.316
2003-03-31,RU,Russia,20.9034
2003-03-31,SE,Sweden,57.2791
2003-03-31,SG,Singapore,61.4111
2003-03-31,TH,Thailand,77.2138
2003-03-31,US,United States,95.626
2003-03-31,XM,Euro area,77.2648
2003-03-31,ZA,South Africa,39.2413
2003-06-30,AT,Austria,79.5914
2003-06-30,AU,Australia,63.082
2003-06-30,BE,Belgium,63.9073
2003-06-30,BG,Bulgaria,35.9655
2003-06-30,BR,Brazil,31.6734
2003-06-30,CA,Canada,61.7679
2003-06-30,CH,Switzerland,72.8251
2003-06-30,CL,Chile,61.2413
2003-06-30,CO,Colombia,47.075
2003-06-30,CY,Cyprus,46.5516
2003-06-30,DE,Germany,99.5275
2003-06-30,DK,Denmark,68.4654
2003-06-30,ES,Spain,67.8514
2003-06-30,FI,Finland,70.0416
2003-06-30,FR,France,63.4427
2003-06-30,GB,United Kingdom,76.8233
2003-06-30,GR,Greece,78.2393
2003-06-30,HK,Hong Kong SAR,39.6488
2003-06-30,HR,Croatia,64.9337
2003-06-30,HU,Hungary,83.8379
2003-06-30,ID,Indonesia,79.6482
2003-06-30,IE,Ireland,97.4465
2003-06-30,IL,Israel,69.952
2003-06-30,IS,Iceland,58.5841
2003-06-30,IT,Italy,77.2215
2003-06-30,JP,Japan,122.3672
2003-06-30,KR,Korea,79.0306
2003-06-30,LT,Lithuania,40.922
2003-06-30,MK,North Macedonia,78.14
2003-06-30,MY,Malaysia,75.6762
2003-06-30,NL,Netherlands,87.6831
2003-06-30,NO,Norway,60.0196
2003-06-30,NZ,New Zealand,60.831
2003-06-30,PE,Peru,55.061
2003-06-30,PT,Portugal,101.168
2003-06-30,RS,Serbia,43.6315
2003-06-30,RU,Russia,21.5181
2003-06-30,SE,Sweden,58.5642
2003-06-30,SG,Singapore,61.0348
2003-06-30,TH,Thailand,77.3293
2003-06-30,US,United States,97.6781
2003-06-30,XM,Euro area,78.6716
2003-06-30,ZA,South Africa,41.1665
2003-09-30,AT,Austria,78.8057
2003-09-30,AU,Australia,66.7942
2003-09-30,BE,Belgium,65.6448
2003-09-30,BG,Bulgaria,38.5838
2003-09-30,BR,Brazil,32.8753
2003-09-30,CA,Canada,63.0776
2003-09-30,CH,Switzerland,73.3959
2003-09-30,CL,Chile,61.7399
2003-09-30,CO,Colombia,46.7158
2003-09-30,CY,Cyprus,47.6559
2003-09-30,DE,Germany,99.0589
2003-09-30,DK,Denmark,69.4772
2003-09-30,ES,Spain,69.6641
2003-09-30,FI,Finland,71.4715
2003-09-30,FR,France,66.1488
2003-09-30,GB,United Kingdom,78.9372
2003-09-30,GR,Greece,78.8513
2003-09-30,HK,Hong Kong SAR,39.2954
2003-09-30,HR,Croatia,65.6118
2003-09-30,HU,Hungary,85.7141
2003-09-30,ID,Indonesia,80.8455
2003-09-30,IE,Ireland,102.1369
2003-09-30,IL,Israel,70.2825
2003-09-30,IS,Iceland,61.5117
2003-09-30,IT,Italy,78.6536
2003-09-30,JP,Japan,120.2885
2003-09-30,KR,Korea,80.4124
2003-09-30,LT,Lithuania,41.9713
2003-09-30,MK,North Macedonia,75.97
2003-09-30,MY,Malaysia,78.1493
2003-09-30,NL,Netherlands,88.4707
2003-09-30,NO,Norway,59.8889
2003-09-30,NZ,New Zealand,64.9201
2003-09-30,PE,Peru,51.9545
2003-09-30,PT,Portugal,101.446
2003-09-30,RS,Serbia,43.7279
2003-09-30,RU,Russia,22.46
2003-09-30,SE,Sweden,59.8493
2003-09-30,SG,Singapore,60.7338
2003-09-30,TH,Thailand,78.542
2003-09-30,US,United States,100.5232
2003-09-30,XM,Euro area,80.0239
2003-09-30,ZA,South Africa,43.6313
2003-12-31,AT,Austria,80.8486
2003-12-31,AU,Australia,69.3114
2003-12-31,BE,Belgium,66.7887
2003-12-31,BG,Bulgaria,41.2266
2003-12-31,BR,Brazil,34.0973
2003-12-31,CA,Canada,64.9286
2003-12-31,CH,Switzerland,73.623
2003-12-31,CL,Chile,62.8505
2003-12-31,CO,Colombia,49.0157
2003-12-31,CY,Cyprus,48.5895
2003-12-31,DE,Germany,98.4889
2003-12-31,DK,Denmark,69.8145
2003-12-31,ES,Spain,71.4767
2003-12-31,FI,Finland,72.4261
2003-12-31,FR,France,67.2513
2003-12-31,GB,United Kingdom,80.5679
2003-12-31,GR,Greece,79.678
2003-12-31,HK,Hong Kong SAR,42.6528
2003-12-31,HR,Croatia,70.0914
2003-12-31,HU,Hungary,89.7342
2003-12-31,ID,Indonesia,81.4146
2003-12-31,IE,Ireland,106.8413
2003-12-31,IL,Israel,69.4691
2003-12-31,IS,Iceland,61.9057
2003-12-31,IT,Italy,79.1414
2003-12-31,JP,Japan,118.3654
2003-12-31,KR,Korea,81.3406
2003-12-31,LT,Lithuania,45.4689
2003-12-31,MK,North Macedonia,80.09
2003-12-31,MY,Malaysia,78.5733
2003-12-31,NL,Netherlands,89.2582
2003-12-31,NO,Norway,60.6734
2003-12-31,NZ,New Zealand,69.3073
2003-12-31,PE,Peru,53.3807
2003-12-31,PT,Portugal,101.5386
2003-12-31,RS,Serbia,45.5898
2003-12-31,RU,Russia,23.5079
2003-12-31,SE,Sweden,60.4
2003-12-31,SG,Singapore,60.6585
2003-12-31,TH,Thailand,80.3323
2003-12-31,US,United States,103.8053
2003-12-31,XM,Euro area,80.8884
2003-12-31,ZA,South Africa,47.1221
2004-03-31,AT,Austria,74.7987
2004-03-31,AU,Australia,69.0223
2004-03-31,BE,Belgium,68.5869
2004-03-31,BG,Bulgaria,46.375
2004-03-31,BR,Brazil,35.2336
2004-03-31,CA,Canada,66.0292
2004-03-31,CH,Switzerland,74.7461
2004-03-31,CL,Chile,63.2027
2004-03-31,CO,Colombia,49.0961
2004-03-31,CY,Cyprus,54.8539
2004-03-31,DE,Germany,97.9219
2004-03-31,DK,Denmark,72.1754
2004-03-31,ES,Spain,75.4147
2004-03-31,FI,Finland,74.359
2004-03-31,FR,France,69.4563
2004-03-31,GB,United Kingdom,81.2926
2004-03-31,GR,Greece,79.5492
2004-03-31,HK,Hong Kong SAR,48.7713
2004-03-31,HR,Croatia,71.4477
2004-03-31,HU,Hungary,87.4988
2004-03-31,ID,Indonesia,82.0649
2004-03-31,IE,Ireland,106.7155
2004-03-31,IL,Israel,69.9774
2004-03-31,IS,Iceland,61.979
2004-03-31,IT,Italy,79.9607
2004-03-31,JP,Japan,116.4424
2004-03-31,KR,Korea,80.6282
2004-03-31,LT,Lithuania,49.666
2004-03-31,MK,North Macedonia,78.55
2004-03-31,MY,Malaysia,79.7038
2004-03-31,NL,Netherlands,90.3083
2004-03-31,NO,Norway,65.1193
2004-03-31,NZ,New Zealand,72.3914
2004-03-31,PE,Peru,59.8422
2004-03-31,PT,Portugal,101.7239
2004-03-31,RS,Serbia,49.1969
2004-03-31,RU,Russia,26.2156
2004-03-31,SE,Sweden,61.6851
2004-03-31,SG,Singapore,60.4327
2004-03-31,TH,Thailand,81.0254
2004-03-31,US,United States,107.3246
2004-03-31,XM,Euro area,81.8903
2004-03-31,ZA,South Africa,51.2569
2004-06-30,AT,Austria,78.7272
2004-06-30,AU,Australia,68.3446
2004-06-30,BE,Belgium,68.9336
2004-06-30,BG,Bulgaria,51.9838
2004-06-30,BR,Brazil,36.2385
2004-06-30,CA,Canada,69.0807
2004-06-30,CH,Switzerland,75.4162
2004-06-30,CL,Chile,65.1393
2004-06-30,CO,Colombia,50.7732
2004-06-30,CY,Cyprus,57.0525
2004-06-30,DE,Germany,98.3731
2004-06-30,DK,Denmark,75.3794
2004-06-30,ES,Spain,79.7109
2004-06-30,FI,Finland,76.0939
2004-06-30,FR,France,72.2626
2004-06-30,GB,United Kingdom,86.0639
2004-06-30,GR,Greece,79.9357
2004-06-30,HK,Hong Kong SAR,51.1569
2004-06-30,HR,Croatia,73.8313
2004-06-30,HU,Hungary,91.1102
2004-06-30,ID,Indonesia,83.107
2004-06-30,IE,Ireland,107.8514
2004-06-30,IL,Israel,71.2738
2004-06-30,IS,Iceland,65.6351
2004-06-30,IT,Italy,81.5766
2004-06-30,JP,Japan,114.7116
2004-06-30,KR,Korea,80.8487
2004-06-30,LT,Lithuania,47.2177
2004-06-30,MK,North Macedonia,77.11
2004-06-30,MY,Malaysia,79.9158
2004-06-30,NL,Netherlands,91.3584
2004-06-30,NO,Norway,66.1654
2004-06-30,NZ,New Zealand,73.6806
2004-06-30,PE,Peru,60.6225
2004-06-30,PT,Portugal,101.7239
2004-06-30,RS,Serbia,50.6704
2004-06-30,RU,Russia,27.6853
2004-06-30,SE,Sweden,64.2553
2004-06-30,SG,Singapore,60.508
2004-06-30,TH,Thailand,82.0649
2004-06-30,US,United States,111.5759
2004-06-30,XM,Euro area,83.7537
2004-06-30,ZA,South Africa,55.0481
2004-09-30,AT,Austria,79.12
2004-09-30,AU,Australia,68.3446
2004-09-30,BE,Belgium,71.5333
2004-09-30,BG,Bulgaria,58.3207
2004-09-30,BR,Brazil,37.1264
2004-09-30,CA,Canada,67.4572
2004-09-30,CH,Switzerland,76.8202
2004-09-30,CL,Chile,66.6109
2004-09-30,CO,Colombia,51.1663
2004-09-30,CY,Cyprus,59.3515
2004-09-30,DE,Germany,97.989
2004-09-30,DK,Denmark,77.7403
2004-09-30,ES,Spain,81.369
2004-09-30,FI,Finland,76.1811
2004-09-30,FR,France,75.7705
2004-09-30,GB,United Kingdom,89.8688
2004-09-30,GR,Greece,80.6658
2004-09-30,HK,Hong Kong SAR,51.5545
2004-09-30,HR,Croatia,76.441
2004-09-30,HU,Hungary,93.5316
2004-09-30,ID,Indonesia,83.8534
2004-09-30,IE,Ireland,113.0102
2004-09-30,IL,Israel,70.5748
2004-09-30,IS,Iceland,67.1195
2004-09-30,IT,Italy,83.7138
2004-09-30,JP,Japan,112.9808
2004-09-30,KR,Korea,80.2213
2004-09-30,LT,Lithuania,53.5134
2004-09-30,MK,North Macedonia,77.41
2004-09-30,MY,Malaysia,80.1278
2004-09-30,NL,Netherlands,92.5398
2004-09-30,NO,Norway,66.2962
2004-09-30,NZ,New Zealand,75.1915
2004-09-30,PE,Peru,58.4605
2004-09-30,PT,Portugal,102.0018
2004-09-30,RS,Serbia,50.0264
2004-09-30,RU,Russia,28.9786
2004-09-30,SE,Sweden,65.724
2004-09-30,SG,Singapore,60.7338
2004-09-30,TH,Thailand,82.5269
2004-09-30,US,United States,115.3836
2004-09-30,XM,Euro area,85.5018
2004-09-30,ZA,South Africa,58.8885
2004-12-31,AT,Austria,80.8486
2004-12-31,AU,Australia,69.5063
2004-12-31,BE,Belgium,73.1322
2004-12-31,BG,Bulgaria,64.9285
2004-12-31,BR,Brazil,37.9287
2004-12-31,CA,Canada,70.0448
2004-12-31,CH,Switzerland,77.3915
2004-12-31,CL,Chile,68.1227
2004-12-31,CO,Colombia,54.4994
2004-12-31,CY,Cyprus,61.6304
2004-12-31,DE,Germany,97.6603
2004-12-31,DK,Denmark,79.5953
2004-12-31,ES,Spain,83.8035
2004-12-31,FI,Finland,76.6009
2004-12-31,FR,France,77.5745
2004-12-31,GB,United Kingdom,90.4728
2004-12-31,GR,Greece,82.6414
2004-12-31,HK,Hong Kong SAR,55.2432
2004-12-31,HR,Croatia,81.1672
2004-12-31,HU,Hungary,92.1729
2004-12-31,ID,Indonesia,84.2156
2004-12-31,IE,Ireland,118.8959
2004-12-31,IL,Israel,68.7828
2004-12-31,IS,Iceland,70.2303
2004-12-31,IT,Italy,84.9963
2004-12-31,JP,Japan,111.5866
2004-12-31,KR,Korea,79.4627
2004-12-31,LT,Lithuania,59.8091
2004-12-31,MK,North Macedonia,78.99
2004-12-31,MY,Malaysia,80.5517
2004-12-31,NL,Netherlands,92.8023
2004-12-31,NO,Norway,67.0807
2004-12-31,NZ,New Zealand,77.9083
2004-12-31,PE,Peru,54.6199
2004-12-31,PT,Portugal,102.0018
2004-12-31,RS,Serbia,51.7887
2004-12-31,RU,Russia,30.1793
2004-12-31,SE,Sweden,66.4584
2004-12-31,SG,Singapore,61.1853
2004-12-31,TH,Thailand,84.7792
2004-12-31,US,United States,119.7233
2004-12-31,XM,Euro area,86.7236
2004-12-31,ZA,South Africa,63.6654
2005-03-31,AT,Austria,81.1628
2005-03-31,AU,Australia,69.4095
2005-03-31,BE,Belgium,76.4541
2005-03-31,BG,Bulgaria,71.845
2005-03-31,BR,Brazil,38.6853
2005-03-31,CA,Canada,72.5968
2005-03-31,CH,Switzerland,78.2759
2005-03-31,CL,Chile,66.6192
2005-03-31,CO,Colombia,53.9853
2005-03-31,CY,Cyprus,61.53
2005-03-31,DE,Germany,97.5903
2005-03-31,DK,Denmark,83.3052
2005-03-31,EE,Estonia,79.1802
2005-03-31,ES,Spain,87.2742
2005-03-31,FI,Finland,78.4115
2005-03-31,FR,France,79.98
2005-03-31,GB,United Kingdom,88.6118
2005-03-31,GR,Greece,85.637
2005-03-31,HK,Hong Kong SAR,59.5726
2005-03-31,HR,Croatia,81.1877
2005-03-31,HU,Hungary,91.5466
2005-03-31,ID,Indonesia,85.2503
2005-03-31,IE,Ireland,118.7259
2005-03-31,IL,Israel,68.6684
2005-03-31,IS,Iceland,76.9056
2005-03-31,IT,Italy,86.6162
2005-03-31,JP,Japan,110.1924
2005-03-31,KR,Korea,79.1756
2005-03-31,LT,Lithuania,72.0507
2005-03-31,MA,Morocco,93.9495
2005-03-31,MK,North Macedonia,76.39
2005-03-31,MT,Malta,62.3451
2005-03-31,MX,Mexico,72.552
2005-03-31,MY,Malaysia,81.2583
2005-03-31,NL,Netherlands,93.7657
2005-03-31,NO,Norway,69.8267
2005-03-31,NZ,New Zealand,81.5123
2005-03-31,PE,Peru,59.4955
2005-03-31,PT,Portugal,101.9092
2005-03-31,RS,Serbia,55.9152
2005-03-31,RU,Russia,32.9694
2005-03-31,SE,Sweden,66.8829
2005-03-31,SG,Singapore,61.6369
2005-03-31,TH,Thailand,87.4358
2005-03-31,US,United States,124.6546
2005-03-31,XM,Euro area,88.13
2005-03-31,ZA,South Africa,68.4514
2005-06-30,AT,Austria,81.9485
2005-06-30,AU,Australia,69.8935
2005-06-30,BE,Belgium,78.1572
2005-06-30,BG,Bulgaria,74.9072
2005-06-30,BR,Brazil,39.4447
2005-06-30,CA,Canada,74.462
2005-06-30,CH,Switzerland,78.6975
2005-06-30,CL,Chile,69.8538
2005-06-30,CN,China,75.8675
2005-06-30,CO,Colombia,55.5257
2005-06-30,CY,Cyprus,63.2768
2005-06-30,DE,Germany,97.0153
2005-06-30,DK,Denmark,87.6897
2005-06-30,EE,Estonia,89.2777
2005-06-30,ES,Spain,90.7976
2005-06-30,FI,Finland,80.6687
2005-06-30,FR,France,83.3876
2005-06-30,GB,United Kingdom,91.1056
2005-06-30,GR,Greece,88.2997
2005-06-30,HK,Hong Kong SAR,62.6429
2005-06-30,HR,Croatia,84.5988
2005-06-30,HU,Hungary,93.8172
2005-06-30,ID,Indonesia,86.1371
2005-06-30,IE,Ireland,121.2426
2005-06-30,IL,Israel,70.0537
2005-06-30,IS,Iceland,84.7492
2005-06-30,IT,Italy,88.2164
2005-06-30,JP,Japan,108.9493
2005-06-30,KR,Korea,80.4264
2005-06-30,LT,Lithuania,67.154
2005-06-30,MA,Morocco,94.1401
2005-06-30,MK,North Macedonia,79.29
2005-06-30,MT,Malta,62.1544
2005-06-30,MX,Mexico,75.0652
2005-06-30,MY,Malaysia,82.6009
2005-06-30,NL,Netherlands,94.8511
2005-06-30,NO,Norway,71.7882
2005-06-30,NZ,New Zealand,83.7994
2005-06-30,PE,Peru,53.076
2005-06-30,PT,Portugal,103.4842
2005-06-30,RS,Serbia,58.9535
2005-06-30,RU,Russia,33.9364
2005-06-30,SE,Sweden,69.1193
2005-06-30,SG,Singapore,61.9379
2005-06-30,TH,Thailand,88.4175
2005-06-30,US,United States,129.5858
2005-06-30,XM,Euro area,89.8062
2005-06-30,ZA,South Africa,72.0105
2005-09-30,AT,Austria,82.0271
2005-09-30,AU,Australia,69.7967
2005-09-30,BE,Belgium,80.9192
2005-09-30,BG,Bulgaria,77.0744
2005-09-30,BR,Brazil,40.2669
2005-09-30,CA,Canada,75.7532
2005-09-30,CH,Switzerland,79.9389
2005-09-30,CL,Chile,71.1752
2005-09-30,CN,China,77.0645
2005-09-30,CO,Colombia,56.3523
2005-09-30,CY,Cyprus,64.0799
2005-09-30,DE,Germany,96.8644
2005-09-30,DK,Denmark,94.4351
2005-09-30,EE,Estonia,94.2764
2005-09-30,ES,Spain,92.2976
2005-09-30,FI,Finland,81.9872
2005-09-30,FR,France,87.2964
2005-09-30,GB,United Kingdom,93.4331
2005-09-30,GR,Greece,90.5115
2005-09-30,HK,Hong Kong SAR,62.0023
2005-09-30,HR,Croatia,86.0166
2005-09-30,HU,Hungary,95.5731
2005-09-30,ID,Indonesia,86.684
2005-09-30,IE,Ireland,126.0244
2005-09-30,IL,Israel,70.9433
2005-09-30,IS,Iceland,89.5552
2005-09-30,IT,Italy,89.9375
2005-09-30,JP,Japan,107.6924
2005-09-30,KR,Korea,81.9426
2005-09-30,LT,Lithuania,75.1985
2005-09-30,MA,Morocco,94.9023
2005-09-30,MK,North Macedonia,76.56
2005-09-30,MT,Malta,67.3022
2005-09-30,MX,Mexico,76.4861
2005-09-30,MY,Malaysia,82.2476
2005-09-30,NL,Netherlands,96.1173
2005-09-30,NO,Norway,72.442
2005-09-30,NZ,New Zealand,86.44
2005-09-30,PE,Peru,52.8891
2005-09-30,PT,Portugal,105.615
2005-09-30,RS,Serbia,60.9361
2005-09-30,RU,Russia,35.2828
2005-09-30,SE,Sweden,71.784
2005-09-30,SG,Singapore,62.6905
2005-09-30,TH,Thailand,89.9768
2005-09-30,US,United States,134.0828
2005-09-30,XM,Euro area,91.5734
2005-09-30,ZA,South Africa,75.2359
2005-12-31,AT,Austria,83.9914
2005-12-31,AU,Australia,71.152
2005-12-31,BE,Belgium,82.5896
2005-12-31,BG,Bulgaria,78.9353
2005-12-31,BR,Brazil,41.2062
2005-12-31,CA,Canada,76.7575
2005-12-31,CH,Switzerland,80.6467
2005-12-31,CL,Chile,73.1333
2005-12-31,CN,China,77.9195
2005-12-31,CO,Colombia,57.4677
2005-12-31,CY,Cyprus,65.646
2005-12-31,DE,Germany,96.8982
2005-12-31,DK,Denmark,100.5059
2005-12-31,EE,Estonia,106.5734
2005-12-31,ES,Spain,94.4721
2005-12-31,FI,Finland,83.7908
2005-12-31,FR,France,89.0003
2005-12-31,GB,United Kingdom,93.5993
2005-12-31,GR,Greece,93.5178
2005-12-31,HK,Hong Kong SAR,59.7272
2005-12-31,HR,Croatia,90.373
2005-12-31,HU,Hungary,94.66
2005-12-31,ID,Indonesia,88.3469
2005-12-31,IE,Ireland,131.5297
2005-12-31,IL,Israel,71.5534
2005-12-31,IS,Iceland,92.602
2005-12-31,IT,Italy,90.747
2005-12-31,JP,Japan,106.827
2005-12-31,KR,Korea,82.1968
2005-12-31,LT,Lithuania,98.2827
2005-12-31,MA,Morocco,95.5693
2005-12-31,MK,North Macedonia,78.02
2005-12-31,MT,Malta,65.3956
2005-12-31,MX,Mexico,76.3238
2005-12-31,MY,Malaysia,82.6009
2005-12-31,NL,Netherlands,96.5825
2005-12-31,NO,Norway,72.442
2005-12-31,NZ,New Zealand,89.7806
2005-12-31,PE,Peru,57.6166
2005-12-31,PT,Portugal,105.7076
2005-12-31,RS,Serbia,61.4507
2005-12-31,RU,Russia,37.3069
2005-12-31,SE,Sweden,73.6559
2005-12-31,SG,Singapore,63.5936
2005-12-31,TH,Thailand,90.9009
2005-12-31,US,United States,137.7956
2005-12-31,XM,Euro area,92.8014
2005-12-31,ZA,South Africa,78.6051
2006-03-31,AT,Austria,84.9342
2006-03-31,AU,Australia,71.9264
2006-03-31,BE,Belgium,84.1726
2006-03-31,BG,Bulgaria,82.6571
2006-03-31,BR,Brazil,42.3111
2006-03-31,CA,Canada,79.6987
2006-03-31,CH,Switzerland,82.2748
2006-03-31,CL,Chile,71.6821
2006-03-31,CN,China,78.005
2006-03-31,CO,Colombia,58.5548
2006-03-31,CY,Cyprus,68.3164
2006-03-31,DE,Germany,95.7923
2006-03-31,DK,Denmark,107.7572
2006-03-31,EE,Estonia,120.5699
2006-03-31,ES,Spain,95.3525
2006-03-31,FI,Finland,84.7929
2006-03-31,FR,France,91.0048
2006-03-31,GB,United Kingdom,94.2643
2006-03-31,GR,Greece,97.1531
2006-03-31,HK,Hong Kong SAR,60.6328
2006-03-31,HR,Croatia,93.969
2006-03-31,HU,Hungary,95.7866
2006-03-31,ID,Indonesia,90.5197
2006-03-31,IE,Ireland,133.8891
2006-03-31,IL,Israel,72.1253
2006-03-31,IS,Iceland,95.8457
2006-03-31,IT,Italy,91.7246
2006-03-31,JP,Japan,105.9616
2006-03-31,KR,Korea,83
2006-03-31,LT,Lithuania,102.8352
2006-03-31,LV,Latvia,111.95
2006-03-31,MA,Morocco,95.2835
2006-03-31,MK,North Macedonia,78.38
2006-03-31,MT,Malta,68.4461
2006-03-31,MX,Mexico,77.9707
2006-03-31,MY,Malaysia,83.1661
2006-03-31,NL,Netherlands,97.6549
2006-03-31,NO,Norway,77.0186
2006-03-31,NZ,New Zealand,91.4995
2006-03-31,PE,Peru,57.9886
2006-03-31,PT,Portugal,105.8003
2006-03-31,RS,Serbia,60.497
2006-03-31,RU,Russia,43.2703
2006-03-31,SE,Sweden,76.2415
2006-03-31,SG,Singapore,64.572
2006-03-31,SK,Slovakia,73.9123
2006-03-31,TH,Thailand,91.7671
2006-03-31,US,United States,140.3812
2006-03-31,XM,Euro area,93.7081
2006-03-31,ZA,South Africa,81.5754
2006-06-30,AT,Austria,85.6413
2006-06-30,AU,Australia,74.5402
2006-06-30,BE,Belgium,86.4434
2006-06-30,BG,Bulgaria,84.0233
2006-06-30,BR,Brazil,43.613
2006-06-30,CA,Canada,83.429
2006-06-30,CH,Switzerland,83.6199
2006-06-30,CL,Chile,74.3088
2006-06-30,CN,China,79.544
2006-06-30,CO,Colombia,62.2456
2006-06-30,CY,Cyprus,72.4425
2006-06-30,DE,Germany,97.2247
2006-06-30,DK,Denmark,114.3339
2006-06-30,EE,Estonia,132.6668
2006-06-30,ES,Spain,99.4329
2006-06-30,FI,Finland,86.7125
2006-06-30,FR,France,93.8111
2006-06-30,GB,United Kingdom,97.7556
2006-06-30,GR,Greece,99.9384
2006-06-30,HK,Hong Kong SAR,61.7814
2006-06-30,HR,Croatia,95.3252
2006-06-30,HU,Hungary,97.0607
2006-06-30,ID,Indonesia,90.8301
2006-06-30,IE,Ireland,139.2057
2006-06-30,IL,Israel,70.9179
2006-06-30,IS,Iceland,99.2773
2006-06-30,IT,Italy,93.5018
2006-06-30,JP,Japan,105.3878
2006-06-30,KR,Korea,84.9264
2006-06-30,LT,Lithuania,103.7854
2006-06-30,LV,Latvia,123.48
2006-06-30,MA,Morocco,94.9023
2006-06-30,MK,North Macedonia,75.76
2006-06-30,MT,Malta,76.2631
2006-06-30,MX,Mexico,80.0124
2006-06-30,MY,Malaysia,83.7314
2006-06-30,NL,Netherlands,98.934
2006-06-30,NO,Norway,80.8107
2006-06-30,NZ,New Zealand,92.3104
2006-06-30,PE,Peru,55.6081
2006-06-30,PT,Portugal,106.4488
2006-06-30,RS,Serbia,60.5789
2006-06-30,RU,Russia,47.4496
2006-06-30,SE,Sweden,78.4102
2006-06-30,SG,Singapore,65.7008
2006-06-30,SK,Slovakia,76.8786
2006-06-30,TH,Thailand,92.8067
2006-06-30,US,United States,139.3758
2006-06-30,XM,Euro area,95.9505
2006-06-30,ZA,South Africa,84.4964
2006-09-30,AT,Austria,86.1913
2006-09-30,AU,Australia,75.8955
2006-09-30,BE,Belgium,89.0199
2006-09-30,BG,Bulgaria,87.8629
2006-09-30,BR,Brazil,45.1233
2006-09-30,CA,Canada,85.5811
2006-09-30,CH,Switzerland,84.3414
2006-09-30,CL,Chile,75.6275
2006-09-30,CN,China,80.855
2006-09-30,CO,Colombia,64.4934
2006-09-30,CY,Cyprus,73.7075
2006-09-30,DE,Germany,98.299
2006-09-30,DK,Denmark,116.5261
2006-09-30,EE,Estonia,141.9645
2006-09-30,ES,Spain,102.6811
2006-09-30,FI,Finland,87.3138
2006-09-30,FR,France,96.7176
2006-09-30,GB,United Kingdom,100.7481
2006-09-30,GR,Greece,101.5453
2006-09-30,HK,Hong Kong SAR,61.4501
2006-09-30,HR,Croatia,97.6061
2006-09-30,HU,Hungary,99.7279
2006-09-30,ID,Indonesia,91.377
2006-09-30,IE,Ireland,147.6052
2006-09-30,IL,Israel,70.6765
2006-09-30,IS,Iceland,99.8683
2006-09-30,IT,Italy,95.2004
2006-09-30,JP,Japan,104.8077
2006-09-30,KR,Korea,85.9437
2006-09-30,LT,Lithuania,114.2682
2006-09-30,LV,Latvia,136.32
2006-09-30,MA,Morocco,94.5212
2006-09-30,MK,North Macedonia,77.26
2006-09-30,MT,Malta,78.7417
2006-09-30,MX,Mexico,81.2138
2006-09-30,MY,Malaysia,83.9434
2006-09-30,NL,Netherlands,100.0711
2006-09-30,NO,Norway,83.426
2006-09-30,NZ,New Zealand,94.4589
2006-09-30,PE,Peru,50.7966
2006-09-30,PT,Portugal,106.4488
2006-09-30,RS,Serbia,61.7149
2006-09-30,RU,Russia,54.3493
2006-09-30,SE,Sweden,80.5004
2006-09-30,SG,Singapore,67.4318
2006-09-30,SK,Slovakia,78.8768
2006-09-30,TH,Thailand,92.2291
2006-09-30,US,United States,138.3675
2006-09-30,XM,Euro area,97.9603
2006-09-30,ZA,South Africa,87.4033
2006-12-31,AT,Austria,85.877
2006-12-31,AU,Australia,77.2507
2006-12-31,BE,Belgium,89.6968
2006-12-31,BG,Bulgaria,92.7154
2006-12-31,BR,Brazil,46.8334
2006-12-31,CA,Canada,86.0832
2006-12-31,CH,Switzerland,88.0249
2006-12-31,CL,Chile,76.4847
2006-12-31,CN,China,81.824
2006-12-31,CO,Colombia,65.6979
2006-12-31,CY,Cyprus,78.5162
2006-12-31,DE,Germany,97.0457
2006-12-31,DK,Denmark,115.3457
2006-12-31,EE,Estonia,156.8608
2006-12-31,ES,Spain,105.3387
2006-12-31,FI,Finland,88.6533
2006-12-31,FR,France,97.5194
2006-12-31,GB,United Kingdom,102.7431
2006-12-31,GR,Greece,105.8089
2006-12-31,HK,Hong Kong SAR,61.8256
2006-12-31,HR,Croatia,104.1611
2006-12-31,HU,Hungary,100.1948
2006-12-31,ID,Indonesia,91.9313
2006-12-31,IE,Ireland,150.814
2006-12-31,IL,Israel,68.7828
2006-12-31,IS,Iceland,99.827
2006-12-31,IT,Italy,95.8397
2006-12-31,JP,Japan,104.5674
2006-12-31,KR,Korea,89.8205
2006-12-31,LT,Lithuania,126.8046
2006-12-31,LV,Latvia,148.34
2006-12-31,MA,Morocco,94.9023
2006-12-31,MK,North Macedonia,74
2006-12-31,MT,Malta,84.4614
2006-12-31,MX,Mexico,81.6445
2006-12-31,MY,Malaysia,86.4871
2006-12-31,NL,Netherlands,100.9368
2006-12-31,NO,Norway,84.472
2006-12-31,NZ,New Zealand,97.7926
2006-12-31,PE,Peru,53.9737
2006-12-31,PT,Portugal,106.6341
2006-12-31,RS,Serbia,61.6793
2006-12-31,RU,Russia,61.6269
2006-12-31,SE,Sweden,80.982
2006-12-31,SG,Singapore,70.0659
2006-12-31,SK,Slovakia,83.3882
2006-12-31,TH,Thailand,93.2687
2006-12-31,US,United States,138.3255
2006-12-31,XM,Euro area,98.6574
2006-12-31,ZA,South Africa,90.0771
2007-03-31,AT,Austria,88.3913
2007-03-31,AU,Australia,77.9284
2007-03-31,BE,Belgium,91.7601
2007-03-31,BG,Bulgaria,101.3368
2007-03-31,BR,Brazil,48.7463
2007-03-31,CA,Canada,88.8092
2007-03-31,CH,Switzerland,89.2381
2007-03-31,CL,Chile,77.241
2007-03-31,CN,China,82.1375
2007-03-31,CO,Colombia,69.7426
2007-03-31,CY,Cyprus,83.0639
2007-03-31,DE,Germany,96.6876
2007-03-31,DK,Denmark,115.8516
2007-03-31,EE,Estonia,161.9595
2007-03-31,ES,Spain,107.8756
2007-03-31,FI,Finland,90.6257
2007-03-31,FR,France,98.221
2007-03-31,GB,United Kingdom,104.2394
2007-03-31,GR,Greece,105.584
2007-03-31,HK,Hong Kong SAR,63.9903
2007-03-31,HR,Croatia,107.305
2007-03-31,HU,Hungary,101.4145
2007-03-31,ID,Indonesia,92.1604
2007-03-31,IE,Ireland,153.3936
2007-03-31,IL,Israel,68.3634
2007-03-31,IS,Iceland,101.6917
2007-03-31,IT,Italy,97.1025
2007-03-31,JP,Japan,104.327
2007-03-31,KR,Korea,92.9299
2007-03-31,LT,Lithuania,132.1073
2007-03-31,LU,Luxembourg,90.6722
2007-03-31,LV,Latvia,167.51
2007-03-31,MA,Morocco,95.9505
2007-03-31,MK,North Macedonia,77.77
2007-03-31,MT,Malta,88.8465
2007-03-31,MX,Mexico,83.7828
2007-03-31,MY,Malaysia,87.1937
2007-03-31,NL,Netherlands,102.2805
2007-03-31,NO,Norway,89.7025
2007-03-31,NZ,New Zealand,101.8609
2007-03-31,PE,Peru,52.1185
2007-03-31,PT,Portugal,107.2826
2007-03-31,RS,Serbia,60.4789
2007-03-31,RU,Russia,70.5233
2007-03-31,SE,Sweden,84.0831
2007-03-31,SG,Singapore,73.4525
2007-03-31,SI,Slovenia,98.6753
2007-03-31,SK,Slovakia,90.0728
2007-03-31,TH,Thailand,92.1136
2007-03-31,US,United States,136.999
2007-03-31,XM,Euro area,99.6508
2007-03-31,ZA,South Africa,93.4865
2007-06-30,AT,Austria,90.1984
2007-06-30,AU,Australia,81.4134
2007-06-30,BE,Belgium,93.6161
2007-06-30,BG,Bulgaria,106.7782
2007-06-30,BR,Brazil,50.8818
2007-06-30,CA,Canada,92.6112
2007-06-30,CH,Switzerland,90.7631
2007-06-30,CL,Chile,80.5973
2007-06-30,CN,China,84.218
2007-06-30,CO,Colombia,72.6404
2007-06-30,CY,Cyprus,89.8705
2007-06-30,DE,Germany,96.5085
2007-06-30,DK,Denmark,117.3693
2007-06-30,EE,Estonia,172.3569
2007-06-30,ES,Spain,110.9493
2007-06-30,FI,Finland,92.1973
2007-06-30,FR,France,99.9248
2007-06-30,GB,United Kingdom,108.2294
2007-06-30,GR,Greece,106.7302
2007-06-30,HK,Hong Kong SAR,66.4421
2007-06-30,HR,Croatia,111.5792
2007-06-30,HU,Hungary,103.8698
2007-06-30,ID,Indonesia,92.7813
2007-06-30,IE,Ireland,153.9599
2007-06-30,IL,Israel,68.8717
2007-06-30,IS,Iceland,106.9009
2007-06-30,IT,Italy,98.2129
2007-06-30,JP,Japan,104.1835
2007-06-30,KR,Korea,93.3399
2007-06-30,LT,Lithuania,137.5939
2007-06-30,LU,Luxembourg,91.2902
2007-06-30,LV,Latvia,172.47
2007-06-30,MA,Morocco,97.0939
2007-06-30,MK,North Macedonia,77.95
2007-06-30,MT,Malta,93.2316
2007-06-30,MX,Mexico,86.1737
2007-06-30,MY,Malaysia,87.4057
2007-06-30,NL,Netherlands,103.185
2007-06-30,NO,Norway,93.1023
2007-06-30,NZ,New Zealand,104.7164
2007-06-30,PE,Peru,55.565
2007-06-30,PT,Portugal,106.912
2007-06-30,RS,Serbia,60.8184
2007-06-30,RU,Russia,72.9128
2007-06-30,SE,Sweden,89.2076
2007-06-30,SG,Singapore,79.4732
2007-06-30,SI,Slovenia,100.7655
2007-06-30,SK,Slovakia,96.4279
2007-06-30,TH,Thailand,92.9799
2007-06-30,US,United States,132.9057
2007-06-30,XM,Euro area,100.87
2007-06-30,ZA,South Africa,97.8514
2007-09-30,AT,Austria,90.7484
2007-09-30,AU,Australia,84.3175
2007-09-30,BE,Belgium,95.3083
2007-09-30,BG,Bulgaria,114.7636
2007-09-30,BR,Brazil,53.2686
2007-09-30,CA,Canada,94.5481
2007-09-30,CH,Switzerland,90.3086
2007-09-30,CL,Chile,82.9819
2007-09-30,CN,China,86.498
2007-09-30,CO,Colombia,73.5452
2007-09-30,CY,Cyprus,92.3903
2007-09-30,DE,Germany,97.0457
2007-09-30,DK,Denmark,117.5379
2007-09-30,EE,Estonia,167.3582
2007-09-30,ES,Spain,112.1439
2007-09-30,FI,Finland,92.4821
2007-09-30,FR,France,102.23
2007-09-30,GB,United Kingdom,111.2219
2007-09-30,GR,Greece,107.8229
2007-09-30,HK,Hong Kong SAR,68.9381
2007-09-30,HR,Croatia,113.4491
2007-09-30,HU,Hungary,108.0331
2007-09-30,ID,Indonesia,93.0843
2007-09-30,IE,Ireland,153.8026
2007-09-30,IL,Israel,70.8925
2007-09-30,IS,Iceland,112.4446
2007-09-30,IT,Italy,99.5643
2007-09-30,JP,Japan,104.0385
2007-09-30,KR,Korea,93.878
2007-09-30,LT,Lithuania,146.5441
2007-09-30,LU,Luxembourg,94.9987
2007-09-30,LV,Latvia,186.09
2007-09-30,MA,Morocco,97.9514
2007-09-30,MK,North Macedonia,76.52
2007-09-30,MT,Malta,94.7569
2007-09-30,MX,Mexico,87.8281
2007-09-30,MY,Malaysia,88.4656
2007-09-30,NL,Netherlands,105.2006
2007-09-30,NO,Norway,92.9716
2007-09-30,NZ,New Zealand,105.1253
2007-09-30,PE,Peru,56.9205
2007-09-30,PT,Portugal,107.6532
2007-09-30,RS,Serbia,62.7289
2007-09-30,RU,Russia,75.7276
2007-09-30,SE,Sweden,92.4254
2007-09-30,SG,Singapore,86.096
2007-09-30,SI,Slovenia,104.1573
2007-09-30,SK,Slovakia,104.606
2007-09-30,TH,Thailand,94.597
2007-09-30,US,United States,129.2705
2007-09-30,XM,Euro area,102.2683
2007-09-30,ZA,South Africa,100.7423
2007-12-31,4T,Emerging market economies (aggregate),83.9411
2007-12-31,5R,Advanced economies,108.756
2007-12-31,AT,Austria,89.3341
2007-12-31,AU,Australia,87.5121
2007-12-31,BE,Belgium,95.745
2007-12-31,BG,Bulgaria,124.8219
2007-12-31,BR,Brazil,55.9323
2007-12-31,CA,Canada,94.835
2007-12-31,CH,Switzerland,91.1156
2007-12-31,CL,Chile,83.4961
2007-12-31,CN,China,89.1486
2007-12-31,CO,Colombia,75.6719
2007-12-31,CY,Cyprus,95.8338
2007-12-31,DE,Germany,97.2247
2007-12-31,DK,Denmark,115.3457
2007-12-31,EE,Estonia,164.9588
2007-12-31,ES,Spain,111.352
2007-12-31,FI,Finland,92.672
2007-12-31,FR,France,102.8314
2007-12-31,GB,United Kingdom,111.2219
2007-12-31,GR,Greece,108.3693
2007-12-31,HK,Hong Kong SAR,75.0345
2007-12-31,HR,Croatia,112.8943
2007-12-31,HU,Hungary,108.8871
2007-12-31,ID,Indonesia,93.5351
2007-12-31,IE,Ireland,152.9217
2007-12-31,IL,Israel,69.9902
2007-12-31,IS,Iceland,114.9278
2007-12-31,IT,Italy,100.0885
2007-12-31,JP,Japan,103.7981
2007-12-31,KR,Korea,94.558
2007-12-31,LT,Lithuania,149.2414
2007-12-31,LU,Luxembourg,94.4836
2007-12-31,LV,Latvia,182.67
2007-12-31,MA,Morocco,102.4297
2007-12-31,MK,North Macedonia,82.2
2007-12-31,MT,Malta,95.7102
2007-12-31,MX,Mexico,87.7284
2007-12-31,MY,Malaysia,88.9602
2007-12-31,NL,Netherlands,106.1826
2007-12-31,NO,Norway,90.8794
2007-12-31,NZ,New Zealand,105.2777
2007-12-31,PE,Peru,62.9638
2007-12-31,PT,Portugal,105.7076
2007-12-31,RS,Serbia,65.3656
2007-12-31,RU,Russia,79.4521
2007-12-31,SE,Sweden,89.7889
2007-12-31,SG,Singapore,91.8909
2007-12-31,SI,Slovenia,108.7959
2007-12-31,SK,Slovakia,112.6606
2007-12-31,TH,Thailand,94.4237
2007-12-31,US,United States,125.1417
2007-12-31,XM,Euro area,102.5243
2007-12-31,XW,World,97.4964
2007-12-31,ZA,South Africa,101.1885
2008-03-31,4T,Emerging market economies (aggregate),85.7342
2008-03-31,5R,Advanced economies,107.581
2008-03-31,AT,Austria,89.9627
2008-03-31,AU,Australia,87.8993
2008-03-31,BE,Belgium,96.6293
2008-03-31,BG,Bulgaria,133.349
2008-03-31,BR,Brazil,58.8844
2008-03-31,CA,Canada,96.2697
2008-03-31,CH,Switzerland,92.3413
2008-03-31,CL,Chile,85.2449
2008-03-31,CN,China,89.8611
2008-03-31,CO,Colombia,80.9523
2008-03-31,CY,Cyprus,103.9755
2008-03-31,CZ,Czechia,102.074
2008-03-31,DE,Germany,99.3733
2008-03-31,DK,Denmark,113.828
2008-03-31,EE,Estonia,159.96
2008-03-31,ES,Spain,110.9359
2008-03-31,FI,Finland,93.6002
2008-03-31,FR,France,102.23
2008-03-31,GB,United Kingdom,108.0632
2008-03-31,GR,Greece,108.6371
2008-03-31,HK,Hong Kong SAR,82.8538
2008-03-31,HR,Croatia,111.7436
2008-03-31,HU,Hungary,107.3926
2008-03-31,ID,Indonesia,94.2298
2008-03-31,IE,Ireland,149.7129
2008-03-31,IL,Israel,71.4898
2008-03-31,IS,Iceland,115.8899
2008-03-31,IT,Italy,100.7288
2008-03-31,JP,Japan,103.5577
2008-03-31,KR,Korea,95.4295
2008-03-31,LT,Lithuania,154.2682
2008-03-31,LU,Luxembourg,94.051
2008-03-31,LV,Latvia,195.45
2008-03-31,MA,Morocco,98.5231
2008-03-31,MK,North Macedonia,86.65
2008-03-31,MT,Malta,103.7178
2008-03-31,MX,Mexico,89.0422
2008-03-31,MY,Malaysia,90.9387
2008-03-31,NL,Netherlands,106.2472
2008-03-31,NO,Norway,92.9716
2008-03-31,NZ,New Zealand,104.6471
2008-03-31,PE,Peru,61.1675
2008-03-31,PH,Philippines,95.8009
2008-03-31,PT,Portugal,101.8003
2008-03-31,RS,Serbia,68.6998
2008-03-31,RU,Russia,87.9696
2008-03-31,SE,Sweden,90.0526
2008-03-31,SG,Singapore,95.3528
2008-03-31,SI,Slovenia,110.336
2008-03-31,SK,Slovakia,120.0971
2008-03-31,TH,Thailand,87.1094
2008-03-31,US,United States,120.2793
2008-03-31,XM,Euro area,103.3391
2008-03-31,XW,World,97.7258
2008-03-31,ZA,South Africa,100.1485
2008-06-30,4T,Emerging market economies (aggregate),87.8274
2008-06-30,5R,Advanced economies,106.0521
2008-06-30,AT,Austria,89.3341
2008-06-30,AU,Australia,87.1249
2008-06-30,BE,Belgium,97.9175
2008-06-30,BG,Bulgaria,141.1695
2008-06-30,BR,Brazil,62.0934
2008-06-30,CA,Canada,96.9871
2008-06-30,CH,Switzerland,93.6738
2008-06-30,CL,Chile,88.605
2008-06-30,CN,China,90.8301
2008-06-30,CO,Colombia,83.9024
2008-06-30,CY,Cyprus,107.3687
2008-06-30,CZ,Czechia,106.2746
2008-06-30,DE,Germany,100.4476
2008-06-30,DK,Denmark,114.1653
2008-06-30,EE,Estonia,155.1612
2008-06-30,ES,Spain,110.654
2008-06-30,FI,Finland,94.4335
2008-06-30,FR,France,102.6309
2008-06-30,GB,United Kingdom,107.3982
2008-06-30,GR,Greece,108.5835
2008-06-30,HK,Hong Kong SAR,83.4281
2008-06-30,HR,Croatia,112.4011
2008-06-30,HU,Hungary,108.7804
2008-06-30,ID,Indonesia,95.0206
2008-06-30,IE,Ireland,145.5918
2008-06-30,IL,Israel,73.32
2008-06-30,IS,Iceland,114.5888
2008-06-30,IT,Italy,101.733
2008-06-30,JP,Japan,102.8847
2008-06-30,KR,Korea,97.4392
2008-06-30,LT,Lithuania,159.7241
2008-06-30,LU,Luxembourg,96.7705
2008-06-30,LV,Latvia,191.9
2008-06-30,MA,Morocco,98.7137
2008-06-30,MK,North Macedonia,93.31
2008-06-30,MT,Malta,99.5234
2008-06-30,MX,Mexico,91.573
2008-06-30,MY,Malaysia,91.08
2008-06-30,NL,Netherlands,106.4151
2008-06-30,NO,Norway,94.1484
2008-06-30,NZ,New Zealand,100.052
2008-06-30,PE,Peru,70.1174
2008-06-30,PH,Philippines,100.8353
2008-06-30,PT,Portugal,102.0952
2008-06-30,RS,Serbia,73.1325
2008-06-30,RU,Russia,92.2605
2008-06-30,SE,Sweden,91.7945
2008-06-30,SG,Singapore,95.5033
2008-06-30,SI,Slovenia,110.1343
2008-06-30,SK,Slovakia,124.0008
2008-06-30,TH,Thailand,90.5273
2008-06-30,US,United States,114.8153
2008-06-30,XM,Euro area,103.8556
2008-06-30,XW,World,97.8809
2008-06-30,ZA,South Africa,97.7228
2008-09-30,4T,Emerging market economies (aggregate),89.2717
2008-09-30,5R,Advanced economies,103.8787
2008-09-30,AT,Austria,90.9841
2008-09-30,AU,Australia,85.1888
2008-09-30,BE,Belgium,99.4241
2008-09-30,BG,Bulgaria,145.4802
2008-09-30,BR,Brazil,65.528
2008-09-30,CA,Canada,94.9785
2008-09-30,CH,Switzerland,94.6781
2008-09-30,CL,Chile,90.8434
2008-09-30,CN,China,91.2576
2008-09-30,CO,Colombia,85.3798
2008-09-30,CY,Cyprus,108.1317
2008-09-30,CZ,Czechia,107.8498
2008-09-30,DE,Germany,99.9105
2008-09-30,DK,Denmark,111.2985
2008-09-30,EE,Estonia,154.9613
2008-09-30,ES,Spain,108.8823
2008-09-30,FI,Finland,93.2205
2008-09-30,FR,France,102.8314
2008-09-30,GB,United Kingdom,103.2419
2008-09-30,GR,Greece,109.5048
2008-09-30,HK,Hong Kong SAR,81.6611
2008-09-30,HR,Croatia,114.4765
2008-09-30,HU,Hungary,109.2074
2008-09-30,ID,Indonesia,95.4714
2008-09-30,IE,Ireland,141.6909
2008-09-30,IL,Israel,76.8405
2008-09-30,IS,Iceland,113.6541
2008-09-30,IT,Italy,102.1687
2008-09-30,JP,Japan,102.2116
2008-09-30,KR,Korea,98.6174
2008-09-30,LT,Lithuania,156.8736
2008-09-30,LU,Luxembourg,96.4203
2008-09-30,LV,Latvia,179
2008-09-30,MA,Morocco,99.7618
2008-09-30,MK,North Macedonia,94.94
2008-09-30,MT,Malta,106.0057
2008-09-30,MX,Mexico,93.8626
2008-09-30,MY,Malaysia,92.8465
2008-09-30,NL,Netherlands,107.7718
2008-09-30,NO,Norway,91.0101
2008-09-30,NZ,New Zealand,98.1183
2008-09-30,PE,Peru,79.048
2008-09-30,PH,Philippines,101.118
2008-09-30,PT,Portugal,99.2442
2008-09-30,RS,Serbia,78.7123
2008-09-30,RU,Russia,96.1357
2008-09-30,SE,Sweden,91.1451
2008-09-30,SG,Singapore,93.2455
2008-09-30,SI,Slovenia,112.2061
2008-09-30,SK,Slovakia,118.2122
2008-09-30,TH,Thailand,94.8242
2008-09-30,US,United States,109.7528
2008-09-30,XM,Euro area,103.6676
2008-09-30,XW,World,97.3538
2008-09-30,ZA,South Africa,95.7262
2008-12-31,4T,Emerging market economies (aggregate),89.1678
2008-12-31,5R,Advanced economies,100.4916
2008-12-31,AT,Austria,92.2412
2008-12-31,AU,Australia,84.0271
2008-12-31,BE,Belgium,98.8237
2008-12-31,BG,Bulgaria,139.45
2008-12-31,BR,Brazil,69.2024
2008-12-31,CA,Canada,91.3199
2008-12-31,CH,Switzerland,95.8406
2008-12-31,CL,Chile,92.2381
2008-12-31,CN,China,90.7446
2008-12-31,CO,Colombia,87.1676
2008-12-31,CY,Cyprus,105.1601
2008-12-31,CZ,Czechia,107.2197
2008-12-31,DE,Germany,100.6267
2008-12-31,DK,Denmark,102.6981
2008-12-31,EE,Estonia,132.5669
2008-12-31,ES,Spain,105.5267
2008-12-31,FI,Finland,89.6764
2008-12-31,FR,France,99.4237
2008-12-31,GB,United Kingdom,96.4256
2008-12-31,GR,Greece,109.012
2008-12-31,HK,Hong Kong SAR,71.5666
2008-12-31,HR,Croatia,111.497
2008-12-31,HU,Hungary,107.0723
2008-12-31,ID,Indonesia,95.9296
2008-12-31,IE,Ireland,134.4554
2008-12-31,IL,Israel,77.5268
2008-12-31,IS,Iceland,111.8032
2008-12-31,IT,Italy,100.6137
2008-12-31,JP,Japan,101.1539
2008-12-31,KR,Korea,98.2809
2008-12-31,LT,Lithuania,145.5019
2008-12-31,LU,Luxembourg,96.6057
2008-12-31,LV,Latvia,150.23
2008-12-31,MA,Morocco,99.9524
2008-12-31,MK,North Macedonia,102.23
2008-12-31,MT,Malta,104.6711
2008-12-31,MX,Mexico,94.841
2008-12-31,MY,Malaysia,91.1506
2008-12-31,NL,Netherlands,105.5624
2008-12-31,NO,Norway,84.6028
2008-12-31,NZ,New Zealand,95.8797
2008-12-31,PE,Peru,80.7951
2008-12-31,PH,Philippines,100.9196
2008-12-31,PT,Portugal,97.5484
2008-12-31,RS,Serbia,83.9474
2008-12-31,RU,Russia,95.0864
2008-12-31,SE,Sweden,86.4797
2008-12-31,SG,Singapore,87.6011
2008-12-31,SI,Slovenia,108.6125
2008-12-31,SK,Slovakia,113.7524
2008-12-31,TH,Thailand,97.4609
2008-12-31,US,United States,104.1134
2008-12-31,XM,Euro area,102.1381
2008-12-31,XW,World,95.4314
2008-12-31,ZA,South Africa,95.5022
2009-03-31,4T,Emerging market economies (aggregate),88.854
2009-03-31,5R,Advanced economies,98.1526
2009-03-31,AT,Austria,94.0483
2009-03-31,AU,Australia,83.8335
2009-03-31,BE,Belgium,97.5682
2009-03-31,BG,Bulgaria,123.597
2009-03-31,BR,Brazil,73.1794
2009-03-31,CA,Canada,88.4505
2009-03-31,CH,Switzerland,96.1819
2009-03-31,CL,Chile,87.4297
2009-03-31,CN,China,89.6901
2009-03-31,CO,Colombia,90.2219
2009-03-31,CY,Cyprus,99.6988
2009-03-31,CZ,Czechia,104.9094
2009-03-31,DE,Germany,100.2686
2009-03-31,DK,Denmark,96.1214
2009-03-31,EE,Estonia,104.074
2009-03-31,ES,Spain,102.708
2009-03-31,FI,Finland,91.7754
2009-03-31,FR,France,95.7154
2009-03-31,GB,United Kingdom,91.4381
2009-03-31,GR,Greece,105.0591
2009-03-31,HK,Hong Kong SAR,71.5887
2009-03-31,HR,Croatia,111.0654
2009-03-31,HU,Hungary,106.4318
2009-03-31,ID,Indonesia,96.3805
2009-03-31,IE,Ireland,125.0177
2009-03-31,IL,Israel,78.9629
2009-03-31,IN,India,78.5736
2009-03-31,IS,Iceland,103.0433
2009-03-31,IT,Italy,100.9688
2009-03-31,JP,Japan,99.2083
2009-03-31,KR,Korea,96.9146
2009-03-31,LT,Lithuania,116.3525
2009-03-31,LU,Luxembourg,94.3188
2009-03-31,LV,Latvia,123.18
2009-03-31,MA,Morocco,100.4288
2009-03-31,MK,North Macedonia,98.68
2009-03-31,MT,Malta,100.858
2009-03-31,MX,Mexico,96.1445
2009-03-31,MY,Malaysia,91.5078
2009-03-31,NL,Netherlands,104.477
2009-03-31,NO,Norway,88.1334
2009-03-31,NZ,New Zealand,95.2282
2009-03-31,PE,Peru,78.6196
2009-03-31,PH,Philippines,100.1905
2009-03-31,PT,Portugal,98.4332
2009-03-31,RO,Romania,111.2971
2009-03-31,RS,Serbia,88.7545
2009-03-31,RU,Russia,97.294
2009-03-31,SE,Sweden,88.8526
2009-03-31,SG,Singapore,75.2587
2009-03-31,SI,Slovenia,101.8472
2009-03-31,SK,Slovakia,106.4909
2009-03-31,TH,Thailand,95.5078
2009-03-31,US,United States,101.0951
2009-03-31,XM,Euro area,100.4846
2009-03-31,XW,World,94.01
2009-03-31,ZA,South Africa,95.4509
2009-06-30,4T,Emerging market economies (aggregate),89.8881
2009-06-30,5R,Advanced economies,97.9318
2009-06-30,AT,Austria,94.4412
2009-06-30,AU,Australia,87.3185
2009-06-30,BE,Belgium,96.6839
2009-06-30,BG,Bulgaria,111.6778
2009-06-30,BR,Brazil,77.5104
2009-06-30,CA,Canada,90.4591
2009-06-30,CH,Switzerland,95.6529
2009-06-30,CL,Chile,89.8014
2009-06-30,CN,China,90.4026
2009-06-30,CO,Colombia,92.7731
2009-06-30,CY,Cyprus,100.5321
2009-06-30,CZ,Czechia,101.549
2009-06-30,DE,Germany,99.0152
2009-06-30,DK,Denmark,97.3019
2009-06-30,EE,Estonia,96.7758
2009-06-30,ES,Spain,102.2516
2009-06-30,FI,Finland,93.231
2009-06-30,FR,France,94.4124
2009-06-30,GB,United Kingdom,92.6018
2009-06-30,GR,Greece,105.8946
2009-06-30,HK,Hong Kong SAR,77.5747
2009-06-30,HR,Croatia,107.2023
2009-06-30,HU,Hungary,103.1225
2009-06-30,ID,Indonesia,97.0456
2009-06-30,IE,Ireland,116.4294
2009-06-30,IL,Israel,82.4326
2009-06-30,IN,India,82.5022
2009-06-30,IS,Iceland,102.5347
2009-06-30,IT,Italy,100.8626
2009-06-30,JP,Japan,97.7081
2009-06-30,KR,Korea,96.9104
2009-06-30,LT,Lithuania,110.1916
2009-06-30,LU,Luxembourg,94.8957
2009-06-30,LV,Latvia,110.82
2009-06-30,MA,Morocco,100.0476
2009-06-30,MK,North Macedonia,100.03
2009-06-30,MT,Malta,98.5701
2009-06-30,MX,Mexico,97.3531
2009-06-30,MY,Malaysia,93.3895
2009-06-30,NL,Netherlands,101.4665
2009-06-30,NO,Norway,92.71
2009-06-30,NZ,New Zealand,96.9539
2009-06-30,PE,Peru,78.5831
2009-06-30,PH,Philippines,100.1924
2009-06-30,PT,Portugal,99.3426
2009-06-30,RO,Romania,106.2762
2009-06-30,RS,Serbia,91.2392
2009-06-30,RU,Russia,92.6705
2009-06-30,SE,Sweden,91.4669
2009-06-30,SG,Singapore,71.7215
2009-06-30,SI,Slovenia,99.7571
2009-06-30,SK,Slovakia,101.547
2009-06-30,TH,Thailand,96.1914
2009-06-30,US,United States,101.0748
2009-06-30,XM,Euro area,99.2335
2009-06-30,XW,World,94.3524
2009-06-30,ZA,South Africa,95.0651
2009-09-30,4T,Emerging market economies (aggregate),91.6587
2009-09-30,5R,Advanced economies,98.901
2009-09-30,AT,Austria,93.8912
2009-09-30,AU,Australia,90.9971
2009-09-30,BE,Belgium,98.9219
2009-09-30,BG,Bulgaria,106.4484
2009-09-30,BR,Brazil,82.2041
2009-09-30,CA,Canada,93.6155
2009-09-30,CH,Switzerland,95.7398
2009-09-30,CL,Chile,94.17
2009-09-30,CN,China,92.3406
2009-09-30,CO,Colombia,93.8338
2009-09-30,CY,Cyprus,101.1043
2009-09-30,CZ,Czechia,100.7088
2009-09-30,DE,Germany,99.0152
2009-09-30,DK,Denmark,97.9764
2009-09-30,EE,Estonia,89.5776
2009-09-30,ES,Spain,101.3255
2009-09-30,FI,Finland,94.6444
2009-09-30,FR,France,95.9158
2009-09-30,GB,United Kingdom,96.2594
2009-09-30,GR,Greece,103.9128
2009-09-30,HK,Hong Kong SAR,84.2454
2009-09-30,HR,Croatia,105.2502
2009-09-30,HU,Hungary,101.5212
2009-09-30,ID,Indonesia,97.4743
2009-09-30,IE,Ireland,111.5847
2009-09-30,IL,Israel,87.0969
2009-09-30,IN,India,86.0381
2009-09-30,IS,Iceland,100.78
2009-09-30,IT,Italy,101.013
2009-09-30,JP,Japan,99.1416
2009-09-30,KR,Korea,97.7729
2009-09-30,LT,Lithuania,105.1341
2009-09-30,LU,Luxembourg,94.0304
2009-09-30,LV,Latvia,109.02
2009-09-30,MA,Morocco,99.8571
2009-09-30,MK,North Macedonia,97.34
2009-09-30,MT,Malta,99.9047
2009-09-30,MX,Mexico,97.5974
2009-09-30,MY,Malaysia,94.6769
2009-09-30,NL,Netherlands,100.575
2009-09-30,NO,Norway,94.4099
2009-09-30,NZ,New Zealand,99.151
2009-09-30,PE,Peru,85.452
2009-09-30,PH,Philippines,98.9068
2009-09-30,PT,Portugal,99.3917
2009-09-30,RO,Romania,106.2762
2009-09-30,RS,Serbia,91.4043
2009-09-30,RU,Russia,90.2743
2009-09-30,SE,Sweden,93.9708
2009-09-30,SG,Singapore,83.0103
2009-09-30,SI,Slovenia,98.0703
2009-09-30,SK,Slovakia,106.2849
2009-09-30,TH,Thailand,97.7539
2009-09-30,US,United States,101.3887
2009-09-30,XM,Euro area,99.2177
2009-09-30,XW,World,95.6785
2009-09-30,ZA,South Africa,95.5012
2009-12-31,4T,Emerging market economies (aggregate),93.6268
2009-12-31,5R,Advanced economies,99.5426
2009-12-31,AT,Austria,94.284
2009-12-31,AU,Australia,96.031
2009-12-31,BE,Belgium,98.0049
2009-12-31,BG,Bulgaria,103.5746
2009-12-31,BR,Brazil,87.1917
2009-12-31,CA,Canada,96.3415
2009-12-31,CH,Switzerland,96.1561
2009-12-31,CL,Chile,99.0376
2009-12-31,CN,China,94.7631
2009-12-31,CO,Colombia,95.2315
2009-12-31,CY,Cyprus,103.2025
2009-12-31,CZ,Czechia,99.9737
2009-12-31,DE,Germany,99.3733
2009-12-31,DK,Denmark,97.6391
2009-12-31,EE,Estonia,88.078
2009-12-31,ES,Spain,100.9094
2009-12-31,FI,Finland,96.6063
2009-12-31,FR,France,96.2165
2009-12-31,GB,United Kingdom,98.0881
2009-12-31,GR,Greece,104.652
2009-12-31,HK,Hong Kong SAR,88.0667
2009-12-31,HR,Croatia,103.4624
2009-12-31,HU,Hungary,98.6389
2009-12-31,ID,Indonesia,98.1394
2009-12-31,IE,Ireland,109.0051
2009-12-31,IL,Israel,91.6468
2009-12-31,IN,India,89.4167
2009-12-31,IS,Iceland,102.4706
2009-12-31,IT,Italy,100.3551
2009-12-31,JP,Japan,98.2749
2009-12-31,KR,Korea,98.9282
2009-12-31,LT,Lithuania,100.2299
2009-12-31,LU,Luxembourg,96.1937
2009-12-31,LV,Latvia,106.21
2009-12-31,MA,Morocco,100.6193
2009-12-31,MK,North Macedonia,94
2009-12-31,MT,Malta,96.6635
2009-12-31,MX,Mexico,97.5239
2009-12-31,MY,Malaysia,95.7663
2009-12-31,NL,Netherlands,100.4974
2009-12-31,NO,Norway,94.4099
2009-12-31,NZ,New Zealand,101.05
2009-12-31,PE,Peru,86.5187
2009-12-31,PH,Philippines,98.396
2009-12-31,PT,Portugal,99.7849
2009-12-31,RO,Romania,109.6234
2009-12-31,RS,Serbia,92.7646
2009-12-31,RU,Russia,89.028
2009-12-31,SE,Sweden,96.5072
2009-12-31,SG,Singapore,89.1063
2009-12-31,SI,Slovenia,99.7937
2009-12-31,SK,Slovakia,101.032
2009-12-31,TH,Thailand,99.9023
2009-12-31,US,United States,101.9743
2009-12-31,XM,Euro area,99.2486
2009-12-31,XW,World,96.9074
2009-12-31,ZA,South Africa,97.0727
2010-03-31,4T,Emerging market economies (aggregate),96.9143
2010-03-31,5R,Advanced economies,99.64
2010-03-31,AT,Austria,99.3125
2010-03-31,AU,Australia,99.0319
2010-03-31,BE,Belgium,98.376
2010-03-31,BG,Bulgaria,101.2897
2010-03-31,BR,Brazil,92.3279
2010-03-31,CA,Canada,99.3544
2010-03-31,CH,Switzerland,98.14
2010-03-31,CL,Chile,96.0095
2010-03-31,CN,China,97.7556
2010-03-31,CO,Colombia,97.1901
2010-03-31,CY,Cyprus,100.3915
2010-03-31,CZ,Czechia,99.9737
2010-03-31,DE,Germany,98.6571
2010-03-31,DK,Denmark,98.3137
2010-03-31,EE,Estonia,98.3754
2010-03-31,ES,Spain,99.6477
2010-03-31,FI,Finland,98.8002
2010-03-31,FR,France,96.9181
2010-03-31,GB,United Kingdom,98.4206
2010-03-31,GR,Greece,103.1951
2010-03-31,HK,Hong Kong SAR,93.3017
2010-03-31,HR,Croatia,101.4281
2010-03-31,HU,Hungary,101.0942
2010-03-31,ID,Indonesia,98.8267
2010-03-31,IE,Ireland,105.2615
2010-03-31,IL,Israel,95.1546
2010-03-31,IN,India,93.1097
2010-03-31,IS,Iceland,98.4159
2010-03-31,IT,Italy,98.8444
2010-03-31,JP,Japan,99.6083
2010-03-31,KR,Korea,99.5078
2010-03-31,LT,Lithuania,98.2682
2010-03-31,LU,Luxembourg,99.9433
2010-03-31,LV,Latvia,97.72
2010-03-31,MA,Morocco,99.8571
2010-03-31,MK,North Macedonia,100.02
2010-03-31,MT,Malta,100.4766
2010-03-31,MX,Mexico,98.2774
2010-03-31,MY,Malaysia,96.2615
2010-03-31,NL,Netherlands,100.1874
2010-03-31,NO,Norway,97.5482
2010-03-31,NZ,New Zealand,101.1332
2010-03-31,PE,Peru,94.9953
2010-03-31,PH,Philippines,98.396
2010-03-31,PL,Poland,99.0437
2010-03-31,PT,Portugal,100.3748
2010-03-31,RO,Romania,103.7657
2010-03-31,RS,Serbia,95.2917
2010-03-31,RU,Russia,99.3146
2010-03-31,SE,Sweden,97.937
2010-03-31,SG,Singapore,94.1486
2010-03-31,SI,Slovenia,100.1788
2010-03-31,SK,Slovakia,100.7748
2010-03-31,TH,Thailand,98.0469
2010-03-31,TR,Türkiye,97.3913
2010-03-31,US,United States,101.0407
2010-03-31,XM,Euro area,98.918
2010-03-31,XW,World,98.4426
2010-03-31,ZA,South Africa,99.015
2010-06-30,4T,Emerging market economies (aggregate),99.4282
2010-06-30,5R,Advanced economies,100.4449
2010-06-30,AT,Austria,99.7054
2010-06-30,AU,Australia,100.9681
2010-06-30,BE,Belgium,99.1621
2010-06-30,BG,Bulgaria,100.6772
2010-06-30,BR,Brazil,97.4869
2010-06-30,CA,Canada,101.076
2010-06-30,CH,Switzerland,98.9517
2010-06-30,CL,Chile,100.2541
2010-06-30,CN,China,100.0071
2010-06-30,CO,Colombia,99.1491
2010-06-30,CY,Cyprus,100.0301
2010-06-30,CZ,Czechia,100.1838
2010-06-30,DE,Germany,99.7314
2010-06-30,DK,Denmark,100.3373
2010-06-30,EE,Estonia,99.2752
2010-06-30,ES,Spain,101.2718
2010-06-30,FI,Finland,99.6546
2010-06-30,FR,France,98.8224
2010-06-30,GB,United Kingdom,100.2494
2010-06-30,GR,Greece,100.9347
2010-06-30,HK,Hong Kong SAR,97.0346
2010-06-30,HR,Croatia,100.0308
2010-06-30,HU,Hungary,100.5604
2010-06-30,ID,Indonesia,99.854
2010-06-30,IE,Ireland,101.6752
2010-06-30,IL,Israel,98.4209
2010-06-30,IN,India,98.5312
2010-06-30,IS,Iceland,100.7754
2010-06-30,IT,Italy,99.8279
2010-06-30,JP,Japan,99.775
2010-06-30,KR,Korea,99.9958
2010-06-30,LT,Lithuania,100.4444
2010-06-30,LU,Luxembourg,98.563
2010-06-30,LV,Latvia,98.07
2010-06-30,MA,Morocco,99.9524
2010-06-30,MK,North Macedonia,100.23
2010-06-30,MT,Malta,100.0953
2010-06-30,MX,Mexico,99.3245
2010-06-30,MY,Malaysia,99.4306
2010-06-30,NL,Netherlands,100.0711
2010-06-30,NO,Norway,101.2095
2010-06-30,NZ,New Zealand,100.0243
2010-06-30,PE,Peru,99.1784
2010-06-30,PH,Philippines,99.3225
2010-06-30,PL,Poland,100.2462
2010-06-30,PT,Portugal,100.7435
2010-06-30,RO,Romania,102.0921
2010-06-30,RS,Serbia,98.5001
2010-06-30,RU,Russia,99.6497
2010-06-30,SE,Sweden,99.1428
2010-06-30,SG,Singapore,99.1157
2010-06-30,SI,Slovenia,100.7471
2010-06-30,SK,Slovakia,100.175
2010-06-30,TH,Thailand,98.8281
2010-06-30,TR,Türkiye,99.3079
2010-06-30,US,United States,101.3604
2010-06-30,XM,Euro area,99.8559
2010-06-30,XW,World,100.0034
2010-06-30,ZA,South Africa,99.7415
2010-09-30,4T,Emerging market economies (aggregate),101.1888
2010-09-30,5R,Advanced economies,100.0751
2010-09-30,AT,Austria,99.7839
2010-09-30,AU,Australia,99.7096
2010-09-30,BE,Belgium,101.3128
2010-09-30,BG,Bulgaria,99.5937
2010-09-30,BR,Brazil,102.5916
2010-09-30,CA,Canada,100
2010-09-30,CH,Switzerland,100.6296
2010-09-30,CL,Chile,101.3438
2010-09-30,CN,China,100.3776
2010-09-30,CO,Colombia,99.7934
2010-09-30,CY,Cyprus,100.0602
2010-09-30,CZ,Czechia,99.8687
2010-09-30,DE,Germany,100.6267
2010-09-30,DK,Denmark,101.1804
2010-09-30,EE,Estonia,102.9743
2010-09-30,ES,Spain,99.594
2010-09-30,FI,Finland,100.7832
2010-09-30,FR,France,101.5284
2010-09-30,GB,United Kingdom,101.7456
2010-09-30,GR,Greece,98.5136
2010-09-30,HK,Hong Kong SAR,102.115
2010-09-30,HR,Croatia,99.2089
2010-09-30,HU,Hungary,100.1334
2010-09-30,ID,Indonesia,100.327
2010-09-30,IE,Ireland,98.6866
2010-09-30,IL,Israel,101.5474
2010-09-30,IN,India,104.3887
2010-09-30,IS,Iceland,99.7492
2010-09-30,IT,Italy,100.6147
2010-09-30,JP,Japan,100.375
2010-09-30,KR,Korea,99.9233
2010-09-30,LT,Lithuania,99.6782
2010-09-30,LU,Luxembourg,100.067
2010-09-30,LV,Latvia,100.6
2010-09-30,MA,Morocco,100.1429
2010-09-30,MK,North Macedonia,98.37
2010-09-30,MT,Malta,103.3365
2010-09-30,MX,Mexico,100.5778
2010-09-30,MY,Malaysia,101.0151
2010-09-30,NL,Netherlands,100.1615
2010-09-30,NO,Norway,100.6865
2010-09-30,NZ,New Zealand,99.4213
2010-09-30,PE,Peru,101.9988
2010-09-30,PH,Philippines,100.8124
2010-09-30,PL,Poland,100.3882
2010-09-30,PT,Portugal,99.957
2010-09-30,RO,Romania,97.9079
2010-09-30,RS,Serbia,102.4547
2010-09-30,RU,Russia,100.0539
2010-09-30,SE,Sweden,100.6451
2010-09-30,SG,Singapore,101.9755
2010-09-30,SI,Slovenia,99.4271
2010-09-30,SK,Slovakia,99.4751
2010-09-30,TH,Thailand,101.4648
2010-09-30,TR,Türkiye,100.7276
2010-09-30,US,United States,99.2257
2010-09-30,XM,Euro area,100.4897
2010-09-30,XW,World,100.5667
2010-09-30,ZA,South Africa,99.9505
2010-12-31,4T,Emerging market economies (aggregate),102.4687
2010-12-31,5R,Advanced economies,99.8401
2010-12-31,AT,Austria,101.1982
2010-12-31,AU,Australia,100.2904
2010-12-31,BE,Belgium,101.149
2010-12-31,BG,Bulgaria,98.4394
2010-12-31,BR,Brazil,107.5936
2010-12-31,CA,Canada,99.5696
2010-12-31,CH,Switzerland,102.2786
2010-12-31,CL,Chile,102.3926
2010-12-31,CN,China,101.8596
2010-12-31,CO,Colombia,103.8674
2010-12-31,CY,Cyprus,99.5181
2010-12-31,CZ,Czechia,99.9737
2010-12-31,DE,Germany,100.9848
2010-12-31,DK,Denmark,100.1686
2010-12-31,EE,Estonia,99.3752
2010-12-31,ES,Spain,99.4866
2010-12-31,FI,Finland,100.7621
2010-12-31,FR,France,102.7311
2010-12-31,GB,United Kingdom,99.5844
2010-12-31,GR,Greece,97.3567
2010-12-31,HK,Hong Kong SAR,107.5487
2010-12-31,HR,Croatia,99.3322
2010-12-31,HU,Hungary,98.2119
2010-12-31,ID,Indonesia,100.9922
2010-12-31,IE,Ireland,94.3767
2010-12-31,IL,Israel,104.8772
2010-12-31,IN,India,103.9703
2010-12-31,IS,Iceland,101.0595
2010-12-31,IT,Italy,100.7131
2010-12-31,JP,Japan,100.2417
2010-12-31,KR,Korea,100.5731
2010-12-31,LT,Lithuania,101.6092
2010-12-31,LU,Luxembourg,101.4267
2010-12-31,LV,Latvia,103.61
2010-12-31,MA,Morocco,100.0476
2010-12-31,MK,North Macedonia,101.38
2010-12-31,MT,Malta,96.0915
2010-12-31,MX,Mexico,101.8204
2010-12-31,MY,Malaysia,103.2929
2010-12-31,NL,Netherlands,99.5801
2010-12-31,NO,Norway,100.5557
2010-12-31,NZ,New Zealand,99.4213
2010-12-31,PE,Peru,103.8274
2010-12-31,PH,Philippines,101.4691
2010-12-31,PL,Poland,100.3219
2010-12-31,PT,Portugal,98.9247
2010-12-31,RO,Romania,96.2343
2010-12-31,RS,Serbia,103.7535
2010-12-31,RU,Russia,100.9818
2010-12-31,SE,Sweden,102.2751
2010-12-31,SG,Singapore,104.7601
2010-12-31,SI,Slovenia,99.6471
2010-12-31,SK,Slovakia,99.5751
2010-12-31,TH,Thailand,101.6602
2010-12-31,TR,Türkiye,102.5732
2010-12-31,US,United States,98.3732
2010-12-31,XM,Euro area,100.7364
2010-12-31,XW,World,100.9872
2010-12-31,ZA,South Africa,101.293
2011-03-31,4T,Emerging market economies (aggregate),102.7898
2011-03-31,5R,Advanced economies,99.3671
2011-03-31,AT,Austria,103.8696
2011-03-31,AU,Australia,99.4192
2011-03-31,BE,Belgium,102.0879
2011-03-31,BG,Bulgaria,96.4372
2011-03-31,BR,Brazil,112.4642
2011-03-31,CA,Canada,102.2956
2011-03-31,CH,Switzerland,105.2034
2011-03-31,CL,Chile,105.3408
2011-03-31,CN,China,103.5126
2011-03-31,CO,Colombia,103.4382
2011-03-31,CY,Cyprus,98.4941
2011-03-31,CZ,Czechia,100.1838
2011-03-31,DE,Germany,101.5219
2011-03-31,DK,Denmark,99.1568
2011-03-31,EE,Estonia,104.8738
2011-03-31,ES,Spain,96.1042
2011-03-31,FI,Finland,102.0911
2011-03-31,FR,France,103.3325
2011-03-31,GB,United Kingdom,97.7556
2011-03-31,GR,Greece,97.6138
2011-03-31,HK,Hong Kong SAR,116.0528
2011-03-31,HR,Croatia,98.4691
2011-03-31,HU,Hungary,97.8916
2011-03-31,ID,Indonesia,103.2537
2011-03-31,IE,Ireland,90.0983
2011-03-31,IL,Israel,108.6646
2011-03-31,IN,India,111.5014
2011-03-31,IS,Iceland,101.7925
2011-03-31,IT,Italy,100.1229
2011-03-31,JP,Japan,100.4417
2011-03-31,KR,Korea,102.323
2011-03-31,LT,Lithuania,105.931
2011-03-31,LU,Luxembourg,100.9941
2011-03-31,LV,Latvia,108.25
2011-03-31,MA,Morocco,100.2382
2011-03-31,MK,North Macedonia,96.5
2011-03-31,MT,Malta,97.4261
2011-03-31,MX,Mexico,103.7879
2011-03-31,MY,Malaysia,105.3726
2011-03-31,NL,Netherlands,99.6964
2011-03-31,NO,Norway,105.7862
2011-03-31,NZ,New Zealand,99.6639
2011-03-31,PE,Peru,112.5811
2011-03-31,PH,Philippines,102.4175
2011-03-31,PL,Poland,100.2557
2011-03-31,PT,Portugal,98.2366
2011-03-31,RO,Romania,92.0502
2011-03-31,RS,Serbia,102.3899
2011-03-31,RU,Russia,77.6881
2011-03-31,SE,Sweden,103.1907
2011-03-31,SG,Singapore,107.0931
2011-03-31,SI,Slovenia,104.2856
2011-03-31,SK,Slovakia,99.6751
2011-03-31,TH,Thailand,102.6525
2011-03-31,TR,Türkiye,105.4126
2011-03-31,US,United States,96.6785
2011-03-31,XM,Euro area,100.476
2011-03-31,XW,World,100.864
2011-03-31,ZA,South Africa,102.2124
2011-06-30,4T,Emerging market economies (aggregate),105.4284
2011-06-30,5R,Advanced economies,100.0082
2011-06-30,AT,Austria,101.0411
2011-06-30,AU,Australia,98.7415
2011-06-30,BE,Belgium,102.7976
2011-06-30,BG,Bulgaria,94.7412
2011-06-30,BR,Brazil,117.1293
2011-06-30,CA,Canada,105.7389
2011-06-30,CH,Switzerland,106.7933
2011-06-30,CL,Chile,111.5077
2011-06-30,CN,China,104.2822
2011-06-30,CO,Colombia,107.5513
2011-06-30,CY,Cyprus,97.3798
2011-06-30,CZ,Czechia,100.7088
2011-06-30,DE,Germany,101.88
2011-06-30,DK,Denmark,101.3491
2011-06-30,EE,Estonia,107.973
2011-06-30,ES,Spain,94.9498
2011-06-30,FI,Finland,103.9053
2011-06-30,FR,France,105.337
2011-06-30,GB,United Kingdom,98.4206
2011-06-30,GR,Greece,95.7712
2011-06-30,HK,Hong Kong SAR,123.099
2011-06-30,HR,Croatia,99.9075
2011-06-30,HU,Hungary,97.1444
2011-06-30,ID,Indonesia,104.3771
2011-06-30,IE,Ireland,85.4109
2011-06-30,IL,Israel,111.2573
2011-06-30,IN,India,121.3336
2011-06-30,IS,Iceland,104.5918
2011-06-30,IT,Italy,102.1883
2011-06-30,JP,Japan,99.975
2011-06-30,KR,Korea,104.7629
2011-06-30,LT,Lithuania,106.728
2011-06-30,LU,Luxembourg,103.4046
2011-06-30,LV,Latvia,110.15
2011-06-30,MA,Morocco,100.8099
2011-06-30,MK,North Macedonia,98.68
2011-06-30,MT,Malta,99.714
2011-06-30,MX,Mexico,105.413
2011-06-30,MY,Malaysia,108.1456
2011-06-30,NL,Netherlands,98.3397
2011-06-30,NO,Norway,108.663
2011-06-30,NZ,New Zealand,100.149
2011-06-30,PE,Peru,118.5388
2011-06-30,PH,Philippines,105.2168
2011-06-30,PL,Poland,100.909
2011-06-30,PT,Portugal,96.1229
2011-06-30,RO,Romania,90.3766
2011-06-30,RS,Serbia,99.4814
2011-06-30,RU,Russia,78.5434
2011-06-30,SE,Sweden,103.212
2011-06-30,SG,Singapore,109.2004
2011-06-30,SI,Slovenia,103.9923
2011-06-30,SK,Slovakia,98.1755
2011-06-30,TH,Thailand,104.936
2011-06-30,TR,Türkiye,108.394
2011-06-30,US,United States,97.2091
2011-06-30,XM,Euro area,100.8909
2011-06-30,XW,World,102.381
2011-06-30,ZA,South Africa,102.8866
2011-09-30,4T,Emerging market economies (aggregate),106.546
2011-09-30,5R,Advanced economies,100.4709
2011-09-30,AT,Austria,105.7553
2011-09-30,AU,Australia,96.999
2011-09-30,BE,Belgium,104.8609
2011-09-30,BG,Bulgaria,94.0816
2011-09-30,BR,Brazil,121.389
2011-09-30,CA,Canada,107.1736
2011-09-30,CH,Switzerland,108.9544
2011-09-30,CL,Chile,114.3935
2011-09-30,CN,China,104.4817
2011-09-30,CO,Colombia,110.0283
2011-09-30,CY,Cyprus,96.2654
2011-09-30,CZ,Czechia,100.0788
2011-09-30,DE,Germany,103.1334
2011-09-30,DK,Denmark,97.9764
2011-09-30,EE,Estonia,109.9725
2011-09-30,ES,Spain,91.554
2011-09-30,FI,Finland,103.6416
2011-09-30,FR,France,107.542
2011-09-30,GB,United Kingdom,99.7506
2011-09-30,GR,Greece,93.8429
2011-09-30,HK,Hong Kong SAR,122.7235
2011-09-30,HR,Croatia,100.6473
2011-09-30,HU,Hungary,95.8634
2011-09-30,ID,Indonesia,104.8796
2011-09-30,IE,Ireland,80.346
2011-09-30,IL,Israel,111.6513
2011-09-30,IN,India,124.8899
2011-09-30,IS,Iceland,106.4015
2011-09-30,IT,Italy,101.7949
2011-09-30,JP,Japan,100.6084
2011-09-30,KR,Korea,106.3191
2011-09-30,LT,Lithuania,106.4828
2011-09-30,LU,Luxembourg,103.4046
2011-09-30,LV,Latvia,113.7
2011-09-30,MA,Morocco,100.8099
2011-09-30,MK,North Macedonia,99.18
2011-09-30,MT,Malta,100.0953
2011-09-30,MX,Mexico,106.5574
2011-09-30,MY,Malaysia,110.9185
2011-09-30,NL,Netherlands,97.8745
2011-09-30,NO,Norway,109.0552
2011-09-30,NZ,New Zealand,101.5005
2011-09-30,PE,Peru,125.5256
2011-09-30,PH,Philippines,106.31
2011-09-30,PL,Poland,99.8106
2011-09-30,PT,Portugal,94.5253
2011-09-30,RO,Romania,85.3556
2011-09-30,RS,Serbia,94.9541
2011-09-30,RU,Russia,79.3291
2011-09-30,SE,Sweden,102.974
2011-09-30,SG,Singapore,110.6303
2011-09-30,SI,Slovenia,101.5355
2011-09-30,SK,Slovakia,98.6753
2011-09-30,TH,Thailand,103.8981
2011-09-30,TR,Türkiye,109.4587
2011-09-30,US,United States,97.5918
2011-09-30,XM,Euro area,101.2081
2011-09-30,XW,World,103.128
2011-09-30,ZA,South Africa,103.9969
2011-12-31,4T,Emerging market economies (aggregate),108.107
2011-12-31,5R,Advanced economies,99.8374
2011-12-31,AT,Austria,106.2267
2011-12-31,AU,Australia,96.2246
2011-12-31,BE,Belgium,104.5771
2011-12-31,BG,Bulgaria,92.7154
2011-12-31,BR,Brazil,125.1062
2011-12-31,CA,Canada,107.3171
2011-12-31,CH,Switzerland,109.1006
2011-12-31,CL,Chile,117.6754
2011-12-31,CN,China,104.1967
2011-12-31,CO,Colombia,111.6151
2011-12-31,CY,Cyprus,94.5889
2011-12-31,CZ,Czechia,99.1336
2011-12-31,DE,Germany,103.1334
2011-12-31,DK,Denmark,94.6037
2011-12-31,EE,Estonia,111.0722
2011-12-31,ES,Spain,86.8025
2011-12-31,FI,Finland,103.0615
2011-12-31,FR,France,106.5397
2011-12-31,GB,United Kingdom,98.2544
2011-12-31,GR,Greece,90.9076
2011-12-31,HK,Hong Kong SAR,120.6693
2011-12-31,HR,Croatia,101.2226
2011-12-31,HU,Hungary,95.3296
2011-12-31,ID,Indonesia,106.0917
2011-12-31,IE,Ireland,75.8474
2011-12-31,IL,Israel,110.5074
2011-12-31,IN,India,131.2704
2011-12-31,IS,Iceland,109.2421
2011-12-31,IT,Italy,101.2048
2011-12-31,JP,Japan,99.2416
2011-12-31,KR,Korea,107.6472
2011-12-31,LT,Lithuania,107.249
2011-12-31,LU,Luxembourg,106.8864
2011-12-31,LV,Latvia,109.58
2011-12-31,MA,Morocco,100.5241
2011-12-31,MK,North Macedonia,99.43
2011-12-31,MT,Malta,97.4261
2011-12-31,MX,Mexico,107.416
2011-12-31,MY,Malaysia,114.8799
2011-12-31,NL,Netherlands,96.1561
2011-12-31,NO,Norway,108.5322
2011-12-31,NZ,New Zealand,101.6876
2011-12-31,PE,Peru,125.0811
2011-12-31,PH,Philippines,108.3396
2011-12-31,PL,Poland,99.3467
2011-12-31,PT,Portugal,91.5269
2011-12-31,RO,Romania,82.8452
2011-12-31,RS,Serbia,93.6563
2011-12-31,RU,Russia,81.1978
2011-12-31,SE,Sweden,100.9526
2011-12-31,SG,Singapore,110.9313
2011-12-31,SI,Slovenia,101.0221
2011-12-31,SK,Slovakia,97.2757
2011-12-31,TH,Thailand,105.5588
2011-12-31,TR,Türkiye,111.9432
2011-12-31,US,United States,97.4976
2011-12-31,XM,Euro area,100.1099
2011-12-31,XW,World,103.4434
2011-12-31,ZA,South Africa,105.262
2012-03-31,4T,Emerging market economies (aggregate),110.5428
2012-03-31,5R,Advanced economies,100.1577
2012-03-31,AT,Austria,115.0265
2012-03-31,AU,Australia,96.8054
2012-03-31,BE,Belgium,105.3631
2012-03-31,BG,Bulgaria,92.8332
2012-03-31,BR,Brazil,128.398
2012-03-31,CA,Canada,109.7561
2012-03-31,CH,Switzerland,111.8143
2012-03-31,CL,Chile,118.6938
2012-03-31,CN,China,103.6551
2012-03-31,CO,Colombia,114.8129
2012-03-31,CY,Cyprus,93.5549
2012-03-31,CZ,Czechia,98.6086
2012-03-31,DE,Germany,104.2077
2012-03-31,DK,Denmark,94.6037
2012-03-31,EE,Estonia,112.4719
2012-03-31,ES,Spain,82.4805
2012-03-31,FI,Finland,104.8018
2012-03-31,FR,France,105.1366
2012-03-31,GB,United Kingdom,97.2569
2012-03-31,GR,Greece,87.3189
2012-03-31,HK,Hong Kong SAR,122.7677
2012-03-31,HR,Croatia,100.6267
2012-03-31,HU,Hungary,96.2904
2012-03-31,ID,Indonesia,106.9638
2012-03-31,IE,Ireland,72.4184
2012-03-31,IL,Israel,111.0793
2012-03-31,IN,India,140.2658
2012-03-31,IS,Iceland,109.2696
2012-03-31,IT,Italy,100.7131
2012-03-31,JP,Japan,99.9417
2012-03-31,KR,Korea,108.2519
2012-03-31,LT,Lithuania,106.8812
2012-03-31,LU,Luxembourg,105.5679
2012-03-31,LV,Latvia,111.05
2012-03-31,MA,Morocco,101.0005
2012-03-31,MK,North Macedonia,98.94
2012-03-31,MT,Malta,99.5234
2012-03-31,MX,Mexico,108.0055
2012-03-31,MY,Malaysia,118.7423
2012-03-31,NL,Netherlands,94.3213
2012-03-31,NO,Norway,112.4551
2012-03-31,NZ,New Zealand,102.7619
2012-03-31,PE,Peru,134.4645
2012-03-31,PH,Philippines,113.1468
2012-03-31,PL,Poland,98.0021
2012-03-31,PT,Portugal,90.1997
2012-03-31,RO,Romania,85.3556
2012-03-31,RS,Serbia,95.6022
2012-03-31,RU,Russia,87.3656
2012-03-31,SE,Sweden,102.1384
2012-03-31,SG,Singapore,110.7808
2012-03-31,SI,Slovenia,96.9152
2012-03-31,SK,Slovakia,96.5759
2012-03-31,TH,Thailand,106.7005
2012-03-31,TR,Türkiye,115.9184
2012-03-31,US,United States,98.3225
2012-03-31,XM,Euro area,99.4719
2012-03-31,XW,World,104.69
2012-03-31,ZA,South Africa,106.9973
2012-06-30,4T,Emerging market economies (aggregate),112.2726
2012-06-30,5R,Advanced economies,101.2582
2012-06-30,AT,Austria,116.7551
2012-06-30,AU,Australia,97.1926
2012-06-30,BE,Belgium,105.5924
2012-06-30,BG,Bulgaria,93.2572
2012-06-30,BR,Brazil,131.5156
2012-06-30,CA,Canada,111.9799
2012-06-30,CH,Switzerland,113.1521
2012-06-30,CL,Chile,122.214
2012-06-30,CN,China,103.1136
2012-06-30,CO,Colombia,118.104
2012-06-30,CY,Cyprus,91.6976
2012-06-30,CZ,Czechia,98.7136
2012-06-30,DE,Germany,105.4611
2012-06-30,DK,Denmark,95.9528
2012-06-30,EE,Estonia,116.171
2012-06-30,ES,Spain,79.796
2012-06-30,FI,Finland,105.9199
2012-06-30,FR,France,105.1366
2012-06-30,GB,United Kingdom,99.0856
2012-06-30,GR,Greece,85.4013
2012-06-30,HK,Hong Kong SAR,134.0328
2012-06-30,HR,Croatia,99.2294
2012-06-30,HU,Hungary,92.9811
2012-06-30,ID,Indonesia,108.2202
2012-06-30,IE,Ireland,70.7825
2012-06-30,IL,Israel,112.5028
2012-06-30,IN,India,149.1566
2012-06-30,IS,Iceland,112.6187
2012-06-30,IT,Italy,99.9262
2012-06-30,JP,Japan,98.8749
2012-06-30,KR,Korea,108.5599
2012-06-30,LT,Lithuania,105.7471
2012-06-30,LU,Luxembourg,107.6281
2012-06-30,LV,Latvia,112.36
2012-06-30,MA,Morocco,101.9533
2012-06-30,MK,North Macedonia,97.26
2012-06-30,MT,Malta,98.3794
2012-06-30,MX,Mexico,108.6432
2012-06-30,MY,Malaysia,122.7036
2012-06-30,NL,Netherlands,92.7579
2012-06-30,NO,Norway,116.1164
2012-06-30,NZ,New Zealand,103.9748
2012-06-30,PE,Peru,142.3037
2012-06-30,PH,Philippines,114.5038
2012-06-30,PL,Poland,97.3582
2012-06-30,PT,Portugal,88.1598
2012-06-30,RO,Romania,84.5188
2012-06-30,RS,Serbia,96.4824
2012-06-30,RU,Russia,89.8067
2012-06-30,SE,Sweden,103.6418
2012-06-30,SG,Singapore,111.3076
2012-06-30,SI,Slovenia,98.0336
2012-06-30,SK,Slovakia,95.6761
2012-06-30,TH,Thailand,106.1815
2012-06-30,TR,Türkiye,119.6096
2012-06-30,US,United States,100.8718
2012-06-30,XM,Euro area,99.1918
2012-06-30,XW,World,106.0636
2012-06-30,ZA,South Africa,107.7208
2012-09-30,4T,Emerging market economies (aggregate),113.6546
2012-09-30,5R,Advanced economies,101.9406
2012-09-30,AT,Austria,118.3265
2012-09-30,AU,Australia,96.999
2012-09-30,BE,Belgium,106.7387
2012-09-30,BG,Bulgaria,93.1629
2012-09-30,BR,Brazil,134.6076
2012-09-30,CA,Canada,110.9756
2012-09-30,CH,Switzerland,114.801
2012-09-30,CL,Chile,125.2342
2012-09-30,CN,China,103.2561
2012-09-30,CO,Colombia,119.8283
2012-09-30,CY,Cyprus,90.8041
2012-09-30,CZ,Czechia,98.5035
2012-09-30,DE,Germany,105.6401
2012-09-30,DK,Denmark,96.2901
2012-09-30,EE,Estonia,119.1702
2012-09-30,ES,Spain,76.8162
2012-09-30,FI,Finland,105.8355
2012-09-30,FR,France,105.8381
2012-09-30,GB,United Kingdom,100.0831
2012-09-30,GR,Greece,82.0268
2012-09-30,HK,Hong Kong SAR,140.1955
2012-09-30,HR,Croatia,98.5719
2012-09-30,HU,Hungary,92.2338
2012-09-30,ID,Indonesia,109.3361
2012-09-30,IE,Ireland,71.6005
2012-09-30,IL,Israel,114.549
2012-09-30,IN,India,153.8636
2012-09-30,IS,Iceland,113.4021
2012-09-30,IT,Italy,98.1559
2012-09-30,JP,Japan,99.1416
2012-09-30,KR,Korea,108.3017
2012-09-30,LT,Lithuania,106.7893
2012-09-30,LU,Luxembourg,107.9166
2012-09-30,LV,Latvia,115.18
2012-09-30,MA,Morocco,101.191
2012-09-30,MK,North Macedonia,96.21
2012-09-30,MT,Malta,105.4337
2012-09-30,MX,Mexico,109.6152
2012-09-30,MY,Malaysia,125.5756
2012-09-30,NL,Netherlands,89.153
2012-09-30,NO,Norway,116.7702
2012-09-30,NZ,New Zealand,106.0332
2012-09-30,PE,Peru,146.1383
2012-09-30,PH,Philippines,115.1198
2012-09-30,PL,Poland,96.0231
2012-09-30,PT,Portugal,87.275
2012-09-30,RO,Romania,81.1715
2012-09-30,RS,Serbia,96.3065
2012-09-30,RU,Russia,92.3154
2012-09-30,SE,Sweden,104.8591
2012-09-30,SG,Singapore,111.9849
2012-09-30,SI,Slovenia,95.4668
2012-09-30,SK,Slovakia,96.2759
2012-09-30,TH,Thailand,106.8043
2012-09-30,TR,Türkiye,122.8039
2012-09-30,US,United States,102.8913
2012-09-30,XM,Euro area,98.5654
2012-09-30,XW,World,107.0487
2012-09-30,ZA,South Africa,108.6
2012-12-31,4T,Emerging market economies (aggregate),116.0931
2012-12-31,5R,Advanced economies,102.5978
2012-12-31,AT,Austria,118.405
2012-12-31,AU,Australia,99.1288
2012-12-31,BE,Belgium,106.3675
2012-12-31,BG,Bulgaria,91.514
2012-12-31,BR,Brazil,137.7139
2012-12-31,CA,Canada,109.5409
2012-12-31,CH,Switzerland,115.1288
2012-12-31,CL,Chile,129.9702
2012-12-31,CN,China,103.6551
2012-12-31,CO,Colombia,122.7235
2012-12-31,CY,Cyprus,90.1315
2012-12-31,CZ,Czechia,98.3985
2012-12-31,DE,Germany,106.5354
2012-12-31,DK,Denmark,95.7841
2012-12-31,EE,Estonia,117.5706
2012-12-31,ES,Spain,75.7424
2012-12-31,FI,Finland,106.1203
2012-12-31,FR,France,104.3348
2012-12-31,GB,United Kingdom,99.2519
2012-12-31,GR,Greece,79.2951
2012-12-31,HK,Hong Kong SAR,149.5831
2012-12-31,HR,Croatia,95.3457
2012-12-31,HU,Hungary,90.419
2012-12-31,ID,Indonesia,113.2679
2012-12-31,IE,Ireland,72.1982
2012-12-31,IL,Israel,118.2601
2012-12-31,IN,India,164.2187
2012-12-31,IS,Iceland,114.2131
2012-12-31,IT,Italy,96.1888
2012-12-31,JP,Japan,98.8082
2012-12-31,KR,Korea,107.9549
2012-12-31,LT,Lithuania,105.9923
2012-12-31,LU,Luxembourg,111.007
2012-12-31,LV,Latvia,116.26
2012-12-31,MA,Morocco,101.4769
2012-12-31,MK,North Macedonia,94.83
2012-12-31,MT,Malta,103.3365
2012-12-31,MX,Mexico,110.4012
2012-12-31,MY,Malaysia,131.3196
2012-12-31,NL,Netherlands,89.5277
2012-12-31,NO,Norway,115.9856
2012-12-31,NZ,New Zealand,108.2372
2012-12-31,PE,Peru,149.6073
2012-12-31,PH,Philippines,117.0046
2012-12-31,PL,Poland,94.9626
2012-12-31,PT,Portugal,87.8402
2012-12-31,RO,Romania,82.0084
2012-12-31,RS,Serbia,94.309
2012-12-31,RU,Russia,94.8755
2012-12-31,SE,Sweden,104.8153
2012-12-31,SG,Singapore,114.0169
2012-12-31,SI,Slovenia,92.0933
2012-12-31,SK,Slovakia,94.3764
2012-12-31,TH,Thailand,110.8523
2012-12-31,TR,Türkiye,124.3656
2012-12-31,US,United States,105.1652
2012-12-31,XM,Euro area,98.0222
2012-12-31,XW,World,108.4741
2012-12-31,ZA,South Africa,110.3052
2013-03-31,4T,Emerging market economies (aggregate),118.1586
2013-03-31,5R,Advanced economies,103.3383
2013-03-31,AT,Austria,120.605
2013-03-31,AU,Australia,99.8064
2013-03-31,BE,Belgium,106.8479
2013-03-31,BG,Bulgaria,90.7367
2013-03-31,BR,Brazil,140.823
2013-03-31,CA,Canada,110.7604
2013-03-31,CH,Switzerland,117.2734
2013-03-31,CL,Chile,131.9421
2013-03-31,CN,China,105.5932
2013-03-31,CO,Colombia,125.3333
2013-03-31,CY,Cyprus,88.6959
2013-03-31,CZ,Czechia,98.2935
2013-03-31,DE,Germany,107.4306
2013-03-31,DK,Denmark,97.1332
2013-03-31,EE,Estonia,121.1697
2013-03-31,ES,Spain,71.9036
2013-03-31,FI,Finland,106.7848
2013-03-31,FR,France,103.0318
2013-03-31,GB,United Kingdom,98.5869
2013-03-31,GR,Greece,77.2918
2013-03-31,HK,Hong Kong SAR,157.3582
2013-03-31,HR,Croatia,95.017
2013-03-31,HU,Hungary,90.6325
2013-03-31,ID,Indonesia,118.7296
2013-03-31,IE,Ireland,70.1534
2013-03-31,IL,Israel,121.8441
2013-03-31,IN,India,168.1935
2013-03-31,IS,Iceland,114.268
2013-03-31,IT,Italy,93.5333
2013-03-31,JP,Japan,99.475
2013-03-31,KR,Korea,107.7603
2013-03-31,LT,Lithuania,106.6973
2013-03-31,LU,Luxembourg,111.2542
2013-03-31,LV,Latvia,116.39
2013-03-31,MA,Morocco,101.0958
2013-03-31,MK,North Macedonia,93.51
2013-03-31,MT,Malta,100.4766
2013-03-31,MX,Mexico,112.0894
2013-03-31,MY,Malaysia,131.8148
2013-03-31,NL,Netherlands,87.0857
2013-03-31,NO,Norway,119.5162
2013-03-31,NZ,New Zealand,110.7184
2013-03-31,PE,Peru,160.0459
2013-03-31,PH,Philippines,121.3693
2013-03-31,PL,Poland,92.5102
2013-03-31,PT,Portugal,86.1198
2013-03-31,RO,Romania,84.5188
2013-03-31,RS,Serbia,90.5322
2013-03-31,RU,Russia,93.2783
2013-03-31,SE,Sweden,106.3912
2013-03-31,SG,Singapore,114.6943
2013-03-31,SI,Slovenia,92.7534
2013-03-31,SK,Slovakia,96.5759
2013-03-31,TH,Thailand,112.6168
2013-03-31,TR,Türkiye,128.4827
2013-03-31,US,United States,107.7798
2013-03-31,XM,Euro area,96.6854
2013-03-31,XW,World,109.7929
2013-03-31,ZA,South Africa,112.3389
2013-06-30,4T,Emerging market economies (aggregate),120.6286
2013-06-30,5R,Advanced economies,104.8506
2013-06-30,AT,Austria,122.5692
2013-06-30,AU,Australia,102.3233
2013-06-30,BE,Belgium,107.361
2013-06-30,BG,Bulgaria,91.1843
2013-06-30,BR,Brazil,143.8892
2013-06-30,CA,Canada,112.9842
2013-06-30,CH,Switzerland,118.0957
2013-06-30,CL,Chile,135.7049
2013-06-30,CN,China,108.5572
2013-06-30,CO,Colombia,129.6209
2013-06-30,CY,Cyprus,86.658
2013-06-30,CZ,Czechia,98.8186
2013-06-30,DE,Germany,108.684
2013-06-30,DK,Denmark,100.6745
2013-06-30,EE,Estonia,125.6686
2013-06-30,ES,Spain,71.3265
2013-06-30,FI,Finland,107.2489
2013-06-30,FR,France,102.9316
2013-06-30,GB,United Kingdom,100.5819
2013-06-30,GR,Greece,75.1814
2013-06-30,HK,Hong Kong SAR,159.81
2013-06-30,HR,Croatia,94.5649
2013-06-30,HU,Hungary,90.846
2013-06-30,ID,Indonesia,121.3237
2013-06-30,IE,Ireland,70.1534
2013-06-30,IL,Israel,123.0769
2013-06-30,IN,India,169.7624
2013-06-30,IS,Iceland,118.1028
2013-06-30,IT,Italy,93.2383
2013-06-30,JP,Japan,100.575
2013-06-30,KR,Korea,107.6851
2013-06-30,LT,Lithuania,108.2912
2013-06-30,LU,Luxembourg,112.6346
2013-06-30,LV,Latvia,121.19
2013-06-30,MA,Morocco,101.6675
2013-06-30,MK,North Macedonia,93.42
2013-06-30,MT,Malta,98.9514
2013-06-30,MX,Mexico,114.1783
2013-06-30,MY,Malaysia,136.7665
2013-06-30,NL,Netherlands,85.3027
2013-06-30,NO,Norway,122.7852
2013-06-30,NZ,New Zealand,113.0817
2013-06-30,PE,Peru,162.9718
2013-06-30,PH,Philippines,125.6845
2013-06-30,PL,Poland,92.3397
2013-06-30,PT,Portugal,85.9232
2013-06-30,RO,Romania,83.682
2013-06-30,RS,Serbia,89.2011
2013-06-30,RU,Russia,94.2511
2013-06-30,SE,Sweden,108.341
2013-06-30,SG,Singapore,115.8984
2013-06-30,SI,Slovenia,93.5051
2013-06-30,SK,Slovakia,96.7758
2013-06-30,TH,Thailand,114.2775
2013-06-30,TR,Türkiye,132.8838
2013-06-30,US,United States,110.5995
2013-06-30,XM,Euro area,96.7982
2013-06-30,XW,World,111.7213
2013-06-30,ZA,South Africa,114.3205
2013-09-30,4T,Emerging market economies (aggregate),123.3312
2013-09-30,5R,Advanced economies,106.3856
2013-09-30,AT,Austria,123.9049
2013-09-30,AU,Australia,104.8403
2013-09-30,BE,Belgium,108.5837
2013-09-30,BG,Bulgaria,90.2891
2013-09-30,BR,Brazil,146.8527
2013-09-30,CA,Canada,113.6298
2013-09-30,CH,Switzerland,118.2851
2013-09-30,CL,Chile,136.6716
2013-09-30,CN,China,111.0082
2013-09-30,CO,Colombia,132.004
2013-09-30,CY,Cyprus,84.4995
2013-09-30,CZ,Czechia,98.7136
2013-09-30,DE,Germany,109.5792
2013-09-30,DK,Denmark,100.6745
2013-09-30,EE,Estonia,132.3669
2013-09-30,ES,Spain,71.8902
2013-09-30,FI,Finland,107.0907
2013-09-30,FR,France,103.8336
2013-09-30,GB,United Kingdom,103.0756
2013-09-30,GR,Greece,73.671
2013-09-30,HK,Hong Kong SAR,162.7699
2013-09-30,HR,Croatia,94.7293
2013-09-30,HU,Hungary,91.0595
2013-09-30,ID,Indonesia,124.1025
2013-09-30,IE,Ireland,74.1172
2013-09-30,IL,Israel,125.4281
2013-09-30,IN,India,176.9797
2013-09-30,IS,Iceland,120.2332
2013-09-30,IT,Italy,91.8613
2013-09-30,JP,Japan,101.6085
2013-09-30,KR,Korea,107.6388
2013-09-30,LT,Lithuania,106.3908
2013-09-30,LU,Luxembourg,114.0561
2013-09-30,LV,Latvia,122.61
2013-09-30,MA,Morocco,101.4769
2013-09-30,MK,North Macedonia,94.09
2013-09-30,MT,Malta,103.7178
2013-09-30,MX,Mexico,115.8688
2013-09-30,MY,Malaysia,142.2134
2013-09-30,NL,Netherlands,85.8453
2013-09-30,NO,Norway,120.4315
2013-09-30,NZ,New Zealand,116.6164
2013-09-30,PE,Peru,164.5198
2013-09-30,PH,Philippines,130.0492
2013-09-30,PL,Poland,92.2545
2013-09-30,PT,Portugal,86.3902
2013-09-30,RO,Romania,82.0084
2013-09-30,RS,Serbia,90.3341
2013-09-30,RU,Russia,94.669
2013-09-30,SE,Sweden,110.2446
2013-09-30,SG,Singapore,116.35
2013-09-30,SI,Slovenia,88.1331
2013-09-30,SK,Slovakia,96.3759
2013-09-30,TH,Thailand,116.9761
2013-09-30,TR,Türkiye,136.7169
2013-09-30,US,United States,113.3706
2013-09-30,XM,Euro area,97.3333
2013-09-30,XW,World,113.7622
2013-09-30,ZA,South Africa,116.3653
2013-12-31,4T,Emerging market economies (aggregate),125.3804
2013-12-31,5R,Advanced economies,107.0841
2013-12-31,AT,Austria,123.2764
2013-12-31,AU,Australia,109.0029
2013-12-31,BE,Belgium,107.5684
2013-12-31,BG,Bulgaria,90.4069
2013-12-31,BR,Brazil,149.7106
2013-12-31,CA,Canada,113.9885
2013-12-31,CH,Switzerland,119.5514
2013-12-31,CL,Chile,141.7577
2013-12-31,CN,China,113.0602
2013-12-31,CO,Colombia,133.6938
2013-12-31,CY,Cyprus,82.4716
2013-12-31,CZ,Czechia,98.5035
2013-12-31,DE,Germany,109.0421
2013-12-31,DK,Denmark,99.3255
2013-12-31,EE,Estonia,135.866
2013-12-31,ES,Spain,70.9775
2013-12-31,FI,Finland,106.4473
2013-12-31,FR,France,102.7311
2013-12-31,GB,United Kingdom,103.5744
2013-12-31,GR,Greece,71.657
2013-12-31,HK,Hong Kong SAR,162.4607
2013-12-31,HR,Croatia,93.6402
2013-12-31,HU,Hungary,89.7785
2013-12-31,ID,Indonesia,126.3049
2013-12-31,IE,Ireland,76.2249
2013-12-31,IL,Israel,127.4616
2013-12-31,IN,India,180.7452
2013-12-31,IS,Iceland,124.1367
2013-12-31,IT,Italy,90.5827
2013-12-31,JP,Japan,101.5751
2013-12-31,KR,Korea,108.0759
2013-12-31,LT,Lithuania,109.1494
2013-12-31,LU,Luxembourg,115.725
2013-12-31,LV,Latvia,125.8
2013-12-31,MA,Morocco,102.2392
2013-12-31,MK,North Macedonia,92.65
2013-12-31,MT,Malta,102.0019
2013-12-31,MX,Mexico,116.8736
2013-12-31,MY,Malaysia,143.5999
2013-12-31,NL,Netherlands,85.5611
2013-12-31,NO,Norway,117.1625
2013-12-31,NZ,New Zealand,117.9402
2013-12-31,PE,Peru,163.8529
2013-12-31,PH,Philippines,134.3643
2013-12-31,PL,Poland,92.3113
2013-12-31,PT,Portugal,88.4055
2013-12-31,RO,Romania,82.0084
2013-12-31,RS,Serbia,92.4229
2013-12-31,RU,Russia,95.0583
2013-12-31,SE,Sweden,111.915
2013-12-31,SG,Singapore,115.2963
2013-12-31,SI,Slovenia,88.0598
2013-12-31,SK,Slovakia,96.3759
2013-12-31,TH,Thailand,120.09
2013-12-31,TR,Türkiye,139.7693
2013-12-31,US,United States,115.5488
2013-12-31,XM,Euro area,96.6918
2013-12-31,XW,World,115.0432
2013-12-31,ZA,South Africa,118.597
2014-03-31,4T,Emerging market economies (aggregate),127.4777
2014-03-31,5R,Advanced economies,107.9763
2014-03-31,AT,Austria,125.5549
2014-03-31,AU,Australia,110.5518
2014-03-31,BE,Belgium,106.3675
2014-03-31,BG,Bulgaria,91.3492
2014-03-31,BR,Brazil,152.7426
2014-03-31,CA,Canada,116.4275
2014-03-31,CH,Switzerland,120.0269
2014-03-31,CL,Chile,144.8363
2014-03-31,CN,China,114.2857
2014-03-31,CO,Colombia,137.4597
2014-03-31,CY,Cyprus,80.3132
2014-03-31,CZ,Czechia,99.7637
2014-03-31,DE,Germany,109.9373
2014-03-31,DK,Denmark,100.6745
2014-03-31,EE,Estonia,142.3644
2014-03-31,ES,Spain,70.7493
2014-03-31,FI,Finland,106.5738
2014-03-31,FR,France,101.5284
2014-03-31,GB,United Kingdom,105.0707
2014-03-31,GR,Greece,70.2643
2014-03-31,HK,Hong Kong SAR,161.8422
2014-03-31,HR,Croatia,93.1059
2014-03-31,HU,Hungary,91.4865
2014-03-31,ID,Indonesia,128.1378
2014-03-31,IE,Ireland,77.4204
2014-03-31,IL,Israel,131.1219
2014-03-31,IN,India,188.7993
2014-03-31,IS,Iceland,125.4058
2014-03-31,IT,Italy,89.5009
2014-03-31,JP,Japan,102.5419
2014-03-31,KR,Korea,108.619
2014-03-31,LT,Lithuania,110.8352
2014-03-31,LU,Luxembourg,113.9943
2014-03-31,LV,Latvia,128.67
2014-03-31,MA,Morocco,101.9533
2014-03-31,MK,North Macedonia,91.61
2014-03-31,MT,Malta,102.0019
2014-03-31,MX,Mexico,118.4747
2014-03-31,MY,Malaysia,145.2835
2014-03-31,NL,Netherlands,86.0004
2014-03-31,NO,Norway,119.9085
2014-03-31,NZ,New Zealand,119.1669
2014-03-31,PE,Peru,171.0863
2014-03-31,PH,Philippines,137.7371
2014-03-31,PL,Poland,91.9894
2014-03-31,PT,Portugal,89.5853
2014-03-31,RO,Romania,82.0084
2014-03-31,RS,Serbia,95.4282
2014-03-31,RU,Russia,94.1269
2014-03-31,SE,Sweden,115.1595
2014-03-31,SG,Singapore,113.8664
2014-03-31,SI,Slovenia,86.6114
2014-03-31,SK,Slovakia,96.176
2014-03-31,TH,Thailand,122.1658
2014-03-31,TR,Türkiye,143.6735
2014-03-31,US,United States,117.0508
2014-03-31,XM,Euro area,96.5971
2014-03-31,XW,World,116.4603
2014-03-31,ZA,South Africa,121.31
2014-06-30,4T,Emerging market economies (aggregate),129.3719
2014-06-30,5R,Advanced economies,109.0039
2014-06-30,AT,Austria,128.462
2014-06-30,AU,Australia,112.6815
2014-06-30,BE,Belgium,106.3566
2014-06-30,BG,Bulgaria,91.6554
2014-06-30,BR,Brazil,154.9895
2014-06-30,CA,Canada,119.2253
2014-06-30,CH,Switzerland,121.5063
2014-06-30,CL,Chile,150.4404
2014-06-30,CN,China,114.3427
2014-06-30,CO,Colombia,139.1584
2014-06-30,CY,Cyprus,78.7371
2014-06-30,CZ,Czechia,100.6038
2014-06-30,DE,Germany,112.265
2014-06-30,DK,Denmark,104.5531
2014-06-30,EE,Estonia,143.864
2014-06-30,ES,Spain,71.9305
2014-06-30,FI,Finland,107.0169
2014-06-30,FR,France,101.7289
2014-06-30,GB,United Kingdom,108.7282
2014-06-30,GR,Greece,69.011
2014-06-30,HK,Hong Kong SAR,164.051
2014-06-30,HR,Croatia,93.8662
2014-06-30,HU,Hungary,93.4081
2014-06-30,ID,Indonesia,130.3032
2014-06-30,IE,Ireland,81.7302
2014-06-30,IL,Israel,132.6216
2014-06-30,IN,India,196.6441
2014-06-30,IS,Iceland,128.0585
2014-06-30,IT,Italy,88.6157
2014-06-30,JP,Japan,102.0752
2014-06-30,KR,Korea,109.18
2014-06-30,LT,Lithuania,115.3103
2014-06-30,LU,Luxembourg,118.1973
2014-06-30,LV,Latvia,130.56
2014-06-30,MA,Morocco,102.2392
2014-06-30,MK,North Macedonia,93.58
2014-06-30,MT,Malta,101.8112
2014-06-30,MX,Mexico,118.9788
2014-06-30,MY,Malaysia,150.5323
2014-06-30,NL,Netherlands,86.3751
2014-06-30,NO,Norway,124.4851
2014-06-30,NZ,New Zealand,120.3452
2014-06-30,PE,Peru,178.2897
2014-06-30,PH,Philippines,141.0602
2014-06-30,PL,Poland,94.0252
2014-06-30,PT,Portugal,91.0108
2014-06-30,RO,Romania,81.1715
2014-06-30,RS,Serbia,96.2631
2014-06-30,RU,Russia,95.3147
2014-06-30,SE,Sweden,117.723
2014-06-30,SG,Singapore,112.6623
2014-06-30,SI,Slovenia,84.3379
2014-06-30,SK,Slovakia,97.7756
2014-06-30,TH,Thailand,126.4214
2014-06-30,TR,Türkiye,148.5714
2014-06-30,US,United States,117.8336
2014-06-30,XM,Euro area,97.5576
2014-06-30,XW,World,117.8639
2014-06-30,ZA,South Africa,123.4724
2014-09-30,4T,Emerging market economies (aggregate),129.5008
2014-09-30,5R,Advanced economies,110.1486
2014-09-30,AT,Austria,126.8906
2014-09-30,AU,Australia,114.0368
2014-09-30,BE,Belgium,107.8741
2014-09-30,BG,Bulgaria,91.8674
2014-09-30,BR,Brazil,156.4712
2014-09-30,CA,Canada,119.9426
2014-09-30,CH,Switzerland,121.3472
2014-09-30,CL,Chile,160.4849
2014-09-30,CN,China,111.7207
2014-09-30,CO,Colombia,142.4187
2014-09-30,CY,Cyprus,77.4119
2014-09-30,CZ,Czechia,101.4439
2014-09-30,DE,Germany,112.8021
2014-09-30,DK,Denmark,103.8786
2014-09-30,EE,Estonia,149.8625
2014-09-30,ES,Spain,72.0781
2014-09-30,FI,Finland,106.5422
2014-09-30,FR,France,102.5307
2014-09-30,GB,United Kingdom,112.2195
2014-09-30,GR,Greece,68.6039
2014-09-30,HK,Hong Kong SAR,173.1515
2014-09-30,HR,Croatia,93.0443
2014-09-30,HU,Hungary,95.2228
2014-09-30,ID,Indonesia,132.2026
2014-09-30,IE,Ireland,88.3681
2014-09-30,IL,Israel,131.9861
2014-09-30,IN,India,201.874
2014-09-30,IS,Iceland,130.6104
2014-09-30,IT,Italy,87.6322
2014-09-30,JP,Japan,102.7086
2014-09-30,KR,Korea,109.5532
2014-09-30,LT,Lithuania,117.1801
2014-09-30,LU,Luxembourg,119.7631
2014-09-30,LV,Latvia,135.71
2014-09-30,MA,Morocco,101.6675
2014-09-30,MK,North Macedonia,96.43
2014-09-30,MT,Malta,103.9085
2014-09-30,MX,Mexico,119.7511
2014-09-30,MY,Malaysia,154.7908
2014-09-30,NL,Netherlands,86.9307
2014-09-30,NO,Norway,124.6159
2014-09-30,NZ,New Zealand,122.2303
2014-09-30,PE,Peru,169.7076
2014-09-30,PH,Philippines,144.433
2014-09-30,PL,Poland,93.4192
2014-09-30,PT,Portugal,90.6421
2014-09-30,RO,Romania,80.3347
2014-09-30,RS,Serbia,94.9056
2014-09-30,RU,Russia,96.1377
2014-09-30,SE,Sweden,121.641
2014-09-30,SG,Singapore,111.8344
2014-09-30,SI,Slovenia,83.4212
2014-09-30,SK,Slovakia,97.6756
2014-09-30,TH,Thailand,127.3556
2014-09-30,TR,Türkiye,154.1792
2014-09-30,US,United States,119.3776
2014-09-30,XM,Euro area,98.1302
2014-09-30,XW,World,118.5699
2014-09-30,ZA,South Africa,124.849
2014-12-31,4T,Emerging market economies (aggregate),130.1759
2014-12-31,5R,Advanced economies,110.7138
2014-12-31,AT,Austria,126.262
2014-12-31,AU,Australia,116.3601
2014-12-31,BE,Belgium,108.2999
2014-12-31,BG,Bulgaria,92.9274
2014-12-31,BR,Brazil,157.2306
2014-12-31,CA,Canada,120.3013
2014-12-31,CH,Switzerland,122.9653
2014-12-31,CL,Chile,163.1218
2014-12-31,CN,China,109.1557
2014-12-31,CO,Colombia,143.5293
2014-12-31,CY,Cyprus,75.8558
2014-12-31,CZ,Czechia,102.179
2014-12-31,DE,Germany,112.8021
2014-12-31,DK,Denmark,103.5413
2014-12-31,EE,Estonia,149.5626
2014-12-31,ES,Spain,72.2258
2014-12-31,FI,Finland,105.8988
2014-12-31,FR,France,100.5262
2014-12-31,GB,United Kingdom,112.3857
2014-12-31,GR,Greece,67.6826
2014-12-31,HK,Hong Kong SAR,181.7881
2014-12-31,HR,Croatia,92.2429
2014-12-31,HU,Hungary,97.3579
2014-12-31,ID,Indonesia,134.2424
2014-12-31,IE,Ireland,91.1365
2014-12-31,IL,Israel,133.7146
2014-12-31,IN,India,211.2878
2014-12-31,IS,Iceland,131.6962
2014-12-31,IT,Italy,86.2552
2014-12-31,JP,Japan,102.1752
2014-12-31,KR,Korea,110.3424
2014-12-31,LT,Lithuania,114.9119
2014-12-31,LU,Luxembourg,121.5967
2014-12-31,LV,Latvia,120.18
2014-12-31,MA,Morocco,102.1439
2014-12-31,MK,North Macedonia,91.27
2014-12-31,MT,Malta,107.531
2014-12-31,MX,Mexico,121.3634
2014-12-31,MY,Malaysia,156.0782
2014-12-31,NL,Netherlands,87.3054
2014-12-31,NO,Norway,123.9621
2014-12-31,NZ,New Zealand,126.3818
2014-12-31,PE,Peru,170.337
2014-12-31,PH,Philippines,147.8057
2014-12-31,PL,Poland,93.637
2014-12-31,PT,Portugal,90.3472
2014-12-31,RO,Romania,82.0084
2014-12-31,RS,Serbia,96.4716
2014-12-31,RU,Russia,97.7624
2014-12-31,SE,Sweden,123.5648
2014-12-31,SG,Singapore,110.6303
2014-12-31,SI,Slovenia,84.1912
2014-12-31,SK,Slovakia,99.5751
2014-12-31,TH,Thailand,132.3377
2014-12-31,TR,Türkiye,158.5803
2014-12-31,US,United States,121.2013
2014-12-31,XM,Euro area,97.5524
2014-12-31,XW,World,119.1829
2014-12-31,ZA,South Africa,126.322
2015-03-31,4T,Emerging market economies (aggregate),131.4914
2015-03-31,5R,Advanced economies,111.8995
2015-03-31,AT,Austria,130.0334
2015-03-31,AU,Australia,118.1994
2015-03-31,BE,Belgium,106.9243
2015-03-31,BG,Bulgaria,93.4221
2015-03-31,BR,Brazil,157.2906
2015-03-31,CA,Canada,123.6729
2015-03-31,CH,Switzerland,124.187
2015-03-31,CL,Chile,164.2798
2015-03-31,CN,China,107.8162
2015-03-31,CO,Colombia,148.1166
2015-03-31,CY,Cyprus,75.0929
2015-03-31,CZ,Czechia,103.2292
2015-03-31,DE,Germany,114.5927
2015-03-31,DK,Denmark,104.2159
2015-03-31,EE,Estonia,153.8615
2015-03-31,ES,Spain,71.8499
2015-03-31,FI,Finland,105.9726
2015-03-31,FR,France,99.6242
2015-03-31,GB,United Kingdom,112.0532
2015-03-31,GR,Greece,67.3719
2015-03-31,HK,Hong Kong SAR,191.6395
2015-03-31,HR,Croatia,91.462
2015-03-31,HU,Hungary,99.9199
2015-03-31,ID,Indonesia,136.1713
2015-03-31,IE,Ireland,90.9792
2015-03-31,IL,Israel,136.4598
2015-03-31,IN,India,221.8522
2015-03-31,IS,Iceland,137.1895
2015-03-31,IT,Italy,84.3865
2015-03-31,JP,Japan,104.9754
2015-03-31,KR,Korea,111.0199
2015-03-31,LT,Lithuania,115.7701
2015-03-31,LU,Luxembourg,122.0294
2015-03-31,LV,Latvia,120.26
2015-03-31,MA,Morocco,101.4769
2015-03-31,MK,North Macedonia,92.97
2015-03-31,MT,Malta,104.6711
2015-03-31,MX,Mexico,123.5909
2015-03-31,MY,Malaysia,158.6531
2015-03-31,NL,Netherlands,88.1194
2015-03-31,NO,Norway,128.5387
2015-03-31,NZ,New Zealand,130.367
2015-03-31,PE,Peru,170.3163
2015-03-31,PH,Philippines,151.4761
2015-03-31,PL,Poland,93.7979
2015-03-31,PT,Portugal,90.298
2015-03-31,RO,Romania,84.5188
2015-03-31,RS,Serbia,100.9196
2015-03-31,RU,Russia,98.8105
2015-03-31,SE,Sweden,128.7305
2015-03-31,SG,Singapore,109.5014
2015-03-31,SI,Slovenia,85.4196
2015-03-31,SK,Slovakia,101.1747
2015-03-31,TH,Thailand,134.7249
2015-03-31,TR,Türkiye,165.6788
2015-03-31,US,United States,122.7358
2015-03-31,XM,Euro area,97.6565
2015-03-31,XW,World,120.4247
2015-03-31,ZA,South Africa,128.8492
2015-06-30,4T,Emerging market economies (aggregate),132.5168
2015-06-30,5R,Advanced economies,113.3921
2015-06-30,AT,Austria,130.3477
2015-06-30,AU,Australia,123.7173
2015-06-30,BE,Belgium,108.2235
2015-06-30,BG,Bulgaria,94.2465
2015-06-30,BR,Brazil,156.7567
2015-06-30,CA,Canada,127.8336
2015-06-30,CH,Switzerland,123.6868
2015-06-30,CL,Chile,170.7721
2015-06-30,CN,China,107.5882
2015-06-30,CO,Colombia,153.6041
2015-06-30,CY,Cyprus,74.7716
2015-06-30,CZ,Czechia,104.3844
2015-06-30,DE,Germany,117.2784
2015-06-30,DK,Denmark,110.4553
2015-06-30,EE,Estonia,158.9603
2015-06-30,ES,Spain,74.8163
2015-06-30,FI,Finland,106.9747
2015-06-30,FR,France,99.7244
2015-06-30,GB,United Kingdom,114.547
2015-06-30,GR,Greece,65.5829
2015-06-30,HK,Hong Kong SAR,198.244
2015-06-30,HR,Croatia,89.7565
2015-06-30,HU,Hungary,105.3643
2015-06-30,ID,Indonesia,138.0559
2015-06-30,IE,Ireland,93.024
2015-06-30,IL,Israel,139.0779
2015-06-30,IN,India,225.1993
2015-06-30,IS,Iceland,138.1058
2015-06-30,IT,Italy,84.4849
2015-06-30,JP,Japan,104.6421
2015-06-30,KR,Korea,112.4098
2015-06-30,LT,Lithuania,119.3257
2015-06-30,LU,Luxembourg,124.5223
2015-06-30,LV,Latvia,124.53
2015-06-30,MA,Morocco,102.0486
2015-06-30,MK,North Macedonia,93.54
2015-06-30,MT,Malta,105.6244
2015-06-30,MX,Mexico,128.0902
2015-06-30,MY,Malaysia,161.228
2015-06-30,NL,Netherlands,89.0238
2015-06-30,NO,Norway,132.7231
2015-06-30,NZ,New Zealand,134.8581
2015-06-30,PE,Peru,168.2133
2015-06-30,PH,Philippines,155.196
2015-06-30,PL,Poland,95.0952
2015-06-30,PT,Portugal,93.6897
2015-06-30,RO,Romania,83.682
2015-06-30,RS,Serbia,101.4984
2015-06-30,RU,Russia,98.1424
2015-06-30,SE,Sweden,133.0013
2015-06-30,SG,Singapore,108.523
2015-06-30,SI,Slovenia,87.3447
2015-06-30,SK,Slovakia,103.1742
2015-06-30,TH,Thailand,135.0363
2015-06-30,TR,Türkiye,173.2032
2015-06-30,US,United States,124.1689
2015-06-30,XM,Euro area,98.932
2015-06-30,XW,World,121.7106
2015-06-30,ZA,South Africa,131.0427
2015-09-30,4T,Emerging market economies (aggregate),133.5213
2015-09-30,5R,Advanced economies,114.9203
2015-09-30,AT,Austria,131.9976
2015-09-30,AU,Australia,126.2343
2015-09-30,BE,Belgium,110.8
2015-09-30,BG,Bulgaria,93.7754
2015-09-30,BR,Brazil,155.846
2015-09-30,CA,Canada,130.2009
2015-09-30,CH,Switzerland,123.9767
2015-09-30,CL,Chile,179.6415
2015-09-30,CN,China,108.2437
2015-09-30,CO,Colombia,155.235
2015-09-30,CY,Cyprus,74.5106
2015-09-30,CZ,Czechia,105.6445
2015-09-30,DE,Germany,117.8156
2015-09-30,DK,Denmark,113.1535
2015-09-30,EE,Estonia,155.861
2015-09-30,ES,Spain,75.3129
2015-09-30,FI,Finland,106.8164
2015-09-30,FR,France,101.1275
2015-09-30,GB,United Kingdom,118.2045
2015-09-30,GR,Greece,64.6295
2015-09-30,HK,Hong Kong SAR,202.2199
2015-09-30,HR,Croatia,90.3113
2015-09-30,HU,Hungary,110.0614
2015-09-30,ID,Indonesia,139.4232
2015-09-30,IE,Ireland,96.0126
2015-09-30,IL,Israel,141.0098
2015-09-30,IN,India,228.2327
2015-09-30,IS,Iceland,140.085
2015-09-30,IT,Italy,85.2717
2015-09-30,JP,Japan,105.6421
2015-09-30,KR,Korea,113.8459
2015-09-30,LT,Lithuania,121.1954
2015-09-30,LU,Luxembourg,126.3765
2015-09-30,LV,Latvia,124.96
2015-09-30,MA,Morocco,101.7627
2015-09-30,MK,North Macedonia,93.18
2015-09-30,MT,Malta,112.8694
2015-09-30,MX,Mexico,132.1108
2015-09-30,MY,Malaysia,165.4865
2015-09-30,NL,Netherlands,90.5743
2015-09-30,NO,Norway,132.2001
2015-09-30,NZ,New Zealand,141.1443
2015-09-30,PE,Peru,167.5195
2015-09-30,PH,Philippines,158.8664
2015-09-30,PL,Poland,95.2845
2015-09-30,PT,Portugal,93.7634
2015-09-30,RO,Romania,82.8452
2015-09-30,RS,Serbia,98.1535
2015-09-30,RU,Russia,96.3292
2015-09-30,SE,Sweden,138.061
2015-09-30,SG,Singapore,107.0931
2015-09-30,SI,Slovenia,84.2646
2015-09-30,SK,Slovakia,103.2742
2015-09-30,TH,Thailand,134.1022
2015-09-30,TR,Türkiye,178.0302
2015-09-30,US,United States,125.9332
2015-09-30,XM,Euro area,99.8654
2015-09-30,XW,World,123.0063
2015-09-30,ZA,South Africa,132.4997
2015-12-31,4T,Emerging market economies (aggregate),134.4845
2015-12-31,5R,Advanced economies,115.7066
2015-12-31,AT,Austria,135.8476
2015-12-31,AU,Australia,126.4279
2015-12-31,BE,Belgium,110.7345
2015-12-31,BG,Bulgaria,96.6256
2015-12-31,BR,Brazil,154.7554
2015-12-31,CA,Canada,131.7073
2015-12-31,CH,Switzerland,124.4508
2015-12-31,CL,Chile,185.055
2015-12-31,CN,China,108.8422
2015-12-31,CO,Colombia,154.8567
2015-12-31,CY,Cyprus,74.4805
2015-12-31,CZ,Czechia,106.7997
2015-12-31,DE,Germany,119.427
2015-12-31,DK,Denmark,113.3221
2015-12-31,EE,Estonia,157.1607
2015-12-31,ES,Spain,75.2995
2015-12-31,FI,Finland,106.2996
2015-12-31,FR,France,100.426
2015-12-31,GB,United Kingdom,119.7007
2015-12-31,GR,Greece,64.2224
2015-12-31,HK,Hong Kong SAR,194.5331
2015-12-31,HR,Croatia,90.4346
2015-12-31,HU,Hungary,111.6627
2015-12-31,ID,Indonesia,140.4357
2015-12-31,IE,Ireland,97.4282
2015-12-31,IL,Israel,143.9075
2015-12-31,IN,India,231.8936
2015-12-31,IS,Iceland,143.5807
2015-12-31,IT,Italy,84.4849
2015-12-31,JP,Japan,104.1753
2015-12-31,KR,Korea,115.1342
2015-12-31,LT,Lithuania,118.682
2015-12-31,LU,Luxembourg,126.1087
2015-12-31,LV,Latvia,128.08
2015-12-31,MA,Morocco,102.4297
2015-12-31,MK,North Macedonia,92.26
2015-12-31,MT,Malta,116.3012
2015-12-31,MX,Mexico,133.7682
2015-12-31,MY,Malaysia,166.1797
2015-12-31,NL,Netherlands,91.0912
2015-12-31,NO,Norway,129.5848
2015-12-31,NZ,New Zealand,142.3363
2015-12-31,PE,Peru,163.8173
2015-12-31,PH,Philippines,162.5863
2015-12-31,PL,Poland,94.5744
2015-12-31,PT,Portugal,94.8694
2015-12-31,RO,Romania,83.682
2015-12-31,RS,Serbia,97.4252
2015-12-31,RU,Russia,94.7298
2015-12-31,SE,Sweden,141.007
2015-12-31,SG,Singapore,106.5663
2015-12-31,SI,Slovenia,84.2462
2015-12-31,SK,Slovakia,104.3739
2015-12-31,TH,Thailand,140.1223
2015-12-31,TR,Türkiye,183.425
2015-12-31,US,United States,127.8041
2015-12-31,XM,Euro area,100.2214
2015-12-31,XW,World,123.8698
2015-12-31,ZA,South Africa,134.7977
2016-03-31,4T,Emerging market economies (aggregate),136.0152
2016-03-31,5R,Advanced economies,117.1139
2016-03-31,AT,Austria,140.5618
2016-03-31,AU,Australia,126.2343
2016-03-31,BE,Belgium,109.5772
2016-03-31,BG,Bulgaria,97.7092
2016-03-31,BR,Brazil,153.5962
2016-03-31,CA,Canada,138.6657
2016-03-31,CH,Switzerland,125.9295
2016-03-31,CL,Chile,184.469
2016-03-31,CN,China,111.5332
2016-03-31,CO,Colombia,163.2065
2016-03-31,CY,Cyprus,73.8781
2016-03-31,CZ,Czechia,108.1649
2016-03-31,DE,Germany,121.7547
2016-03-31,DK,Denmark,109.6121
2016-03-31,EE,Estonia,156.9608
2016-03-31,ES,Spain,76.3599
2016-03-31,FI,Finland,107.0696
2016-03-31,FR,France,99.9248
2016-03-31,GB,United Kingdom,121.0308
2016-03-31,GR,Greece,64.4366
2016-03-31,HK,Hong Kong SAR,182.031
2016-03-31,HR,Croatia,91.6059
2016-03-31,HU,Hungary,116.778
2016-03-31,ID,Indonesia,141.8251
2016-03-31,IE,Ireland,97.8687
2016-03-31,IL,Israel,146.7289
2016-03-31,IN,India,229.1741
2016-03-31,IS,Iceland,146.3617
2016-03-31,IT,Italy,84.4849
2016-03-31,JP,Japan,106.6756
2016-03-31,KR,Korea,115.6019
2016-03-31,LT,Lithuania,119.6628
2016-03-31,LU,Luxembourg,128.0865
2016-03-31,LV,Latvia,128.81
2016-03-31,MA,Morocco,102.0486
2016-03-31,MK,North Macedonia,95.15
2016-03-31,MT,Malta,110.2002
2016-03-31,MX,Mexico,135.407
2016-03-31,MY,Malaysia,170.1411
2016-03-31,NL,Netherlands,91.9956
2016-03-31,NO,Norway,134.423
2016-03-31,NZ,New Zealand,147.5275
2016-03-31,PE,Peru,160.6317
2016-03-31,PH,Philippines,168.1025
2016-03-31,PL,Poland,94.688
2016-03-31,PT,Portugal,96.5653
2016-03-31,RO,Romania,87.0293
2016-03-31,RS,Serbia,99.3216
2016-03-31,RU,Russia,93.126
2016-03-31,SE,Sweden,142.8585
2016-03-31,SG,Singapore,105.8137
2016-03-31,SI,Slovenia,86.1163
2016-03-31,SK,Slovakia,106.2734
2016-03-31,TH,Thailand,141.3678
2016-03-31,TR,Türkiye,189.3878
2016-03-31,US,United States,129.3459
2016-03-31,XM,Euro area,101.0985
2016-03-31,XW,World,125.3293
2016-03-31,ZA,South Africa,136.4134
2016-06-30,4T,Emerging market economies (aggregate),138.8377
2016-06-30,5R,Advanced economies,118.8424
2016-06-30,AT,Austria,142.7617
2016-06-30,AU,Australia,128.7512
2016-06-30,BE,Belgium,110.7235
2016-06-30,BG,Bulgaria,100.4181
2016-06-30,BR,Brazil,152.4485
2016-06-30,CA,Canada,147.4175
2016-06-30,CH,Switzerland,124.6714
2016-06-30,CL,Chile,183.5259
2016-06-30,CN,China,113.8325
2016-06-30,CO,Colombia,166.0255
2016-06-30,CY,Cyprus,73.5167
2016-06-30,CZ,Czechia,110.3702
2016-06-30,DE,Germany,125.3357
2016-06-30,DK,Denmark,115.0084
2016-06-30,EE,Estonia,161.8595
2016-06-30,ES,Spain,77.7021
2016-06-30,FI,Finland,108.2298
2016-06-30,FR,France,100.426
2016-06-30,GB,United Kingdom,123.6908
2016-06-30,GR,Greece,63.9224
2016-06-30,HK,Hong Kong SAR,182.3403
2016-06-30,HR,Croatia,90.9483
2016-06-30,HU,Hungary,119.5334
2016-06-30,ID,Indonesia,142.7341
2016-06-30,IE,Ireland,98.9068
2016-06-30,IL,Israel,149.2962
2016-06-30,IN,India,241.7106
2016-06-30,IS,Iceland,149.2389
2016-06-30,IT,Italy,85.075
2016-06-30,JP,Japan,107.7423
2016-06-30,KR,Korea,115.7891
2016-06-30,LT,Lithuania,123.4023
2016-06-30,LU,Luxembourg,131.692
2016-06-30,LV,Latvia,136.31
2016-06-30,MA,Morocco,102.7156
2016-06-30,MK,North Macedonia,94.41
2016-06-30,MT,Malta,112.8694
2016-06-30,MX,Mexico,138.069
2016-06-30,MY,Malaysia,172.716
2016-06-30,NL,Netherlands,93.2877
2016-06-30,NO,Norway,140.0458
2016-06-30,NZ,New Zealand,155.3245
2016-06-30,PE,Peru,163.6111
2016-06-30,PH,Philippines,175.6318
2016-06-30,PL,Poland,95.4834
2016-06-30,PT,Portugal,99.5883
2016-06-30,RO,Romania,89.5397
2016-06-30,RS,Serbia,105.8834
2016-06-30,RU,Russia,92.2218
2016-06-30,SE,Sweden,144.5232
2016-06-30,SG,Singapore,105.3622
2016-06-30,SI,Slovenia,87.7481
2016-06-30,SK,Slovakia,109.2727
2016-06-30,TH,Thailand,142.8209
2016-06-30,TR,Türkiye,195.3505
2016-06-30,US,United States,130.8014
2016-06-30,XM,Euro area,102.6574
2016-06-30,XW,World,127.545
2016-06-30,ZA,South Africa,137.5378
2016-09-30,4T,Emerging market economies (aggregate),140.8476
2016-09-30,5R,Advanced economies,120.439
2016-09-30,AT,Austria,141.6618
2016-09-30,AU,Australia,130.6873
2016-09-30,BE,Belgium,113.1363
2016-09-30,BG,Bulgaria,102.0199
2016-09-30,BR,Brazil,151.3493
2016-09-30,CA,Canada,151.7934
2016-09-30,CH,Switzerland,123.8919
2016-09-30,CL,Chile,186.0343
2016-09-30,CN,China,116.4238
2016-09-30,CO,Colombia,169.0856
2016-09-30,CY,Cyprus,73.577
2016-09-30,CZ,Czechia,113.1006
2016-09-30,DE,Germany,127.4843
2016-09-30,DK,Denmark,118.7184
2016-09-30,EE,Estonia,167.3582
2016-09-30,ES,Spain,78.3464
2016-09-30,FI,Finland,108.5674
2016-09-30,FR,France,102.6309
2016-09-30,GB,United Kingdom,126.1845
2016-09-30,GR,Greece,63.4939
2016-09-30,HK,Hong Kong SAR,191.1315
2016-09-30,HR,Croatia,91.8114
2016-09-30,HU,Hungary,122.9756
2016-09-30,ID,Indonesia,143.2515
2016-09-30,IE,Ireland,103.1852
2016-09-30,IL,Israel,152.5371
2016-09-30,IN,India,245.7005
2016-09-30,IS,Iceland,158.1087
2016-09-30,IT,Italy,85.2717
2016-09-30,JP,Japan,107.509
2016-09-30,KR,Korea,116.1854
2016-09-30,LT,Lithuania,127.6322
2016-09-30,LU,Luxembourg,133.6698
2016-09-30,LV,Latvia,136.96
2016-09-30,MA,Morocco,105.3835
2016-09-30,MK,North Macedonia,93.46
2016-09-30,MT,Malta,118.2078
2016-09-30,MX,Mexico,140.1558
2016-09-30,MY,Malaysia,176.7764
2016-09-30,NL,Netherlands,95.6134
2016-09-30,NO,Norway,142.661
2016-09-30,NZ,New Zealand,161.0008
2016-09-30,PE,Peru,165.1165
2016-09-30,PH,Philippines,172.405
2016-09-30,PL,Poland,97.273
2016-09-30,PT,Portugal,100.8909
2016-09-30,RO,Romania,88.7029
2016-09-30,RS,Serbia,117.1827
2016-09-30,RU,Russia,91.2495
2016-09-30,SE,Sweden,147.8362
2016-09-30,SG,Singapore,103.7817
2016-09-30,SI,Slovenia,88.4631
2016-09-30,SK,Slovakia,110.9723
2016-09-30,TH,Thailand,140.4336
2016-09-30,TR,Türkiye,200.3194
2016-09-30,US,United States,132.615
2016-09-30,XM,Euro area,104.2396
2016-09-30,XW,World,129.3233
2016-09-30,ZA,South Africa,138.9195
2016-12-31,4T,Emerging market economies (aggregate),143.1967
2016-12-31,5R,Advanced economies,121.5295
2016-12-31,AT,Austria,142.0546
2016-12-31,AU,Australia,136.1084
2016-12-31,BE,Belgium,113.431
2016-12-31,BG,Bulgaria,104.4461
2016-12-31,BR,Brazil,150.3786
2016-12-31,CA,Canada,152.7977
2016-12-31,CH,Switzerland,122.7885
2016-12-31,CL,Chile,191.7035
2016-12-31,CN,China,119.1975
2016-12-31,CO,Colombia,169.7577
2016-12-31,CY,Cyprus,73.7777
2016-12-31,CZ,Czechia,118.4563
2016-12-31,DE,Germany,129.4539
2016-12-31,DK,Denmark,118.2125
2016-12-31,EE,Estonia,169.2577
2016-12-31,ES,Spain,78.6148
2016-12-31,FI,Finland,107.6708
2016-12-31,FR,France,102.0296
2016-12-31,GB,United Kingdom,126.1845
2016-12-31,GR,Greece,63.5582
2016-12-31,HK,Hong Kong SAR,202.8605
2016-12-31,HR,Croatia,91.3387
2016-12-31,HU,Hungary,124.8447
2016-12-31,ID,Indonesia,143.7762
2016-12-31,IE,Ireland,105.7334
2016-12-31,IL,Israel,153.6936
2016-12-31,IN,India,251.2442
2016-12-31,IS,Iceland,164.6649
2016-12-31,IT,Italy,84.6816
2016-12-31,JP,Japan,106.8089
2016-12-31,KR,Korea,116.8458
2016-12-31,LT,Lithuania,129.9617
2016-12-31,LU,Luxembourg,135.8949
2016-12-31,LV,Latvia,138.02
2016-12-31,MA,Morocco,106.9081
2016-12-31,MK,North Macedonia,93.79
2016-12-31,MT,Malta,122.021
2016-12-31,MX,Mexico,141.6184
2016-12-31,MY,Malaysia,177.7668
2016-12-31,NL,Netherlands,96.9055
2016-12-31,NO,Norway,142.661
2016-12-31,NZ,New Zealand,162.6503
2016-12-31,PE,Peru,167.377
2016-12-31,PH,Philippines,174.8635
2016-12-31,PL,Poland,98.343
2016-12-31,PT,Portugal,102.0707
2016-12-31,RO,Romania,90.3766
2016-12-31,RS,Serbia,120.0966
2016-12-31,RU,Russia,90.8588
2016-12-31,SE,Sweden,150.1525
2016-12-31,SG,Singapore,103.2549
2016-12-31,SI,Slovenia,90.0399
2016-12-31,SK,Slovakia,112.9718
2016-12-31,TH,Thailand,145.0006
2016-12-31,TR,Türkiye,204.7915
2016-12-31,US,United States,134.6852
2016-12-31,XM,Euro area,104.7659
2016-12-31,XW,World,130.9747
2016-12-31,ZA,South Africa,140.0348
2017-03-31,4T,Emerging market economies (aggregate),144.5305
2017-03-31,5R,Advanced economies,123.3427
2017-03-31,AT,Austria,143.7831
2017-03-31,AU,Australia,139.1094
2017-03-31,BE,Belgium,113.9332
2017-03-31,BG,Bulgaria,106.4719
2017-03-31,BR,Brazil,149.5935
2017-03-31,CA,Canada,163.1277
2017-03-31,CH,Switzerland,123.0354
2017-03-31,CL,Chile,195.6226
2017-03-31,CN,China,120.6209
2017-03-31,CO,Colombia,172.4635
2017-03-31,CY,Cyprus,73.9384
2017-03-31,CZ,Czechia,122.0268
2017-03-31,DE,Germany,130.1701
2017-03-31,DK,Denmark,116.1889
2017-03-31,EE,Estonia,169.0577
2017-03-31,ES,Spain,80.4134
2017-03-31,FI,Finland,108.3248
2017-03-31,FR,France,102.7311
2017-03-31,GB,United Kingdom,126.3508
2017-03-31,GR,Greece,63.2261
2017-03-31,HK,Hong Kong SAR,208.7139
2017-03-31,HR,Croatia,91.4415
2017-03-31,HU,Hungary,130.4985
2017-03-31,ID,Indonesia,145.55
2017-03-31,IE,Ireland,106.9917
2017-03-31,IL,Israel,154.3545
2017-03-31,IN,India,253.1299
2017-03-31,IS,Iceland,172.4948
2017-03-31,IT,Italy,83.8948
2017-03-31,JP,Japan,110.8426
2017-03-31,KR,Korea,117.0465
2017-03-31,LT,Lithuania,131.8927
2017-03-31,LU,Luxembourg,137.3165
2017-03-31,LV,Latvia,140.77
2017-03-31,MA,Morocco,107.3845
2017-03-31,MK,North Macedonia,91.4
2017-03-31,MT,Malta,116.1106
2017-03-31,MX,Mexico,145.3789
2017-03-31,MY,Malaysia,181.5301
2017-03-31,NL,Netherlands,98.8436
2017-03-31,NO,Norway,148.0222
2017-03-31,NZ,New Zealand,165.381
2017-03-31,PE,Peru,168.8773
2017-03-31,PH,Philippines,179.3196
2017-03-31,PL,Poland,97.8411
2017-03-31,PT,Portugal,104.2335
2017-03-31,RO,Romania,91.2134
2017-03-31,RS,Serbia,111.147
2017-03-31,RU,Russia,89.2515
2017-03-31,SE,Sweden,154.1598
2017-03-31,SG,Singapore,102.8786
2017-03-31,SI,Slovenia,91.8733
2017-03-31,SK,Slovakia,110.0725
2017-03-31,TH,Thailand,143.4437
2017-03-31,TR,Türkiye,211.961
2017-03-31,US,United States,136.4974
2017-03-31,XM,Euro area,105.5433
2017-03-31,XW,World,132.566
2017-03-31,ZA,South Africa,141.5039
2017-06-30,4T,Emerging market economies (aggregate),147.298
2017-06-30,5R,Advanced economies,125.0765
2017-06-30,AT,Austria,147.9474
2017-06-30,AU,Australia,141.8199
2017-06-30,BE,Belgium,114.0642
2017-06-30,BG,Bulgaria,109.0395
2017-06-30,BR,Brazil,149.0396
2017-06-30,CA,Canada,172.3613
2017-06-30,CH,Switzerland,124.702
2017-06-30,CL,Chile,198.4239
2017-06-30,CN,China,122.9931
2017-06-30,CO,Colombia,177.1002
2017-06-30,CY,Cyprus,74.4805
2017-06-30,CZ,Czechia,125.0722
2017-06-30,DE,Germany,132.6768
2017-06-30,DK,Denmark,121.0793
2017-06-30,EE,Estonia,169.6576
2017-06-30,ES,Spain,82.0375
2017-06-30,FI,Finland,109.9491
2017-06-30,FR,France,103.7334
2017-06-30,GB,United Kingdom,129.1771
2017-06-30,GR,Greece,63.2475
2017-06-30,HK,Hong Kong SAR,220.8184
2017-06-30,HR,Croatia,94.7909
2017-06-30,HU,Hungary,133.9561
2017-06-30,ID,Indonesia,147.2646
2017-06-30,IE,Ireland,109.3512
2017-06-30,IL,Israel,156.3245
2017-06-30,IN,India,262.75
2017-06-30,IS,Iceland,183.7745
2017-06-30,IT,Italy,84.2882
2017-06-30,JP,Japan,109.9092
2017-06-30,KR,Korea,117.2244
2017-06-30,LT,Lithuania,136
2017-06-30,LU,Luxembourg,140.0361
2017-06-30,LV,Latvia,148.76
2017-06-30,MA,Morocco,107.1939
2017-06-30,MK,North Macedonia,92.17
2017-06-30,MT,Malta,119.5424
2017-06-30,MX,Mexico,148.3989
2017-06-30,MY,Malaysia,184.5011
2017-06-30,NL,Netherlands,100.5233
2017-06-30,NO,Norway,149.7221
2017-06-30,NZ,New Zealand,165.6998
2017-06-30,PE,Peru,166.2024
2017-06-30,PH,Philippines,175.9391
2017-06-30,PL,Poland,99.839
2017-06-30,PT,Portugal,107.6006
2017-06-30,RO,Romania,95.3975
2017-06-30,RS,Serbia,113.945
2017-06-30,RU,Russia,88.7969
2017-06-30,SE,Sweden,156.7952
2017-06-30,SG,Singapore,102.8034
2017-06-30,SI,Slovenia,94.9901
2017-06-30,SK,Slovakia,116.3709
2017-06-30,TH,Thailand,143.9626
2017-06-30,TR,Türkiye,218.2786
2017-06-30,US,United States,138.4509
2017-06-30,XM,Euro area,107.0986
2017-06-30,XW,World,134.763
2017-06-30,ZA,South Africa,143.4663
2017-09-30,4T,Emerging market economies (aggregate),148.5024
2017-09-30,5R,Advanced economies,126.7578
2017-09-30,AT,Austria,147.8688
2017-09-30,AU,Australia,141.5295
2017-09-30,BE,Belgium,117.6997
2017-09-30,BG,Bulgaria,111.1595
2017-09-30,BR,Brazil,148.7427
2017-09-30,CA,Canada,174.5842
2017-09-30,CH,Switzerland,127.1122
2017-09-30,CL,Chile,202.3087
2017-09-30,CN,China,124.38
2017-09-30,CO,Colombia,180.0177
2017-09-30,CY,Cyprus,74.7616
2017-09-30,CZ,Czechia,127.2775
2017-09-30,DE,Germany,134.8254
2017-09-30,DK,Denmark,123.946
2017-09-30,EE,Estonia,175.3562
2017-09-30,ES,Spain,83.5542
2017-09-30,FI,Finland,109.1897
2017-09-30,FR,France,105.9384
2017-09-30,GB,United Kingdom,132.1696
2017-09-30,GR,Greece,63.0761
2017-09-30,HK,Hong Kong SAR,224.8606
2017-09-30,HR,Croatia,95.3457
2017-09-30,HU,Hungary,138.008
2017-09-30,ID,Indonesia,148.0036
2017-09-30,IE,Ireland,115.2969
2017-09-30,IL,Israel,158.2054
2017-09-30,IN,India,264.0052
2017-09-30,IS,Iceland,190.3398
2017-09-30,IT,Italy,83.9931
2017-09-30,JP,Japan,110.1425
2017-09-30,KR,Korea,117.8753
2017-09-30,LT,Lithuania,138.5441
2017-09-30,LU,Luxembourg,140.1185
2017-09-30,LV,Latvia,149
2017-09-30,MA,Morocco,107.3845
2017-09-30,MK,North Macedonia,92.58
2017-09-30,MT,Malta,124.1182
2017-09-30,MX,Mexico,151.2265
2017-09-30,MY,Malaysia,188.2644
2017-09-30,NL,Netherlands,103.3659
2017-09-30,NO,Norway,146.1916
2017-09-30,NZ,New Zealand,166.8781
2017-09-30,PE,Peru,169.207
2017-09-30,PH,Philippines,175.4782
2017-09-30,PL,Poland,100.8427
2017-09-30,PT,Portugal,111.4101
2017-09-30,RO,Romania,93.7238
2017-09-30,RS,Serbia,116.703
2017-09-30,RU,Russia,88.0088
2017-09-30,SE,Sweden,158.9763
2017-09-30,SG,Singapore,103.556
2017-09-30,SI,Slovenia,95.7052
2017-09-30,SK,Slovakia,119.0702
2017-09-30,TH,Thailand,146.5575
2017-09-30,TR,Türkiye,220.4082
2017-09-30,US,United States,140.5776
2017-09-30,XM,Euro area,108.7831
2017-09-30,XW,World,136.2239
2017-09-30,ZA,South Africa,144.7605
2017-12-31,4T,Emerging market economies (aggregate),150.0324
2017-12-31,5R,Advanced economies,127.6762
2017-12-31,AT,Austria,148.7331
2017-12-31,AU,Australia,142.8848
2017-12-31,BE,Belgium,116.9683
2017-12-31,BG,Bulgaria,112.9733
2017-12-31,BR,Brazil,148.717
2017-12-31,CA,Canada,174.0713
2017-12-31,CH,Switzerland,126.849
2017-12-31,CL,Chile,210.2554
2017-12-31,CN,China,125.1464
2017-12-31,CO,Colombia,181.232
2017-12-31,CY,Cyprus,75.0929
2017-12-31,CZ,Czechia,128.4327
2017-12-31,DE,Germany,137.5112
2017-12-31,DK,Denmark,123.1029
2017-12-31,EE,Estonia,177.5556
2017-12-31,ES,Spain,84.2791
2017-12-31,FI,Finland,108.7783
2017-12-31,FR,France,105.4372
2017-12-31,GB,United Kingdom,132.0033
2017-12-31,GR,Greece,63.2904
2017-12-31,HK,Hong Kong SAR,230.6257
2017-12-31,HR,Croatia,98.4075
2017-12-31,HU,Hungary,140.8666
2017-12-31,ID,Indonesia,148.8166
2017-12-31,IE,Ireland,118.1282
2017-12-31,IL,Israel,156.8583
2017-12-31,IN,India,269.3397
2017-12-31,IS,Iceland,189.3686
2017-12-31,IT,Italy,83.5997
2017-12-31,JP,Japan,108.7424
2017-12-31,KR,Korea,118.3167
2017-12-31,LT,Lithuania,138.8506
2017-12-31,LU,Luxembourg,141.8697
2017-12-31,LV,Latvia,148.96
2017-12-31,MA,Morocco,107.0986
2017-12-31,MK,North Macedonia,93.24
2017-12-31,MT,Malta,128.122
2017-12-31,MX,Mexico,153.7489
2017-12-31,MY,Malaysia,188.6606
2017-12-31,NL,Netherlands,105.5624
2017-12-31,NO,Norway,143.7071
2017-12-31,NZ,New Zealand,169.2484
2017-12-31,PE,Peru,167.7279
2017-12-31,PH,Philippines,184.544
2017-12-31,PL,Poland,102.1305
2017-12-31,PT,Portugal,112.7619
2017-12-31,RO,Romania,95.3975
2017-12-31,RS,Serbia,119.421
2017-12-31,RU,Russia,88.1102
2017-12-31,SE,Sweden,154.3072
2017-12-31,SG,Singapore,104.3838
2017-12-31,SI,Slovenia,98.932
2017-12-31,SK,Slovakia,119.6701
2017-12-31,TH,Thailand,151.9548
2017-12-31,TR,Türkiye,224.5963
2017-12-31,US,United States,142.8167
2017-12-31,XM,Euro area,109.6784
2017-12-31,XW,World,137.4167
2017-12-31,ZA,South Africa,146.0165
2018-03-31,4T,Emerging market economies (aggregate),151.3472
2018-03-31,5R,Advanced economies,129.3854
2018-03-31,AT,Austria,154.3115
2018-03-31,AU,Australia,141.9167
2018-03-31,BE,Belgium,117.2194
2018-03-31,BG,Bulgaria,114.0333
2018-03-31,BR,Brazil,148.9426
2018-03-31,CA,Canada,175.2682
2018-03-31,CH,Switzerland,126.7617
2018-03-31,CL,Chile,212.1857
2018-03-31,CN,China,125.8764
2018-03-31,CO,Colombia,183.0673
2018-03-31,CY,Cyprus,75.5045
2018-03-31,CZ,Czechia,131.268
2018-03-31,DE,Germany,138.7645
2018-03-31,DK,Denmark,123.1029
2018-03-31,EE,Estonia,180.155
2018-03-31,ES,Spain,85.4334
2018-03-31,FI,Finland,109.4323
2018-03-31,FR,France,105.7379
2018-03-31,GB,United Kingdom,131.8371
2018-03-31,GR,Greece,63.5261
2018-03-31,HK,Hong Kong SAR,241.4048
2018-03-31,HR,Croatia,99.4144
2018-03-31,HU,Hungary,147.9584
2018-03-31,ID,Indonesia,150.9229
2018-03-31,IE,Ireland,120.2045
2018-03-31,IL,Israel,154.8883
2018-03-31,IN,India,270.1032
2018-03-31,IS,Iceland,195.2283
2018-03-31,IT,Italy,83.403
2018-03-31,JP,Japan,112.5427
2018-03-31,KR,Korea,118.9426
2018-03-31,LT,Lithuania,142.2529
2018-03-31,LU,Luxembourg,147.144
2018-03-31,LV,Latvia,156.84
2018-03-31,MA,Morocco,107.1939
2018-03-31,MK,North Macedonia,95.31
2018-03-31,MT,Malta,122.2116
2018-03-31,MX,Mexico,157.6318
2018-03-31,MY,Malaysia,189.3538
2018-03-31,NL,Netherlands,107.8881
2018-03-31,NO,Norway,146.4531
2018-03-31,NZ,New Zealand,171.3068
2018-03-31,PE,Peru,167.6095
2018-03-31,PH,Philippines,182.5465
2018-03-31,PL,Poland,103.6644
2018-03-31,PT,Portugal,116.9647
2018-03-31,RO,Romania,97.0711
2018-03-31,RS,Serbia,122.0725
2018-03-31,RU,Russia,89.4809
2018-03-31,SE,Sweden,153.104
2018-03-31,SG,Singapore,108.4478
2018-03-31,SI,Slovenia,100.7105
2018-03-31,SK,Slovakia,123.1692
2018-03-31,TH,Thailand,152.4738
2018-03-31,TR,Türkiye,229.2103
2018-03-31,US,United States,145.0167
2018-03-31,XM,Euro area,110.7704
2018-03-31,XW,World,138.937
2018-03-31,ZA,South Africa,147.0666
2018-06-30,4T,Emerging market economies (aggregate),153.7714
2018-06-30,5R,Advanced economies,130.8419
2018-06-30,AT,Austria,155.2544
2018-06-30,AU,Australia,140.9487
2018-06-30,BE,Belgium,118.4639
2018-06-30,BG,Bulgaria,117.2369
2018-06-30,BR,Brazil,149.3765
2018-06-30,CA,Canada,177.4911
2018-06-30,CH,Switzerland,128.7736
2018-06-30,CL,Chile,217.6942
2018-06-30,CN,China,127.7012
2018-06-30,CO,Colombia,189.7529
2018-06-30,CY,Cyprus,75.7755
2018-06-30,CZ,Czechia,135.1536
2018-06-30,DE,Germany,141.4503
2018-06-30,DK,Denmark,127.8246
2018-06-30,EE,Estonia,182.1545
2018-06-30,ES,Spain,87.6212
2018-06-30,FI,Finland,110.7296
2018-06-30,FR,France,106.6399
2018-06-30,GB,United Kingdom,133.3333
2018-06-30,GR,Greece,64.051
2018-06-30,HK,Hong Kong SAR,254.3487
2018-06-30,HR,Croatia,99.476
2018-06-30,HU,Hungary,152.1217
2018-06-30,ID,Indonesia,151.8042
2018-06-30,IE,Ireland,123.1302
2018-06-30,IL,Israel,155.8034
2018-06-30,IN,India,276.7452
2018-06-30,IS,Iceland,196.4424
2018-06-30,IT,Italy,83.9931
2018-06-30,JP,Japan,112.0093
2018-06-30,KR,Korea,119.5457
2018-06-30,LT,Lithuania,146.0843
2018-06-30,LU,Luxembourg,148.2977
2018-06-30,LV,Latvia,161.68
2018-06-30,MA,Morocco,107.1939
2018-06-30,MK,North Macedonia,94.47
2018-06-30,MT,Malta,126.9781
2018-06-30,MX,Mexico,161.2641
2018-06-30,MY,Malaysia,191.2355
2018-06-30,NL,Netherlands,109.9554
2018-06-30,NO,Norway,152.2066
2018-06-30,NZ,New Zealand,171.688
2018-06-30,PE,Peru,165.842
2018-06-30,PH,Philippines,183.9294
2018-06-30,PL,Poland,106.0032
2018-06-30,PT,Portugal,119.6928
2018-06-30,RO,Romania,100.4184
2018-06-30,RS,Serbia,124.7505
2018-06-30,RU,Russia,90.1704
2018-06-30,SE,Sweden,154.1806
2018-06-30,SG,Singapore,112.1355
2018-06-30,SI,Slovenia,102.3239
2018-06-30,SK,Slovakia,124.6688
2018-06-30,TH,Thailand,152.6814
2018-06-30,TR,Türkiye,236.5927
2018-06-30,US,United States,146.7027
2018-06-30,XM,Euro area,112.3929
2018-06-30,XW,World,140.8334
2018-06-30,ZA,South Africa,148.409
2018-09-30,4T,Emerging market economies (aggregate),156.5783
2018-09-30,5R,Advanced economies,132.1901
2018-09-30,AT,Austria,159.6543
2018-09-30,AU,Australia,138.819
2018-09-30,BE,Belgium,120.7893
2018-09-30,BG,Bulgaria,118.132
2018-09-30,BR,Brazil,150.0189
2018-09-30,CA,Canada,177.8331
2018-09-30,CH,Switzerland,129.587
2018-09-30,CL,Chile,226.1814
2018-09-30,CN,China,131.5698
2018-09-30,CO,Colombia,188.7427
2018-09-30,CY,Cyprus,76.2976
2018-09-30,CZ,Czechia,138.514
2018-09-30,DE,Germany,144.3151
2018-09-30,DK,Denmark,128.1619
2018-09-30,EE,Estonia,182.5544
2018-09-30,ES,Spain,89.5406
2018-09-30,FI,Finland,110.2339
2018-09-30,FR,France,108.8449
2018-09-30,GB,United Kingdom,135.8271
2018-09-30,GR,Greece,64.5116
2018-09-30,HK,Hong Kong SAR,260.3788
2018-09-30,HR,Croatia,102.3734
2018-09-30,HU,Hungary,158.5268
2018-09-30,ID,Indonesia,152.2753
2018-09-30,IE,Ireland,125.8042
2018-09-30,IL,Israel,155.3204
2018-09-30,IN,India,279.0045
2018-09-30,IS,Iceland,199.8878
2018-09-30,IT,Italy,83.3046
2018-09-30,JP,Japan,112.1093
2018-09-30,KR,Korea,120.3656
2018-09-30,LT,Lithuania,147.6782
2018-09-30,LU,Luxembourg,150.667
2018-09-30,LV,Latvia,159.73
2018-09-30,MA,Morocco,107.0986
2018-09-30,MK,North Macedonia,95.63
2018-09-30,MT,Malta,130.9819
2018-09-30,MX,Mexico,164.9095
2018-09-30,MY,Malaysia,193.4142
2018-09-30,NL,Netherlands,113.444
2018-09-30,NO,Norway,150.5067
2018-09-30,NZ,New Zealand,173.3236
2018-09-30,PE,Peru,169.9126
2018-09-30,PH,Philippines,183.3148
2018-09-30,PL,Poland,107.4046
2018-09-30,PT,Portugal,120.8479
2018-09-30,RO,Romania,99.5816
2018-09-30,RS,Serbia,127.402
2018-09-30,RU,Russia,90.8011
2018-09-30,SE,Sweden,155.6896
2018-09-30,SG,Singapore,112.6623
2018-09-30,SI,Slovenia,104.6707
2018-09-30,SK,Slovakia,124.2689
2018-09-30,TH,Thailand,154.861
2018-09-30,TR,Türkiye,238.0124
2018-09-30,US,United States,148.1691
2018-09-30,XM,Euro area,114.2012
2018-09-30,XW,World,142.8472
2018-09-30,ZA,South Africa,149.5686
2018-12-31,4T,Emerging market economies (aggregate),159.0342
2018-12-31,5R,Advanced economies,132.6986
2018-12-31,AT,Austria,159.7329
2018-12-31,AU,Australia,135.5276
2018-12-31,BE,Belgium,120.1561
2018-12-31,BG,Bulgaria,119.2391
2018-12-31,BR,Brazil,150.9125
2018-12-31,CA,Canada,177.1491
2018-12-31,CH,Switzerland,131.4893
2018-12-31,CL,Chile,231.2859
2018-12-31,CN,China,134.1611
2018-12-31,CO,Colombia,187.0215
2018-12-31,CY,Cyprus,76.9802
2018-12-31,CZ,Czechia,141.1394
2018-12-31,DE,Germany,146.1056
2018-12-31,DK,Denmark,126.6442
2018-12-31,EE,Estonia,187.6531
2018-12-31,ES,Spain,89.903
2018-12-31,FI,Finland,109.8753
2018-12-31,FR,France,108.8449
2018-12-31,GB,United Kingdom,135.1621
2018-12-31,GR,Greece,65.3151
2018-12-31,HK,Hong Kong SAR,244.0554
2018-12-31,HR,Croatia,103.4214
2018-12-31,HU,Hungary,162.5834
2018-12-31,ID,Indonesia,152.8224
2018-12-31,IE,Ireland,126.685
2018-12-31,IL,Israel,154.5452
2018-12-31,IN,India,283.1675
2018-12-31,IS,Iceland,202.4122
2018-12-31,IT,Italy,83.2063
2018-12-31,JP,Japan,111.476
2018-12-31,KR,Korea,122.0746
2018-12-31,LT,Lithuania,149.1494
2018-12-31,LU,Luxembourg,154.7669
2018-12-31,LV,Latvia,165.44
2018-12-31,MA,Morocco,107.8609
2018-12-31,MK,North Macedonia,95.42
2018-12-31,MT,Malta,135.939
2018-12-31,MX,Mexico,168.0721
2018-12-31,MY,Malaysia,193.4142
2018-12-31,NL,Netherlands,114.9945
2018-12-31,NO,Norway,146.9761
2018-12-31,NZ,New Zealand,174.8623
2018-12-31,PE,Peru,170.2999
2018-12-31,PH,Philippines,185.466
2018-12-31,PL,Poland,109.9422
2018-12-31,PT,Portugal,123.2811
2018-12-31,RO,Romania,100.4184
2018-12-31,RS,Serbia,130.0801
2018-12-31,RU,Russia,92.4425
2018-12-31,SE,Sweden,155.4239
2018-12-31,SG,Singapore,112.587
2018-12-31,SI,Slovenia,107.1091
2018-12-31,SK,Slovakia,127.7681
2018-12-31,TH,Thailand,155.5876
2018-12-31,TR,Türkiye,240
2018-12-31,US,United States,149.4354
2018-12-31,XM,Euro area,114.9618
2018-12-31,XW,World,144.2467
2018-12-31,ZA,South Africa,150.7944
2019-03-31,4T,Emerging market economies (aggregate),160.4432
2019-03-31,5R,Advanced economies,133.5121
2019-03-31,AT,Austria,161.9328
2019-03-31,AU,Australia,131.4618
2019-03-31,BE,Belgium,121.1823
2019-03-31,BG,Bulgaria,122.3485
2019-03-31,BR,Brazil,152.1373
2019-03-31,CA,Canada,176.2942
2019-03-31,CH,Switzerland,132.7897
2019-03-31,CL,Chile,233.3696
2019-03-31,CN,China,135.4384
2019-03-31,CO,Colombia,193.2697
2019-03-31,CY,Cyprus,77.5123
2019-03-31,CZ,Czechia,144.0798
2019-03-31,DE,Germany,146.1056
2019-03-31,DK,Denmark,126.8128
2019-03-31,EE,Estonia,190.8523
2019-03-31,ES,Spain,91.3258
2019-03-31,FI,Finland,109.812
2019-03-31,FR,France,108.8449
2019-03-31,GB,United Kingdom,133.6658
2019-03-31,GR,Greece,67.0184
2019-03-31,HK,Hong Kong SAR,244.453
2019-03-31,HR,Croatia,107.2639
2019-03-31,HU,Hungary,176.1409
2019-03-31,ID,Indonesia,153.3846
2019-03-31,IE,Ireland,125.521
2019-03-31,IL,Israel,156.1592
2019-03-31,IN,India,279.9041
2019-03-31,IS,Iceland,203.7729
2019-03-31,IT,Italy,82.7145
2019-03-31,JP,Japan,115.1429
2019-03-31,KR,Korea,122.1278
2019-03-31,LT,Lithuania,153.4406
2019-03-31,LU,Luxembourg,155.7559
2019-03-31,LV,Latvia,166.83
2019-03-31,MA,Morocco,106.5269
2019-03-31,MK,North Macedonia,96.87
2019-03-31,MT,Malta,130.2193
2019-03-31,MX,Mexico,171.8704
2019-03-31,MY,Malaysia,194.1075
2019-03-31,NL,Netherlands,116.9326
2019-03-31,NO,Norway,150.899
2019-03-31,NZ,New Zealand,175.7425
2019-03-31,PE,Peru,171.9173
2019-03-31,PH,Philippines,188.1044
2019-03-31,PL,Poland,112.0538
2019-03-31,PT,Portugal,127.7542
2019-03-31,RO,Romania,100.4184
2019-03-31,RS,Serbia,133.2378
2019-03-31,RU,Russia,95.948
2019-03-31,SE,Sweden,155.4349
2019-03-31,SG,Singapore,111.8344
2019-03-31,SI,Slovenia,108.3375
2019-03-31,SK,Slovakia,130.1675
2019-03-31,TH,Thailand,153.9269
2019-03-31,TR,Türkiye,238.5803
2019-03-31,US,United States,150.5785
2019-03-31,XM,Euro area,115.4086
2019-03-31,XW,World,145.3309
2019-03-31,ZA,South Africa,151.8626
2019-06-30,4T,Emerging market economies (aggregate),162.7089
2019-06-30,5R,Advanced economies,134.8328
2019-06-30,AT,Austria,163.8971
2019-06-30,AU,Australia,130.4937
2019-06-30,BE,Belgium,122.0994
2019-06-30,BG,Bulgaria,123.1023
2019-06-30,BR,Brazil,153.779
2019-06-30,CA,Canada,177.8331
2019-06-30,CH,Switzerland,133.4812
2019-06-30,CL,Chile,234.7169
2019-06-30,CN,China,137.1538
2019-06-30,CO,Colombia,195.8136
2019-06-30,CY,Cyprus,77.9239
2019-06-30,CZ,Czechia,147.6503
2019-06-30,DE,Germany,149.8657
2019-06-30,DK,Denmark,129.511
2019-06-30,EE,Estonia,192.6518
2019-06-30,ES,Spain,92.3593
2019-06-30,FI,Finland,111.4996
2019-06-30,FR,France,110.0476
2019-06-30,GB,United Kingdom,134.6633
2019-06-30,GR,Greece,68.9145
2019-06-30,HK,Hong Kong SAR,261.2844
2019-06-30,HR,Croatia,109.6476
2019-06-30,HU,Hungary,182.0123
2019-06-30,ID,Indonesia,153.7189
2019-06-30,IE,Ireland,126.1817
2019-06-30,IL,Israel,157.6844
2019-06-30,IN,India,286.2845
2019-06-30,IS,Iceland,204.6434
2019-06-30,IT,Italy,83.8948
2019-06-30,JP,Japan,114.1762
2019-06-30,KR,Korea,121.7577
2019-06-30,LT,Lithuania,155.7088
2019-06-30,LU,Luxembourg,163.7703
2019-06-30,LV,Latvia,174.48
2019-06-30,MA,Morocco,106.5269
2019-06-30,MK,North Macedonia,99.76
2019-06-30,MT,Malta,134.795
2019-06-30,MX,Mexico,176.0633
2019-06-30,MY,Malaysia,195.692
2019-06-30,NL,Netherlands,118.4831
2019-06-30,NO,Norway,155.2141
2019-06-30,NZ,New Zealand,175.1256
2019-06-30,PE,Peru,173.6966
2019-06-30,PH,Philippines,195.1776
2019-06-30,PL,Poland,114.6672
2019-06-30,PT,Portugal,131.023
2019-06-30,RO,Romania,102.0921
2019-06-30,RS,Serbia,136.702
2019-06-30,RU,Russia,96.4025
2019-06-30,SE,Sweden,157.5277
2019-06-30,SG,Singapore,113.4901
2019-06-30,SI,Slovenia,109.9143
2019-06-30,SK,Slovakia,134.9663
2019-06-30,TH,Thailand,155.1724
2019-06-30,TR,Türkiye,242.5555
2019-06-30,US,United States,152.0884
2019-06-30,XM,Euro area,117.3077
2019-06-30,XW,World,147.0808
2019-06-30,ZA,South Africa,152.3529
2019-09-30,4T,Emerging market economies (aggregate),164.5519
2019-09-30,5R,Advanced economies,136.1758
2019-09-30,AT,Austria,163.2685
2019-09-30,AU,Australia,133.6883
2019-09-30,BE,Belgium,125.9532
2019-09-30,BG,Bulgaria,124.7276
2019-09-30,BR,Brazil,155.8774
2019-09-30,CA,Canada,178.1751
2019-09-30,CH,Switzerland,133.6664
2019-09-30,CL,Chile,244.1798
2019-09-30,CN,China,138.5041
2019-09-30,CO,Colombia,199.6642
2019-09-30,CY,Cyprus,78.4359
2019-09-30,CZ,Czechia,150.5907
2019-09-30,DE,Germany,152.0143
2019-09-30,DK,Denmark,131.0287
2019-09-30,EE,Estonia,197.3507
2019-09-30,ES,Spain,93.8358
2019-09-30,FI,Finland,110.8035
2019-09-30,FR,France,112.5532
2019-09-30,GB,United Kingdom,136.8246
2019-09-30,GR,Greece,69.8573
2019-09-30,HK,Hong Kong SAR,256.9109
2019-09-30,HR,Croatia,110.2435
2019-09-30,HU,Hungary,184.8946
2019-09-30,ID,Indonesia,154.1748
2019-09-30,IE,Ireland,128.0063
2019-09-30,IL,Israel,158.358
2019-09-30,IN,India,288.0732
2019-09-30,IS,Iceland,206.5356
2019-09-30,IT,Italy,83.5997
2019-09-30,JP,Japan,113.5095
2019-09-30,KR,Korea,121.718
2019-09-30,LT,Lithuania,157.1801
2019-09-30,LU,Luxembourg,167.3963
2019-09-30,LV,Latvia,179.94
2019-09-30,MA,Morocco,107.1939
2019-09-30,MK,North Macedonia,97.21
2019-09-30,MT,Malta,138.9895
2019-09-30,MX,Mexico,178.8326
2019-09-30,MY,Malaysia,197.5737
2019-09-30,NL,Netherlands,120.6796
2019-09-30,NO,Norway,154.0373
2019-09-30,NZ,New Zealand,178.688
2019-09-30,PE,Peru,173.2663
2019-09-30,PH,Philippines,196.1196
2019-09-30,PL,Poland,117.0249
2019-09-30,PT,Portugal,133.8249
2019-09-30,RO,Romania,103.7657
2019-09-30,RS,Serbia,140.3527
2019-09-30,RU,Russia,98.1507
2019-09-30,SE,Sweden,160.2649
2019-09-30,SG,Singapore,114.9953
2019-09-30,SI,Slovenia,112.0411
2019-09-30,SK,Slovakia,138.6653
2019-09-30,TH,Thailand,152.4738
2019-09-30,TR,Türkiye,249.37
2019-09-30,US,United States,153.8694
2019-09-30,XM,Euro area,118.8724
2019-09-30,XW,World,148.648
2019-09-30,ZA,South Africa,152.7378
2019-12-31,4T,Emerging market economies (aggregate),166.4191
2019-12-31,5R,Advanced economies,137.3899
2019-12-31,AT,Austria,164.6042
2019-12-31,AU,Australia,138.9158
2019-12-31,BE,Belgium,125.2436
2019-12-31,BG,Bulgaria,126.6357
2019-12-31,BR,Brazil,158.4155
2019-12-31,CA,Canada,180.056
2019-12-31,CH,Switzerland,136.0166
2019-12-31,CL,Chile,249.8645
2019-12-31,CN,China,139.2341
2019-12-31,CO,Colombia,199.1632
2019-12-31,CY,Cyprus,78.6367
2019-12-31,CZ,Czechia,153.7411
2019-12-31,DE,Germany,155.5953
2019-12-31,DK,Denmark,129.6796
2019-12-31,EE,Estonia,203.0492
2019-12-31,ES,Spain,93.2183
2019-12-31,FI,Finland,110.0229
2019-12-31,FR,France,112.9541
2019-12-31,GB,United Kingdom,136.3259
2019-12-31,GR,Greece,70.2001
2019-12-31,HK,Hong Kong SAR,252.4049
2019-12-31,HR,Croatia,113.1409
2019-12-31,HU,Hungary,183.5068
2019-12-31,ID,Indonesia,154.7218
2019-12-31,IE,Ireland,127.6917
2019-12-31,IL,Israel,160.061
2019-12-31,IN,India,291.5876
2019-12-31,IS,Iceland,211.085
2019-12-31,IT,Italy,83.403
2019-12-31,JP,Japan,112.5427
2019-12-31,KR,Korea,122.1546
2019-12-31,LT,Lithuania,158.8659
2019-12-31,LU,Luxembourg,171.1872
2019-12-31,LV,Latvia,180.08
2019-12-31,MA,Morocco,106.9081
2019-12-31,MK,North Macedonia,98.52
2019-12-31,MT,Malta,143.756
2019-12-31,MX,Mexico,180.9432
2019-12-31,MY,Malaysia,196.8804
2019-12-31,NL,Netherlands,122.4885
2019-12-31,NO,Norway,150.7682
2019-12-31,NZ,New Zealand,183.2138
2019-12-31,PE,Peru,169.2388
2019-12-31,PH,Philippines,201.7839
2019-12-31,PL,Poland,120.3106
2019-12-31,PT,Portugal,136.0614
2019-12-31,RO,Romania,104.6025
2019-12-31,RS,Serbia,144.1899
2019-12-31,RU,Russia,98.5077
2019-12-31,SE,Sweden,160.521
2019-12-31,SG,Singapore,115.5974
2019-12-31,SI,Slovenia,112.2977
2019-12-31,SK,Slovakia,141.7646
2019-12-31,TH,Thailand,158.8052
2019-12-31,TR,Türkiye,258.669
2019-12-31,US,United States,156.1418
2019-12-31,XM,Euro area,119.9282
2019-12-31,XW,World,150.1569
2019-12-31,ZA,South Africa,153.7968
2020-03-31,4T,Emerging market economies (aggregate),168.3011
2020-03-31,5R,Advanced economies,139.1169
2020-03-31,AT,Austria,167.4327
2020-03-31,AU,Australia,141.1423
2020-03-31,BE,Belgium,125.8113
2020-03-31,BG,Bulgaria,128.0961
2020-03-31,BR,Brazil,161.4361
2020-03-31,CA,Canada,183.8179
2020-03-31,CH,Switzerland,134.9888
2020-03-31,CL,Chile,254.2973
2020-03-31,CN,China,139.4895
2020-03-31,CO,Colombia,202.9695
2020-03-31,CY,Cyprus,78.9278
2020-03-31,CZ,Czechia,156.4715
2020-03-31,DE,Germany,156.8487
2020-03-31,DK,Denmark,130.5228
2020-03-31,EE,Estonia,212.7468
2020-03-31,ES,Spain,94.3324
2020-03-31,FI,Finland,111.0672
2020-03-31,FR,France,114.1569
2020-03-31,GB,United Kingdom,135.9934
2020-03-31,GR,Greece,71.5284
2020-03-31,HK,Hong Kong SAR,249.931
2020-03-31,HR,Croatia,116.2643
2020-03-31,HU,Hungary,190.7659
2020-03-31,ID,Indonesia,155.3904
2020-03-31,IE,Ireland,126.7479
2020-03-31,IL,Israel,161.5988
2020-03-31,IN,India,290.8659
2020-03-31,IS,Iceland,215.0068
2020-03-31,IT,Italy,84.0915
2020-03-31,JP,Japan,114.6429
2020-03-31,KR,Korea,123.4607
2020-03-31,LT,Lithuania,163.0038
2020-03-31,LU,Luxembourg,178.0067
2020-03-31,LV,Latvia,181.43
2020-03-31,MA,Morocco,105.8599
2020-03-31,MK,North Macedonia,99.13
2020-03-31,MT,Malta,137.4643
2020-03-31,MX,Mexico,183.9652
2020-03-31,MY,Malaysia,197.7717
2020-03-31,NL,Netherlands,124.9435
2020-03-31,NO,Norway,153.7757
2020-03-31,NZ,New Zealand,189.0217
2020-03-31,PE,Peru,171.3878
2020-03-31,PH,Philippines,202.6184
2020-03-31,PL,Poland,124.6662
2020-03-31,PT,Portugal,141.2719
2020-03-31,RO,Romania,108.7866
2020-03-31,RS,Serbia,148.1871
2020-03-31,RU,Russia,102.7828
2020-03-31,SE,Sweden,162.5092
2020-03-31,SG,Singapore,114.4685
2020-03-31,SI,Slovenia,113.4711
2020-03-31,SK,Slovakia,147.2632
2020-03-31,TH,Thailand,160.3621
2020-03-31,TR,Türkiye,274.2147
2020-03-31,US,United States,158.4607
2020-03-31,XM,Euro area,121.3008
2020-03-31,XW,World,151.9469
2020-03-31,ZA,South Africa,153.7577
2020-06-30,4T,Emerging market economies (aggregate),169.8112
2020-06-30,5R,Advanced economies,140.3364
2020-06-30,AT,Austria,172.4612
2020-06-30,AU,Australia,138.6254
2020-06-30,BE,Belgium,127.307
2020-06-30,BG,Bulgaria,126.7299
2020-06-30,BR,Brazil,164.902
2020-06-30,CA,Canada,187.9217
2020-06-30,CH,Switzerland,136.8285
2020-06-30,CL,Chile,256.9437
2020-06-30,CN,China,140.256
2020-06-30,CO,Colombia,197.7678
2020-06-30,CY,Cyprus,79.6607
2020-06-30,CZ,Czechia,159.0969
2020-06-30,DE,Germany,159.7135
2020-06-30,DK,Denmark,133.2209
2020-06-30,EE,Estonia,200.4499
2020-06-30,ES,Spain,94.3727
2020-06-30,FI,Finland,112.2274
2020-06-30,FR,France,115.7605
2020-06-30,GB,United Kingdom,136.3259
2020-06-30,GR,Greece,71.8712
2020-06-30,HK,Hong Kong SAR,254.0836
2020-06-30,HR,Croatia,118.3397
2020-06-30,HU,Hungary,186.7094
2020-06-30,ID,Indonesia,155.8159
2020-06-30,IE,Ireland,126.6221
2020-06-30,IL,Israel,161.2684
2020-06-30,IN,India,294.37
2020-06-30,IS,Iceland,218.3284
2020-06-30,IT,Italy,86.747
2020-06-30,JP,Japan,113.3761
2020-06-30,KR,Korea,124.671
2020-06-30,LT,Lithuania,166.5594
2020-06-30,LU,Luxembourg,185.4648
2020-06-30,LV,Latvia,177.1
2020-06-30,MA,Morocco,100.7146
2020-06-30,MK,North Macedonia,101.21
2020-06-30,MT,Malta,140.1335
2020-06-30,MX,Mexico,186.2172
2020-06-30,MY,Malaysia,198.465
2020-06-30,NL,Netherlands,127.9152
2020-06-30,NO,Norway,159.3985
2020-06-30,NZ,New Zealand,187.0465
2020-06-30,PE,Peru,173.4013
2020-06-30,PH,Philippines,212.0423
2020-06-30,PL,Poland,127.1755
2020-06-30,PT,Portugal,143.7542
2020-06-30,RO,Romania,108.7866
2020-06-30,RS,Serbia,152.5173
2020-06-30,RU,Russia,104.1895
2020-06-30,SE,Sweden,162.6474
2020-06-30,SG,Singapore,114.8448
2020-06-30,SI,Slovenia,115.6529
2020-06-30,SK,Slovakia,148.063
2020-06-30,TH,Thailand,161.8153
2020-06-30,TR,Türkiye,290.1154
2020-06-30,US,United States,159.8111
2020-06-30,XM,Euro area,123.2943
2020-06-30,XW,World,153.295
2020-06-30,ZA,South Africa,154.2289
2020-09-30,4T,Emerging market economies (aggregate),171.6667
2020-09-30,5R,Advanced economies,143.2187
2020-09-30,AT,Austria,178.7468
2020-09-30,AU,Australia,139.6902
2020-09-30,BE,Belgium,129.9708
2020-09-30,BG,Bulgaria,131.2055
2020-09-30,BR,Brazil,168.7163
2020-09-30,CA,Canada,190.4866
2020-09-30,CH,Switzerland,137.1256
2020-09-30,CL,Chile,253.6588
2020-09-30,CN,China,141.5698
2020-09-30,CO,Colombia,201.8111
2020-09-30,CY,Cyprus,79.3695
2020-09-30,CZ,Czechia,163.1924
2020-09-30,DE,Germany,164.5479
2020-09-30,DK,Denmark,136.425
2020-09-30,EE,Estonia,205.0487
2020-09-30,ES,Spain,95.5404
2020-09-30,FI,Finland,112.681
2020-09-30,FR,France,118.0656
2020-09-30,GB,United Kingdom,140.3159
2020-09-30,GR,Greece,72.5676
2020-09-30,HK,Hong Kong SAR,254.1278
2020-09-30,HR,Croatia,117.7438
2020-09-30,HU,Hungary,193.8618
2020-09-30,ID,Indonesia,156.1198
2020-09-30,IE,Ireland,126.9996
2020-09-30,IL,Israel,162.7681
2020-09-30,IN,India,291.2529
2020-09-30,IS,Iceland,222.5389
2020-09-30,IT,Italy,84.4849
2020-09-30,JP,Japan,113.3761
2020-09-30,KR,Korea,127.2227
2020-09-30,LT,Lithuania,167.2644
2020-09-30,LU,Luxembourg,190.5537
2020-09-30,LV,Latvia,183.05
2020-09-30,MA,Morocco,105.8599
2020-09-30,MK,North Macedonia,100.16
2020-09-30,MT,Malta,142.612
2020-09-30,MX,Mexico,187.8402
2020-09-30,MY,Malaysia,197.9698
2020-09-30,NL,Netherlands,130.887
2020-09-30,NO,Norway,161.6214
2020-09-30,NZ,New Zealand,196.5346
2020-09-30,PE,Peru,174.1416
2020-09-30,PH,Philippines,208.5135
2020-09-30,PL,Poland,129.7794
2020-09-30,PT,Portugal,143.0906
2020-09-30,RO,Romania,105.4393
2020-09-30,RS,Serbia,157.3272
2020-09-30,RU,Russia,107.5779
2020-09-30,SE,Sweden,166.2236
2020-09-30,SG,Singapore,115.7479
2020-09-30,SI,Slovenia,115.7446
2020-09-30,SK,Slovakia,150.2624
2020-09-30,TH,Thailand,159.6356
2020-09-30,TR,Türkiye,320.4259
2020-09-30,US,United States,164.8909
2020-09-30,XM,Euro area,125.0757
2020-09-30,XW,World,155.685
2020-09-30,ZA,South Africa,157.0434
2020-12-31,4T,Emerging market economies (aggregate),174.1556
2020-12-31,5R,Advanced economies,146.8312
2020-12-31,AT,Austria,181.0253
2020-12-31,AU,Australia,143.9497
2020-12-31,BE,Belgium,132.591
2020-12-31,BG,Bulgaria,133.4904
2020-12-31,BR,Brazil,172.5906
2020-12-31,CA,Canada,195.1035
2020-12-31,CH,Switzerland,140.2729
2020-12-31,CL,Chile,261.1373
2020-12-31,CN,China,142.4458
2020-12-31,CO,Colombia,202.6087
2020-12-31,CY,Cyprus,79.239
2020-12-31,CZ,Czechia,167.498
2020-12-31,DE,Germany,169.2032
2020-12-31,DK,Denmark,138.9545
2020-12-31,EE,Estonia,212.8468
2020-12-31,ES,Spain,94.7888
2020-12-31,FI,Finland,113.915
2020-12-31,FR,France,119.569
2020-12-31,GB,United Kingdom,144.3059
2020-12-31,GR,Greece,72.4283
2020-12-31,HK,Hong Kong SAR,252.2061
2020-12-31,HR,Croatia,120.2918
2020-12-31,HU,Hungary,191.193
2020-12-31,ID,Indonesia,156.4997
2020-12-31,IE,Ireland,128.604
2020-12-31,IL,Israel,165.9581
2020-12-31,IN,India,297.9786
2020-12-31,IS,Iceland,227.4732
2020-12-31,IT,Italy,84.6816
2020-12-31,JP,Japan,114.3095
2020-12-31,KR,Korea,130.9111
2020-12-31,LT,Lithuania,173.7931
2020-12-31,LU,Luxembourg,199.7013
2020-12-31,LV,Latvia,184.1
2020-12-31,MA,Morocco,108.6232
2020-12-31,MK,North Macedonia,100.38
2020-12-31,MT,Malta,146.0439
2020-12-31,MX,Mexico,190.6729
2020-12-31,MY,Malaysia,199.2572
2020-12-31,NL,Netherlands,133.0835
2020-12-31,NO,Norway,162.1445
2020-12-31,NZ,New Zealand,212.6486
2020-12-31,PE,Peru,175.7486
2020-12-31,PH,Philippines,209.6731
2020-12-31,PL,Poland,131.0671
2020-12-31,PT,Portugal,146.8756
2020-12-31,RO,Romania,107.113
2020-12-31,RS,Serbia,162.5768
2020-12-31,RU,Russia,112.2823
2020-12-31,SE,Sweden,168.9879
2020-12-31,SG,Singapore,118.1562
2020-12-31,SI,Slovenia,118.1097
2020-12-31,SK,Slovakia,151.862
2020-12-31,TH,Thailand,160.5697
2020-12-31,TR,Türkiye,339.7338
2020-12-31,US,United States,170.987
2020-12-31,XM,Euro area,127.0501
2020-12-31,XW,World,158.7526
2020-12-31,ZA,South Africa,160.1996
2021-03-31,4T,Emerging market economies (aggregate),176.3222
2021-03-31,5R,Advanced economies,150.7268
2021-03-31,AT,Austria,188.0966
2021-03-31,AU,Australia,151.6941
2021-03-31,BE,Belgium,133.639
2021-03-31,BG,Bulgaria,137.7304
2021-03-31,BR,Brazil,176.165
2021-03-31,CA,Canada,199.8913
2021-03-31,CH,Switzerland,140.199
2021-03-31,CL,Chile,275.0971
2021-03-31,CN,China,143.7231
2021-03-31,CO,Colombia,207.4358
2021-03-31,CY,Cyprus,79.6406
2021-03-31,CZ,Czechia,177.3694
2021-03-31,DE,Germany,171.5309
2021-03-31,DK,Denmark,142.3272
2021-03-31,EE,Estonia,226.7433
2021-03-31,ES,Spain,95.2183
2021-03-31,FI,Finland,115.6554
2021-03-31,FR,France,120.4711
2021-03-31,GB,United Kingdom,146.4672
2021-03-31,GR,Greece,74.7744
2021-03-31,HK,Hong Kong SAR,255.431
2021-03-31,HR,Croatia,121.8329
2021-03-31,HU,Hungary,209.2341
2021-03-31,ID,Indonesia,156.8796
2021-03-31,IE,Ireland,130.5859
2021-03-31,IL,Israel,169.0846
2021-03-31,IN,India,298.5957
2021-03-31,IS,Iceland,233.3833
2021-03-31,IT,Italy,85.5668
2021-03-31,JP,Japan,118.4765
2021-03-31,KR,Korea,136.1153
2021-03-31,LT,Lithuania,182.4981
2021-03-31,LU,Luxembourg,208.5192
2021-03-31,LV,Latvia,186.65
2021-03-31,MA,Morocco,106.5269
2021-03-31,MK,North Macedonia,102.04
2021-03-31,MT,Malta,143.756
2021-03-31,MX,Mexico,196.0467
2021-03-31,MY,Malaysia,199.1582
2021-03-31,NL,Netherlands,137.8642
2021-03-31,NO,Norway,170.9055
2021-03-31,NZ,New Zealand,232.0061
2021-03-31,PE,Peru,175.0434
2021-03-31,PH,Philippines,210.9456
2021-03-31,PL,Poland,133.6616
2021-03-31,PT,Portugal,150.6114
2021-03-31,RO,Romania,109.6234
2021-03-31,RS,Serbia,168.3593
2021-03-31,RU,Russia,114.1583
2021-03-31,SE,Sweden,174.2737
2021-03-31,SG,Singapore,122.0696
2021-03-31,SI,Slovenia,121.7033
2021-03-31,SK,Slovakia,150.1625
2021-03-31,TH,Thailand,161.919
2021-03-31,TR,Türkiye,360.5324
2021-03-31,US,United States,176.4162
2021-03-31,XM,Euro area,128.8462
2021-03-31,XW,World,161.7974
2021-03-31,ZA,South Africa,163.4582
2021-06-30,4T,Emerging market economies (aggregate),179.2074
2021-06-30,5R,Advanced economies,156.1134
2021-06-30,AT,Austria,192.7323
2021-06-30,AU,Australia,161.8587
2021-06-30,BE,Belgium,136.2264
2021-06-30,BG,Bulgaria,138.2015
2021-06-30,BR,Brazil,179.2027
2021-06-30,CA,Canada,213.2288
2021-06-30,CH,Switzerland,143.2772
2021-06-30,CL,Chile,283.543
2021-06-30,CN,China,145.402
2021-06-30,CO,Colombia,212.1607
2021-06-30,CY,Cyprus,79.8514
2021-06-30,CZ,Czechia,186.5056
2021-06-30,DE,Germany,178.1558
2021-06-30,DK,Denmark,150.253
2021-06-30,EE,Estonia,232.6418
2021-06-30,ES,Spain,97.4732
2021-06-30,FI,Finland,118.44
2021-06-30,FR,France,122.7762
2021-06-30,GB,United Kingdom,149.1272
2021-06-30,GR,Greece,76.8098
2021-06-30,HK,Hong Kong SAR,260.4009
2021-06-30,HR,Croatia,126.1482
2021-06-30,HU,Hungary,218.2012
2021-06-30,ID,Indonesia,157.3051
2021-06-30,IE,Ireland,133.6689
2021-06-30,IL,Israel,173.66
2021-06-30,IN,India,300.1751
2021-06-30,IS,Iceland,245.8909
2021-06-30,IT,Italy,86.9437
2021-06-30,JP,Japan,119.5766
2021-06-30,KR,Korea,140.8895
2021-06-30,LT,Lithuania,188.659
2021-06-30,LU,Luxembourg,210.4764
2021-06-30,LV,Latvia,198.53
2021-06-30,MA,Morocco,103.0967
2021-06-30,MK,North Macedonia,105.42
2021-06-30,MT,Malta,147.7598
2021-06-30,MX,Mexico,200.6422
2021-06-30,MY,Malaysia,200.5447
2021-06-30,NL,Netherlands,143.9369
2021-06-30,NO,Norway,179.1435
2021-06-30,NZ,New Zealand,240.3853
2021-06-30,PE,Peru,175.8926
2021-06-30,PH,Philippines,217.1014
2021-06-30,PL,Poland,137.771
2021-06-30,PT,Portugal,155.0108
2021-06-30,RO,Romania,112.1339
2021-06-30,RS,Serbia,174.8746
2021-06-30,RU,Russia,119.1462
2021-06-30,SE,Sweden,180.4166
2021-06-30,SG,Singapore,123.048
2021-06-30,SI,Slovenia,127.2952
2021-06-30,SK,Slovakia,155.0612
2021-06-30,TH,Thailand,163.1646
2021-06-30,TR,Türkiye,389.6362
2021-06-30,US,United States,184.6949
2021-06-30,XM,Euro area,132.4385
2021-06-30,XW,World,165.944
2021-06-30,ZA,South Africa,166.12
2021-09-30,4T,Emerging market economies (aggregate),180.9755
2021-09-30,5R,Advanced economies,161.4507
2021-09-30,AT,Austria,197.3679
2021-09-30,AU,Australia,169.9903
2021-09-30,BE,Belgium,139.7855
2021-09-30,BG,Bulgaria,142.63
2021-09-30,BR,Brazil,181.581
2021-09-30,CA,Canada,217.8456
2021-09-30,CH,Switzerland,146.6497
2021-09-30,CL,Chile,287.4578
2021-09-30,CN,China,145.9129
2021-09-30,CO,Colombia,214.8675
2021-09-30,CY,Cyprus,80.3032
2021-09-30,CZ,Czechia,199.3174
2021-09-30,DE,Germany,185.4969
2021-09-30,DK,Denmark,154.3002
2021-09-30,EE,Estonia,240.5399
2021-09-30,ES,Spain,99.5269
2021-09-30,FI,Finland,118.1552
2021-09-30,FR,France,126.4846
2021-09-30,GB,United Kingdom,151.9534
2021-09-30,GR,Greece,78.9523
2021-09-30,HK,Hong Kong SAR,263.6479
2021-09-30,HR,Croatia,128.3674
2021-09-30,HU,Hungary,226.2076
2021-09-30,ID,Indonesia,157.7153
2021-09-30,IE,Ireland,140.4326
2021-09-30,IL,Israel,178.4005
2021-09-30,IN,India,298.1878
2021-09-30,IS,Iceland,255.1456
2021-09-30,IT,Italy,87.9272
2021-09-30,JP,Japan,122.6102
2021-09-30,KR,Korea,146.4089
2021-09-30,LT,Lithuania,198.8352
2021-09-30,LU,Luxembourg,216.0597
2021-09-30,LV,Latvia,205.74
2021-09-30,MA,Morocco,100.0476
2021-09-30,MK,North Macedonia,105.82
2021-09-30,MT,Malta,151.001
2021-09-30,MX,Mexico,204.1149
2021-09-30,MY,Malaysia,200.0495
2021-09-30,NL,Netherlands,152.077
2021-09-30,NO,Norway,178.4897
2021-09-30,NZ,New Zealand,252.8815
2021-09-30,PE,Peru,172.9691
2021-09-30,PH,Philippines,218.9644
2021-09-30,PL,Poland,141.3503
2021-09-30,PT,Portugal,159.5576
2021-09-30,RO,Romania,112.1339
2021-09-30,RS,Serbia,181.8429
2021-09-30,RU,Russia,123.2451
2021-09-30,SE,Sweden,185.0698
2021-09-30,SG,Singapore,124.4026
2021-09-30,SI,Slovenia,130.6687
2021-09-30,SK,Slovakia,162.3594
2021-09-30,TH,Thailand,166.3822
2021-09-30,TR,Türkiye,427.1162
2021-09-30,US,United States,192.4299
2021-09-30,XM,Euro area,136.6295
2021-09-30,XW,World,169.5115
2021-09-30,ZA,South Africa,167.9497
2021-12-31,4T,Emerging market economies (aggregate),183.9408
2021-12-31,5R,Advanced economies,165.6435
2021-12-31,AT,Austria,203.7321
2021-12-31,AU,Australia,178.0252
2021-12-31,BE,Belgium,140.4187
2021-12-31,BG,Bulgaria,145.9985
2021-12-31,BR,Brazil,183.2426
2021-12-31,CA,Canada,222.2914
2021-12-31,CH,Switzerland,150.5325
2021-12-31,CL,Chile,301.4479
2021-12-31,CN,China,144.745
2021-12-31,CO,Colombia,215.763
2021-12-31,CY,Cyprus,81.3171
2021-12-31,CZ,Czechia,210.659
2021-12-31,DE,Germany,190.6893
2021-12-31,DK,Denmark,154.4688
2021-12-31,EE,Estonia,256.2359
2021-12-31,ES,Spain,100.7617
2021-12-31,FI,Finland,118.3556
2021-12-31,FR,France,127.7875
2021-12-31,GB,United Kingdom,154.7797
2021-12-31,GR,Greece,79.7022
2021-12-31,HK,Hong Kong SAR,261.417
2021-12-31,HR,Croatia,131.6963
2021-12-31,HU,Hungary,234.7478
2021-12-31,ID,Indonesia,158.3536
2021-12-31,IE,Ireland,146.3783
2021-12-31,IL,Israel,185.4542
2021-12-31,IN,India,307.2983
2021-12-31,IS,Iceland,263.5298
2021-12-31,IT,Italy,88.0256
2021-12-31,JP,Japan,122.1102
2021-12-31,KR,Korea,151.5295
2021-12-31,LT,Lithuania,208.2452
2021-12-31,LU,Luxembourg,223.8681
2021-12-31,LV,Latvia,213.8
2021-12-31,MA,Morocco,100.8099
2021-12-31,MK,North Macedonia,111.8
2021-12-31,MT,Malta,152.7169
2021-12-31,MX,Mexico,206.974
2021-12-31,MY,Malaysia,203.0205
2021-12-31,NL,Netherlands,157.7621
2021-12-31,NO,Norway,175.0899
2021-12-31,NZ,New Zealand,267.7825
2021-12-31,PE,Peru,170.4981
2021-12-31,PH,Philippines,223.0055
2021-12-31,PL,Poland,146.9084
2021-12-31,PT,Portugal,163.9078
2021-12-31,RO,Romania,115.4812
2021-12-31,RS,Serbia,189.171
2021-12-31,RU,Russia,129.0708
2021-12-31,SE,Sweden,187.4125
2021-12-31,SG,Singapore,130.6491
2021-12-31,SI,Slovenia,136.7374
2021-12-31,SK,Slovakia,168.158
2021-12-31,TH,Thailand,165.448
2021-12-31,TR,Türkiye,506.9033
2021-12-31,US,United States,199.8409
2021-12-31,XM,Euro area,139.1779
2021-12-31,XW,World,173.066
2021-12-31,ZA,South Africa,169.7484
2022-03-31,4T,Emerging market economies (aggregate),188.8223
2022-03-31,5R,Advanced economies,171.3711
2022-03-31,AT,Austria,211.3534
2022-03-31,AU,Australia,182.9175
2022-03-31,BE,Belgium,141.9471
2022-03-31,BG,Bulgaria,153.607
2022-03-31,BR,Brazil,184.2333
2022-03-31,CA,Canada,250.7758
2022-03-31,CH,Switzerland,149.9769
2022-03-31,CL,Chile,295.4348
2022-03-31,CN,China,143.5042
2022-03-31,CO,Colombia,223.784
2022-03-31,CY,Cyprus,82.1805
2022-03-31,CZ,Czechia,220.8454
2022-03-31,DE,Germany,192.4799
2022-03-31,DK,Denmark,156.1551
2022-03-31,EE,Estonia,274.3314
2022-03-31,ES,Spain,103.3388
2022-03-31,FI,Finland,119.1361
2022-03-31,FR,France,128.89
2022-03-31,GB,United Kingdom,158.4372
2022-03-31,GR,Greece,82.2732
2022-03-31,HK,Hong Kong SAR,255.2985
2022-03-31,HR,Croatia,138.5595
2022-03-31,HU,Hungary,257.6995
2022-03-31,ID,Indonesia,159.3565
2022-03-31,IE,Ireland,150.0904
2022-03-31,IL,Israel,194.7955
2022-03-31,IN,India,303.9616
2022-03-31,IS,Iceland,277.9159
2022-03-31,IT,Italy,89.5009
2022-03-31,JP,Japan,129.2108
2022-03-31,KR,Korea,153.2776
2022-03-31,LT,Lithuania,217.4713
2022-03-31,LU,Luxembourg,229.8429
2022-03-31,LV,Latvia,219.12
2022-03-31,MA,Morocco,100.8099
2022-03-31,MK,North Macedonia,114.76
2022-03-31,MT,Malta,153.4795
2022-03-31,MX,Mexico,211.2251
2022-03-31,MY,Malaysia,203.9119
2022-03-31,NL,Netherlands,164.0933
2022-03-31,NO,Norway,183.1971
2022-03-31,NZ,New Zealand,263.5409
2022-03-31,PE,Peru,171.3539
2022-03-31,PH,Philippines,230.1263
2022-03-31,PL,Poland,151.7849
2022-03-31,PT,Portugal,170.126
2022-03-31,RO,Romania,117.1548
2022-03-31,RS,Serbia,196.4991
2022-03-31,RU,Russia,151.2562
2022-03-31,SE,Sweden,192.2475
2022-03-31,SG,Singapore,131.5522
2022-03-31,SI,Slovenia,142.421
2022-03-31,SK,Slovakia,171.4571
2022-03-31,TH,Thailand,166.486
2022-03-31,TR,Türkiye,693.0967
2022-03-31,US,United States,208.2058
2022-03-31,XM,Euro area,141.7262
2022-03-31,XW,World,178.321
2022-03-31,ZA,South Africa,171.8685
2022-06-30,4T,Emerging market economies (aggregate),192.5939
2022-06-30,5R,Advanced economies,174.908
2022-06-30,AT,Austria,218.0318
2022-06-30,AU,Australia,183.4788
2022-06-30,BE,Belgium,144.3052
2022-06-30,BG,Bulgaria,158.3888
2022-06-30,BR,Brazil,184.8671
2022-06-30,CA,Canada,244.2732
2022-06-30,CH,Switzerland,153.9967
2022-06-30,CL,Chile,303.8754
2022-06-30,CN,China,142.2268
2022-06-30,CO,Colombia,226.8679
2022-06-30,CY,Cyprus,83.5759
2022-06-30,CZ,Czechia,228.0914
2022-06-30,DE,Germany,196.2399
2022-06-30,DK,Denmark,158.8533
2022-06-30,EE,Estonia,296.2259
2022-06-30,ES,Spain,105.3253
2022-06-30,FI,Finland,120.8554
2022-06-30,FR,France,131.095
2022-06-30,GB,United Kingdom,162.4273
2022-06-30,GR,Greece,85.1656
2022-06-30,HK,Hong Kong SAR,254.5254
2022-06-30,HR,Croatia,143.4296
2022-06-30,HU,Hungary,272.4313
2022-06-30,ID,Indonesia,159.9035
2022-06-30,IE,Ireland,152.7645
2022-06-30,IL,Israel,204.0352
2022-06-30,IN,India,310.2479
2022-06-30,IS,Iceland,302.1522
2022-06-30,IT,Italy,91.4679
2022-06-30,JP,Japan,130.5775
2022-06-30,KR,Korea,154.115
2022-06-30,LT,Lithuania,230.2835
2022-06-30,LU,Luxembourg,234.8493
2022-06-30,LV,Latvia,230.94
2022-06-30,MA,Morocco,101.0958
2022-06-30,MK,North Macedonia,122.81
2022-06-30,MT,Malta,158.8179
2022-06-30,MX,Mexico,216.6289
2022-06-30,MY,Malaysia,205.7935
2022-06-30,NL,Netherlands,169.1324
2022-06-30,NO,Norway,190.5198
2022-06-30,NZ,New Zealand,252.6666
2022-06-30,PE,Peru,172.9568
2022-06-30,PH,Philippines,238.0161
2022-06-30,PL,Poland,154.8149
2022-06-30,PT,Portugal,175.4101
2022-06-30,RO,Romania,121.3389
2022-06-30,RS,Serbia,203.7206
2022-06-30,RU,Russia,154.235
2022-06-30,SE,Sweden,193.1446
2022-06-30,SG,Singapore,136.143
2022-06-30,SI,Slovenia,147.1146
2022-06-30,SK,Slovakia,180.8548
2022-06-30,TH,Thailand,168.9771
2022-06-30,TR,Türkiye,947.8616
2022-06-30,US,United States,213.9605
2022-06-30,XM,Euro area,144.9194
2022-06-30,XW,World,181.9393
2022-06-30,ZA,South Africa,173.6169
2022-09-30,4T,Emerging market economies (aggregate),195.6792
2022-09-30,5R,Advanced economies,174.9547
2022-09-30,AT,Austria,218.6604
2022-09-30,AU,Australia,177.1329
2022-09-30,BE,Belgium,147.3403
2022-09-30,BG,Bulgaria,164.8666
2022-09-30,BR,Brazil,185.5294
2022-09-30,CA,Canada,222.2207
2022-09-30,CH,Switzerland,155.9098
2022-09-30,CL,Chile,310.7475
2022-09-30,CN,China,141.1319
2022-09-30,CO,Colombia,229.3376
2022-09-30,CY,Cyprus,85.3428
2022-09-30,CZ,Czechia,230.4017
2022-09-30,DE,Germany,194.9866
2022-09-30,DK,Denmark,159.3592
2022-09-30,EE,Estonia,298.7253
2022-09-30,ES,Spain,107.1373
2022-09-30,FI,Finland,119.5475
2022-09-30,FR,France,134.6029
2022-09-30,GB,United Kingdom,168.5786
2022-09-30,GR,Greece,88.9151
2022-09-30,HK,Hong Kong SAR,244.0775
2022-09-30,HR,Croatia,147.3749
2022-09-30,HU,Hungary,280.7579
2022-09-30,ID,Indonesia,160.7697
2022-09-30,IE,Ireland,157.1058
2022-09-30,IL,Israel,213.3384
2022-09-30,IN,India,318.0057
2022-09-30,IS,Iceland,312.873
2022-09-30,IT,Italy,90.4844
2022-09-30,JP,Japan,132.2444
2022-09-30,KR,Korea,154.1198
2022-09-30,LT,Lithuania,237.1494
2022-09-30,LU,Luxembourg,239.9176
2022-09-30,LV,Latvia,233.72
2022-09-30,MA,Morocco,101.5722
2022-09-30,MK,North Macedonia,128.48
2022-09-30,MT,Malta,160.7245
2022-09-30,MX,Mexico,223.3499
2022-09-30,MY,Malaysia,210.3491
2022-09-30,NL,Netherlands,170.4244
2022-09-30,NO,Norway,187.12
2022-09-30,NZ,New Zealand,243.6636
2022-09-30,PE,Peru,173.1625
2022-09-30,PH,Philippines,249.4314
2022-09-30,PL,Poland,158.4888
2022-09-30,PT,Portugal,180.5469
2022-09-30,RO,Romania,119.6653
2022-09-30,RS,Serbia,210.6356
2022-09-30,RU,Russia,156.3471
2022-09-30,SE,Sweden,187.1993
2022-09-30,SG,Singapore,141.3358
2022-09-30,SI,Slovenia,150.5065
2022-09-30,SK,Slovakia,186.0535
2022-09-30,TH,Thailand,168.6657
2022-09-30,TR,Türkiye,1198.0834
2022-09-30,US,United States,212.8297
2022-09-30,XM,Euro area,146.255
2022-09-30,XW,World,183.4899
2022-09-30,ZA,South Africa,174.8941
2022-12-31,4T,Emerging market economies (aggregate),196.9001
2022-12-31,5R,Advanced economies,173.4097
2022-12-31,AT,Austria,214.4176
2022-12-31,AU,Australia,172.5522
2022-12-31,BE,Belgium,146.8927
2022-12-31,BG,Bulgaria,165.5262
2022-12-31,BR,Brazil,186.5058
2022-12-31,CA,Canada,211.9013
2022-12-31,CH,Switzerland,157.7695
2022-12-31,CL,Chile,316.1632
2022-12-31,CN,China,139.3801
2022-12-31,CO,Colombia,227.4712
2022-12-31,CY,Cyprus,86.6881
2022-12-31,CZ,Czechia,225.256
2022-12-31,DE,Germany,185.855
2022-12-31,DK,Denmark,155.6492
2022-12-31,EE,Estonia,299.4251
2022-12-31,ES,Spain,106.2783
2022-12-31,FI,Finland,115.571
2022-12-31,FR,France,133.8011
2022-12-31,GB,United Kingdom,168.7448
2022-12-31,GR,Greece,91.0576
2022-12-31,HK,Hong Kong SAR,225.9871
2022-12-31,HR,Croatia,154.0327
2022-12-31,HU,Hungary,275.8473
2022-12-31,ID,Indonesia,161.5294
2022-12-31,IE,Ireland,158.9619
2022-12-31,IL,Israel,216.4776
2022-12-31,IN,India,321.1405
2022-12-31,IS,Iceland,316.9505
2022-12-31,IT,Italy,90.386
2022-12-31,JP,Japan,131.3109
2022-12-31,KR,Korea,151.3924
2022-12-31,LT,Lithuania,241.5939
2022-12-31,LU,Luxembourg,236.2297
2022-12-31,LV,Latvia,232.25
2022-12-31,MA,Morocco,101.858
2022-12-31,MK,North Macedonia,134.69
2022-12-31,MT,Malta,161.6778
2022-12-31,MX,Mexico,228.5141
2022-12-31,MY,Malaysia,210.9433
2022-12-31,NL,Netherlands,166.6774
2022-12-31,NO,Norway,179.6666
2022-12-31,NZ,New Zealand,238.8952
2022-12-31,PE,Peru,173.1242
2022-12-31,PH,Philippines,251.8549
2022-12-31,PL,Poland,160.6287
2022-12-31,PT,Portugal,182.4885
2022-12-31,RO,Romania,123.0126
2022-12-31,RS,Serbia,216.8578
2022-12-31,RU,Russia,158.8221
2022-12-31,SE,Sweden,180.4842
2022-12-31,SG,Singapore,141.9379
2022-12-31,SI,Slovenia,152.5783
2022-12-31,SK,Slovakia,184.4539
2022-12-31,TH,Thailand,172.5061
2022-12-31,TR,Türkiye,1371.0027
2022-12-31,US,United States,213.5082
2022-12-31,XM,Euro area,143.7834
2022-12-31,XW,World,183.3187
2022-12-31,ZA,South Africa,175.7451
2023-03-31,4T,Emerging market economies (aggregate),197.9913
2023-03-31,5R,Advanced economies,173.6405
2023-03-31,AT,Austria,213.5533
2023-03-31,AU,Australia,171.7021
2023-03-31,BE,Belgium,147.4276
2023-03-31,BG,Bulgaria,168.1644
2023-03-31,BR,Brazil,187.9476
2023-03-31,CA,Canada,212.0427
2023-03-31,CH,Switzerland,155.8619
2023-03-31,CL,Chile,320.0799
2023-03-31,CN,China,138.6866
2023-03-31,CO,Colombia,241.4051
2023-03-31,CY,Cyprus,88.4851
2023-03-31,CZ,Czechia,222.4206
2023-03-31,DE,Germany,180.3044
2023-03-31,DK,Denmark,149.2411
2023-03-31,EE,Estonia,299.5251
2023-03-31,ES,Spain,107.0031
2023-03-31,FI,Finland,112.6388
2023-03-31,FR,France,132.5983
2023-03-31,GB,United Kingdom,164.7548
2023-03-31,GR,Greece,95.1284
2023-03-31,HK,Hong Kong SAR,229.1457
2023-03-31,HR,Croatia,157.8136
2023-03-31,HU,Hungary,286.9496
2023-03-31,ID,Indonesia,162.2132
2023-03-31,IE,Ireland,157.7664
2023-03-31,IL,Israel,216.6937
2023-03-31,IN,India,317.1603
2023-03-31,IS,Iceland,315.0263
2023-03-31,IT,Italy,90.386
2023-03-31,JP,Japan,135.3446
2023-03-31,KR,Korea,146.6479
2023-03-31,LT,Lithuania,246.0077
2023-03-31,LU,Luxembourg,226.0932
2023-03-31,LV,Latvia,231.98
2023-03-31,MA,Morocco,101.4769
2023-03-31,MK,North Macedonia,136.64
2023-03-31,MT,Malta,164.7283
2023-03-31,MX,Mexico,235.8938
2023-03-31,MY,Malaysia,213.7163
2023-03-31,NL,Netherlands,164.2225
2023-03-31,NO,Norway,183.0664
2023-03-31,NZ,New Zealand,232.7754
2023-03-31,PE,Peru,172.5929
2023-03-31,PH,Philippines,253.4098
2023-03-31,PL,Poland,160.5151
2023-03-31,PT,Portugal,184.9462
2023-03-31,RO,Romania,122.1757
2023-03-31,RS,Serbia,222.4139
2023-03-31,RU,Russia,152.9796
2023-03-31,SE,Sweden,179.3282
2023-03-31,SG,Singapore,146.604
2023-03-31,SI,Slovenia,155.2367
2023-03-31,SK,Slovakia,184.154
2023-03-31,TH,Thailand,174.3744
2023-03-31,TR,Türkiye,1682.0586
2023-03-31,US,United States,215.7915
2023-03-31,XM,Euro area,142.5399
2023-03-31,XW,World,183.9739
2023-03-31,ZA,South Africa,176.3078
2023-06-30,4T,Emerging market economies (aggregate),200.4131
2023-06-30,5R,Advanced economies,174.8631
2023-06-30,AT,Austria,213.0819
2023-06-30,AU,Australia,176.5027
2023-06-30,BE,Belgium,146.8927
2023-06-30,BG,Bulgaria,175.3254
2023-06-30,BR,Brazil,189.909
2023-06-30,CA,Canada,222.6448
2023-06-30,CH,Switzerland,157.6822
2023-06-30,CL,Chile,328.1567
2023-06-30,CN,China,138.4311
2023-06-30,CO,Colombia,240.4319
2023-06-30,CY,Cyprus,89.7801
2023-06-30,CZ,Czechia,221.8955
2023-06-30,DE,Germany,177.7977
2023-06-30,DK,Denmark,149.747
2023-06-30,EE,Estonia,311.0222
2023-06-30,ES,Spain,109.2312
2023-06-30,FI,Finland,113.5248
2023-06-30,FR,France,131.997
2023-06-30,GB,United Kingdom,163.9235
2023-06-30,GR,Greece,97.8066
2023-06-30,HK,Hong Kong SAR,232.3486
2023-06-30,HR,Croatia,163.4234
2023-06-30,HU,Hungary,289.8319
2023-06-30,ID,Indonesia,162.9882
2023-06-30,IE,Ireland,156.9485
2023-06-30,IL,Israel,214.3425
2023-06-30,IN,India,321.7928
2023-06-30,IS,Iceland,325.9762
2023-06-30,IT,Italy,92.1564
2023-06-30,JP,Japan,134.8112
2023-06-30,KR,Korea,143.6407
2023-06-30,LT,Lithuania,251.8008
2023-06-30,LU,Luxembourg,220.8808
2023-06-30,LV,Latvia,243.36
2023-06-30,MA,Morocco,101.3816
2023-06-30,MK,North Macedonia,138.8
2023-06-30,MT,Malta,167.2069
2023-06-30,MX,Mexico,241.6118
2023-06-30,MY,Malaysia,214.7066
2023-06-30,NL,Netherlands,162.2844
2023-06-30,NO,Norway,190.2583
2023-06-30,NZ,New Zealand,230.1902
2023-06-30,PE,Peru,174.7652
2023-06-30,PH,Philippines,263.0274
2023-06-30,PL,Poland,165.704
2023-06-30,PT,Portugal,190.722
2023-06-30,RO,Romania,121.3389
2023-06-30,RS,Serbia,227.357
2023-06-30,RU,Russia,155.4562
2023-06-30,SE,Sweden,180.1013
2023-06-30,SG,Singapore,146.3029
2023-06-30,SI,Slovenia,158.1702
2023-06-30,SK,Slovakia,176.9558
2023-06-30,TH,Thailand,173.8554
2023-06-30,TR,Türkiye,1947.3292
2023-06-30,US,United States,218.6257
2023-06-30,XM,Euro area,142.8623
2023-06-30,XW,World,185.7779
2023-06-30,ZA,South Africa,176.4023
2023-09-30,4T,Emerging market economies (aggregate),202.5671
2023-09-30,5R,Advanced economies,176.3991
2023-09-30,AT,Austria,212.2962
2023-09-30,AU,Australia,181.3528
2023-09-30,BE,Belgium,148.8141
2023-09-30,BG,Bulgaria,180.0365
2023-09-30,BR,Brazil,192.39
2023-09-30,CA,Canada,221.4432
2023-09-30,CH,Switzerland,157.9503
2023-09-30,CL,Chile,335.3719
2023-09-30,CN,China,136.6428
2023-09-30,CO,Colombia,248.4141
2023-09-30,CY,Cyprus,91.798
2023-09-30,CZ,Czechia,222.3156
2023-09-30,DE,Germany,175.1119
2023-09-30,DK,Denmark,152.4452
2023-09-30,EE,Estonia,310.2224
2023-09-30,ES,Spain,111.9828
2023-09-30,FI,Finland,110.255
2023-09-30,FR,France,132.4981
2023-09-30,GB,United Kingdom,166.7498
2023-09-30,GR,Greece,100.2705
2023-09-30,HK,Hong Kong SAR,223.1156
2023-09-30,HR,Croatia,163.4029
2023-09-30,HU,Hungary,291.0061
2023-09-30,ID,Indonesia,163.9152
2023-09-30,IE,Ireland,159.2764
2023-09-30,IL,Israel,212.919
2023-09-30,IN,India,326.3556
2023-09-30,IS,Iceland,319.9285
2023-09-30,IT,Italy,92.058
2023-09-30,JP,Japan,135.0779
2023-09-30,KR,Korea,142.8322
2023-09-30,LT,Lithuania,257.8697
2023-09-30,LU,Luxembourg,206.4795
2023-09-30,LV,Latvia,240.77
2023-09-30,MA,Morocco,101.6675
2023-09-30,MK,North Macedonia,142.86
2023-09-30,MT,Malta,169.7426
2023-09-30,MX,Mexico,246.5366
2023-09-30,MY,Malaysia,217.2815
2023-09-30,NL,Netherlands,164.0933
2023-09-30,NO,Norway,184.7663
2023-09-30,NZ,New Zealand,233.7665
2023-09-30,PE,Peru,175.0558
2023-09-30,PH,Philippines,267.7573
2023-09-30,PL,Poland,173.1654
2023-09-30,PT,Portugal,194.212
2023-09-30,RO,Romania,125.523
2023-09-30,RS,Serbia,231.6206
2023-09-30,RU,Russia,159.0976
2023-09-30,SE,Sweden,179.3867
2023-09-30,SG,Singapore,147.5071
2023-09-30,SI,Slovenia,158.9769
2023-09-30,SK,Slovakia,178.4554
2023-09-30,TH,Thailand,174.063
2023-09-30,TR,Türkiye,2321.3487
2023-09-30,US,United States,222.6153
2023-09-30,XM,Euro area,143.2153
2023-09-30,XW,World,187.6041
2023-09-30,ZA,South Africa,176.4154
2023-12-31,4T,Emerging market economies (aggregate),203.5502
2023-12-31,5R,Advanced economies,176.2903
2023-12-31,AT,Austria,209.3891
2023-12-31,AU,Australia,185.0522
2023-12-31,BE,Belgium,150.9648
2023-12-31,BG,Bulgaria,182.2036
2023-12-31,BR,Brazil,195.2764
2023-12-31,CA,Canada,212.8908
2023-12-31,CH,Switzerland,159.7388
2023-12-31,CL,Chile,340.0146
2023-12-31,CN,China,134.1976
2023-12-31,CO,Colombia,238.6348
2023-12-31,CY,Cyprus,93.9163
2023-12-31,CZ,Czechia,222.9457
2023-12-31,DE,Germany,171.7099
2023-12-31,DK,Denmark,154.8061
2023-12-31,EE,Estonia,316.7208
2023-12-31,ES,Spain,110.8419
2023-12-31,FI,Finland,109.158
2023-12-31,FR,France,128.9902
2023-12-31,GB,United Kingdom,164.5885
2023-12-31,GR,Greece,102.413
2023-12-31,HK,Hong Kong SAR,209.5974
2023-12-31,HR,Croatia,169.1359
2023-12-31,HU,Hungary,296.1302
2023-12-31,ID,Indonesia,164.3406
2023-12-31,IE,Ireland,163.9324
2023-12-31,IL,Israel,212.9698
2023-12-31,IN,India,330.6303
2023-12-31,IS,Iceland,330.3744
2023-12-31,IT,Italy,91.9597
2023-12-31,JP,Japan,133.9778
2023-12-31,KR,Korea,142.9153
2023-12-31,LT,Lithuania,261.7318
2023-12-31,LU,Luxembourg,202.1324
2023-12-31,LV,Latvia,234.15
2023-12-31,MA,Morocco,101.5722
2023-12-31,MK,North Macedonia,143.94
2023-12-31,MT,Malta,172.5453
2023-12-31,MX,Mexico,251.5062
2023-12-31,MY,Malaysia,219.0641
2023-12-31,NL,Netherlands,166.9358
2023-12-31,NO,Norway,178.3589
2023-12-31,NZ,New Zealand,237.4259
2023-12-31,PE,Peru,178.202
2023-12-31,PH,Philippines,259.9342
2023-12-31,PL,Poland,181.5358
2023-12-31,PT,Portugal,196.7926
2023-12-31,RO,Romania,127.1967
2023-12-31,RS,Serbia,235.2047
2023-12-31,RU,Russia,163.965
2023-12-31,SE,Sweden,175.3291
2023-12-31,SG,Singapore,151.6463
2023-12-31,SI,Slovenia,163.1205
2023-12-31,SK,Slovakia,181.8545
2023-12-31,TH,Thailand,176.8654
2023-12-31,TR,Türkiye,2567.3824
2023-12-31,US,United States,225.0175
2023-12-31,XM,Euro area,142.1714
2023-12-31,XW,World,188.035
2023-12-31,ZA,South Africa,177.3418
2024-03-31,4T,Emerging market economies (aggregate),206.0687
2024-03-31,5R,Advanced economies,177.5812
2024-03-31,AT,Austria,208.0534
2024-03-31,AU,Australia,188.104
2024-03-31,BE,Belgium,152.1439
2024-03-31,BG,Bulgaria,195.1122
2024-03-31,BR,Brazil,198.3798
2024-03-31,CA,Canada,213.5977
2024-03-31,CH,Switzerland,158.1655
2024-03-31,CL,Chile,344.2233
2024-03-31,CN,China,131.5333
2024-03-31,CO,Colombia,260.4544
2024-03-31,CY,Cyprus,95.382
2024-03-31,CZ,Czechia,225.0459
2024-03-31,DE,Germany,170.9937
2024-03-31,DK,Denmark,150.9275
2024-03-31,EE,Estonia,322.9193
2024-03-31,ES,Spain,113.8351
2024-03-31,FI,Finland,108.1138
2024-03-31,FR,France,126.2841
2024-03-31,GB,United Kingdom,162.5935
2024-03-31,GR,Greece,105.4126
2024-03-31,HK,Hong Kong SAR,202.7279
2024-03-31,HR,Croatia,171.8894
2024-03-31,HU,Hungary,321.3237
2024-03-31,ID,Indonesia,165.2676
2024-03-31,IE,Ireland,167.7389
2024-03-31,IL,Israel,219.0576
2024-03-31,IN,India,339.0122
2024-03-31,IS,Iceland,336.9718
2024-03-31,IT,Italy,91.8613
2024-03-31,JP,Japan,138.7116
2024-03-31,KR,Korea,142.5474
2024-03-31,LT,Lithuania,270.4061
2024-03-31,LU,Luxembourg,200.7108
2024-03-31,LV,Latvia,240.38
2024-03-31,MA,Morocco,100.8099
2024-03-31,MK,North Macedonia,142.83
2024-03-31,MT,Malta,175.7483
2024-03-31,MX,Mexico,258.7062
2024-03-31,MY,Malaysia,221.2429
2024-03-31,NL,Netherlands,170.2952
2024-03-31,NO,Norway,185.2893
2024-03-31,NZ,New Zealand,237.62
2024-03-31,PE,Peru,175.2357
2024-03-31,PH,Philippines,272.1933
2024-03-31,PL,Poland,189.4139
2024-03-31,PT,Portugal,197.8986
2024-03-31,RO,Romania,128.8703
2024-03-31,RS,Serbia,238.4157
2024-03-31,RU,Russia,181.9888
2024-03-31,SE,Sweden,176.4816
2024-03-31,SG,Singapore,153.7535
2024-03-31,SI,Slovenia,166.7507
2024-03-31,SK,Slovakia,178.7553
2024-03-31,TH,Thailand,175.4123
2024-03-31,TR,Türkiye,2747.6131
2024-03-31,US,United States,227.1965
2024-03-31,XM,Euro area,142.4324
2024-03-31,XW,World,189.9244
2024-03-31,ZA,South Africa,178.0924
2024-06-30,4T,Emerging market economies (aggregate),206.0813
2024-06-30,5R,Advanced economies,179.5737
2024-06-30,AT,Austria,207.8177
2024-06-30,AU,Australia,192.1255
2024-06-30,BE,Belgium,151.7072
2024-06-30,BG,Bulgaria,201.8256
2024-06-30,BR,Brazil,201.5117
2024-06-30,CA,Canada,216.4956
2024-06-30,CH,Switzerland,159.8522
2024-06-30,CL,Chile,351.5762
2024-06-30,CN,China,128.2121
2024-06-30,CO,Colombia,258.9403
2024-06-30,CY,Cyprus,96.9381
2024-06-30,CZ,Czechia,230.9268
2024-06-30,DE,Germany,173.3214
2024-06-30,DK,Denmark,155.6492
2024-06-30,EE,Estonia,331.817
2024-06-30,ES,Spain,117.9021
2024-06-30,FI,Finland,108.483
2024-06-30,FR,France,125.9835
2024-06-30,GB,United Kingdom,164.5885
2024-06-30,GR,Greece,107.3501
2024-06-30,HK,Hong Kong SAR,202.6837
2024-06-30,HR,Croatia,179.7596
2024-06-30,HU,Hungary,327.1951
2024-06-30,ID,Indonesia,165.8602
2024-06-30,IE,Ireland,170.1927
2024-06-30,IL,Israel,224.0015
2024-06-30,IN,India,346.3127
2024-06-30,IS,Iceland,346.4556
2024-06-30,IT,Italy,94.8119
2024-06-30,JP,Japan,138.5449
2024-06-30,KR,Korea,142.2514
2024-06-30,LT,Lithuania,277.8851
2024-06-30,LU,Luxembourg,202.8329
2024-06-30,LV,Latvia,245.1
2024-06-30,MA,Morocco,101.0958
2024-06-30,MK,North Macedonia,154.58
2024-06-30,MT,Malta,178.7798
2024-06-30,MX,Mexico,264.2148
2024-06-30,MY,Malaysia,223.5207
2024-06-30,NL,Netherlands,174.6883
2024-06-30,NO,Norway,193.135
2024-06-30,NZ,New Zealand,232.9556
2024-06-30,PE,Peru,175.5393
2024-06-30,PH,Philippines,283.7909
2024-06-30,PL,Poland,194.9815
2024-06-30,PT,Portugal,205.616
2024-06-30,RO,Romania,129.7071
2024-06-30,RS,Serbia,241.4535
2024-06-30,RU,Russia,185.3952
2024-06-30,SE,Sweden,178.7262
2024-06-30,SG,Singapore,155.1082
2024-06-30,SI,Slovenia,169.2075
2024-06-30,SK,Slovakia,184.054
2024-06-30,TH,Thailand,176.0351
2024-06-30,TR,Türkiye,2914.8536
2024-06-30,US,United States,228.9564
2024-06-30,XM,Euro area,145.0882
2024-06-30,XW,World,190.9115
2024-06-30,ZA,South Africa,177.4785
2024-09-30,4T,Emerging market economies (aggregate),205.4796
2024-09-30,5R,Advanced economies,181.3098
2024-09-30,AT,Austria,207.5034
2024-09-30,AU,Australia,194.8374
2024-09-30,BE,Belgium,154.109
2024-09-30,BG,Bulgaria,209.7403
2024-09-30,BR,Brazil,204.538
2024-09-30,CA,Canada,212.5374
2024-09-30,CH,Switzerland,160.7092
2024-09-30,CL,Chile,358.3921
2024-09-30,CN,China,124.9274
2024-09-30,CO,Colombia,266.7705
2024-09-30,CY,Cyprus,97.7713
2024-09-30,CZ,Czechia,235.9674
2024-09-30,DE,Germany,174.7538
2024-09-30,DK,Denmark,160.371
2024-09-30,EE,Estonia,330.2174
2024-09-30,ES,Spain,121.2308
2024-09-30,FI,Finland,108.0611
2024-09-30,FR,France,127.8877
2024-09-30,GB,United Kingdom,168.2461
2024-09-30,GR,Greece,108.8511
2024-09-30,HK,Hong Kong SAR,193.8263
2024-09-30,HR,Croatia,184.1775
2024-09-30,HU,Hungary,330.7179
2024-09-30,ID,Indonesia,166.3009
2024-09-30,IE,Ireland,175.0688
2024-09-30,IL,Israel,226.0986
2024-09-30,IN,India,349.1572
2024-09-30,IS,Iceland,357.9553
2024-09-30,IT,Italy,95.5004
2024-09-30,JP,Japan,139.445
2024-09-30,KR,Korea,142.3632
2024-09-30,LT,Lithuania,280.7356
2024-09-30,LU,Luxembourg,202.6474
2024-09-30,LV,Latvia,253.42
2024-09-30,MA,Morocco,101.2863
2024-09-30,MK,North Macedonia,154.21
2024-09-30,MT,Malta,181.5634
2024-09-30,MX,Mexico,269.1844
2024-09-30,MY,Malaysia,226.6898
2024-09-30,NL,Netherlands,181.1487
2024-09-30,NO,Norway,190.7813
2024-09-30,NZ,New Zealand,231.4447
2024-09-30,PE,Peru,175.1899
2024-09-30,PH,Philippines,288.063
2024-09-30,PL,Poland,198.0873
2024-09-30,PT,Portugal,213.2104
2024-09-30,RO,Romania,130.5439
2024-09-30,RS,Serbia,244.4381
2024-09-30,RU,Russia,187.2631
2024-09-30,SE,Sweden,179.7835
2024-09-30,SG,Singapore,154.0546
2024-09-30,SI,Slovenia,171.9393
2024-09-30,SK,Slovakia,189.4526
2024-09-30,TH,Thailand,179.3565
2024-09-30,TR,Türkiye,3093.8066
2024-09-30,US,United States,230.8991
2024-09-30,XM,Euro area,147.4217
2024-09-30,XW,World,191.4604
2024-09-30,ZA,South Africa,177.5598
2024-12-31,4T,Emerging market economies (aggregate),205.7627
2024-12-31,5R,Advanced economies,182.0691
2024-12-31,AT,Austria,207.1106
2024-12-31,AU,Australia,195.7362
2024-12-31,BE,Belgium,155.2226
2024-12-31,BG,Bulgaria,215.4879
2024-12-31,BR,Brazil,207.3788
2024-12-31,CA,Canada,209.0034
2024-12-31,CH,Switzerland,163.5223
2024-12-31,CL,Chile,365.3717
2024-12-31,CN,China,122.7012
2024-12-31,CO,Colombia,262.8793
2024-12-31,CY,Cyprus,98.1729
2024-12-31,CZ,Czechia,241.7432
2024-12-31,DE,Germany,174.9329
2024-12-31,DK,Denmark,160.7083
2024-12-31,EE,Estonia,328.018
2024-12-31,ES,Spain,123.4187
2024-12-31,FI,Finland,107.1434
2024-12-31,FR,France,126.5848
2024-12-31,GB,United Kingdom,168.5786
2024-12-31,GR,Greece,110.0027
2024-12-31,HK,Hong Kong SAR,192.5451
2024-12-31,HR,Croatia,186.0475
2024-12-31,HU,Hungary,343.8484
2024-12-31,ID,Indonesia,166.62
2024-12-31,IE,Ireland,179.2843
2024-12-31,IL,Israel,228.9963
2024-12-31,IN,India,353.3663
2024-12-31,IS,Iceland,359.1465
2024-12-31,IT,Italy,96.0905
2024-12-31,JP,Japan,137.7115
2024-12-31,KR,Korea,142.6825
2024-12-31,LT,Lithuania,287.3563
2024-12-31,LU,Luxembourg,204.8725
2024-12-31,LV,Latvia,251.28
2024-12-31,MA,Morocco,103.2873
2024-12-31,MK,North Macedonia,159.2
2024-12-31,MT,Malta,183.5844
2024-12-31,MX,Mexico,273.4206
2024-12-31,MY,Malaysia,228.7695
2024-12-31,NL,Netherlands,185.0249
2024-12-31,NO,Norway,186.9892
2024-12-31,NZ,New Zealand,233.6487
2024-12-31,PE,Peru,175.5361
2024-12-31,PH,Philippines,285.3213
2024-12-31,PL,Poland,200.4072
2024-12-31,PT,Portugal,219.5515
2024-12-31,RO,Romania,132.2176
2024-12-31,RS,Serbia,247.5292
2024-12-31,RU,Russia,192.012
2024-12-31,SE,Sweden,179.0445
2024-12-31,SG,Singapore,157.5917
2024-12-31,SI,Slovenia,175.4962
2024-12-31,SK,Slovakia,196.3509
2024-12-31,TH,Thailand,181.4324
2024-12-31,TR,Türkiye,3300.2307
2024-12-31,US,United States,232.7997
2024-12-31,XM,Euro area,148.2967
2024-12-31,XW,World,191.9718
2024-12-31,ZA,South Africa,179.2479
2025-03-31,4T,Emerging market economies (aggregate),207.9473
2025-03-31,5R,Advanced economies,184.1073
2025-03-31,AT,Austria,208.8391
2025-03-31,AU,Australia,196.5064
2025-03-31,BE,Belgium,156.2051
2025-03-31,BG,Bulgaria,224.5097
2025-03-31,BR,Brazil,210.0625
2025-03-31,CA,Canada,210.417
2025-03-31,CH,Switzerland,164.697
2025-03-31,CL,Chile,366.5434
2025-03-31,CN,China,121.6428
2025-03-31,CO,Colombia,271.5109
2025-03-31,CY,Cyprus,99.99
2025-03-31,CZ,Czechia,247.414
2025-03-31,DE,Germany,177.4396
2025-03-31,DK,Denmark,164.0809
2025-03-31,EE,Estonia,337.8155
2025-03-31,ES,Spain,127.8346
2025-03-31,FI,Finland,105.6457
2025-03-31,FR,France,126.7853
2025-03-31,GB,United Kingdom,169.4098
2025-03-31,GR,Greece,113.3772
2025-03-31,HK,Hong Kong SAR,189.4528
2025-03-31,HR,Croatia,194.7806
2025-03-31,HU,Hungary,374.3795
2025-03-31,ID,Indonesia,167.0455
2025-03-31,IE,Ireland,181.046
2025-03-31,IL,Israel,232.0465
2025-03-31,IN,India,352.0088
2025-03-31,IS,Iceland,360.5667
2025-03-31,IT,Italy,95.8938
2025-03-31,JP,Japan,145.2121
2025-03-31,KR,Korea,142.3289
2025-03-31,LT,Lithuania,294.1303
2025-03-31,LU,Luxembourg,202.668
2025-03-31,LV,Latvia,253.45
2025-03-31,MA,Morocco,101.3816
2025-03-31,MK,North Macedonia,170.68
2025-03-31,MT,Malta,186.1582
2025-03-31,MX,Mexico,279.7973
2025-03-31,MY,Malaysia,229.0666
2025-03-31,NL,Netherlands,188.6427
2025-03-31,NO,Norway,197.3194
2025-03-31,NZ,New Zealand,233.0942
2025-03-31,PE,Peru,176.5378
2025-03-31,PH,Philippines,292.78
2025-03-31,PL,Poland,201.8748
2025-03-31,PT,Portugal,230.1198
2025-03-31,RO,Romania,135.5649
2025-03-31,RS,Serbia,250.7669
2025-03-31,RU,Russia,213.0126
2025-03-31,SE,Sweden,180.1982
2025-03-31,SG,Singapore,158.8711
2025-03-31,SI,Slovenia,177.5496
2025-03-31,SK,Slovakia,202.3494
2025-03-31,TH,Thailand,181.5362
2025-03-31,TR,Türkiye,3622.4312
2025-03-31,US,United States,233.4622
2025-03-31,XM,Euro area,150.2924
2025-03-31,XW,World,194.0603
2025-03-31,ZA,South Africa,181.2646
2025-06-30,4T,Emerging market economies (aggregate),208.8755
2025-06-30,5R,Advanced economies,184.9887
2025-06-30,AT,Austria,207.8177
2025-06-30,AU,Australia,199.929
2025-06-30,BE,Belgium,156.0523
2025-06-30,BG,Bulgaria,233.1076
2025-06-30,BR,Brazil,212.6748
2025-06-30,CA,Canada,210.205
2025-06-30,CH,Switzerland,167.7727
2025-06-30,CL,Chile,374.059
2025-06-30,CN,China,120.0004
2025-06-30,CO,Colombia,284.525
2025-06-30,CY,Cyprus,101.4758
2025-06-30,CZ,Czechia,255.1851
2025-06-30,DE,Germany,179.051
2025-06-30,DK,Denmark,166.9477
2025-06-30,EE,Estonia,350.1125
2025-06-30,ES,Spain,132.9486
2025-06-30,FI,Finland,106.7215
2025-06-30,FR,France,126.7853
2025-06-30,GB,United Kingdom,167.9135
2025-06-30,GR,Greece,116.0215
2025-06-30,HK,Hong Kong SAR,189.8945
2025-06-30,HR,Croatia,202.8152
2025-06-30,HU,Hungary,382.7062
2025-06-30,ID,Indonesia,167.3494
2025-06-30,IE,Ireland,183.4054
2025-06-30,IL,Israel,229.9876
2025-06-30,IN,India,358.9313
2025-06-30,IS,Iceland,366.706
2025-06-30,IT,Italy,98.5493
2025-06-30,JP,Japan,143.612
2025-06-30,KR,Korea,142.4055
2025-06-30,LT,Lithuania,302.2529
2025-06-30,LU,Luxembourg,212.1865
2025-06-30,LV,Latvia,260.95
2025-06-30,MA,Morocco,101.3816
2025-06-30,MK,North Macedonia,185.32
2025-06-30,MT,Malta,188.8656
2025-06-30,MX,Mexico,287.2368
2025-06-30,MY,Malaysia,230.255
2025-06-30,NL,Netherlands,191.356
2025-06-30,NO,Norway,201.896
2025-06-30,NZ,New Zealand,230.3843
2025-06-30,PE,Peru,179.4641
2025-06-30,PH,Philippines,305.2098
2025-06-30,PL,Poland,204.1947
2025-06-30,PT,Portugal,241.0568
2025-06-30,RO,Romania,135.5649
2025-06-30,RS,Serbia,254.4309
2025-06-30,RU,Russia,215.5209
2025-06-30,SE,Sweden,179.7669
2025-06-30,SG,Singapore,160.4516
2025-06-30,SI,Slovenia,183.1416
2025-06-30,SK,Slovakia,204.8488
2025-06-30,TH,Thailand,181.0172
2025-06-30,TR,Türkiye,3866.5484
2025-06-30,US,United States,233.5267
2025-06-30,XM,Euro area,152.7794
2025-06-30,XW,World,194.955
2025-06-30,ZA,South Africa,183.3456
2025-09-30,4T,Emerging market economies (aggregate),208.8916
2025-09-30,5R,Advanced economies,186.5774
2025-09-30,AT,Austria,210.5677
2025-09-30,AU,Australia,204.7158
2025-09-30,BE,Belgium,159.7533
2025-09-30,BG,Bulgaria,241.9645
2025-09-30,BR,Brazil,215.3242
2025-09-30,CA,Canada,205.7521
2025-09-30,CH,Switzerland,169.102
2025-09-30,CL,Chile,381.1491
2025-09-30,CN,China,118.0296
2025-09-30,CO,Colombia,288.8084
2025-09-30,CY,Cyprus,102.6905
2025-09-30,CZ,Czechia,261.486
2025-09-30,DE,Germany,180.3044
2025-09-30,DK,Denmark,170.489
2025-09-30,EE,Estonia,347.3132
2025-09-30,ES,Spain,136.8008
2025-09-30,FI,Finland,105.1288
2025-09-30,FR,France,128.7898
2025-09-30,GB,United Kingdom,171.7373
2025-09-30,GR,Greece,118.4072
2025-09-30,HK,Hong Kong SAR,192.2359
2025-09-30,HR,Croatia,208.7332
2025-09-30,HU,Hungary,407.6861
2025-09-30,ID,Indonesia,167.7141
2025-09-30,IE,Ireland,188.1557
2025-09-30,IL,Israel,227.6237
2025-09-30,IN,India,361.5015
2025-09-30,IS,Iceland,368.0805
2025-09-30,IT,Italy,99.0411
2025-09-30,JP,Japan,145.4788
2025-09-30,KR,Korea,142.8669
2025-09-30,LT,Lithuania,311.1418
2025-09-30,LU,Luxembourg,204.5841
2025-09-30,LV,Latvia,273.55
2025-09-30,MA,Morocco,103.3826
2025-09-30,MK,North Macedonia,192.87
2025-09-30,MT,Malta,192.3737
2025-09-30,MX,Mexico,293.0447
2025-09-30,MY,Malaysia,231.9386
2025-09-30,NL,Netherlands,195.4907
2025-09-30,NO,Norway,200.3269
2025-09-30,NZ,New Zealand,230.218
2025-09-30,PE,Peru,182.3113
2025-09-30,PH,Philippines,293.5066
2025-09-30,PL,Poland,205.9843
2025-09-30,PT,Portugal,250.9124
2025-09-30,RO,Romania,138.9121
2025-09-30,RS,Serbia,258.0416
2025-09-30,RU,Russia,217.2466
2025-09-30,SE,Sweden,180.3509
2025-09-30,SG,Singapore,161.8815
2025-09-30,SI,Slovenia,184.1866
2025-09-30,SK,Slovakia,214.8463
2025-09-30,TH,Thailand,180.083
2025-09-30,TR,Türkiye,4087.8793
2025-09-30,US,United States,234.1899
2025-09-30,XM,Euro area,155.1282
2025-09-30,XW,World,195.7231
2025-09-30,ZA,South Africa,186.2415
2025-12-31,4T,Emerging market economies (aggregate),208.8001
2025-12-31,5R,Advanced economies,187.2411
2025-12-31,AT,Austria,211.5105
2025-12-31,AU,Australia,211.7035
2025-12-31,BE,Belgium,160.583
2025-12-31,BG,Bulgaria,242.6241
2025-12-31,BR,Brazil,218.065
2025-12-31,CA,Canada,201.9353
2025-12-31,CH,Switzerland,169.9661
2025-12-31,CL,Chile,383.2448
2025-12-31,CN,China,115.6573
2025-12-31,CO,Colombia,294.1004
2025-12-31,CY,Cyprus,105.1601
2025-12-31,CZ,Czechia,266.8417
2025-12-31,DE,Germany,179.4091
2025-12-31,DK,Denmark,172.8499
2025-12-31,EE,Estonia,346.2134
2025-12-31,ES,Spain,139.3108
2025-12-31,FI,Finland,104.401
2025-12-31,FR,France,127.7875
2025-12-31,GB,United Kingdom,171.9036
2025-12-31,GR,Greece,119.5723
2025-12-31,HK,Hong Kong SAR,197.2942
2025-12-31,HR,Croatia,215.617
2025-12-31,HU,Hungary,416.5466
2025-12-31,ID,Indonesia,168.0028
2025-12-31,IE,Ireland,191.805
2025-12-31,IL,Israel,228.3862
2025-12-31,IN,India,366.002
2025-12-31,IS,Iceland,372.2496
2025-12-31,IT,Italy,99.9262
2025-12-31,JP,Japan,144.6454
2025-12-31,KR,Korea,143.6856
2025-12-31,LT,Lithuania,318.5287
2025-12-31,LU,Luxembourg,204.6459
2025-12-31,LV,Latvia,277.67
2025-12-31,MA,Morocco,103.9543
2025-12-31,MK,North Macedonia,199
2025-12-31,MT,Malta,195.2145
2025-12-31,MX,Mexico,297.8198
2025-12-31,MY,Malaysia,234.4145
2025-12-31,NL,Netherlands,196.3951
2025-12-31,NO,Norway,198.104
2025-12-31,NZ,New Zealand,230.8625
2025-12-31,PE,Peru,186.2488
2025-12-31,PH,Philippines,289.794
2025-12-31,PL,Poland,209.09
2025-12-31,PT,Portugal,261.0138
2025-12-31,RO,Romania,141.4226
2025-12-31,RS,Serbia,261.3992
2025-12-31,RU,Russia,219.4072
2025-12-31,SE,Sweden,181.1671
2025-12-31,SG,Singapore,162.8598
2025-12-31,SI,Slovenia,188.4952
2025-12-31,SK,Slovakia,221.3447
2025-12-31,TH,Thailand,182.5741
2025-12-31,TR,Türkiye,4310.701
2025-12-31,US,United States,235.1402
2025-12-31,XM,Euro area,155.8497
2025-12-31,XW,World,195.9922
2025-12-31,ZA,South Africa,189.0208
2026-03-31,4T,Emerging market economies (aggregate),210.308
2026-03-31,5R,Advanced economies,188.0388
2026-03-31,AT,Austria,213.8676
2026-03-31,AU,Australia,216.7389
2026-03-31,BE,Belgium,159.3166
2026-03-31,BG,Bulgaria,257.6762
2026-03-31,BR,Brazil,220.9115
2026-03-31,CA,Canada,200.3096
2026-03-31,CH,Switzerland,172.4741
2026-03-31,CL,Chile,385.3439
2026-03-31,CN,China,113.9785
2026-03-31,CO,Colombia,306.1638
2026-03-31,CY,Cyprus,107.5394
2026-03-31,CZ,Czechia,272.3024
2026-03-31,DE,Germany,179.9463
2026-03-31,DK,Denmark,177.7403
2026-03-31,EE,Estonia,357.9105
2026-03-31,ES,Spain,144.2233
2026-03-31,FI,Finland,103.5467
2026-03-31,FR,France,126.8855
2026-03-31,GB,United Kingdom,171.4048
2026-03-31,GR,Greece,120.8239
2026-03-31,HK,Hong Kong SAR,204.3625
2026-03-31,HR,Croatia,222.6652
2026-03-31,HU,Hungary,405.8714
2026-03-31,ID,Indonesia,168.0636
2026-03-31,IE,Ireland,193.4094
2026-03-31,IL,Israel,228.7675
2026-03-31,IN,India,366.8395
2026-03-31,IS,Iceland,372.0664
2026-03-31,IT,Italy,100.8114
2026-03-31,KR,Korea,144.8397
2026-03-31,LT,Lithuania,329.1341
2026-03-31,LU,Luxembourg,206.1087
2026-03-31,LV,Latvia,279.6
2026-03-31,MA,Morocco,101.2863
2026-03-31,MK,North Macedonia,199.09
2026-03-31,MT,Malta,198.6463
2026-03-31,MX,Mexico,304.1666
2026-03-31,MY,Malaysia,233.6222
2026-03-31,NL,Netherlands,198.3332
2026-03-31,NO,Norway,204.9036
2026-03-31,NZ,New Zealand,231.3407
2026-03-31,PE,Peru,190.5211
2026-03-31,PH,Philippines,305.9666
2026-03-31,PL,Poland,213.8907
2026-03-31,PT,Portugal,271.0415
2026-03-31,RO,Romania,145.6067
2026-03-31,RS,Serbia,264.6369
2026-03-31,RU,Russia,242.2881
2026-03-31,SE,Sweden,184.9046
2026-03-31,SG,Singapore,164.2897
2026-03-31,SI,Slovenia,194.0505
2026-03-31,SK,Slovakia,229.4426
2026-03-31,TH,Thailand,183.8196
2026-03-31,TR,Türkiye,4590.2396
2026-03-31,US,United States,235.0402
2026-03-31,XM,Euro area,157.3388
2026-03-31,XW,World,197.1475
2026-03-31,ZA,South Africa,192.0916
2026-06-30,AT,Austria,215.2819
2026-06-30,AU,Australia,216.4473
2026-06-30,BR,Brazil,223.8036
2026-06-30,CA,Canada,201.8646
2026-06-30,CH,Switzerland,173.6874
2026-06-30,CN,China,112.9201
2026-06-30,FR,France,125.783
2026-06-30,GB,United Kingdom,172.7348
2026-06-30,GR,Greece,122.3916
2026-06-30,HK,Hong Kong SAR,212.7782
2026-06-30,ID,Indonesia,168.5042
2026-06-30,IE,Ireland,194.3531
2026-06-30,IS,Iceland,376.538
2026-06-30,IT,Italy,102.4834
2026-06-30,KR,Korea,145.9221
2026-06-30,LT,Lithuania,345.5939
2026-06-30,LV,Latvia,290.6
2026-06-30,MA,Morocco,102.3344
2026-06-30,MK,North Macedonia,210.03
2026-06-30,MX,Mexico,308.1633
2026-06-30,MY,Malaysia,232.4338
2026-06-30,NO,Norway,210.7878
2026-06-30,RS,Serbia,267.7813
2026-06-30,RU,Russia,246.5231
2026-06-30,SE,Sweden,188.3964
2026-06-30,SG,Singapore,165.1176
2026-06-30,SK,Slovakia,232.7418
2026-06-30,TH,Thailand,185.2728
2026-06-30,TR,Türkiye,4838.6868
2026-06-30,US,United States,236.2362
2026-06-30,ZA,South Africa,193.9947
