date,country_code,country,price
1948-03-31,IT,Italy,5.5675
1948-06-30,IT,Italy,15.2916
1948-09-30,IT,Italy,16.6458
1948-12-31,IT,Italy,12.9786
1949-03-31,IT,Italy,-1.9583
1949-06-30,IT,Italy,-4.6555
1949-09-30,IT,Italy,-5.1044
1949-12-31,IT,Italy,-7.8316
1950-03-31,IT,Italy,-7.8779
1950-06-30,IT,Italy,-1.7532
1950-09-30,IT,Italy,9.991
1950-12-31,IT,Italy,11.714
1951-03-31,IT,Italy,14.1157
1951-06-30,IT,Italy,11.5623
1951-09-30,IT,Italy,4.5425
1951-12-31,IT,Italy,3.0769
1952-03-31,IT,Italy,-0.9785
1952-06-30,IT,Italy,-4.2295
1952-09-30,IT,Italy,-2.6081
1952-12-31,IT,Italy,-0.7448
1953-03-31,IT,Italy,-0.9416
1953-06-30,IT,Italy,0.7023
1953-09-30,IT,Italy,-2.4351
1953-12-31,IT,Italy,-1.7067
1954-03-31,IT,Italy,1.0244
1954-06-30,IT,Italy,-0.8142
1954-09-30,IT,Italy,3.0651
1954-12-31,IT,Italy,2.9355
1955-03-31,IT,Italy,1.6762
1955-06-30,IT,Italy,1.1783
1955-09-30,IT,Italy,-0.5023
1955-12-31,IT,Italy,-2.0889
1956-03-31,IT,Italy,-1.2415
1956-03-31,JP,Japan,15.2051
1956-06-30,IT,Italy,-0.7903
1956-06-30,JP,Japan,16.4597
1956-09-30,IT,Italy,-0.774
1956-09-30,JP,Japan,19.2239
1956-12-31,IT,Italy,1.0757
1956-12-31,JP,Japan,21.2849
1957-03-31,IT,Italy,1.2416
1957-03-31,JP,Japan,23.0786
1957-06-30,IT,Italy,1.2516
1957-06-30,JP,Japan,22.5699
1957-09-30,IT,Italy,1.9334
1957-09-30,JP,Japan,20.3829
1957-12-31,IT,Italy,0.7047
1957-12-31,JP,Japan,21.139
1958-03-31,IT,Italy,-1.9725
1958-03-31,JP,Japan,22.9607
1958-06-30,IT,Italy,-1.7354
1958-06-30,JP,Japan,24.7206
1958-09-30,IT,Italy,-2.4357
1958-09-30,JP,Japan,26.1787
1958-12-31,IT,Italy,-2.9187
1958-12-31,JP,Japan,23.9657
1959-03-31,IT,Italy,-1.5634
1959-03-31,JP,Japan,22.9274
1959-06-30,IT,Italy,-0.5715
1959-06-30,JP,Japan,22.6297
1959-09-30,IT,Italy,0.3069
1959-09-30,JP,Japan,22.3471
1959-12-31,IT,Italy,2.4491
1959-12-31,JP,Japan,21.3476
1960-03-31,IT,Italy,2.4555
1960-03-31,JP,Japan,18.6767
1960-06-30,IT,Italy,-0.2598
1960-06-30,JP,Japan,20.0495
1960-09-30,IT,Italy,0.1615
1960-09-30,JP,Japan,22.0213
1960-12-31,IT,Italy,-0.6241
1960-12-31,JP,Japan,27.9974
1961-03-31,IT,Italy,0.6659
1961-03-31,JP,Japan,32.3723
1961-06-30,IT,Italy,3.3061
1961-06-30,JP,Japan,33.085
1961-09-30,IT,Italy,3.2381
1961-09-30,JP,Japan,31.614
1961-12-31,IT,Italy,3.0745
1961-12-31,JP,Japan,21.7172
1962-03-31,IT,Italy,3.2262
1962-03-31,JP,Japan,18.0595
1962-06-30,IT,Italy,3.8785
1962-06-30,JP,Japan,12.8009
1962-09-30,IT,Italy,2.7723
1962-09-30,JP,Japan,10.2932
1962-12-31,IT,Italy,1.6988
1962-12-31,JP,Japan,11.9647
1963-03-31,IT,Italy,2.6458
1963-03-31,JP,Japan,6.9417
1963-06-30,IT,Italy,0.0499
1963-06-30,JP,Japan,6.3987
1963-06-30,NZ,New Zealand,0.4379
1963-09-30,IT,Italy,-0.1556
1963-09-30,JP,Japan,6.1622
1963-09-30,NZ,New Zealand,1.2022
1963-12-31,IT,Italy,3.8678
1963-12-31,JP,Japan,5.727
1963-12-31,NZ,New Zealand,1.6232
1964-03-31,IT,Italy,3.6854
1964-03-31,JP,Japan,10.2162
1964-03-31,NZ,New Zealand,2.0565
1964-06-30,IT,Italy,6.5054
1964-06-30,JP,Japan,10.4662
1964-06-30,NZ,New Zealand,1.5468
1964-09-30,IT,Italy,7.922
1964-09-30,JP,Japan,10.323
1964-09-30,NZ,New Zealand,0.7039
1964-12-31,IT,Italy,2.6584
1964-12-31,JP,Japan,9.1204
1964-12-31,NZ,New Zealand,0.6946
1965-03-31,IT,Italy,-1.2676
1965-03-31,JP,Japan,7.4715
1965-03-31,NZ,New Zealand,2.2498
1965-06-30,IT,Italy,-5.5607
1965-06-30,JP,Japan,4.4918
1965-06-30,NZ,New Zealand,4.3634
1965-09-30,IT,Italy,-6.5352
1965-09-30,JP,Japan,3.1447
1965-09-30,NZ,New Zealand,3.7619
1965-12-31,IT,Italy,-4.5974
1965-12-31,JP,Japan,1.8711
1965-12-31,NZ,New Zealand,3.9066
1966-03-31,IT,Italy,-2.4247
1966-03-31,JP,Japan,0.4015
1966-03-31,NZ,New Zealand,1.9684
1966-06-30,IT,Italy,0.044
1966-06-30,JP,Japan,1.9221
1966-06-30,NZ,New Zealand,0.7714
1966-09-30,IT,Italy,-0.7225
1966-09-30,JP,Japan,2.5755
1966-09-30,NZ,New Zealand,2.7809
1966-12-31,IT,Italy,-2.6669
1966-12-31,JP,Japan,4.4226
1966-12-31,NZ,New Zealand,3.5629
1967-03-31,IT,Italy,-2.9772
1967-03-31,JP,Japan,5.2009
1967-03-31,NZ,New Zealand,1.6692
1967-03-31,ZA,South Africa,12.5412
1967-06-30,IT,Italy,-4.5644
1967-06-30,JP,Japan,8.6515
1967-06-30,NZ,New Zealand,-1.1369
1967-06-30,ZA,South Africa,13.5031
1967-09-30,IT,Italy,-2.0312
1967-09-30,JP,Japan,10.2018
1967-09-30,NZ,New Zealand,-3.5328
1967-09-30,ZA,South Africa,18.3317
1967-12-31,IT,Italy,2.6428
1967-12-31,JP,Japan,9.6284
1967-12-31,NZ,New Zealand,-4.9809
1967-12-31,ZA,South Africa,15.7559
1968-03-31,IT,Italy,5.3868
1968-03-31,JP,Japan,10.9666
1968-03-31,NZ,New Zealand,-3.5628
1968-03-31,ZA,South Africa,2.7967
1968-06-30,IT,Italy,10.6437
1968-06-30,JP,Japan,10.9567
1968-06-30,NZ,New Zealand,-2.2521
1968-06-30,ZA,South Africa,0.8086
1968-09-30,IT,Italy,9.6472
1968-09-30,JP,Japan,10.9116
1968-09-30,NZ,New Zealand,-1.7009
1968-09-30,ZA,South Africa,1.3474
1968-12-31,IT,Italy,5.73
1968-12-31,JP,Japan,13.1028
1968-12-31,NZ,New Zealand,-2.4624
1968-12-31,ZA,South Africa,4.37
1969-03-31,IT,Italy,2.9187
1969-03-31,JP,Japan,15.285
1969-03-31,NZ,New Zealand,-1.6758
1969-03-31,ZA,South Africa,7.1142
1969-06-30,GB,United Kingdom,0.4139
1969-06-30,IT,Italy,0.2743
1969-06-30,JP,Japan,15.2631
1969-06-30,NZ,New Zealand,-0.8803
1969-06-30,ZA,South Africa,8.8093
1969-09-30,GB,United Kingdom,-2.0057
1969-09-30,IT,Italy,0.402
1969-09-30,JP,Japan,14.8699
1969-09-30,NZ,New Zealand,-0.1877
1969-09-30,ZA,South Africa,8.1772
1969-12-31,GB,United Kingdom,0.0609
1969-12-31,IT,Italy,1.1446
1969-12-31,JP,Japan,15.594
1969-12-31,NZ,New Zealand,1.4324
1969-12-31,ZA,South Africa,6.5086
1970-03-31,GB,United Kingdom,0.1497
1970-03-31,IT,Italy,1.9517
1970-03-31,JP,Japan,13.1825
1970-03-31,NZ,New Zealand,0.568
1970-03-31,ZA,South Africa,10.3236
1970-06-30,GB,United Kingdom,-3.1935
1970-06-30,IT,Italy,2.1859
1970-06-30,JP,Japan,12.1474
1970-06-30,NZ,New Zealand,1.1938
1970-06-30,ZA,South Africa,11.7076
1970-09-30,GB,United Kingdom,0.6825
1970-09-30,IT,Italy,0.8851
1970-09-30,JP,Japan,13.518
1970-09-30,NZ,New Zealand,1.3962
1970-09-30,ZA,South Africa,10.6729
1970-12-31,GB,United Kingdom,-2.3023
1970-12-31,IT,Italy,0.2261
1970-12-31,JP,Japan,10.6423
1970-12-31,NZ,New Zealand,-0.6861
1970-12-31,ZA,South Africa,9.2363
1971-03-31,AU,Australia,6.0606
1971-03-31,BE,Belgium,-6.4394
1971-03-31,CA,Canada,3.174
1971-03-31,CH,Switzerland,3.5429
1971-03-31,DE,Germany,5.6526
1971-03-31,DK,Denmark,2.7581
1971-03-31,FI,Finland,2.0124
1971-03-31,FR,France,-1.123
1971-03-31,GB,United Kingdom,-0.8242
1971-03-31,IE,Ireland,-0.2151
1971-03-31,IT,Italy,-3.1677
1971-03-31,JP,Japan,11.0264
1971-03-31,NL,Netherlands,5.981
1971-03-31,NZ,New Zealand,0.3869
1971-03-31,SE,Sweden,-3.0605
1971-03-31,US,United States,1.3825
1971-03-31,ZA,South Africa,5.1015
1971-06-30,AU,Australia,6.1458
1971-06-30,BE,Belgium,-5.9293
1971-06-30,CA,Canada,3.5625
1971-06-30,CH,Switzerland,3.2915
1971-06-30,DE,Germany,5.3278
1971-06-30,DK,Denmark,2.9375
1971-06-30,FI,Finland,-2.514
1971-06-30,FR,France,-0.3581
1971-06-30,GB,United Kingdom,0.7281
1971-06-30,IE,Ireland,0.3773
1971-06-30,IT,Italy,-2.6724
1971-06-30,JP,Japan,9.7297
1971-06-30,NL,Netherlands,3.6683
1971-06-30,NZ,New Zealand,0.5135
1971-06-30,SE,Sweden,-1.5967
1971-06-30,US,United States,3.9645
1971-06-30,ZA,South Africa,1.4948
1971-09-30,AU,Australia,4.5226
1971-09-30,BE,Belgium,-4.4376
1971-09-30,CA,Canada,1.3624
1971-09-30,CH,Switzerland,4.6673
1971-09-30,DE,Germany,4.9795
1971-09-30,DK,Denmark,7.4342
1971-09-30,FI,Finland,-1.8415
1971-09-30,FR,France,1.0075
1971-09-30,GB,United Kingdom,1.6004
1971-09-30,IE,Ireland,4.9947
1971-09-30,IT,Italy,-0.3757
1971-09-30,JP,Japan,7.8306
1971-09-30,NL,Netherlands,1.7255
1971-09-30,NZ,New Zealand,0.1844
1971-09-30,SE,Sweden,-1.5739
1971-09-30,US,United States,3.5154
1971-09-30,ZA,South Africa,-0.3098
1971-12-31,AU,Australia,4.9415
1971-12-31,BE,Belgium,-2.7001
1971-12-31,CA,Canada,2.4019
1971-12-31,CH,Switzerland,6.5109
1971-12-31,DE,Germany,4.0367
1971-12-31,DK,Denmark,12.7442
1971-12-31,FI,Finland,-3.4224
1971-12-31,FR,France,1.8648
1971-12-31,GB,United Kingdom,7.2469
1971-12-31,IE,Ireland,7.0652
1971-12-31,IT,Italy,-0.0714
1971-12-31,JP,Japan,8.7773
1971-12-31,NL,Netherlands,2.0736
1971-12-31,NZ,New Zealand,1.7668
1971-12-31,SE,Sweden,-1.7892
1971-12-31,US,United States,5.586
1971-12-31,ZA,South Africa,-0.7962
1972-03-31,AU,Australia,4.3594
1972-03-31,BE,Belgium,-0.0605
1972-03-31,CA,Canada,3.0171
1972-03-31,CH,Switzerland,3.6947
1972-03-31,DE,Germany,3.17
1972-03-31,DK,Denmark,8.4917
1972-03-31,ES,Spain,-3.9172
1972-03-31,FI,Finland,1.024
1972-03-31,FR,France,2.6602
1972-03-31,GB,United Kingdom,12.5296
1972-03-31,IE,Ireland,4.1998
1972-03-31,IT,Italy,2.8404
1972-03-31,JP,Japan,9.3001
1972-03-31,NL,Netherlands,3.0896
1972-03-31,NZ,New Zealand,3.0165
1972-03-31,SE,Sweden,2.2378
1972-03-31,US,United States,3.1135
1972-03-31,ZA,South Africa,-1.4883
1972-06-30,AU,Australia,4.2967
1972-06-30,BE,Belgium,2.6014
1972-06-30,CA,Canada,2.1882
1972-06-30,CH,Switzerland,10.5946
1972-06-30,DE,Germany,1.2436
1972-06-30,DK,Denmark,12.6537
1972-06-30,ES,Spain,-2.6377
1972-06-30,FI,Finland,2.9709
1972-06-30,FR,France,3.1655
1972-06-30,GB,United Kingdom,22.093
1972-06-30,IE,Ireland,4.2028
1972-06-30,IT,Italy,3.4478
1972-06-30,JP,Japan,9.6484
1972-06-30,NL,Netherlands,3.8434
1972-06-30,NZ,New Zealand,5.0803
1972-06-30,SE,Sweden,0.9075
1972-06-30,US,United States,3.5292
1972-06-30,ZA,South Africa,-2.5403
1972-09-30,AU,Australia,4.888
1972-09-30,BE,Belgium,4.6029
1972-09-30,CA,Canada,3.6947
1972-09-30,CH,Switzerland,10.6379
1972-09-30,DE,Germany,0.3901
1972-09-30,DK,Denmark,10.0982
1972-09-30,ES,Spain,-2.6682
1972-09-30,FI,Finland,0.8112
1972-09-30,FR,France,2.9361
1972-09-30,GB,United Kingdom,30.8904
1972-09-30,IE,Ireland,-1.1422
1972-09-30,IT,Italy,2.565
1972-09-30,JP,Japan,10.7038
1972-09-30,NL,Netherlands,4.304
1972-09-30,NZ,New Zealand,7.1187
1972-09-30,SE,Sweden,0.9291
1972-09-30,US,United States,4.5681
1972-09-30,ZA,South Africa,-1.3923
1972-12-31,AU,Australia,7.5619
1972-12-31,BE,Belgium,5.422
1972-12-31,CA,Canada,3.1598
1972-12-31,CH,Switzerland,13.6653
1972-12-31,DE,Germany,0.0664
1972-12-31,DK,Denmark,8.8529
1972-12-31,ES,Spain,-0.2067
1972-12-31,FI,Finland,4.5275
1972-12-31,FR,France,2.5873
1972-12-31,GB,United Kingdom,33.2083
1972-12-31,IE,Ireland,-2.7412
1972-12-31,IT,Italy,0.651
1972-12-31,JP,Japan,16.8882
1972-12-31,NL,Netherlands,6.1454
1972-12-31,NZ,New Zealand,10.1022
1972-12-31,SE,Sweden,1.7754
1972-12-31,US,United States,3.866
1972-12-31,ZA,South Africa,-0.0589
1973-03-31,AU,Australia,7.2029
1973-03-31,BE,Belgium,4.9315
1973-03-31,CA,Canada,5.6066
1973-03-31,CH,Switzerland,16.5511
1973-03-31,DE,Germany,-0.6651
1973-03-31,DK,Denmark,7.1042
1973-03-31,ES,Spain,11.0861
1973-03-31,FI,Finland,5.6725
1973-03-31,FR,France,2.989
1973-03-31,GB,United Kingdom,40.0542
1973-03-31,IE,Ireland,-1.0066
1973-03-31,IT,Italy,-0.3984
1973-03-31,JP,Japan,20.0946
1973-03-31,NL,Netherlands,6.3557
1973-03-31,NZ,New Zealand,12.032
1973-03-31,SE,Sweden,1.2346
1973-03-31,US,United States,7.5698
1973-03-31,ZA,South Africa,2.133
1973-06-30,AU,Australia,9.1101
1973-06-30,BE,Belgium,5.0625
1973-06-30,CA,Canada,9.7425
1973-06-30,CH,Switzerland,8.3186
1973-06-30,DE,Germany,0.5598
1973-06-30,DK,Denmark,4.1237
1973-06-30,ES,Spain,3.9888
1973-06-30,FI,Finland,15.318
1973-06-30,FR,France,2.8757
1973-06-30,GB,United Kingdom,32.385
1973-06-30,IE,Ireland,1.5339
1973-06-30,IT,Italy,1.4644
1973-06-30,JP,Japan,21.0305
1973-06-30,NL,Netherlands,7.7798
1973-06-30,NZ,New Zealand,13.7532
1973-06-30,SE,Sweden,0.6396
1973-06-30,US,United States,5.6011
1973-06-30,ZA,South Africa,4.2801
1973-09-30,AU,Australia,12.689
1973-09-30,BE,Belgium,5.6521
1973-09-30,CA,Canada,15.2461
1973-09-30,CH,Switzerland,5.6031
1973-09-30,DE,Germany,0.8845
1973-09-30,DK,Denmark,7.5123
1973-09-30,ES,Spain,8.1489
1973-09-30,FI,Finland,18.054
1973-09-30,FR,France,2.9085
1973-09-30,GB,United Kingdom,22.8971
1973-09-30,IE,Ireland,-2.7886
1973-09-30,IT,Italy,9.6026
1973-09-30,JP,Japan,22.5598
1973-09-30,NL,Netherlands,8.8437
1973-09-30,NZ,New Zealand,17.2407
1973-09-30,SE,Sweden,0.7309
1973-09-30,US,United States,4.9116
1973-09-30,ZA,South Africa,7.4778
1973-12-31,AU,Australia,11.4424
1973-12-31,BE,Belgium,6.8188
1973-12-31,CA,Canada,19.2882
1973-12-31,CH,Switzerland,-3.1356
1973-12-31,DE,Germany,-0.0799
1973-12-31,DK,Denmark,3.9078
1973-12-31,ES,Spain,10.3641
1973-12-31,FI,Finland,16.5085
1973-12-31,FR,France,3.1788
1973-12-31,GB,United Kingdom,13.7057
1973-12-31,IE,Ireland,-7.2879
1973-12-31,IT,Italy,22.373
1973-12-31,JP,Japan,13.5501
1973-12-31,NL,Netherlands,9.3729
1973-12-31,NZ,New Zealand,21.5332
1973-12-31,SE,Sweden,-0.6983
1973-12-31,US,United States,3.4597
1973-12-31,ZA,South Africa,7.869
1974-03-31,AU,Australia,14.786
1974-03-31,BE,Belgium,3.5188
1974-03-31,CA,Canada,24.76
1974-03-31,CH,Switzerland,-9.9785
1974-03-31,DE,Germany,0.4568
1974-03-31,DK,Denmark,-2.8728
1974-03-31,ES,Spain,10.1834
1974-03-31,FI,Finland,12.3435
1974-03-31,FR,France,2.2747
1974-03-31,GB,United Kingdom,0.8013
1974-03-31,IE,Ireland,-1.4969
1974-03-31,IT,Italy,31.4888
1974-03-31,JP,Japan,2.5398
1974-03-31,NL,Netherlands,10.792
1974-03-31,NZ,New Zealand,27.2675
1974-03-31,SE,Sweden,-2.6295
1974-03-31,US,United States,-0.0448
1974-03-31,ZA,South Africa,3.6096
1974-06-30,AU,Australia,11.1548
1974-06-30,BE,Belgium,4.4586
1974-06-30,CA,Canada,22.366
1974-06-30,CH,Switzerland,-8.2058
1974-06-30,DE,Germany,0.3105
1974-06-30,DK,Denmark,-9.2816
1974-06-30,ES,Spain,22.5079
1974-06-30,FI,Finland,4.8829
1974-06-30,FR,France,1.1485
1974-06-30,GB,United Kingdom,-6.0824
1974-06-30,IE,Ireland,0.2666
1974-06-30,IT,Italy,34.7014
1974-06-30,JP,Japan,-4.019
1974-06-30,NL,Netherlands,10.3943
1974-06-30,NZ,New Zealand,30.6985
1974-06-30,SE,Sweden,-2.0069
1974-06-30,US,United States,-1.0483
1974-06-30,ZA,South Africa,1.5531
1974-09-30,AU,Australia,2.3239
1974-09-30,BE,Belgium,2.0717
1974-09-30,CA,Canada,12.8916
1974-09-30,CH,Switzerland,-10.3927
1974-09-30,DE,Germany,0.3071
1974-09-30,DK,Denmark,-13.6646
1974-09-30,ES,Spain,18.4698
1974-09-30,FI,Finland,0.8151
1974-09-30,FR,France,0.6051
1974-09-30,GB,United Kingdom,-11.137
1974-09-30,IE,Ireland,4.3395
1974-09-30,IT,Italy,27.8742
1974-09-30,JP,Japan,-10.748
1974-09-30,NL,Netherlands,10.1481
1974-09-30,NZ,New Zealand,27.3428
1974-09-30,SE,Sweden,0.0095
1974-09-30,US,United States,-1.7424
1974-09-30,ZA,South Africa,-5.9442
1974-12-31,AU,Australia,-1.9309
1974-12-31,BE,Belgium,-1.5261
1974-12-31,CA,Canada,2.2734
1974-12-31,CH,Switzerland,-8.2765
1974-12-31,DE,Germany,0.2695
1974-12-31,DK,Denmark,-9.8262
1974-12-31,ES,Spain,10.4633
1974-12-31,FI,Finland,-2.9651
1974-12-31,FR,France,0.1195
1974-12-31,GB,United Kingdom,-11.7595
1974-12-31,IE,Ireland,10.32
1974-12-31,IT,Italy,16.1662
1974-12-31,JP,Japan,-16.6999
1974-12-31,NL,Netherlands,8.6157
1974-12-31,NZ,New Zealand,18.6444
1974-12-31,SE,Sweden,1.4103
1974-12-31,US,United States,-3.8414
1974-12-31,ZA,South Africa,-9.8086
1975-03-31,AU,Australia,-7.0479
1975-03-31,BE,Belgium,3.1162
1975-03-31,CA,Canada,-2.12
1975-03-31,CH,Switzerland,-10.6803
1975-03-31,DE,Germany,-1.1112
1975-03-31,DK,Denmark,-1.3747
1975-03-31,ES,Spain,-1.6846
1975-03-31,FI,Finland,-9.1491
1975-03-31,FR,France,-1.1681
1975-03-31,GB,United Kingdom,-13.2102
1975-03-31,IE,Ireland,6.3008
1975-03-31,IT,Italy,8.4939
1975-03-31,JP,Japan,-16.9289
1975-03-31,NL,Netherlands,5.4123
1975-03-31,NZ,New Zealand,6.4795
1975-03-31,SE,Sweden,5.8865
1975-03-31,US,United States,-2.6831
1975-03-31,ZA,South Africa,-4.49
1975-06-30,AU,Australia,-5.8647
1975-06-30,BE,Belgium,-0.0484
1975-06-30,CA,Canada,-2.2398
1975-06-30,CH,Switzerland,-12.3727
1975-06-30,DE,Germany,-3.9186
1975-06-30,DK,Denmark,7.2387
1975-06-30,ES,Spain,-7.6888
1975-06-30,FI,Finland,-12.6815
1975-06-30,FR,France,-0.3775
1975-06-30,GB,United Kingdom,-13.8772
1975-06-30,IE,Ireland,4.7764
1975-06-30,IT,Italy,1.091
1975-06-30,JP,Japan,-15.8951
1975-06-30,NL,Netherlands,4.0595
1975-06-30,NZ,New Zealand,-4.515
1975-06-30,SE,Sweden,8.0756
1975-06-30,US,United States,-0.5639
1975-06-30,ZA,South Africa,-4.3301
1975-09-30,AU,Australia,-0.2724
1975-09-30,BE,Belgium,0.5982
1975-09-30,CA,Canada,1.491
1975-09-30,CH,Switzerland,-12.2784
1975-09-30,DE,Germany,-4.6175
1975-09-30,DK,Denmark,13.7007
1975-09-30,ES,Spain,-10.4833
1975-09-30,FI,Finland,-12.3741
1975-09-30,FR,France,0.4705
1975-09-30,GB,United Kingdom,-13.7387
1975-09-30,IE,Ireland,10.4341
1975-09-30,IT,Italy,-1.0594
1975-09-30,JP,Japan,-14.1871
1975-09-30,NL,Netherlands,4.8731
1975-09-30,NZ,New Zealand,-8.8041
1975-09-30,SE,Sweden,7.8677
1975-09-30,US,United States,-0.5519
1975-09-30,ZA,South Africa,-3.3114
1975-12-31,AU,Australia,-1.6875
1975-12-31,BE,Belgium,6.0136
1975-12-31,CA,Canada,6.2829
1975-12-31,CH,Switzerland,-9.9236
1975-12-31,DE,Germany,-3.7261
1975-12-31,DK,Denmark,10.7938
1975-12-31,ES,Spain,-6.8375
1975-12-31,FI,Finland,-10.8397
1975-12-31,FR,France,1.7517
1975-12-31,GB,United Kingdom,-12.7939
1975-12-31,IE,Ireland,7.5521
1975-12-31,IT,Italy,0.3057
1975-12-31,JP,Japan,-9.8055
1975-12-31,NL,Netherlands,6.0341
1975-12-31,NZ,New Zealand,-10.0183
1975-12-31,SE,Sweden,7.7475
1975-12-31,US,United States,2.0696
1975-12-31,ZA,South Africa,-0.3796
1976-03-31,AU,Australia,1.2179
1976-03-31,BE,Belgium,10.2148
1976-03-31,CA,Canada,5.6852
1976-03-31,CH,Switzerland,-7.6206
1976-03-31,DE,Germany,-3.5428
1976-03-31,DK,Denmark,5.2549
1976-03-31,ES,Spain,-4.6394
1976-03-31,FI,Finland,-8.2787
1976-03-31,FR,France,4.1367
1976-03-31,GB,United Kingdom,-10.0465
1976-03-31,IE,Ireland,6.8489
1976-03-31,IT,Italy,0.4112
1976-03-31,JP,Japan,-6.8504
1976-03-31,KR,Korea,10.5871
1976-03-31,NL,Netherlands,9.2448
1976-03-31,NZ,New Zealand,-9.6083
1976-03-31,SE,Sweden,5.4929
1976-03-31,US,United States,-2.4361
1976-03-31,XM,Euro area,-1.7419
1976-03-31,ZA,South Africa,-3.9922
1976-06-30,AU,Australia,0.5191
1976-06-30,BE,Belgium,9.6028
1976-06-30,CA,Canada,4.4852
1976-06-30,CH,Switzerland,-4.6011
1976-06-30,DE,Germany,-2.5501
1976-06-30,DK,Denmark,1.1538
1976-06-30,ES,Spain,-1.7146
1976-06-30,FI,Finland,-7.5935
1976-06-30,FR,France,5.8351
1976-06-30,GB,United Kingdom,-4.8136
1976-06-30,IE,Ireland,2.2561
1976-06-30,IT,Italy,-0.4866
1976-06-30,JP,Japan,-6.7766
1976-06-30,KR,Korea,9.0982
1976-06-30,NL,Netherlands,15.7437
1976-06-30,NZ,New Zealand,-8.2983
1976-06-30,SE,Sweden,4.9644
1976-06-30,US,United States,-1.8003
1976-06-30,XM,Euro area,0.8907
1976-06-30,ZA,South Africa,-4.0707
1976-09-30,AU,Australia,-4.0761
1976-09-30,BE,Belgium,11.6532
1976-09-30,CA,Canada,3.2264
1976-09-30,CH,Switzerland,-4.4723
1976-09-30,DE,Germany,-1.5904
1976-09-30,DK,Denmark,-1.6319
1976-09-30,ES,Spain,2.8349
1976-09-30,FI,Finland,-5.8841
1976-09-30,FR,France,6.5793
1976-09-30,GB,United Kingdom,-4.1456
1976-09-30,IE,Ireland,-1.4668
1976-09-30,IT,Italy,0.2362
1976-09-30,JP,Japan,-6.4115
1976-09-30,KR,Korea,9.8161
1976-09-30,NL,Netherlands,20.346
1976-09-30,NZ,New Zealand,-8.1646
1976-09-30,SE,Sweden,8.8247
1976-09-30,US,United States,-0.5859
1976-09-30,XM,Euro area,2.991
1976-09-30,ZA,South Africa,-4.1239
1976-12-31,AU,Australia,-4.0264
1976-12-31,BE,Belgium,12.425
1976-12-31,CA,Canada,3.5233
1976-12-31,CH,Switzerland,-0.8791
1976-12-31,DE,Germany,0.2116
1976-12-31,DK,Denmark,-1.8631
1976-12-31,ES,Spain,2.5456
1976-12-31,FI,Finland,-7.2262
1976-12-31,FR,France,6.2185
1976-12-31,GB,United Kingdom,-4.2324
1976-12-31,IE,Ireland,2.2438
1976-12-31,IT,Italy,-2.8689
1976-12-31,JP,Japan,-5.6764
1976-12-31,KR,Korea,10.4597
1976-12-31,NL,Netherlands,22.93
1976-12-31,NZ,New Zealand,-7.4594
1976-12-31,SE,Sweden,5.1929
1976-12-31,US,United States,2.0286
1976-12-31,XM,Euro area,3.203
1976-12-31,ZA,South Africa,-6.022
1977-03-31,AU,Australia,-4.966
1977-03-31,BE,Belgium,6.9595
1977-03-31,CA,Canada,-0.4926
1977-03-31,CH,Switzerland,1.4281
1977-03-31,DE,Germany,0.6947
1977-03-31,DK,Denmark,-2.7235
1977-03-31,ES,Spain,8.1908
1977-03-31,FI,Finland,-8.6314
1977-03-31,FR,France,6.6524
1977-03-31,GB,United Kingdom,-7.4621
1977-03-31,IE,Ireland,-0.2814
1977-03-31,IT,Italy,-3.7742
1977-03-31,JP,Japan,-4.9677
1977-03-31,KR,Korea,15.0365
1977-03-31,NL,Netherlands,31.688
1977-03-31,NZ,New Zealand,-5.7875
1977-03-31,SE,Sweden,6.0283
1977-03-31,US,United States,8.4142
1977-03-31,XM,Euro area,3.1533
1977-03-31,ZA,South Africa,-8.1183
1977-06-30,AU,Australia,-4.6485
1977-06-30,BE,Belgium,8.2691
1977-06-30,CA,Canada,-2.3583
1977-06-30,CH,Switzerland,1.4365
1977-06-30,DE,Germany,1.4042
1977-06-30,DK,Denmark,3.0616
1977-06-30,ES,Spain,9.8883
1977-06-30,FI,Finland,-6.9944
1977-06-30,FR,France,5.0913
1977-06-30,GB,United Kingdom,-8.9742
1977-06-30,IE,Ireland,4.5242
1977-06-30,IT,Italy,-3.8454
1977-06-30,JP,Japan,-4.2581
1977-06-30,KR,Korea,17.8527
1977-06-30,NL,Netherlands,36.4869
1977-06-30,NZ,New Zealand,-5.8383
1977-06-30,SE,Sweden,5.1529
1977-06-30,US,United States,8.8989
1977-06-30,XM,Euro area,2.1365
1977-06-30,ZA,South Africa,-8.904
1977-09-30,AU,Australia,-3.6671
1977-09-30,BE,Belgium,8.5575
1977-09-30,CA,Canada,-3.4488
1977-09-30,CH,Switzerland,4.6401
1977-09-30,DE,Germany,2.3077
1977-09-30,DK,Denmark,3.8691
1977-09-30,ES,Spain,7.4471
1977-09-30,FI,Finland,-9.6135
1977-09-30,FR,France,4.4719
1977-09-30,GB,United Kingdom,-7.7491
1977-09-30,IE,Ireland,10.1457
1977-09-30,IT,Italy,-6.3841
1977-09-30,JP,Japan,-3.3679
1977-09-30,KR,Korea,21.855
1977-09-30,NL,Netherlands,29.358
1977-09-30,NZ,New Zealand,-6.6096
1977-09-30,SE,Sweden,0.372
1977-09-30,US,United States,10.2231
1977-09-30,XM,Euro area,1.6762
1977-09-30,ZA,South Africa,-8.2412
1977-12-31,AU,Australia,-1.7564
1977-12-31,BE,Belgium,10.907
1977-12-31,CA,Canada,-4.9012
1977-12-31,CH,Switzerland,1.3743
1977-12-31,DE,Germany,2.2051
1977-12-31,DK,Denmark,3.5722
1977-12-31,ES,Spain,13.2344
1977-12-31,FI,Finland,-9.7259
1977-12-31,FR,France,4.7728
1977-12-31,GB,United Kingdom,-3.3426
1977-12-31,IE,Ireland,5.583
1977-12-31,IT,Italy,-5.6682
1977-12-31,JP,Japan,-1.7404
1977-12-31,KR,Korea,29.0183
1977-12-31,NL,Netherlands,24.2059
1977-12-31,NZ,New Zealand,-9.0207
1977-12-31,SE,Sweden,3.0535
1977-12-31,US,United States,9.0036
1977-12-31,XM,Euro area,2.992
1977-12-31,ZA,South Africa,-7.9021
1978-03-31,AU,Australia,-0.7794
1978-03-31,BE,Belgium,8.1263
1978-03-31,CA,Canada,-6.0009
1978-03-31,CH,Switzerland,0.5064
1978-03-31,DE,Germany,3.7365
1978-03-31,DK,Denmark,6.5419
1978-03-31,ES,Spain,14.6404
1978-03-31,FI,Finland,-5.0383
1978-03-31,FR,France,3.8449
1978-03-31,GB,United Kingdom,1.4342
1978-03-31,IE,Ireland,20.6311
1978-03-31,IT,Italy,-4.318
1978-03-31,JP,Japan,0.0286
1978-03-31,KR,Korea,33.9918
1978-03-31,NL,Netherlands,14.96
1978-03-31,NZ,New Zealand,-10.3145
1978-03-31,SE,Sweden,-0.8995
1978-03-31,US,United States,9.0994
1978-03-31,XM,Euro area,4.3806
1978-03-31,ZA,South Africa,-6.6033
1978-06-30,AU,Australia,-3.2109
1978-06-30,BE,Belgium,7.5744
1978-06-30,CA,Canada,-3.3959
1978-06-30,CH,Switzerland,1.8097
1978-06-30,DE,Germany,3.9623
1978-06-30,DK,Denmark,5.7918
1978-06-30,ES,Spain,12.8629
1978-06-30,FI,Finland,-4.2856
1978-06-30,FR,France,2.8237
1978-06-30,GB,United Kingdom,6.3121
1978-06-30,IE,Ireland,25.821
1978-06-30,IT,Italy,0.1195
1978-06-30,JP,Japan,1.2036
1978-06-30,KR,Korea,37.7189
1978-06-30,NL,Netherlands,7.6296
1978-06-30,NZ,New Zealand,-9.8784
1978-06-30,SE,Sweden,1.9615
1978-06-30,US,United States,7.4116
1978-06-30,XM,Euro area,3.9598
1978-06-30,ZA,South Africa,-6.5581
1978-09-30,AU,Australia,-2.9027
1978-09-30,BE,Belgium,8.0901
1978-09-30,CA,Canada,-3.5761
1978-09-30,CH,Switzerland,1.7787
1978-09-30,DE,Germany,4.837
1978-09-30,DK,Denmark,5.8496
1978-09-30,ES,Spain,11.7041
1978-09-30,FI,Finland,-3.4584
1978-09-30,FR,France,1.4307
1978-09-30,GB,United Kingdom,10.4078
1978-09-30,IE,Ireland,19.3117
1978-09-30,IT,Italy,4.9157
1978-09-30,JP,Japan,1.4123
1978-09-30,KR,Korea,31.7762
1978-09-30,NL,Netherlands,-1.5787
1978-09-30,NZ,New Zealand,-8.6011
1978-09-30,SE,Sweden,6.5792
1978-09-30,US,United States,6.9626
1978-09-30,XM,Euro area,3.7084
1978-09-30,ZA,South Africa,-6.9913
1978-12-31,AU,Australia,-3.4956
1978-12-31,BE,Belgium,4.1069
1978-12-31,CA,Canada,-1.4682
1978-12-31,CH,Switzerland,5.6825
1978-12-31,DE,Germany,5.3293
1978-12-31,DK,Denmark,3.8575
1978-12-31,ES,Spain,5.212
1978-12-31,FI,Finland,-2.3738
1978-12-31,FR,France,0.916
1978-12-31,GB,United Kingdom,14.4513
1978-12-31,IE,Ireland,15.7147
1978-12-31,IT,Italy,8.7814
1978-12-31,JP,Japan,2.8594
1978-12-31,KR,Korea,19.5249
1978-12-31,NL,Netherlands,-3.0903
1978-12-31,NZ,New Zealand,-6.5124
1978-12-31,SE,Sweden,4.4891
1978-12-31,US,United States,5.9917
1978-12-31,XM,Euro area,4.1664
1978-12-31,ZA,South Africa,-4.6063
1979-03-31,AU,Australia,-1.2781
1979-03-31,BE,Belgium,5.97
1979-03-31,CA,Canada,2.1237
1979-03-31,CH,Switzerland,6.8452
1979-03-31,DE,Germany,5.1072
1979-03-31,DK,Denmark,3.171
1979-03-31,ES,Spain,-3.038
1979-03-31,FI,Finland,-4.0981
1979-03-31,FR,France,0.7287
1979-03-31,GB,United Kingdom,17.0148
1979-03-31,IE,Ireland,9.5071
1979-03-31,IT,Italy,8.9409
1979-03-31,JP,Japan,4.3997
1979-03-31,KR,Korea,8.7717
1979-03-31,NL,Netherlands,-7.0814
1979-03-31,NZ,New Zealand,-5.1766
1979-03-31,SE,Sweden,6.3735
1979-03-31,US,United States,5.4005
1979-03-31,XM,Euro area,5.2883
1979-03-31,ZA,South Africa,-3.5449
1979-06-30,AU,Australia,4.6994
1979-06-30,BE,Belgium,5.0814
1979-06-30,CA,Canada,0.9851
1979-06-30,CH,Switzerland,2.9825
1979-06-30,DE,Germany,6.2521
1979-06-30,DK,Denmark,2.8177
1979-06-30,ES,Spain,-9.3403
1979-06-30,FI,Finland,-4.6923
1979-06-30,FR,France,1.6467
1979-06-30,GB,United Kingdom,19.635
1979-06-30,IE,Ireland,11.1487
1979-06-30,IT,Italy,6.0849
1979-06-30,JP,Japan,5.2008
1979-06-30,KR,Korea,0.9822
1979-06-30,NL,Netherlands,-11.6058
1979-06-30,NZ,New Zealand,-6.2182
1979-06-30,SE,Sweden,5.0922
1979-06-30,US,United States,5.5514
1979-06-30,XM,Euro area,5.6244
1979-06-30,ZA,South Africa,-0.835
1979-09-30,AU,Australia,5.8776
1979-09-30,BE,Belgium,3.2193
1979-09-30,CA,Canada,1.2351
1979-09-30,CH,Switzerland,4.0283
1979-09-30,DE,Germany,4.8343
1979-09-30,DK,Denmark,-1.8826
1979-09-30,ES,Spain,-10.4399
1979-09-30,FI,Finland,-1.8163
1979-09-30,FR,France,2.6832
1979-09-30,GB,United Kingdom,15.6698
1979-09-30,IE,Ireland,6.0911
1979-09-30,IT,Italy,2.3579
1979-09-30,JP,Japan,6.2276
1979-09-30,KR,Korea,-4.7174
1979-09-30,NL,Netherlands,-6.952
1979-09-30,NZ,New Zealand,-8.3555
1979-09-30,SE,Sweden,2.5537
1979-09-30,US,United States,4.1404
1979-09-30,XM,Euro area,4.1308
1979-09-30,ZA,South Africa,-0.098
1979-12-31,AU,Australia,5.8228
1979-12-31,BE,Belgium,1.0951
1979-12-31,CA,Canada,0.341
1979-12-31,CH,Switzerland,3.2409
1979-12-31,DE,Germany,3.2253
1979-12-31,DK,Denmark,-2.7285
1979-12-31,ES,Spain,-12.6157
1979-12-31,FI,Finland,0.5273
1979-12-31,FR,France,3.8306
1979-12-31,GB,United Kingdom,12.9377
1979-12-31,IE,Ireland,3.648
1979-12-31,IT,Italy,-0.7287
1979-12-31,JP,Japan,6.0597
1979-12-31,KR,Korea,-8.5789
1979-12-31,NL,Netherlands,-10.1582
1979-12-31,NZ,New Zealand,-9.3005
1979-12-31,SE,Sweden,0.3601
1979-12-31,US,United States,3.9822
1979-12-31,XM,Euro area,0.7366
1979-12-31,ZA,South Africa,0.3221
1980-03-31,AU,Australia,2.1201
1980-03-31,BE,Belgium,-0.3295
1980-03-31,CA,Canada,-1.5789
1980-03-31,CH,Switzerland,6.8796
1980-03-31,DE,Germany,2.8157
1980-03-31,DK,Denmark,-8.1565
1980-03-31,ES,Spain,-10.0716
1980-03-31,FI,Finland,3.3873
1980-03-31,FR,France,4.8344
1980-03-31,GB,United Kingdom,11.4658
1980-03-31,IE,Ireland,3.5868
1980-03-31,IT,Italy,-0.4392
1980-03-31,JP,Japan,5.0446
1980-03-31,KR,Korea,-10.9733
1980-03-31,NL,Netherlands,-10.9354
1980-03-31,NZ,New Zealand,-10.4625
1980-03-31,SE,Sweden,-5.223
1980-03-31,US,United States,0.3368
1980-03-31,XM,Euro area,-2.6703
1980-03-31,ZA,South Africa,2.3646
1980-06-30,AU,Australia,0.8051
1980-06-30,BE,Belgium,-3.6352
1980-06-30,CA,Canada,0.2253
1980-06-30,CH,Switzerland,5.5826
1980-06-30,DE,Germany,1.0337
1980-06-30,DK,Denmark,-15.2012
1980-06-30,ES,Spain,-7.7711
1980-06-30,FI,Finland,3.3265
1980-06-30,FR,France,6.2363
1980-06-30,GB,United Kingdom,4.6423
1980-06-30,IE,Ireland,-6.3503
1980-06-30,IT,Italy,6.4228
1980-06-30,JP,Japan,4.774
1980-06-30,KR,Korea,-13.611
1980-06-30,NL,Netherlands,-12.8721
1980-06-30,NZ,New Zealand,-8.4591
1980-06-30,SE,Sweden,-8.7503
1980-06-30,US,United States,-2.9312
1980-06-30,XM,Euro area,-2.3151
1980-06-30,ZA,South Africa,5.1343
1980-09-30,AU,Australia,2.4344
1980-09-30,BE,Belgium,-7.0516
1980-09-30,CA,Canada,3.8958
1980-09-30,CH,Switzerland,3.8751
1980-09-30,DE,Germany,1.033
1980-09-30,DK,Denmark,-13.2039
1980-09-30,ES,Spain,-9.2544
1980-09-30,FI,Finland,4.4627
1980-09-30,FR,France,6.6666
1980-09-30,GB,United Kingdom,5.0808
1980-09-30,IE,Ireland,-0.0328
1980-09-30,IT,Italy,13.5352
1980-09-30,JP,Japan,5.0997
1980-09-30,KR,Korea,-14.606
1980-09-30,NL,Netherlands,-17.0736
1980-09-30,NZ,New Zealand,-5.1763
1980-09-30,SE,Sweden,-10.8687
1980-09-30,US,United States,-1.9543
1980-09-30,XM,Euro area,1.0492
1980-09-30,ZA,South Africa,12.1096
1980-12-31,AU,Australia,4.9686
1980-12-31,BE,Belgium,-10.6402
1980-12-31,CA,Canada,5.3233
1980-12-31,CH,Switzerland,2.4314
1980-12-31,DE,Germany,2.2392
1980-12-31,DK,Denmark,-12.3782
1980-12-31,ES,Spain,-9.4546
1980-12-31,FI,Finland,0.1755
1980-12-31,FR,France,4.488
1980-12-31,GB,United Kingdom,0.1949
1980-12-31,HK,Hong Kong SAR,20.0849
1980-12-31,IE,Ireland,5.8373
1980-12-31,IT,Italy,19.3063
1980-12-31,JP,Japan,4.8761
1980-12-31,KR,Korea,-13.3259
1980-12-31,NL,Netherlands,-14.8101
1980-12-31,NZ,New Zealand,-3.259
1980-12-31,SE,Sweden,-13.5189
1980-12-31,US,United States,-3.1039
1980-12-31,XM,Euro area,4.7731
1980-12-31,ZA,South Africa,15.2283
1981-03-31,AU,Australia,9.025
1981-03-31,BE,Belgium,-13.3009
1981-03-31,CA,Canada,6.4665
1981-03-31,CH,Switzerland,0.83
1981-03-31,DE,Germany,1.5253
1981-03-31,DK,Denmark,-11.3884
1981-03-31,ES,Spain,-10.0663
1981-03-31,FI,Finland,1.2939
1981-03-31,FR,France,2.2357
1981-03-31,GB,United Kingdom,-3.5371
1981-03-31,HK,Hong Kong SAR,18.2434
1981-03-31,IE,Ireland,-1.9598
1981-03-31,IT,Italy,23.4223
1981-03-31,JP,Japan,5.3732
1981-03-31,KR,Korea,-13.3713
1981-03-31,NL,Netherlands,-13.3999
1981-03-31,NZ,New Zealand,-0.6605
1981-03-31,SE,Sweden,-10.5249
1981-03-31,US,United States,-2.2543
1981-03-31,XM,Euro area,7.3646
1981-03-31,ZA,South Africa,19.4605
1981-06-30,AU,Australia,7.758
1981-06-30,BE,Belgium,-12.1718
1981-06-30,CA,Canada,2.9129
1981-06-30,CH,Switzerland,5.2749
1981-06-30,DE,Germany,2.0647
1981-06-30,DK,Denmark,-13.3355
1981-06-30,ES,Spain,-9.0037
1981-06-30,FI,Finland,1.3816
1981-06-30,FR,France,-0.691
1981-06-30,GB,United Kingdom,-3.8503
1981-06-30,HK,Hong Kong SAR,16.7657
1981-06-30,IE,Ireland,-0.4149
1981-06-30,IT,Italy,17.8433
1981-06-30,JP,Japan,6.0721
1981-06-30,KR,Korea,-13.1631
1981-06-30,NL,Netherlands,-15.9775
1981-06-30,NZ,New Zealand,4.7245
1981-06-30,SE,Sweden,-11.5904
1981-06-30,US,United States,-1.0083
1981-06-30,XM,Euro area,5.9882
1981-06-30,ZA,South Africa,22.6524
1981-09-30,AU,Australia,2.2588
1981-09-30,BE,Belgium,-12.6005
1981-09-30,CA,Canada,1.21
1981-09-30,CH,Switzerland,2.6291
1981-09-30,DE,Germany,0.8595
1981-09-30,DK,Denmark,-17.587
1981-09-30,ES,Spain,-9.3085
1981-09-30,FI,Finland,2.2362
1981-09-30,FR,France,-3.7559
1981-09-30,GB,United Kingdom,-5.9362
1981-09-30,HK,Hong Kong SAR,6.6207
1981-09-30,IE,Ireland,-4.5833
1981-09-30,IT,Italy,11.7412
1981-09-30,JP,Japan,5.9805
1981-09-30,KR,Korea,-10.7647
1981-09-30,NL,Netherlands,-14.2548
1981-09-30,NZ,New Zealand,8.71
1981-09-30,SE,Sweden,-13.5583
1981-09-30,US,United States,-4.1228
1981-09-30,XM,Euro area,0.6133
1981-09-30,ZA,South Africa,20.1895
1981-12-31,AU,Australia,1.4982
1981-12-31,BE,Belgium,-10.3075
1981-12-31,CA,Canada,-3.1626
1981-12-31,CH,Switzerland,2.5744
1981-12-31,DE,Germany,-1.7503
1981-12-31,DK,Denmark,-16.4453
1981-12-31,ES,Spain,-10.4974
1981-12-31,FI,Finland,4.6864
1981-12-31,FR,France,-5.4057
1981-12-31,GB,United Kingdom,-8.2112
1981-12-31,HK,Hong Kong SAR,-6.0189
1981-12-31,IE,Ireland,-8.9073
1981-12-31,IT,Italy,4.8697
1981-12-31,JP,Japan,5.3898
1981-12-31,KR,Korea,-8.7182
1981-12-31,NL,Netherlands,-19.518
1981-12-31,NZ,New Zealand,13.7137
1981-12-31,SE,Sweden,-10.8416
1981-12-31,US,United States,-3.8356
1981-12-31,XM,Euro area,-3.5847
1981-12-31,ZA,South Africa,17.8495
1982-03-31,AU,Australia,-5.0628
1982-03-31,BE,Belgium,-12.5865
1982-03-31,CA,Canada,-9.7315
1982-03-31,CH,Switzerland,2.5111
1982-03-31,DE,Germany,-2.0725
1982-03-31,DK,Denmark,-16.2578
1982-03-31,ES,Spain,-11.0373
1982-03-31,FI,Finland,6.8285
1982-03-31,FR,France,-6.5876
1982-03-31,GB,United Kingdom,-9.2223
1982-03-31,HK,Hong Kong SAR,-17.7704
1982-03-31,IE,Ireland,-6.985
1982-03-31,IS,Iceland,21.8686
1982-03-31,IT,Italy,-1.4954
1982-03-31,JP,Japan,5.7198
1982-03-31,KR,Korea,-6.4216
1982-03-31,NL,Netherlands,-21.8613
1982-03-31,NZ,New Zealand,18.4056
1982-03-31,SE,Sweden,-9.655
1982-03-31,US,United States,-3.5288
1982-03-31,XM,Euro area,-6.0284
1982-03-31,ZA,South Africa,13.0318
1982-06-30,AU,Australia,-5.3591
1982-06-30,BE,Belgium,-13.4418
1982-06-30,CA,Canada,-14.294
1982-06-30,CH,Switzerland,-1.7257
1982-06-30,DE,Germany,-4.5618
1982-06-30,DK,Denmark,-10.3809
1982-06-30,ES,Spain,-12.6795
1982-06-30,FI,Finland,7.7099
1982-06-30,FR,France,-7.0735
1982-06-30,GB,United Kingdom,-6.6206
1982-06-30,HK,Hong Kong SAR,-20.5134
1982-06-30,IE,Ireland,-8.0857
1982-06-30,IS,Iceland,25.1189
1982-06-30,IT,Italy,-3.3446
1982-06-30,JP,Japan,5.5186
1982-06-30,KR,Korea,-4.0435
1982-06-30,NL,Netherlands,-18.628
1982-06-30,NZ,New Zealand,17.0063
1982-06-30,SE,Sweden,-7.6303
1982-06-30,US,United States,-3.7255
1982-06-30,XM,Euro area,-7.3862
1982-06-30,ZA,South Africa,5.5833
1982-09-30,AU,Australia,-6.7136
1982-09-30,BE,Belgium,-9.6771
1982-09-30,CA,Canada,-17.305
1982-09-30,CH,Switzerland,-1.4725
1982-09-30,DE,Germany,-5.0788
1982-09-30,DK,Denmark,-9.2261
1982-09-30,ES,Spain,-10.3262
1982-09-30,FI,Finland,7.0164
1982-09-30,FR,France,-5.1295
1982-09-30,GB,United Kingdom,-4.655
1982-09-30,HK,Hong Kong SAR,-23.9256
1982-09-30,IE,Ireland,-8.4871
1982-09-30,IS,Iceland,17.3888
1982-09-30,IT,Italy,-5.8127
1982-09-30,JP,Japan,4.5517
1982-09-30,KR,Korea,-0.91
1982-09-30,NL,Netherlands,-13.2151
1982-09-30,NZ,New Zealand,11.5793
1982-09-30,SE,Sweden,-5.1157
1982-09-30,US,United States,-3.6444
1982-09-30,XM,Euro area,-5.7536
1982-09-30,ZA,South Africa,2.9093
1982-12-31,AU,Australia,-10.1774
1982-12-31,BE,Belgium,-9.8342
1982-12-31,CA,Canada,-15.9756
1982-12-31,CH,Switzerland,-1.8338
1982-12-31,DE,Germany,-4.6571
1982-12-31,DK,Denmark,-8.9406
1982-12-31,ES,Spain,-4.5835
1982-12-31,FI,Finland,11.0721
1982-12-31,FR,France,-4.0586
1982-12-31,GB,United Kingdom,-0.8312
1982-12-31,HK,Hong Kong SAR,-26.2232
1982-12-31,IE,Ireland,-5.8751
1982-12-31,IS,Iceland,6.3901
1982-12-31,IT,Italy,-5.5366
1982-12-31,JP,Japan,4.0659
1982-12-31,KR,Korea,4.6392
1982-12-31,NL,Netherlands,-9.1086
1982-12-31,NZ,New Zealand,6.6673
1982-12-31,SE,Sweden,-5.0735
1982-12-31,US,United States,-3.0293
1982-12-31,XM,Euro area,-4.4361
1982-12-31,ZA,South Africa,-0.2686
1983-03-31,AU,Australia,-7.0808
1983-03-31,BE,Belgium,-8.3965
1983-03-31,CA,Canada,-4.7423
1983-03-31,CH,Switzerland,-2.9979
1983-03-31,DE,Germany,-4.2491
1983-03-31,DK,Denmark,0.9693
1983-03-31,ES,Spain,3.6782
1983-03-31,FI,Finland,11.9495
1983-03-31,FR,France,-3.9211
1983-03-31,GB,United Kingdom,5.2215
1983-03-31,HK,Hong Kong SAR,-24.8752
1983-03-31,IE,Ireland,-6.9765
1983-03-31,IS,Iceland,-8.075
1983-03-31,IT,Italy,-5.0464
1983-03-31,JP,Japan,3.6241
1983-03-31,KR,Korea,10.5674
1983-03-31,NL,Netherlands,-4.0296
1983-03-31,NZ,New Zealand,2.002
1983-03-31,SE,Sweden,-6.6059
1983-03-31,US,United States,-1.4728
1983-03-31,XM,Euro area,-3.5051
1983-03-31,ZA,South Africa,1.3385
1983-06-30,AU,Australia,-6.5108
1983-06-30,BE,Belgium,-7.3993
1983-06-30,CA,Canada,1.0814
1983-06-30,CH,Switzerland,0.5864
1983-06-30,DE,Germany,-2.7419
1983-06-30,DK,Denmark,13.773
1983-06-30,ES,Spain,7.7558
1983-06-30,FI,Finland,11.3692
1983-06-30,FR,France,-3.5796
1983-06-30,GB,United Kingdom,6.129
1983-06-30,HK,Hong Kong SAR,-21.7148
1983-06-30,IE,Ireland,-8.2697
1983-06-30,IS,Iceland,-21.0796
1983-06-30,IT,Italy,-6.2276
1983-06-30,JP,Japan,2.8565
1983-06-30,KR,Korea,15.5694
1983-06-30,NL,Netherlands,0.7911
1983-06-30,NZ,New Zealand,-0.3118
1983-06-30,SE,Sweden,-7.7687
1983-06-30,US,United States,-0.1639
1983-06-30,XM,Euro area,-2.7894
1983-06-30,ZA,South Africa,5.5023
1983-09-30,AU,Australia,-3.7734
1983-09-30,BE,Belgium,-10.038
1983-09-30,CA,Canada,2.2372
1983-09-30,CH,Switzerland,4.3002
1983-09-30,DE,Germany,-2.4545
1983-09-30,DK,Denmark,19.5792
1983-09-30,ES,Spain,8.9172
1983-09-30,FI,Finland,12.2277
1983-09-30,FR,France,-4.1585
1983-09-30,GB,United Kingdom,7.5483
1983-09-30,HK,Hong Kong SAR,-20.4951
1983-09-30,IE,Ireland,-7.0772
1983-09-30,IS,Iceland,-27.9761
1983-09-30,IT,Italy,-6.018
1983-09-30,JP,Japan,2.9475
1983-09-30,KR,Korea,17.0094
1983-09-30,NL,Netherlands,0.0692
1983-09-30,NZ,New Zealand,2.6422
1983-09-30,SE,Sweden,-8.8991
1983-09-30,US,United States,1.8153
1983-09-30,XM,Euro area,-2.485
1983-09-30,ZA,South Africa,8.1564
1983-12-31,AU,Australia,1.6407
1983-12-31,BE,Belgium,-8.6682
1983-12-31,CA,Canada,1.0802
1983-12-31,CH,Switzerland,4.2015
1983-12-31,DE,Germany,-2.4568
1983-12-31,DK,Denmark,20.6697
1983-12-31,ES,Spain,5.1959
1983-12-31,FI,Finland,10.8332
1983-12-31,FR,France,-4.2246
1983-12-31,GB,United Kingdom,7.0175
1983-12-31,HK,Hong Kong SAR,-21.7406
1983-12-31,IE,Ireland,-11.2007
1983-12-31,IS,Iceland,-18.9944
1983-12-31,IT,Italy,-6.4427
1983-12-31,JP,Japan,2.3384
1983-12-31,KR,Korea,15.1628
1983-12-31,NL,Netherlands,-0.6442
1983-12-31,NZ,New Zealand,5.5007
1983-12-31,SE,Sweden,-6.7909
1983-12-31,US,United States,1.7499
1983-12-31,XM,Euro area,-3.4766
1983-12-31,ZA,South Africa,12.7812
1984-03-31,AU,Australia,4.9434
1984-03-31,BE,Belgium,-5.8796
1984-03-31,CA,Canada,-5.9261
1984-03-31,CH,Switzerland,4.191
1984-03-31,DE,Germany,-3.6072
1984-03-31,DK,Denmark,16.7107
1984-03-31,ES,Spain,-1.4014
1984-03-31,FI,Finland,7.1391
1984-03-31,FR,France,-3.6601
1984-03-31,GB,United Kingdom,5.091
1984-03-31,HK,Hong Kong SAR,-14.6953
1984-03-31,IE,Ireland,-8.4017
1984-03-31,IS,Iceland,-9.9973
1984-03-31,IT,Italy,-6.9959
1984-03-31,JP,Japan,1.1632
1984-03-31,KR,Korea,13.1282
1984-03-31,NL,Netherlands,-2.0827
1984-03-31,NZ,New Zealand,7.8491
1984-03-31,SE,Sweden,-5.7869
1984-03-31,US,United States,0.6529
1984-03-31,XM,Euro area,-4.6933
1984-03-31,ZA,South Africa,9.4345
1984-06-30,AU,Australia,5.6936
1984-06-30,BE,Belgium,-4.8033
1984-06-30,CA,Canada,-4.8503
1984-06-30,CH,Switzerland,4.8876
1984-06-30,DE,Germany,-4.7471
1984-06-30,DK,Denmark,5.4672
1984-06-30,ES,Spain,-3.5341
1984-06-30,FI,Finland,5.9844
1984-06-30,FR,France,-3.366
1984-06-30,GB,United Kingdom,4.2805
1984-06-30,HK,Hong Kong SAR,-13.8471
1984-06-30,IE,Ireland,-6.4508
1984-06-30,IS,Iceland,3.7743
1984-06-30,IT,Italy,-7.564
1984-06-30,JP,Japan,1.2383
1984-06-30,KR,Korea,11.708
1984-06-30,NL,Netherlands,-5.6047
1984-06-30,NZ,New Zealand,8.0987
1984-06-30,SE,Sweden,-4.187
1984-06-30,US,United States,0.8601
1984-06-30,XM,Euro area,-5.1953
1984-06-30,ZA,South Africa,1.7861
1984-09-30,AU,Australia,11.3405
1984-09-30,BE,Belgium,-2.8116
1984-09-30,CA,Canada,-4.6647
1984-09-30,CH,Switzerland,2.321
1984-09-30,DE,Germany,-4.5687
1984-09-30,DK,Denmark,5.4052
1984-09-30,ES,Spain,-5.1921
1984-09-30,FI,Finland,4.471
1984-09-30,FR,France,-3.6756
1984-09-30,GB,United Kingdom,4.5453
1984-09-30,HK,Hong Kong SAR,-14.2156
1984-09-30,IE,Ireland,-5.741
1984-09-30,IS,Iceland,9.4205
1984-09-30,IT,Italy,-7.6293
1984-09-30,JP,Japan,0.8616
1984-09-30,KR,Korea,10.0412
1984-09-30,NL,Netherlands,-4.538
1984-09-30,NZ,New Zealand,6.1278
1984-09-30,SE,Sweden,-2.5041
1984-09-30,US,United States,1.06
1984-09-30,XM,Euro area,-5.4214
1984-09-30,ZA,South Africa,-4.5551
1984-12-31,AU,Australia,7.1747
1984-12-31,BE,Belgium,-2.7664
1984-12-31,CA,Canada,-3.687
1984-12-31,CH,Switzerland,1.4201
1984-12-31,DE,Germany,-4.3451
1984-12-31,DK,Denmark,7.5819
1984-12-31,ES,Spain,-3.083
1984-12-31,FI,Finland,1.2366
1984-12-31,FR,France,-3.3385
1984-12-31,GB,United Kingdom,5.3529
1984-12-31,HK,Hong Kong SAR,-5.3161
1984-12-31,IE,Ireland,-2.7045
1984-12-31,IS,Iceland,3.4145
1984-12-31,IT,Italy,-7.087
1984-12-31,JP,Japan,0.558
1984-12-31,KR,Korea,8.1524
1984-12-31,NL,Netherlands,-2.9908
1984-12-31,NZ,New Zealand,3.3321
1984-12-31,SE,Sweden,-3.1335
1984-12-31,US,United States,0.6515
1984-12-31,XM,Euro area,-4.6952
1984-12-31,ZA,South Africa,-13.2089
1985-03-31,AU,Australia,7.1291
1985-03-31,BE,Belgium,-3.7417
1985-03-31,CA,Canada,-1.5282
1985-03-31,CH,Switzerland,4.5097
1985-03-31,DE,Germany,-3.8692
1985-03-31,DK,Denmark,6.1267
1985-03-31,ES,Spain,-0.5985
1985-03-31,FI,Finland,-0.2473
1985-03-31,FR,France,-3.0951
1985-03-31,GB,United Kingdom,3.7226
1985-03-31,HK,Hong Kong SAR,-3.3632
1985-03-31,IE,Ireland,-4.4696
1985-03-31,IS,Iceland,-6.8525
1985-03-31,IT,Italy,-7.0373
1985-03-31,JP,Japan,0.6501
1985-03-31,KR,Korea,6.1205
1985-03-31,NL,Netherlands,-2.9952
1985-03-31,NZ,New Zealand,-0.3347
1985-03-31,SE,Sweden,-2.4973
1985-03-31,US,United States,1.151
1985-03-31,XM,Euro area,-4.29
1985-03-31,ZA,South Africa,-19.2949
1985-06-30,AU,Australia,3.5737
1985-06-30,BE,Belgium,-5.104
1985-06-30,CA,Canada,-0.1558
1985-06-30,CH,Switzerland,0.2035
1985-06-30,DE,Germany,-3.9245
1985-06-30,DK,Denmark,8.972
1985-06-30,ES,Spain,0.0983
1985-06-30,FI,Finland,-0.197
1985-06-30,FR,France,-3.0432
1985-06-30,GB,United Kingdom,3.8179
1985-06-30,HK,Hong Kong SAR,1.5262
1985-06-30,IE,Ireland,-3.0377
1985-06-30,IS,Iceland,-9.9293
1985-06-30,IT,Italy,-7.0055
1985-06-30,JP,Japan,0.4423
1985-06-30,KR,Korea,4.4388
1985-06-30,NL,Netherlands,-1.4124
1985-06-30,NZ,New Zealand,-2.5906
1985-06-30,SE,Sweden,-3.0866
1985-06-30,US,United States,1.8876
1985-06-30,XM,Euro area,-4.194
1985-06-30,ZA,South Africa,-21.3576
1985-09-30,AU,Australia,0.6853
1985-09-30,BE,Belgium,-2.6618
1985-09-30,CA,Canada,2.0968
1985-09-30,CH,Switzerland,1.4303
1985-09-30,DE,Germany,-2.8299
1985-09-30,DK,Denmark,16.7184
1985-09-30,ES,Spain,2.5393
1985-09-30,FI,Finland,-1.9212
1985-09-30,FR,France,-2.2026
1985-09-30,GB,United Kingdom,2.2933
1985-09-30,HK,Hong Kong SAR,13.6521
1985-09-30,IE,Ireland,-3.5481
1985-09-30,IS,Iceland,-16.3451
1985-09-30,IT,Italy,-6.4226
1985-09-30,JP,Japan,0.0003
1985-09-30,KR,Korea,3.6253
1985-09-30,NL,Netherlands,-2.9988
1985-09-30,NZ,New Zealand,-1.3164
1985-09-30,SE,Sweden,-3.0934
1985-09-30,US,United States,1.6389
1985-09-30,XM,Euro area,-3.0138
1985-09-30,ZA,South Africa,-21.6195
1985-12-31,AU,Australia,1.8095
1985-12-31,BE,Belgium,-1.4121
1985-12-31,CA,Canada,5.0984
1985-12-31,CH,Switzerland,0.642
1985-12-31,DE,Germany,-1.9519
1985-12-31,DK,Denmark,15.2365
1985-12-31,ES,Spain,2.4496
1985-12-31,FI,Finland,-0.9992
1985-12-31,FR,France,-1.2703
1985-12-31,GB,United Kingdom,4.4993
1985-12-31,HK,Hong Kong SAR,16.2085
1985-12-31,IE,Ireland,-0.0089
1985-12-31,IS,Iceland,-14.083
1985-12-31,IT,Italy,-6.148
1985-12-31,JP,Japan,0.6915
1985-12-31,KR,Korea,3.5901
1985-12-31,NL,Netherlands,-0.7277
1985-12-31,NZ,New Zealand,-0.0861
1985-12-31,SE,Sweden,-3.3072
1985-12-31,US,United States,2.7154
1985-12-31,XM,Euro area,-1.9449
1985-12-31,ZA,South Africa,-20.2503
1986-03-31,AU,Australia,-1.9162
1986-03-31,BE,Belgium,0.0692
1986-03-31,CA,Canada,8.7577
1986-03-31,CH,Switzerland,0.6429
1986-03-31,DE,Germany,-0.9011
1986-03-31,DK,Denmark,18.5787
1986-03-31,ES,Spain,-0.6542
1986-03-31,FI,Finland,-0.0101
1986-03-31,FR,France,0.5873
1986-03-31,GB,United Kingdom,7.301
1986-03-31,HK,Hong Kong SAR,12.2907
1986-03-31,IE,Ireland,-1.1855
1986-03-31,IS,Iceland,-15.7308
1986-03-31,IT,Italy,-4.7644
1986-03-31,JP,Japan,0.651
1986-03-31,KR,Korea,7.7022
1986-03-31,NL,Netherlands,2.4544
1986-03-31,NZ,New Zealand,0.4976
1986-03-31,SE,Sweden,-1.6495
1986-03-31,US,United States,4.0082
1986-03-31,XM,Euro area,-1.1325
1986-03-31,ZA,South Africa,-20.0148
1986-06-30,AU,Australia,0.4499
1986-06-30,BE,Belgium,3.4588
1986-06-30,CA,Canada,12.0402
1986-06-30,CH,Switzerland,0.061
1986-06-30,DE,Germany,0.8979
1986-06-30,DK,Denmark,11.8966
1986-06-30,ES,Spain,2.2504
1986-06-30,FI,Finland,0.2591
1986-06-30,FR,France,1.9929
1986-06-30,GB,United Kingdom,9.3375
1986-06-30,HK,Hong Kong SAR,7.6766
1986-06-30,IE,Ireland,-0.1871
1986-06-30,IS,Iceland,-13.9827
1986-06-30,IT,Italy,-3.0293
1986-06-30,JP,Japan,1.424
1986-06-30,KR,Korea,4.9817
1986-06-30,NL,Netherlands,3.0324
1986-06-30,NZ,New Zealand,0.3883
1986-06-30,SE,Sweden,-1.0323
1986-06-30,US,United States,5.2239
1986-06-30,XM,Euro area,0.7376
1986-06-30,ZA,South Africa,-18.7011
1986-09-30,AU,Australia,-4.8386
1986-09-30,BE,Belgium,5.173
1986-09-30,CA,Canada,13.1498
1986-09-30,CH,Switzerland,0.874
1986-09-30,DE,Germany,0.6949
1986-09-30,DK,Denmark,1.5866
1986-09-30,ES,Spain,6.5366
1986-09-30,FI,Finland,1.4619
1986-09-30,FR,France,2.5433
1986-09-30,GB,United Kingdom,11.6376
1986-09-30,HK,Hong Kong SAR,6.2425
1986-09-30,IE,Ireland,1.9833
1986-09-30,IS,Iceland,-3.762
1986-09-30,IT,Italy,-2.3373
1986-09-30,JP,Japan,2.2846
1986-09-30,KR,Korea,2.9739
1986-09-30,NL,Netherlands,7.1437
1986-09-30,NZ,New Zealand,-1.7578
1986-09-30,SE,Sweden,1.1618
1986-09-30,US,United States,6.7349
1986-09-30,XM,Euro area,1.3429
1986-09-30,ZA,South Africa,-19.1916
1986-12-31,AU,Australia,-5.8993
1986-12-31,BE,Belgium,4.558
1986-12-31,CA,Canada,15.7753
1986-12-31,CH,Switzerland,0.7688
1986-12-31,DE,Germany,0.7653
1986-12-31,DK,Denmark,0.411
1986-12-31,ES,Spain,15.5786
1986-12-31,FI,Finland,2.8677
1986-12-31,FR,France,3.0804
1986-12-31,GB,United Kingdom,11.1157
1986-12-31,HK,Hong Kong SAR,7.5956
1986-12-31,IE,Ireland,-1.7125
1986-12-31,IS,Iceland,2.6457
1986-12-31,IT,Italy,-1.2564
1986-12-31,JP,Japan,3.6964
1986-12-31,KR,Korea,2.3519
1986-12-31,NL,Netherlands,6.0965
1986-12-31,NZ,New Zealand,-8.7265
1986-12-31,SE,Sweden,5.0329
1986-12-31,US,United States,6.7115
1986-12-31,XM,Euro area,2.3583
1986-12-31,ZA,South Africa,-18.3392
1987-03-31,AU,Australia,-6.6214
1987-03-31,BE,Belgium,6.7748
1987-03-31,CA,Canada,19.0389
1987-03-31,CH,Switzerland,-1.221
1987-03-31,DE,Germany,-0.0026
1987-03-31,DK,Denmark,-11.7234
1987-03-31,ES,Spain,29.8002
1987-03-31,FI,Finland,1.8701
1987-03-31,FR,France,2.3863
1987-03-31,GB,United Kingdom,11.7424
1987-03-31,HK,Hong Kong SAR,15.3178
1987-03-31,IE,Ireland,-1.6868
1987-03-31,IS,Iceland,16.1742
1987-03-31,IT,Italy,-0.4834
1987-03-31,JP,Japan,5.3414
1987-03-31,KR,Korea,-3.8245
1987-03-31,NL,Netherlands,6.6389
1987-03-31,NZ,New Zealand,-5.4804
1987-03-31,SE,Sweden,8.0347
1987-03-31,US,United States,7.077
1987-03-31,XM,Euro area,4.2651
1987-03-31,ZA,South Africa,-12.7949
1987-06-30,AU,Australia,-7.9178
1987-06-30,BE,Belgium,4.9733
1987-06-30,CA,Canada,11.2885
1987-06-30,CH,Switzerland,3.5293
1987-06-30,DE,Germany,-1.2245
1987-06-30,DK,Denmark,-10.7423
1987-06-30,ES,Spain,32.5682
1987-06-30,FI,Finland,5.4547
1987-06-30,FR,France,3.0709
1987-06-30,GB,United Kingdom,11.9862
1987-06-30,HK,Hong Kong SAR,20.5529
1987-06-30,IE,Ireland,-4.5551
1987-06-30,IS,Iceland,15.8828
1987-06-30,IT,Italy,0.4614
1987-06-30,JP,Japan,6.8698
1987-06-30,KR,Korea,-4.2897
1987-06-30,NL,Netherlands,7.0794
1987-06-30,NZ,New Zealand,-2.6662
1987-06-30,SE,Sweden,8.716
1987-06-30,US,United States,5.7519
1987-06-30,XM,Euro area,4.3104
1987-06-30,ZA,South Africa,-7.8867
1987-09-30,AT,Austria,-2.6891
1987-09-30,AU,Australia,-2.8005
1987-09-30,BE,Belgium,2.927
1987-09-30,CA,Canada,9.5286
1987-09-30,CH,Switzerland,1.4722
1987-09-30,DE,Germany,-1.4728
1987-09-30,DK,Denmark,-9.5919
1987-09-30,ES,Spain,32.2497
1987-09-30,FI,Finland,8.194
1987-09-30,FR,France,4.259
1987-09-30,GB,United Kingdom,12.8324
1987-09-30,HK,Hong Kong SAR,18.6149
1987-09-30,IE,Ireland,-3.2916
1987-09-30,IS,Iceland,14.165
1987-09-30,IT,Italy,1.4144
1987-09-30,JP,Japan,8.9352
1987-09-30,KR,Korea,-2.8769
1987-09-30,NL,Netherlands,3.6153
1987-09-30,NZ,New Zealand,1.5488
1987-09-30,SE,Sweden,7.8289
1987-09-30,US,United States,5.1755
1987-09-30,XM,Euro area,3.6324
1987-09-30,ZA,South Africa,-2.9007
1987-12-31,AT,Austria,12.8892
1987-12-31,AU,Australia,1.7445
1987-12-31,BE,Belgium,4.5298
1987-12-31,CA,Canada,8.4336
1987-12-31,CH,Switzerland,1.539
1987-12-31,DE,Germany,-1.0593
1987-12-31,DK,Denmark,-11.7873
1987-12-31,ES,Spain,29.244
1987-12-31,FI,Finland,12.5771
1987-12-31,FR,France,5.0057
1987-12-31,GB,United Kingdom,15.9732
1987-12-31,HK,Hong Kong SAR,12.604
1987-12-31,IE,Ireland,3.3723
1987-12-31,IS,Iceland,13.1084
1987-12-31,IT,Italy,2.4617
1987-12-31,JP,Japan,8.0946
1987-12-31,KR,Korea,0.6304
1987-12-31,NL,Netherlands,4.5968
1987-12-31,NZ,New Zealand,11.0552
1987-12-31,SE,Sweden,8.6566
1987-12-31,US,United States,5.3542
1987-12-31,XM,Euro area,5.2413
1987-12-31,ZA,South Africa,1.6076
1988-03-31,AT,Austria,-0.9751
1988-03-31,AU,Australia,5.3247
1988-03-31,BE,Belgium,4.1621
1988-03-31,CA,Canada,9.3599
1988-03-31,CH,Switzerland,1.4522
1988-03-31,DE,Germany,-0.5277
1988-03-31,DK,Denmark,-4.9509
1988-03-31,ES,Spain,21.9496
1988-03-31,FI,Finland,22.9105
1988-03-31,FR,France,6.7356
1988-03-31,GB,United Kingdom,17.7154
1988-03-31,HK,Hong Kong SAR,7.5853
1988-03-31,IE,Ireland,4.2946
1988-03-31,IS,Iceland,11.6814
1988-03-31,IT,Italy,4.1663
1988-03-31,JP,Japan,7.5541
1988-03-31,KR,Korea,3.7011
1988-03-31,NL,Netherlands,2.2792
1988-03-31,NZ,New Zealand,8.6983
1988-03-31,SE,Sweden,9.7007
1988-03-31,US,United States,4.1055
1988-03-31,XM,Euro area,4.8222
1988-03-31,ZA,South Africa,3.1378
1988-06-30,AT,Austria,-2.7389
1988-06-30,AU,Australia,9.4696
1988-06-30,BE,Belgium,7.3789
1988-06-30,CA,Canada,13.2203
1988-06-30,CH,Switzerland,0.4291
1988-06-30,DE,Germany,0.4663
1988-06-30,DK,Denmark,-4.9262
1988-06-30,ES,Spain,21.3778
1988-06-30,FI,Finland,24.7448
1988-06-30,FR,France,7.5926
1988-06-30,GB,United Kingdom,18.6848
1988-06-30,HK,Hong Kong SAR,9.3476
1988-06-30,IE,Ireland,5.5237
1988-06-30,IS,Iceland,9.5716
1988-06-30,IT,Italy,6.6192
1988-06-30,JP,Japan,5.8998
1988-06-30,KR,Korea,9.6365
1988-06-30,NL,Netherlands,3.6326
1988-06-30,NZ,New Zealand,9.1562
1988-06-30,SE,Sweden,10.2153
1988-06-30,US,United States,4.4367
1988-06-30,XM,Euro area,5.7949
1988-06-30,ZA,South Africa,1.8028
1988-09-30,AT,Austria,30.8049
1988-09-30,AU,Australia,17.8762
1988-09-30,BE,Belgium,7.4494
1988-09-30,CA,Canada,14.3423
1988-09-30,CH,Switzerland,3.7589
1988-09-30,DE,Germany,1.005
1988-09-30,DK,Denmark,-2.2344
1988-09-30,ES,Spain,18.0832
1988-09-30,FI,Finland,30.4023
1988-09-30,FR,France,8.2791
1988-09-30,GB,United Kingdom,27.1985
1988-09-30,HK,Hong Kong SAR,12.2888
1988-09-30,IE,Ireland,5.3453
1988-09-30,IS,Iceland,-0.7308
1988-09-30,IT,Italy,8.6305
1988-09-30,JP,Japan,3.4894
1988-09-30,KR,Korea,11.6085
1988-09-30,NL,Netherlands,4.812
1988-09-30,NZ,New Zealand,5.4982
1988-09-30,SE,Sweden,13.9801
1988-09-30,US,United States,4.8545
1988-09-30,XM,Euro area,7.497
1988-09-30,ZA,South Africa,2.2306
1988-12-31,AT,Austria,11.8986
1988-12-31,AU,Australia,23.4653
1988-12-31,BE,Belgium,8.1296
1988-12-31,CA,Canada,17.0895
1988-12-31,CH,Switzerland,9.0152
1988-12-31,DE,Germany,0.4379
1988-12-31,DK,Denmark,-0.7603
1988-12-31,ES,Spain,16.0855
1988-12-31,FI,Finland,33.7761
1988-12-31,FR,France,8.8321
1988-12-31,GB,United Kingdom,27.2462
1988-12-31,HK,Hong Kong SAR,19.2924
1988-12-31,IE,Ireland,2.9148
1988-12-31,IS,Iceland,4.5368
1988-12-31,IT,Italy,10.1642
1988-12-31,JP,Japan,3.6848
1988-12-31,KR,Korea,6.5928
1988-12-31,NL,Netherlands,4.5807
1988-12-31,NZ,New Zealand,2.3668
1988-12-31,SE,Sweden,12.491
1988-12-31,US,United States,5.1948
1988-12-31,XM,Euro area,6.5107
1988-12-31,ZA,South Africa,1.1214
1989-03-31,AT,Austria,20.1483
1989-03-31,AU,Australia,28.8311
1989-03-31,BE,Belgium,10.5708
1989-03-31,CA,Canada,17.4858
1989-03-31,CH,Switzerland,8.0911
1989-03-31,CO,Colombia,3.0393
1989-03-31,DE,Germany,0.2125
1989-03-31,DK,Denmark,-3.0512
1989-03-31,ES,Spain,16.4518
1989-03-31,FI,Finland,28.2776
1989-03-31,FR,France,8.9983
1989-03-31,GB,United Kingdom,24.0188
1989-03-31,HK,Hong Kong SAR,26.6007
1989-03-31,IE,Ireland,7.8273
1989-03-31,IS,Iceland,-1.8874
1989-03-31,IT,Italy,10.3922
1989-03-31,JP,Japan,4.3107
1989-03-31,KR,Korea,7.6861
1989-03-31,MY,Malaysia,3.0612
1989-03-31,NL,Netherlands,5.8141
1989-03-31,NZ,New Zealand,2.7118
1989-03-31,PT,Portugal,5.8946
1989-03-31,SE,Sweden,12.9503
1989-03-31,US,United States,5.2491
1989-03-31,XM,Euro area,7.7151
1989-03-31,ZA,South Africa,-0.4786
1989-06-30,AT,Austria,16.6422
1989-06-30,AU,Australia,23.7481
1989-06-30,BE,Belgium,9.547
1989-06-30,CA,Canada,4.6523
1989-06-30,CH,Switzerland,5.4048
1989-06-30,CO,Colombia,15.8503
1989-06-30,DE,Germany,-0.4188
1989-06-30,DK,Denmark,-2.8362
1989-06-30,ES,Spain,15.2101
1989-06-30,FI,Finland,23.1079
1989-06-30,FR,France,8.6103
1989-06-30,GB,United Kingdom,20.7683
1989-06-30,HK,Hong Kong SAR,20.0127
1989-06-30,IE,Ireland,5.5971
1989-06-30,IS,Iceland,-2.2507
1989-06-30,IT,Italy,10.4302
1989-06-30,JP,Japan,3.9767
1989-06-30,KR,Korea,10.0695
1989-06-30,MY,Malaysia,2.8949
1989-06-30,NL,Netherlands,5.17
1989-06-30,NZ,New Zealand,0.3451
1989-06-30,PT,Portugal,4.0686
1989-06-30,SE,Sweden,13.4212
1989-06-30,US,United States,3.8446
1989-06-30,XM,Euro area,7.0821
1989-06-30,ZA,South Africa,0.8207
1989-09-30,AT,Austria,8.1528
1989-09-30,AU,Australia,12.2987
1989-09-30,BE,Belgium,9.5087
1989-09-30,CA,Canada,5.6924
1989-09-30,CH,Switzerland,3.46
1989-09-30,CO,Colombia,0.0004
1989-09-30,DE,Germany,0.2743
1989-09-30,DK,Denmark,-6.4786
1989-09-30,ES,Spain,16.2746
1989-09-30,FI,Finland,12.3789
1989-09-30,FR,France,8.1568
1989-09-30,GB,United Kingdom,10.5907
1989-09-30,HK,Hong Kong SAR,7.7376
1989-09-30,IE,Ireland,6.4638
1989-09-30,IS,Iceland,0.6118
1989-09-30,IT,Italy,11.1695
1989-09-30,JP,Japan,5.3346
1989-09-30,KR,Korea,6.6198
1989-09-30,MY,Malaysia,0.6183
1989-09-30,NL,Netherlands,5.6067
1989-09-30,NZ,New Zealand,-0.9862
1989-09-30,PT,Portugal,5.724
1989-09-30,SE,Sweden,11.3627
1989-09-30,US,United States,2.9379
1989-09-30,XM,Euro area,7.0362
1989-09-30,ZA,South Africa,0.2554
1989-12-31,AT,Austria,17.4109
1989-12-31,AU,Australia,2.5386
1989-12-31,BE,Belgium,12.022
1989-12-31,CA,Canada,3.4236
1989-12-31,CH,Switzerland,3.2888
1989-12-31,CO,Colombia,5.134
1989-12-31,DE,Germany,1.529
1989-12-31,DK,Denmark,-8.5373
1989-12-31,ES,Spain,13.9628
1989-12-31,FI,Finland,-0.4329
1989-12-31,FR,France,7.3965
1989-12-31,GB,United Kingdom,1.659
1989-12-31,HK,Hong Kong SAR,6.3661
1989-12-31,IE,Ireland,9.6235
1989-12-31,IS,Iceland,-8.4197
1989-12-31,IT,Italy,11.6462
1989-12-31,JP,Japan,7.6845
1989-12-31,KR,Korea,7.5502
1989-12-31,MY,Malaysia,-0.7856
1989-12-31,NL,Netherlands,5.4147
1989-12-31,NZ,New Zealand,0.1022
1989-12-31,PT,Portugal,4.8376
1989-12-31,SE,Sweden,8.9479
1989-12-31,US,United States,1.7434
1989-12-31,XM,Euro area,7.2586
1989-12-31,ZA,South Africa,-0.6956
1990-03-31,AT,Austria,15.5718
1990-03-31,AU,Australia,-5.3913
1990-03-31,BE,Belgium,10.4658
1990-03-31,CA,Canada,-7.8783
1990-03-31,CH,Switzerland,2.8595
1990-03-31,CO,Colombia,1.7033
1990-03-31,DE,Germany,4.0094
1990-03-31,DK,Denmark,-10.6231
1990-03-31,ES,Spain,12.6713
1990-03-31,FI,Finland,-10.1191
1990-03-31,FR,France,6.2309
1990-03-31,GB,United Kingdom,-2.7371
1990-03-31,HK,Hong Kong SAR,-1.0585
1990-03-31,IE,Ireland,10.334
1990-03-31,IS,Iceland,-4.5974
1990-03-31,IT,Italy,11.771
1990-03-31,JP,Japan,8.9072
1990-03-31,KR,Korea,7.2641
1990-03-31,MY,Malaysia,-1.3772
1990-03-31,NL,Netherlands,2.476
1990-03-31,NZ,New Zealand,-0.121
1990-03-31,PT,Portugal,2.8843
1990-03-31,SE,Sweden,6.0702
1990-03-31,US,United States,0.3861
1990-03-31,XM,Euro area,7.6158
1990-03-31,ZA,South Africa,0.3614
1990-06-30,AT,Austria,24.5151
1990-06-30,AU,Australia,-5.5503
1990-06-30,BE,Belgium,7.761
1990-06-30,CA,Canada,-5.2048
1990-06-30,CH,Switzerland,5.542
1990-06-30,CO,Colombia,-5.5305
1990-06-30,DE,Germany,6.4162
1990-06-30,DK,Denmark,-9.5544
1990-06-30,ES,Spain,9.1928
1990-06-30,FI,Finland,-10.6322
1990-06-30,FR,France,5.8341
1990-06-30,GB,United Kingdom,-7.69
1990-06-30,HK,Hong Kong SAR,-2.567
1990-06-30,IE,Ireland,11.7019
1990-06-30,IS,Iceland,-4.3686
1990-06-30,IT,Italy,11.1958
1990-06-30,JP,Japan,11.278
1990-06-30,KR,Korea,5.6581
1990-06-30,MY,Malaysia,-2.1608
1990-06-30,NL,Netherlands,2.2454
1990-06-30,NZ,New Zealand,-0.5648
1990-06-30,PT,Portugal,2.3524
1990-06-30,SE,Sweden,2.503
1990-06-30,US,United States,-0.3687
1990-06-30,XM,Euro area,8.3147
1990-06-30,ZA,South Africa,1.3287
1990-09-30,AT,Austria,24.3594
1990-09-30,AU,Australia,-4.9743
1990-09-30,BE,Belgium,6.5439
1990-09-30,CA,Canada,-6.4789
1990-09-30,CH,Switzerland,2.7636
1990-09-30,CO,Colombia,-0.7632
1990-09-30,DE,Germany,5.9089
1990-09-30,DK,Denmark,-10.2584
1990-09-30,ES,Spain,6.7055
1990-09-30,FI,Finland,-11.2274
1990-09-30,FR,France,5.0255
1990-09-30,GB,United Kingdom,-9.9198
1990-09-30,HK,Hong Kong SAR,4.8997
1990-09-30,IE,Ireland,10.7609
1990-09-30,IS,Iceland,-0.4423
1990-09-30,IT,Italy,8.8934
1990-09-30,JP,Japan,12.2926
1990-09-30,KR,Korea,7.5356
1990-09-30,MY,Malaysia,-0.8795
1990-09-30,NL,Netherlands,-2.4537
1990-09-30,NZ,New Zealand,0.206
1990-09-30,PT,Portugal,-0.054
1990-09-30,SE,Sweden,-0.3838
1990-09-30,US,United States,-2.8337
1990-09-30,XM,Euro area,7.9451
1990-09-30,ZA,South Africa,0.3456
1990-12-31,AT,Austria,23.4328
1990-12-31,AU,Australia,-5.3911
1990-12-31,BE,Belgium,3.288
1990-12-31,CA,Canada,-11.515
1990-12-31,CH,Switzerland,-4.9194
1990-12-31,CO,Colombia,-3.3595
1990-12-31,DE,Germany,4.2444
1990-12-31,DK,Denmark,-9.187
1990-12-31,ES,Spain,5.328
1990-12-31,FI,Finland,-11.6783
1990-12-31,FR,France,3.9968
1990-12-31,GB,United Kingdom,-9.8308
1990-12-31,HK,Hong Kong SAR,2.6175
1990-12-31,IE,Ireland,2.0727
1990-12-31,IS,Iceland,2.8161
1990-12-31,IT,Italy,8.9599
1990-12-31,JP,Japan,8.4554
1990-12-31,KR,Korea,10.9559
1990-12-31,MY,Malaysia,7.9558
1990-12-31,NL,Netherlands,-3.7565
1990-12-31,NZ,New Zealand,-1.9551
1990-12-31,PT,Portugal,-0.2395
1990-12-31,SE,Sweden,-2.4052
1990-12-31,US,United States,-5.1298
1990-12-31,XM,Euro area,6.4991
1990-12-31,ZA,South Africa,-0.6813
1991-03-31,AT,Austria,25.3061
1991-03-31,AU,Australia,-4.1488
1991-03-31,BE,Belgium,0.7372
1991-03-31,CA,Canada,-6.8712
1991-03-31,CH,Switzerland,-6.4863
1991-03-31,CO,Colombia,-11.5496
1991-03-31,DE,Germany,2.7754
1991-03-31,DK,Denmark,-3.0617
1991-03-31,ES,Spain,4.9536
1991-03-31,FI,Finland,-15.356
1991-03-31,FR,France,3.6627
1991-03-31,GB,United Kingdom,-8.4224
1991-03-31,HK,Hong Kong SAR,3.6484
1991-03-31,IE,Ireland,-0.0791
1991-03-31,IS,Iceland,4.0061
1991-03-31,IT,Italy,10.5827
1991-03-31,JP,Japan,5.6996
1991-03-31,KR,Korea,7.074
1991-03-31,MY,Malaysia,15.1968
1991-03-31,NL,Netherlands,-2.3284
1991-03-31,NZ,New Zealand,-5.4237
1991-03-31,PT,Portugal,4.4872
1991-03-31,SE,Sweden,-1.5757
1991-03-31,US,United States,-6.2786
1991-03-31,XM,Euro area,5.2555
1991-03-31,ZA,South Africa,-1.5962
1991-06-30,AT,Austria,18.146
1991-06-30,AU,Australia,-2.5286
1991-06-30,BE,Belgium,-0.0756
1991-06-30,CA,Canada,3.5763
1991-06-30,CH,Switzerland,-6.1405
1991-06-30,CO,Colombia,-2.7532
1991-06-30,DE,Germany,1.7517
1991-06-30,DK,Denmark,-2.5384
1991-06-30,ES,Spain,7.438
1991-06-30,FI,Finland,-16.5489
1991-06-30,FR,France,2.8672
1991-06-30,GB,United Kingdom,-9.1975
1991-06-30,HK,Hong Kong SAR,14.5897
1991-06-30,IE,Ireland,-2.5931
1991-06-30,IS,Iceland,5.8198
1991-06-30,IT,Italy,9.9826
1991-06-30,JP,Japan,2.2731
1991-06-30,KR,Korea,4.1733
1991-06-30,MY,Malaysia,23.4974
1991-06-30,NL,Netherlands,-2.7535
1991-06-30,NZ,New Zealand,-5.8215
1991-06-30,PT,Portugal,7.0114
1991-06-30,SE,Sweden,-3.0723
1991-06-30,US,United States,-5.3317
1991-06-30,XM,Euro area,4.4346
1991-06-30,ZA,South Africa,-2.5228
1991-09-30,AT,Austria,11.3046
1991-09-30,AU,Australia,1.5645
1991-09-30,BE,Belgium,1.2596
1991-09-30,CA,Canada,-2.4047
1991-09-30,CH,Switzerland,-0.9419
1991-09-30,CO,Colombia,-10.0328
1991-09-30,DE,Germany,0.0777
1991-09-30,DK,Denmark,-0.0754
1991-09-30,ES,Spain,7.9813
1991-09-30,FI,Finland,-18.3094
1991-09-30,FR,France,1.4897
1991-09-30,GB,United Kingdom,-8.5643
1991-09-30,HK,Hong Kong SAR,30.1426
1991-09-30,IE,Ireland,-3.5654
1991-09-30,IS,Iceland,4.4884
1991-09-30,IT,Italy,8.5539
1991-09-30,JP,Japan,-0.9233
1991-09-30,KR,Korea,0.2646
1991-09-30,MY,Malaysia,25.2161
1991-09-30,NL,Netherlands,-0.109
1991-09-30,NZ,New Zealand,-4.5943
1991-09-30,PT,Portugal,7.0737
1991-09-30,SE,Sweden,-2.8739
1991-09-30,US,United States,-4.5127
1991-09-30,XM,Euro area,3.1282
1991-09-30,ZA,South Africa,-1.4995
1991-12-31,AT,Austria,13.8733
1991-12-31,AU,Australia,2.6202
1991-12-31,BE,Belgium,2.0936
1991-12-31,CA,Canada,-0.399
1991-12-31,CH,Switzerland,-0.3534
1991-12-31,CO,Colombia,-5.7601
1991-12-31,DE,Germany,-0.287
1991-12-31,DK,Denmark,1.4285
1991-12-31,ES,Spain,11.1406
1991-12-31,FI,Finland,-19.8268
1991-12-31,FR,France,-0.1854
1991-12-31,GB,United Kingdom,-7.1614
1991-12-31,HK,Hong Kong SAR,40.5524
1991-12-31,IE,Ireland,1.9339
1991-12-31,IS,Iceland,0.406
1991-12-31,IT,Italy,7.1473
1991-12-31,JP,Japan,-2.8657
1991-12-31,KR,Korea,-6.8399
1991-12-31,MY,Malaysia,17.4115
1991-12-31,NL,Netherlands,2.9989
1991-12-31,NZ,New Zealand,-3.4299
1991-12-31,PT,Portugal,8.4751
1991-12-31,SE,Sweden,-1.8624
1991-12-31,US,United States,-3.5031
1991-12-31,XM,Euro area,3.7123
1991-12-31,ZA,South Africa,-1.0798
1992-03-31,AT,Austria,17.7084
1992-03-31,AU,Australia,1.8405
1992-03-31,BE,Belgium,3.1289
1992-03-31,CA,Canada,-1.0235
1992-03-31,CH,Switzerland,-0.4837
1992-03-31,CO,Colombia,-4.1225
1992-03-31,DE,Germany,-0.3672
1992-03-31,DK,Denmark,-1.4751
1992-03-31,ES,Spain,-0.4783
1992-03-31,FI,Finland,-15.9818
1992-03-31,FR,France,-2.7625
1992-03-31,GB,United Kingdom,-7.3656
1992-03-31,HK,Hong Kong SAR,45.9339
1992-03-31,IE,Ireland,0.2949
1992-03-31,IS,Iceland,0.1027
1992-03-31,IT,Italy,8.516
1992-03-31,JP,Japan,-4.3052
1992-03-31,KR,Korea,-9.5784
1992-03-31,MY,Malaysia,12.0135
1992-03-31,NL,Netherlands,5.893
1992-03-31,NZ,New Zealand,-2.0001
1992-03-31,PT,Portugal,6.9195
1992-03-31,SE,Sweden,-8.5938
1992-03-31,TH,Thailand,18.2108
1992-03-31,US,United States,-2.4575
1992-03-31,XM,Euro area,2.2977
1992-03-31,ZA,South Africa,-3.4585
1992-06-30,AT,Austria,16.1021
1992-06-30,AU,Australia,1.4184
1992-06-30,BE,Belgium,6.926
1992-06-30,CA,Canada,-3.4728
1992-06-30,CH,Switzerland,-2.6289
1992-06-30,CO,Colombia,-7.7202
1992-06-30,DE,Germany,-1.057
1992-06-30,DK,Denmark,-2.7273
1992-06-30,ES,Spain,-6.329
1992-06-30,FI,Finland,-19.139
1992-06-30,FR,France,-4.9639
1992-06-30,GB,United Kingdom,-6.9862
1992-06-30,HK,Hong Kong SAR,41.8216
1992-06-30,IE,Ireland,2.2564
1992-06-30,IS,Iceland,-2.0209
1992-06-30,IT,Italy,9.1478
1992-06-30,JP,Japan,-5.6867
1992-06-30,KR,Korea,-14.2149
1992-06-30,MY,Malaysia,7.3175
1992-06-30,NL,Netherlands,0.8645
1992-06-30,NZ,New Zealand,0.3033
1992-06-30,PT,Portugal,4.5708
1992-06-30,SE,Sweden,-8.8709
1992-06-30,TH,Thailand,7.5894
1992-06-30,US,United States,-3.5315
1992-06-30,XM,Euro area,1.148
1992-06-30,ZA,South Africa,-8.3791
1992-09-30,AT,Austria,7.533
1992-09-30,AU,Australia,-1.0343
1992-09-30,BE,Belgium,3.8758
1992-09-30,CA,Canada,2.7026
1992-09-30,CH,Switzerland,-8.9266
1992-09-30,CO,Colombia,-4.7252
1992-09-30,DE,Germany,0.3268
1992-09-30,DK,Denmark,-3.8853
1992-09-30,ES,Spain,-8.0462
1992-09-30,FI,Finland,-21.3029
1992-09-30,FR,France,-5.4789
1992-09-30,GB,United Kingdom,-7.4288
1992-09-30,HK,Hong Kong SAR,23.6708
1992-09-30,IE,Ireland,1.0367
1992-09-30,IS,Iceland,0.4868
1992-09-30,IT,Italy,10.1104
1992-09-30,JP,Japan,-6.3415
1992-09-30,KR,Korea,-13.7908
1992-09-30,MY,Malaysia,5.2371
1992-09-30,NL,Netherlands,7.618
1992-09-30,NZ,New Zealand,0.0978
1992-09-30,PT,Portugal,1.2963
1992-09-30,SE,Sweden,-11.9917
1992-09-30,TH,Thailand,6.2386
1992-09-30,US,United States,-3.3631
1992-09-30,XM,Euro area,0.8687
1992-09-30,ZA,South Africa,-11.7494
1992-12-31,AT,Austria,5.67
1992-12-31,AU,Australia,0.4003
1992-12-31,BE,Belgium,2.7223
1992-12-31,CA,Canada,3.056
1992-12-31,CH,Switzerland,-6.3524
1992-12-31,CO,Colombia,-7.2132
1992-12-31,DE,Germany,1.2827
1992-12-31,DK,Denmark,-6.5018
1992-12-31,ES,Spain,-12.0025
1992-12-31,FI,Finland,-21.3383
1992-12-31,FR,France,-5.2835
1992-12-31,GB,United Kingdom,-9.8391
1992-12-31,HK,Hong Kong SAR,6.8285
1992-12-31,IE,Ireland,-1.9712
1992-12-31,IS,Iceland,2.0037
1992-12-31,IT,Italy,8.8935
1992-12-31,JP,Japan,-5.702
1992-12-31,KR,Korea,-10.3028
1992-12-31,MY,Malaysia,4.2069
1992-12-31,NL,Netherlands,5.7845
1992-12-31,NZ,New Zealand,0.3944
1992-12-31,PT,Portugal,-1.7171
1992-12-31,SE,Sweden,-16.7962
1992-12-31,TH,Thailand,5.646
1992-12-31,US,United States,-2.7787
1992-12-31,XM,Euro area,-0.2062
1992-12-31,ZA,South Africa,-9.4442
1993-03-31,AT,Austria,-4.0326
1993-03-31,AU,Australia,1.0876
1993-03-31,BE,Belgium,1.2731
1993-03-31,CA,Canada,1.9326
1993-03-31,CH,Switzerland,-6.1737
1993-03-31,CO,Colombia,-3.6076
1993-03-31,DE,Germany,0.0639
1993-03-31,DK,Denmark,-6.8623
1993-03-31,ES,Spain,-7.7485
1993-03-31,FI,Finland,-20.2156
1993-03-31,FR,France,-4.4414
1993-03-31,GB,United Kingdom,-7.6128
1993-03-31,HK,Hong Kong SAR,-2.0381
1993-03-31,HU,Hungary,-14.5148
1993-03-31,IE,Ireland,-4.1592
1993-03-31,IS,Iceland,-1.8622
1993-03-31,IT,Italy,3.7212
1993-03-31,JP,Japan,-6.1629
1993-03-31,KR,Korea,-8.4922
1993-03-31,MY,Malaysia,2.6478
1993-03-31,NL,Netherlands,3.309
1993-03-31,NO,Norway,-7.6845
1993-03-31,NZ,New Zealand,2.3146
1993-03-31,PT,Portugal,-4.8448
1993-03-31,SE,Sweden,-19.0533
1993-03-31,TH,Thailand,4.6605
1993-03-31,US,United States,-2.8299
1993-03-31,XM,Euro area,-1.2168
1993-03-31,ZA,South Africa,-7.2221
1993-06-30,AT,Austria,-4.6415
1993-06-30,AU,Australia,0.8021
1993-06-30,BE,Belgium,1.8486
1993-06-30,CA,Canada,1.4751
1993-06-30,CH,Switzerland,-3.4635
1993-06-30,CO,Colombia,-1.1493
1993-06-30,DE,Germany,-0.283
1993-06-30,DK,Denmark,-7.2421
1993-06-30,ES,Spain,-4.5972
1993-06-30,FI,Finland,-14.9029
1993-06-30,FR,France,-3.5938
1993-06-30,GB,United Kingdom,-4.6303
1993-06-30,HK,Hong Kong SAR,-3.5156
1993-06-30,HU,Hungary,-9.9505
1993-06-30,IE,Ireland,0.7675
1993-06-30,IS,Iceland,-1.5008
1993-06-30,IT,Italy,0.4866
1993-06-30,JP,Japan,-5.4041
1993-06-30,KR,Korea,-7.536
1993-06-30,MY,Malaysia,0.868
1993-06-30,NL,Netherlands,8.1389
1993-06-30,NO,Norway,-3.4356
1993-06-30,NZ,New Zealand,1.4361
1993-06-30,PT,Portugal,-5.2246
1993-06-30,SE,Sweden,-17.4606
1993-06-30,TH,Thailand,8.7363
1993-06-30,US,United States,-2.1326
1993-06-30,XM,Euro area,-0.9569
1993-06-30,ZA,South Africa,-5.7813
1993-09-30,AT,Austria,-2.2912
1993-09-30,AU,Australia,0.4322
1993-09-30,BE,Belgium,1.6645
1993-09-30,CA,Canada,-0.9575
1993-09-30,CH,Switzerland,-3.5298
1993-09-30,CO,Colombia,3.5932
1993-09-30,DE,Germany,-0.5946
1993-09-30,DK,Denmark,-1.1723
1993-09-30,ES,Spain,-3.5038
1993-09-30,FI,Finland,-7.3885
1993-09-30,FR,France,-3.1124
1993-09-30,GB,United Kingdom,-3.2724
1993-09-30,HK,Hong Kong SAR,1.741
1993-09-30,HU,Hungary,-13.3885
1993-09-30,IE,Ireland,1.1323
1993-09-30,IS,Iceland,-7.2402
1993-09-30,IT,Italy,-0.7303
1993-09-30,JP,Japan,-5.8449
1993-09-30,KR,Korea,-7.095
1993-09-30,MY,Malaysia,0.5461
1993-09-30,NL,Netherlands,4.3007
1993-09-30,NO,Norway,0.0097
1993-09-30,NZ,New Zealand,2.5496
1993-09-30,PT,Portugal,-5.3161
1993-09-30,SE,Sweden,-15.1067
1993-09-30,TH,Thailand,8.0915
1993-09-30,US,United States,-0.9158
1993-09-30,XM,Euro area,-0.9944
1993-09-30,ZA,South Africa,-1.8853
1993-12-31,AT,Austria,-1.575
1993-12-31,AU,Australia,0.677
1993-12-31,BE,Belgium,5.1342
1993-12-31,CA,Canada,-1.9265
1993-12-31,CH,Switzerland,-3.279
1993-12-31,CO,Colombia,5.9794
1993-12-31,DE,Germany,0.0549
1993-12-31,DK,Denmark,7.0684
1993-12-31,ES,Spain,-3.0484
1993-12-31,FI,Finland,1.7559
1993-12-31,FR,France,-2.7183
1993-12-31,GB,United Kingdom,-0.8863
1993-12-31,HK,Hong Kong SAR,5.0628
1993-12-31,HU,Hungary,-4.414
1993-12-31,IE,Ireland,-0.8695
1993-12-31,IS,Iceland,-7.3031
1993-12-31,IT,Italy,-2.6426
1993-12-31,JP,Japan,-4.6768
1993-12-31,KR,Korea,-8.309
1993-12-31,MY,Malaysia,0.9759
1993-12-31,NL,Netherlands,6.4069
1993-12-31,NO,Norway,6.0482
1993-12-31,NZ,New Zealand,4.8474
1993-12-31,PT,Portugal,-5.2872
1993-12-31,SE,Sweden,-7.8866
1993-12-31,TH,Thailand,3.8657
1993-12-31,US,United States,-0.2897
1993-12-31,XM,Euro area,-0.9058
1993-12-31,ZA,South Africa,-2.3284
1994-03-31,AT,Austria,2.1303
1994-03-31,AU,Australia,1.4139
1994-03-31,BE,Belgium,4.9508
1994-03-31,CA,Canada,2.8869
1994-03-31,CH,Switzerland,-0.4566
1994-03-31,CO,Colombia,9.1019
1994-03-31,DE,Germany,0.8503
1994-03-31,DK,Denmark,14.3217
1994-03-31,ES,Spain,-3.3485
1994-03-31,FI,Finland,7.0226
1994-03-31,FR,France,-2.2293
1994-03-31,GB,United Kingdom,-0.3898
1994-03-31,HK,Hong Kong SAR,22.8403
1994-03-31,HU,Hungary,-2.0069
1994-03-31,IE,Ireland,5.561
1994-03-31,IS,Iceland,-3.0592
1994-03-31,IT,Italy,-4.2103
1994-03-31,JP,Japan,-4.0872
1994-03-31,KR,Korea,-8.8452
1994-03-31,MY,Malaysia,2.1977
1994-03-31,NL,Netherlands,8.1249
1994-03-31,NO,Norway,14.2623
1994-03-31,NZ,New Zealand,9.7031
1994-03-31,PT,Portugal,-4.0409
1994-03-31,SE,Sweden,0.6392
1994-03-31,TH,Thailand,-4.0569
1994-03-31,US,United States,-0.0685
1994-03-31,XM,Euro area,-0.522
1994-03-31,ZA,South Africa,-1.5159
1994-06-30,AT,Austria,-3.458
1994-06-30,AU,Australia,1.5804
1994-06-30,BE,Belgium,3.4628
1994-06-30,CA,Canada,2.588
1994-06-30,CH,Switzerland,-2.8909
1994-06-30,CO,Colombia,5.5765
1994-06-30,DE,Germany,1.3383
1994-06-30,DK,Denmark,14.9983
1994-06-30,ES,Spain,-4.3261
1994-06-30,FI,Finland,7.8051
1994-06-30,FR,France,-1.756
1994-06-30,GB,United Kingdom,0.648
1994-06-30,HK,Hong Kong SAR,18.1716
1994-06-30,HU,Hungary,0.1613
1994-06-30,IE,Ireland,0.3149
1994-06-30,IS,Iceland,-2.9848
1994-06-30,IT,Italy,-5.5394
1994-06-30,JP,Japan,-3.24
1994-06-30,KR,Korea,-7.637
1994-06-30,MY,Malaysia,1.7233
1994-06-30,NL,Netherlands,6.958
1994-06-30,NO,Norway,12.3369
1994-06-30,NZ,New Zealand,12.5563
1994-06-30,PT,Portugal,-4.6967
1994-06-30,SE,Sweden,3.0582
1994-06-30,TH,Thailand,-5.9171
1994-06-30,US,United States,0.1416
1994-06-30,XM,Euro area,-0.9871
1994-06-30,ZA,South Africa,3.8177
1994-09-30,AT,Austria,-2.1102
1994-09-30,AU,Australia,2.8827
1994-09-30,BE,Belgium,5.2437
1994-09-30,CA,Canada,3.0873
1994-09-30,CH,Switzerland,-0.6854
1994-09-30,CO,Colombia,7.6056
1994-09-30,DE,Germany,1.4238
1994-09-30,DK,Denmark,8.074
1994-09-30,ES,Spain,-3.7806
1994-09-30,FI,Finland,4.6535
1994-09-30,FR,France,-1.6081
1994-09-30,GB,United Kingdom,0.6217
1994-09-30,HK,Hong Kong SAR,8.3433
1994-09-30,HU,Hungary,9.1043
1994-09-30,IE,Ireland,-2.4971
1994-09-30,IS,Iceland,-1.2129
1994-09-30,IT,Italy,-5.4332
1994-09-30,JP,Japan,-2.1166
1994-09-30,KR,Korea,-7.3901
1994-09-30,MY,Malaysia,4.1954
1994-09-30,NL,Netherlands,8.272
1994-09-30,NO,Norway,12.0929
1994-09-30,NZ,New Zealand,13.0022
1994-09-30,PT,Portugal,-2.3396
1994-09-30,SE,Sweden,4.1915
1994-09-30,TH,Thailand,-6.4997
1994-09-30,US,United States,-0.5648
1994-09-30,XM,Euro area,-0.9498
1994-09-30,ZA,South Africa,2.5683
1994-12-31,AT,Austria,-6.4535
1994-12-31,AU,Australia,0.8476
1994-12-31,BE,Belgium,2.1949
1994-12-31,CA,Canada,3.2482
1994-12-31,CH,Switzerland,-1.1141
1994-12-31,CO,Colombia,9.9692
1994-12-31,DE,Germany,0.7086
1994-12-31,DK,Denmark,3.5894
1994-12-31,ES,Spain,-3.8792
1994-12-31,FI,Finland,0.091
1994-12-31,FR,France,-1.6367
1994-12-31,GB,United Kingdom,1.7744
1994-12-31,HK,Hong Kong SAR,6.3558
1994-12-31,HU,Hungary,-1.0704
1994-12-31,IE,Ireland,5.0352
1994-12-31,IS,Iceland,-0.7558
1994-12-31,IT,Italy,-5.1397
1994-12-31,JP,Japan,-2.5619
1994-12-31,KR,Korea,-5.7646
1994-12-31,MY,Malaysia,8.4039
1994-12-31,NL,Netherlands,4.8766
1994-12-31,NO,Norway,8.018
1994-12-31,NZ,New Zealand,11.4516
1994-12-31,PT,Portugal,-0.8663
1994-12-31,SE,Sweden,1.5706
1994-12-31,TH,Thailand,-3.5763
1994-12-31,US,United States,-0.8147
1994-12-31,XM,Euro area,-1.132
1994-12-31,ZA,South Africa,1.5589
1995-03-31,AT,Austria,-4.709
1995-03-31,AU,Australia,-0.5778
1995-03-31,BE,Belgium,3.1031
1995-03-31,CA,Canada,-5.3318
1995-03-31,CH,Switzerland,-3.1744
1995-03-31,CO,Colombia,5.3122
1995-03-31,DE,Germany,0.2469
1995-03-31,DK,Denmark,0.0303
1995-03-31,ES,Spain,-1.8143
1995-03-31,FI,Finland,-3.1741
1995-03-31,FR,France,-2.5095
1995-03-31,GB,United Kingdom,-0.9153
1995-03-31,HK,Hong Kong SAR,-9.7792
1995-03-31,HU,Hungary,-5.4572
1995-03-31,IE,Ireland,3.8603
1995-03-31,IL,Israel,4.0523
1995-03-31,IS,Iceland,-5.9706
1995-03-31,IT,Italy,-5.3965
1995-03-31,JP,Japan,-1.7505
1995-03-31,KR,Korea,-4.7647
1995-03-31,MY,Malaysia,11.5571
1995-03-31,NL,Netherlands,2.858
1995-03-31,NO,Norway,4.5553
1995-03-31,NZ,New Zealand,6.313
1995-03-31,PT,Portugal,-2.0845
1995-03-31,SE,Sweden,-0.3395
1995-03-31,TH,Thailand,1.7046
1995-03-31,US,United States,-0.9558
1995-03-31,XM,Euro area,-1.0707
1995-03-31,ZA,South Africa,0.8145
1995-06-30,AT,Austria,-4.468
1995-06-30,AU,Australia,-3.0037
1995-06-30,BE,Belgium,2.5321
1995-06-30,CA,Canada,-8.0307
1995-06-30,CH,Switzerland,-2.0284
1995-06-30,CO,Colombia,10.4339
1995-06-30,DE,Germany,-0.4135
1995-06-30,DK,Denmark,3.6574
1995-06-30,ES,Spain,-1.2467
1995-06-30,FI,Finland,-5.2763
1995-06-30,FR,France,-2.5937
1995-06-30,GB,United Kingdom,-1.0791
1995-06-30,HK,Hong Kong SAR,-13.6908
1995-06-30,HU,Hungary,-14.7532
1995-06-30,IE,Ireland,3.4533
1995-06-30,IL,Israel,2.8616
1995-06-30,IS,Iceland,-5.7762
1995-06-30,IT,Italy,-4.4127
1995-06-30,JP,Japan,-1.4209
1995-06-30,KR,Korea,-4.6668
1995-06-30,MY,Malaysia,15.8414
1995-06-30,NL,Netherlands,3.1253
1995-06-30,NO,Norway,5.6064
1995-06-30,NZ,New Zealand,4.0911
1995-06-30,PT,Portugal,-2.0527
1995-06-30,SE,Sweden,-1.6173
1995-06-30,TH,Thailand,-0.5391
1995-06-30,US,United States,-1.1366
1995-06-30,XM,Euro area,-1.1561
1995-06-30,ZA,South Africa,-1.7819
1995-09-30,AT,Austria,0.951
1995-09-30,AU,Australia,-4.8395
1995-09-30,BE,Belgium,2.8985
1995-09-30,CA,Canada,-5.3234
1995-09-30,CH,Switzerland,-2.0344
1995-09-30,CO,Colombia,6.6914
1995-09-30,DE,Germany,-1.3916
1995-09-30,DK,Denmark,8.2249
1995-09-30,ES,Spain,-1.127
1995-09-30,FI,Finland,-5.4004
1995-09-30,FR,France,-2.7084
1995-09-30,GB,United Kingdom,-2.2715
1995-09-30,HK,Hong Kong SAR,-17.3934
1995-09-30,HU,Hungary,-19.5471
1995-09-30,IE,Ireland,6.2308
1995-09-30,IL,Israel,4.679
1995-09-30,IS,Iceland,-3.4215
1995-09-30,IT,Italy,-4.3484
1995-09-30,JP,Japan,-1.4741
1995-09-30,KR,Korea,-3.8532
1995-09-30,MY,Malaysia,16.1984
1995-09-30,NL,Netherlands,2.3462
1995-09-30,NO,Norway,3.4334
1995-09-30,NZ,New Zealand,4.9205
1995-09-30,PT,Portugal,-2.7646
1995-09-30,SE,Sweden,-3.3095
1995-09-30,TH,Thailand,2.5296
1995-09-30,US,United States,-0.2842
1995-09-30,XM,Euro area,-0.7558
1995-09-30,ZA,South Africa,-1.5025
1995-12-31,AT,Austria,-4.0287
1995-12-31,AU,Australia,-4.5441
1995-12-31,BE,Belgium,3.4884
1995-12-31,CA,Canada,-6.0351
1995-12-31,CH,Switzerland,-2.749
1995-12-31,CO,Colombia,4.4248
1995-12-31,DE,Germany,-1.4187
1995-12-31,DK,Denmark,9.7433
1995-12-31,ES,Spain,-0.4768
1995-12-31,FI,Finland,-4.4027
1995-12-31,FR,France,-2.8359
1995-12-31,GB,United Kingdom,-3.2057
1995-12-31,HK,Hong Kong SAR,-16.6116
1995-12-31,HU,Hungary,-16.5064
1995-12-31,IE,Ireland,4.5008
1995-12-31,IL,Israel,6.7122
1995-12-31,IS,Iceland,-7.6346
1995-12-31,IT,Italy,-2.78
1995-12-31,JP,Japan,-1.0524
1995-12-31,KR,Korea,-4.4507
1995-12-31,MY,Malaysia,13.816
1995-12-31,NL,Netherlands,5.156
1995-12-31,NO,Norway,5.5332
1995-12-31,NZ,New Zealand,5.8064
1995-12-31,PT,Portugal,-3.3587
1995-12-31,SE,Sweden,-3.2165
1995-12-31,TH,Thailand,-1.3476
1995-12-31,US,United States,-0.2205
1995-12-31,XM,Euro area,-0.6146
1995-12-31,ZA,South Africa,-1.544
1996-03-31,AT,Austria,0.0241
1996-03-31,AU,Australia,-4.4624
1996-03-31,BE,Belgium,-0.0185
1996-03-31,CA,Canada,-4.0407
1996-03-31,CH,Switzerland,-3.5837
1996-03-31,CO,Colombia,4.6737
1996-03-31,DE,Germany,-1.9826
1996-03-31,DK,Denmark,8.9366
1996-03-31,ES,Spain,-1.0004
1996-03-31,FI,Finland,-2.2647
1996-03-31,FR,France,-1.2398
1996-03-31,GB,United Kingdom,-0.639
1996-03-31,HK,Hong Kong SAR,-8.9728
1996-03-31,HU,Hungary,-13.6273
1996-03-31,IE,Ireland,2.7393
1996-03-31,IL,Israel,7.0268
1996-03-31,IS,Iceland,-3.9693
1996-03-31,IT,Italy,-0.8627
1996-03-31,JP,Japan,-1.4362
1996-03-31,KR,Korea,-4.2748
1996-03-31,MY,Malaysia,11.8049
1996-03-31,NL,Netherlands,5.8755
1996-03-31,NO,Norway,7.1878
1996-03-31,NZ,New Zealand,9.3842
1996-03-31,PT,Portugal,-1.7303
1996-03-31,SE,Sweden,-1.9546
1996-03-31,TH,Thailand,-2.2134
1996-03-31,US,United States,0.1899
1996-03-31,XM,Euro area,-0.077
1996-03-31,ZA,South Africa,-2.2435
1996-06-30,AT,Austria,2.7883
1996-06-30,AU,Australia,-1.9712
1996-06-30,BE,Belgium,0.7283
1996-06-30,CA,Canada,0.5898
1996-06-30,CH,Switzerland,-3.4274
1996-06-30,CO,Colombia,0.377
1996-06-30,DE,Germany,-2.8079
1996-06-30,DK,Denmark,7.6248
1996-06-30,ES,Spain,-1.4826
1996-06-30,FI,Finland,2.0867
1996-06-30,FR,France,-2.2317
1996-06-30,GB,United Kingdom,-1.2655
1996-06-30,HK,Hong Kong SAR,-3.5004
1996-06-30,HU,Hungary,-11.0245
1996-06-30,IE,Ireland,8.8513
1996-06-30,IL,Israel,7.3696
1996-06-30,IS,Iceland,-2.6945
1996-06-30,IT,Italy,-0.7289
1996-06-30,JP,Japan,-2.0024
1996-06-30,KR,Korea,-4.1406
1996-06-30,MY,Malaysia,10.2603
1996-06-30,NL,Netherlands,7.2196
1996-06-30,NO,Norway,7.6681
1996-06-30,NZ,New Zealand,9.3948
1996-06-30,PT,Portugal,-1.3914
1996-06-30,SE,Sweden,-1.8458
1996-06-30,TH,Thailand,0.4151
1996-06-30,US,United States,0.1545
1996-06-30,XM,Euro area,-0.0892
1996-06-30,ZA,South Africa,-2.7594
1996-09-30,AT,Austria,-6.2045
1996-09-30,AU,Australia,-0.8746
1996-09-30,BE,Belgium,-0.0263
1996-09-30,CA,Canada,-1.7015
1996-09-30,CH,Switzerland,-2.2694
1996-09-30,CO,Colombia,-3.7046
1996-09-30,DE,Germany,-2.7365
1996-09-30,DK,Denmark,7.8145
1996-09-30,ES,Spain,-2.1211
1996-09-30,FI,Finland,7.6449
1996-09-30,FR,France,-1.1347
1996-09-30,GB,United Kingdom,1.7986
1996-09-30,HK,Hong Kong SAR,5.83
1996-09-30,HU,Hungary,-3.0998
1996-09-30,IE,Ireland,15.9944
1996-09-30,IL,Israel,1.7412
1996-09-30,IS,Iceland,-3.4234
1996-09-30,IT,Italy,0.0532
1996-09-30,JP,Japan,-2.1056
1996-09-30,KR,Korea,-4.0913
1996-09-30,MY,Malaysia,8.4157
1996-09-30,NL,Netherlands,8.0729
1996-09-30,NO,Norway,7.5116
1996-09-30,NZ,New Zealand,6.156
1996-09-30,PT,Portugal,-1.6376
1996-09-30,SE,Sweden,1.4702
1996-09-30,TH,Thailand,-6.3124
1996-09-30,US,United States,-0.2746
1996-09-30,XM,Euro area,0.136
1996-09-30,ZA,South Africa,-4.0252
1996-12-31,AT,Austria,-1.4723
1996-12-31,AU,Australia,0.1533
1996-12-31,BE,Belgium,-0.2775
1996-12-31,CA,Canada,-1.8469
1996-12-31,CH,Switzerland,-3.8189
1996-12-31,CO,Colombia,-8.0295
1996-12-31,DE,Germany,-3.3176
1996-12-31,DK,Denmark,8.9984
1996-12-31,ES,Spain,-1.9166
1996-12-31,FI,Finland,12.1486
1996-12-31,FR,France,0.2816
1996-12-31,GB,United Kingdom,4.9112
1996-12-31,HK,Hong Kong SAR,18.0081
1996-12-31,HU,Hungary,0.1157
1996-12-31,IE,Ireland,12.4812
1996-12-31,IL,Israel,1.1623
1996-12-31,IS,Iceland,2.4394
1996-12-31,IT,Italy,0.726
1996-12-31,JP,Japan,-2.2474
1996-12-31,KR,Korea,-3.5317
1996-12-31,MY,Malaysia,6.217
1996-12-31,NL,Netherlands,9.2279
1996-12-31,NO,Norway,8.1443
1996-12-31,NZ,New Zealand,5.3951
1996-12-31,PT,Portugal,-0.996
1996-12-31,SE,Sweden,3.5635
1996-12-31,TH,Thailand,-5.9209
1996-12-31,US,United States,-0.393
1996-12-31,XM,Euro area,0.5461
1996-12-31,ZA,South Africa,-4.8487
1997-03-31,AT,Austria,-2.5551
1997-03-31,AU,Australia,1.4815
1997-03-31,BE,Belgium,-1.6521
1997-03-31,CA,Canada,0.3871
1997-03-31,CH,Switzerland,-2.4927
1997-03-31,CO,Colombia,-8.9131
1997-03-31,DE,Germany,-3.4928
1997-03-31,DK,Denmark,10.3356
1997-03-31,ES,Spain,-1.3544
1997-03-31,FI,Finland,18.4493
1997-03-31,FR,France,-3.8359
1997-03-31,GB,United Kingdom,5.3745
1997-03-31,HK,Hong Kong SAR,32.476
1997-03-31,HU,Hungary,-1.9987
1997-03-31,IE,Ireland,12.9192
1997-03-31,IL,Israel,0.087
1997-03-31,IS,Iceland,0.3538
1997-03-31,IT,Italy,1.8246
1997-03-31,JP,Japan,-2.0472
1997-03-31,KR,Korea,-1.6258
1997-03-31,MY,Malaysia,4.19
1997-03-31,NL,Netherlands,9.7626
1997-03-31,NO,Norway,7.5831
1997-03-31,NZ,New Zealand,4.9458
1997-03-31,PT,Portugal,-0.3177
1997-03-31,SE,Sweden,4.5876
1997-03-31,TH,Thailand,-1.8403
1997-03-31,US,United States,-0.1979
1997-03-31,XM,Euro area,-0.4081
1997-03-31,ZA,South Africa,-5.3922
1997-06-30,AT,Austria,-5.2633
1997-06-30,AU,Australia,2.4625
1997-06-30,BE,Belgium,1.0174
1997-06-30,CA,Canada,1.2527
1997-06-30,CH,Switzerland,-3.3189
1997-06-30,CO,Colombia,-8.2507
1997-06-30,DE,Germany,-3.3843
1997-06-30,DK,Denmark,10.59
1997-06-30,ES,Spain,-0.3421
1997-06-30,FI,Finland,17.844
1997-06-30,FR,France,1.5079
1997-06-30,GB,United Kingdom,7.5163
1997-06-30,HK,Hong Kong SAR,39.3098
1997-06-30,HU,Hungary,0.2905
1997-06-30,IE,Ireland,17.0176
1997-06-30,IL,Israel,-0.6073
1997-06-30,IS,Iceland,0.3639
1997-06-30,IT,Italy,2.1398
1997-06-30,JP,Japan,-3.2487
1997-06-30,KR,Korea,-0.7662
1997-06-30,MY,Malaysia,2.046
1997-06-30,NL,Netherlands,9.8093
1997-06-30,NO,Norway,10.6125
1997-06-30,NZ,New Zealand,5.0265
1997-06-30,PT,Portugal,0.6281
1997-06-30,SE,Sweden,6.856
1997-06-30,TH,Thailand,0.8031
1997-06-30,US,United States,0.7005
1997-06-30,XM,Euro area,1.098
1997-06-30,ZA,South Africa,-3.2191
1997-09-30,AT,Austria,3.7135
1997-09-30,AU,Australia,4.6365
1997-09-30,BE,Belgium,1.7956
1997-09-30,CA,Canada,0.7678
1997-09-30,CH,Switzerland,-3.1831
1997-09-30,CO,Colombia,-6.6476
1997-09-30,DE,Germany,-4.007
1997-09-30,DK,Denmark,9.3985
1997-09-30,ES,Spain,-0.1059
1997-09-30,FI,Finland,15.3131
1997-09-30,FR,France,-1.2707
1997-09-30,GB,United Kingdom,8.3847
1997-09-30,HK,Hong Kong SAR,36.8587
1997-09-30,HU,Hungary,-5.4605
1997-09-30,IE,Ireland,13.1771
1997-09-30,IL,Israel,2.0543
1997-09-30,IS,Iceland,0.3386
1997-09-30,IT,Italy,1.0489
1997-09-30,JP,Japan,-3.2638
1997-09-30,KR,Korea,-0.7961
1997-09-30,MY,Malaysia,-1.6946
1997-09-30,NL,Netherlands,8.9535
1997-09-30,NO,Norway,9.7267
1997-09-30,NZ,New Zealand,5.3222
1997-09-30,PT,Portugal,2.296
1997-09-30,SE,Sweden,6.3412
1997-09-30,TH,Thailand,3.9223
1997-09-30,US,United States,1.5122
1997-09-30,XM,Euro area,0.3451
1997-09-30,ZA,South Africa,1.9083
1997-12-31,AT,Austria,2.0036
1997-12-31,AU,Australia,6.316
1997-12-31,BE,Belgium,1.8023
1997-12-31,CA,Canada,0.7395
1997-12-31,CH,Switzerland,-1.4673
1997-12-31,CO,Colombia,-3.0357
1997-12-31,DE,Germany,-3.5713
1997-12-31,DK,Denmark,6.4906
1997-12-31,ES,Spain,0.2936
1997-12-31,FI,Finland,13.0884
1997-12-31,FR,France,-1.143
1997-12-31,GB,United Kingdom,6.0035
1997-12-31,HK,Hong Kong SAR,20.2214
1997-12-31,HU,Hungary,-10.1366
1997-12-31,IE,Ireland,19.8519
1997-12-31,IL,Israel,-0.845
1997-12-31,IS,Iceland,-0.0535
1997-12-31,IT,Italy,0.3383
1997-12-31,JP,Japan,-3.2482
1997-12-31,KR,Korea,-2.4623
1997-12-31,MY,Malaysia,-7.0282
1997-12-31,NL,Netherlands,8.3294
1997-12-31,NO,Norway,8.7193
1997-12-31,NZ,New Zealand,3.9962
1997-12-31,PT,Portugal,2.5167
1997-12-31,SE,Sweden,5.8338
1997-12-31,TH,Thailand,0.6528
1997-12-31,US,United States,2.7186
1997-12-31,XM,Euro area,0.6578
1997-12-31,ZA,South Africa,7.8615
1998-03-31,AT,Austria,-3.6801
1998-03-31,AU,Australia,7.8807
1998-03-31,BE,Belgium,7.5818
1998-03-31,CA,Canada,-1.3581
1998-03-31,CH,Switzerland,-0.7861
1998-03-31,CO,Colombia,-2.004
1998-03-31,DE,Germany,-2.7748
1998-03-31,DK,Denmark,5.8981
1998-03-31,ES,Spain,0.5942
1998-03-31,FI,Finland,8.6926
1998-03-31,FR,France,1.7372
1998-03-31,GB,United Kingdom,7.4117
1998-03-31,GR,Greece,9.5718
1998-03-31,HK,Hong Kong SAR,-13.0482
1998-03-31,HR,Croatia,4.8986
1998-03-31,HU,Hungary,-11.8261
1998-03-31,IE,Ireland,23.9245
1998-03-31,IL,Israel,-1.0152
1998-03-31,IS,Iceland,3.8772
1998-03-31,IT,Italy,-2.6383
1998-03-31,JP,Japan,-3.2438
1998-03-31,KR,Korea,-10.3636
1998-03-31,MY,Malaysia,-11.2612
1998-03-31,NL,Netherlands,8.0626
1998-03-31,NO,Norway,11.5313
1998-03-31,NZ,New Zealand,-1.0579
1998-03-31,PT,Portugal,2.2493
1998-03-31,SE,Sweden,8.3497
1998-03-31,TH,Thailand,-0.7662
1998-03-31,US,United States,4.3477
1998-03-31,XM,Euro area,1.2427
1998-03-31,ZA,South Africa,11.5137
1998-06-30,AT,Austria,-5.5996
1998-06-30,AU,Australia,7.9316
1998-06-30,BE,Belgium,3.2697
1998-06-30,CA,Canada,-2.9139
1998-06-30,CH,Switzerland,-0.9885
1998-06-30,CO,Colombia,-5.4056
1998-06-30,DE,Germany,-2.1473
1998-06-30,DK,Denmark,7.5266
1998-06-30,ES,Spain,1.8423
1998-06-30,FI,Finland,7.9536
1998-06-30,FR,France,-0.9772
1998-06-30,GB,United Kingdom,10.7412
1998-06-30,GR,Greece,10.1974
1998-06-30,HK,Hong Kong SAR,-28.465
1998-06-30,HR,Croatia,3.4984
1998-06-30,HU,Hungary,-14.0646
1998-06-30,IE,Ireland,19.3622
1998-06-30,IL,Israel,-2.1671
1998-06-30,IS,Iceland,3.6653
1998-06-30,IT,Italy,-1.7915
1998-06-30,JP,Japan,-1.843
1998-06-30,KR,Korea,-16.5678
1998-06-30,MY,Malaysia,-15.5969
1998-06-30,NL,Netherlands,7.6657
1998-06-30,NO,Norway,10.5568
1998-06-30,NZ,New Zealand,-4.0746
1998-06-30,PT,Portugal,1.8394
1998-06-30,SE,Sweden,8.4881
1998-06-30,TH,Thailand,-16.7339
1998-06-30,US,United States,4.5407
1998-06-30,XM,Euro area,0.6212
1998-06-30,ZA,South Africa,10.8308
1998-09-30,AT,Austria,-6.7723
1998-09-30,AU,Australia,5.2934
1998-09-30,BE,Belgium,5.508
1998-09-30,CA,Canada,-3.0082
1998-09-30,CH,Switzerland,-1.0325
1998-09-30,CO,Colombia,-6.7041
1998-09-30,DE,Germany,-1.3572
1998-09-30,DK,Denmark,7.1432
1998-09-30,ES,Spain,3.3841
1998-09-30,FI,Finland,9.5724
1998-09-30,FR,France,1.7634
1998-09-30,GB,United Kingdom,10.4556
1998-09-30,GR,Greece,9.2046
1998-09-30,HK,Hong Kong SAR,-40.5393
1998-09-30,HR,Croatia,-0.0911
1998-09-30,HU,Hungary,-8.894
1998-09-30,IE,Ireland,16.1765
1998-09-30,IL,Israel,-2.9526
1998-09-30,IS,Iceland,8.7886
1998-09-30,IT,Italy,-1.6432
1998-09-30,JP,Japan,-1.5037
1998-09-30,KR,Korea,-17.6527
1998-09-30,MY,Malaysia,-16.4192
1998-09-30,NL,Netherlands,8.6199
1998-09-30,NO,Norway,8.5516
1998-09-30,NZ,New Zealand,-4.2903
1998-09-30,PT,Portugal,1.4104
1998-09-30,SE,Sweden,10.1494
1998-09-30,TH,Thailand,-10.9524
1998-09-30,US,United States,5.0928
1998-09-30,XM,Euro area,1.5072
1998-09-30,ZA,South Africa,5.5197
1998-12-31,AT,Austria,-6.8153
1998-12-31,AU,Australia,4.8052
1998-12-31,BE,Belgium,5.1693
1998-12-31,CA,Canada,-1.7534
1998-12-31,CH,Switzerland,0.2192
1998-12-31,CO,Colombia,-10.633
1998-12-31,DE,Germany,-0.6384
1998-12-31,DK,Denmark,7.5396
1998-12-31,ES,Spain,5.1895
1998-12-31,FI,Finland,8.531
1998-12-31,FR,France,2.1169
1998-12-31,GB,United Kingdom,10.4859
1998-12-31,GR,Greece,7.7479
1998-12-31,HK,Hong Kong SAR,-38.0108
1998-12-31,HR,Croatia,-3.3228
1998-12-31,HU,Hungary,-5.0854
1998-12-31,IE,Ireland,18.7224
1998-12-31,IL,Israel,-0.2319
1998-12-31,IS,Iceland,6.6476
1998-12-31,IT,Italy,-1.7511
1998-12-31,JP,Japan,-2.7531
1998-12-31,KR,Korea,-17.7161
1998-12-31,MY,Malaysia,-12.4527
1998-12-31,NL,Netherlands,9.21
1998-12-31,NO,Norway,4.1733
1998-12-31,NZ,New Zealand,-2.6363
1998-12-31,PT,Portugal,1.8461
1998-12-31,SE,Sweden,12.192
1998-12-31,TH,Thailand,-8.2918
1998-12-31,US,United States,5.551
1998-12-31,XM,Euro area,2.1106
1998-12-31,ZA,South Africa,-0.8705
1999-03-31,AT,Austria,-4.8026
1999-03-31,AU,Australia,4.4433
1999-03-31,BE,Belgium,5.7484
1999-03-31,BG,Bulgaria,2.6955
1999-03-31,CA,Canada,0.0039
1999-03-31,CH,Switzerland,0.5558
1999-03-31,CO,Colombia,-12.7438
1999-03-31,DE,Germany,-0.2104
1999-03-31,DK,Denmark,6.8227
1999-03-31,ES,Spain,7.5838
1999-03-31,FI,Finland,7.145
1999-03-31,FR,France,4.6078
1999-03-31,GB,United Kingdom,8.3852
1999-03-31,GR,Greece,5.5533
1999-03-31,HK,Hong Kong SAR,-25.2761
1999-03-31,HR,Croatia,-5.741
1999-03-31,HU,Hungary,3.1953
1999-03-31,IE,Ireland,19.0612
1999-03-31,IL,Israel,-0.7847
1999-03-31,IS,Iceland,9.5369
1999-03-31,IT,Italy,-0.2939
1999-03-31,JP,Japan,-2.5628
1999-03-31,KR,Korea,-9.4297
1999-03-31,MY,Malaysia,-11.3722
1999-03-31,NL,Netherlands,10.36
1999-03-31,NO,Norway,3.9398
1999-03-31,NZ,New Zealand,0.5501
1999-03-31,PE,Peru,15.4042
1999-03-31,PT,Portugal,5.1784
1999-03-31,SE,Sweden,9.2501
1999-03-31,SG,Singapore,-22.7373
1999-03-31,TH,Thailand,-9.8717
1999-03-31,US,United States,4.9547
1999-03-31,XM,Euro area,3.4061
1999-03-31,ZA,South Africa,-3.6484
1999-06-30,AT,Austria,-0.7755
1999-06-30,AU,Australia,4.6908
1999-06-30,BE,Belgium,7.4146
1999-06-30,BG,Bulgaria,0.3384
1999-06-30,CA,Canada,2.1804
1999-06-30,CH,Switzerland,0.8797
1999-06-30,CO,Colombia,-10.5026
1999-06-30,DE,Germany,-0.7406
1999-06-30,DK,Denmark,3.8503
1999-06-30,ES,Spain,8.3712
1999-06-30,FI,Finland,6.9277
1999-06-30,FR,France,4.3593
1999-06-30,GB,United Kingdom,7.285
1999-06-30,GR,Greece,5.9266
1999-06-30,HK,Hong Kong SAR,-14.5651
1999-06-30,HR,Croatia,-2.6122
1999-06-30,HU,Hungary,12.2549
1999-06-30,IE,Ireland,14.3533
1999-06-30,IL,Israel,-0.9135
1999-06-30,IS,Iceland,13.5002
1999-06-30,IT,Italy,-0.7832
1999-06-30,JP,Japan,-2.7401
1999-06-30,KR,Korea,-1.932
1999-06-30,MY,Malaysia,-6.6113
1999-06-30,NL,Netherlands,12.2018
1999-06-30,NO,Norway,5.521
1999-06-30,NZ,New Zealand,3.3855
1999-06-30,PE,Peru,13.1662
1999-06-30,PT,Portugal,6.0452
1999-06-30,SE,Sweden,9.5992
1999-06-30,SG,Singapore,-6.4224
1999-06-30,TH,Thailand,-18.3664
1999-06-30,US,United States,5.1534
1999-06-30,XM,Euro area,3.4563
1999-06-30,ZA,South Africa,-2.2891
1999-09-30,AT,Austria,-4.3956
1999-09-30,AU,Australia,5.9731
1999-09-30,BE,Belgium,6.4206
1999-09-30,BG,Bulgaria,-4.6876
1999-09-30,CA,Canada,2.7534
1999-09-30,CH,Switzerland,-0.5722
1999-09-30,CO,Colombia,-12.3205
1999-09-30,DE,Germany,-0.6199
1999-09-30,DK,Denmark,3.9297
1999-09-30,ES,Spain,8.9803
1999-09-30,FI,Finland,7.9066
1999-09-30,FR,France,6.4226
1999-09-30,GB,United Kingdom,9.039
1999-09-30,GR,Greece,6.7395
1999-09-30,HK,Hong Kong SAR,2.2931
1999-09-30,HR,Croatia,-3.1609
1999-09-30,HU,Hungary,11.6887
1999-09-30,IE,Ireland,19.9664
1999-09-30,IL,Israel,0.1638
1999-09-30,IS,Iceland,13.4742
1999-09-30,IT,Italy,-0.7558
1999-09-30,JP,Japan,-3.3291
1999-09-30,KR,Korea,1.413
1999-09-30,MY,Malaysia,-1.762
1999-09-30,NL,Netherlands,14.1461
1999-09-30,NO,Norway,9.1517
1999-09-30,NZ,New Zealand,3.2125
1999-09-30,PE,Peru,9.3762
1999-09-30,PT,Portugal,7.6574
1999-09-30,SE,Sweden,9.2759
1999-09-30,SG,Singapore,15.9735
1999-09-30,TH,Thailand,-4.5701
1999-09-30,US,United States,5.12
1999-09-30,XM,Euro area,4.1429
1999-09-30,ZA,South Africa,0.238
1999-12-31,AT,Austria,-2.1338
1999-12-31,AU,Australia,7.5725
1999-12-31,BE,Belgium,4.1405
1999-12-31,BG,Bulgaria,-4.8032
1999-12-31,CA,Canada,2.6026
1999-12-31,CH,Switzerland,-0.8517
1999-12-31,CO,Colombia,-8.8077
1999-12-31,DE,Germany,-0.9344
1999-12-31,DK,Denmark,2.1997
1999-12-31,ES,Spain,6.6226
1999-12-31,FI,Finland,8.6696
1999-12-31,FR,France,5.9222
1999-12-31,GB,United Kingdom,12.7078
1999-12-31,GR,Greece,6.1851
1999-12-31,HK,Hong Kong SAR,-0.7738
1999-12-31,HR,Croatia,-0.7771
1999-12-31,HU,Hungary,14.3281
1999-12-31,IE,Ireland,13.7531
1999-12-31,IL,Israel,-2.2903
1999-12-31,IS,Iceland,15.9036
1999-12-31,IT,Italy,-0.5847
1999-12-31,JP,Japan,-2.496
1999-12-31,KR,Korea,2.4615
1999-12-31,LT,Lithuania,-15.3257
1999-12-31,MY,Malaysia,0.318
1999-12-31,NL,Netherlands,16.2167
1999-12-31,NO,Norway,15.6719
1999-12-31,NZ,New Zealand,1.7713
1999-12-31,PE,Peru,8.1672
1999-12-31,PT,Portugal,6.9837
1999-12-31,SE,Sweden,7.3836
1999-12-31,SG,Singapore,33.4366
1999-12-31,TH,Thailand,-7.7586
1999-12-31,US,United States,5.0942
1999-12-31,XM,Euro area,3.6002
1999-12-31,ZA,South Africa,4.6667
2000-03-31,AT,Austria,0.037
2000-03-31,AU,Australia,6.6028
2000-03-31,BE,Belgium,4.8421
2000-03-31,BG,Bulgaria,-8.5791
2000-03-31,CA,Canada,2.3021
2000-03-31,CH,Switzerland,-1.834
2000-03-31,CO,Colombia,-8.4845
2000-03-31,DE,Germany,-1.0463
2000-03-31,DK,Denmark,1.956
2000-03-31,ES,Spain,6.6347
2000-03-31,FI,Finland,7.53
2000-03-31,FR,France,8.1218
2000-03-31,GB,United Kingdom,15.0928
2000-03-31,GR,Greece,6.5946
2000-03-31,HK,Hong Kong SAR,-0.6108
2000-03-31,HR,Croatia,1.8677
2000-03-31,HU,Hungary,21.5084
2000-03-31,IE,Ireland,8.2809
2000-03-31,IL,Israel,-5.652
2000-03-31,IS,Iceland,13.7624
2000-03-31,IT,Italy,0.7835
2000-03-31,JP,Japan,-2.9865
2000-03-31,KR,Korea,0.7414
2000-03-31,LT,Lithuania,-17.6662
2000-03-31,MY,Malaysia,3.1196
2000-03-31,NL,Netherlands,17.1473
2000-03-31,NO,Norway,17.7597
2000-03-31,NZ,New Zealand,-0.6657
2000-03-31,PE,Peru,-11.7883
2000-03-31,PT,Portugal,5.4849
2000-03-31,SE,Sweden,9.3008
2000-03-31,SG,Singapore,29.695
2000-03-31,TH,Thailand,-7.2738
2000-03-31,US,United States,5.4128
2000-03-31,XM,Euro area,4.1112
2000-03-31,ZA,South Africa,19.7004
2000-06-30,AT,Austria,-2.2104
2000-06-30,AU,Australia,6.3512
2000-06-30,BE,Belgium,2.9863
2000-06-30,BG,Bulgaria,-11.7801
2000-06-30,CA,Canada,0.5701
2000-06-30,CH,Switzerland,-1.9275
2000-06-30,CO,Colombia,-7.7101
2000-06-30,DE,Germany,-0.4312
2000-06-30,DK,Denmark,3.1014
2000-06-30,ES,Spain,5.8183
2000-06-30,FI,Finland,6.0757
2000-06-30,FR,France,8.8081
2000-06-30,GB,United Kingdom,16.6902
2000-06-30,GR,Greece,6.9558
2000-06-30,HK,Hong Kong SAR,-7.9169
2000-06-30,HR,Croatia,-3.1717
2000-06-30,HU,Hungary,23.9316
2000-06-30,IE,Ireland,11.3498
2000-06-30,IL,Israel,-4.3856
2000-06-30,IS,Iceland,12.5554
2000-06-30,IT,Italy,0.8584
2000-06-30,JP,Japan,-3.0785
2000-06-30,KR,Korea,0.8845
2000-06-30,LT,Lithuania,-10.5263
2000-06-30,MY,Malaysia,5.7511
2000-06-30,NL,Netherlands,16.2378
2000-06-30,NO,Norway,16.1691
2000-06-30,NZ,New Zealand,-2.1757
2000-06-30,PE,Peru,-3.1316
2000-06-30,PT,Portugal,5.4878
2000-06-30,SE,Sweden,10.1247
2000-06-30,SG,Singapore,18.1511
2000-06-30,TH,Thailand,20.1926
2000-06-30,US,United States,5.9362
2000-06-30,XM,Euro area,4.2902
2000-06-30,ZA,South Africa,13.8775
2000-09-30,AT,Austria,-3.9444
2000-09-30,AU,Australia,1.4263
2000-09-30,BE,Belgium,0.2351
2000-09-30,BG,Bulgaria,-7.6074
2000-09-30,CA,Canada,0.9739
2000-09-30,CH,Switzerland,-0.985
2000-09-30,CO,Colombia,-6.7619
2000-09-30,DE,Germany,-0.7638
2000-09-30,DK,Denmark,3.9958
2000-09-30,ES,Spain,3.9625
2000-09-30,FI,Finland,-0.0456
2000-09-30,FR,France,7.1752
2000-09-30,GB,United Kingdom,12.2003
2000-09-30,GR,Greece,7.6229
2000-09-30,HK,Hong Kong SAR,-9.8285
2000-09-30,HR,Croatia,-9.8569
2000-09-30,HU,Hungary,23.1722
2000-09-30,IE,Ireland,5.3564
2000-09-30,IL,Israel,-6.6674
2000-09-30,IS,Iceland,9.0836
2000-09-30,IT,Italy,1.5856
2000-09-30,JP,Japan,-3.272
2000-09-30,KR,Korea,-1.5803
2000-09-30,LT,Lithuania,-10.1035
2000-09-30,MY,Malaysia,4.7245
2000-09-30,NL,Netherlands,14.7816
2000-09-30,NO,Norway,10.0379
2000-09-30,NZ,New Zealand,-3.7252
2000-09-30,PE,Peru,-6.477
2000-09-30,PT,Portugal,3.6138
2000-09-30,SE,Sweden,10.6359
2000-09-30,SG,Singapore,5.5633
2000-09-30,TH,Thailand,-4.7807
2000-09-30,US,United States,5.9565
2000-09-30,XM,Euro area,3.308
2000-09-30,ZA,South Africa,8.4189
2000-12-31,AT,Austria,-3.2134
2000-12-31,AU,Australia,0.7269
2000-12-31,BE,Belgium,3.3023
2000-12-31,BG,Bulgaria,-12.0578
2000-12-31,CA,Canada,0.2361
2000-12-31,CH,Switzerland,-2.9709
2000-12-31,CO,Colombia,-9.8509
2000-12-31,DE,Germany,-1.1714
2000-12-31,DK,Denmark,4.8114
2000-12-31,ES,Spain,3.5814
2000-12-31,FI,Finland,-3.7808
2000-12-31,FR,France,6.7453
2000-12-31,GB,United Kingdom,12.2217
2000-12-31,GR,Greece,7.5102
2000-12-31,HK,Hong Kong SAR,-9.4406
2000-12-31,HR,Croatia,-13.8058
2000-12-31,HU,Hungary,18.9473
2000-12-31,IE,Ireland,6.8293
2000-12-31,IL,Israel,-6.7836
2000-12-31,IS,Iceland,8.2405
2000-12-31,IT,Italy,2.142
2000-12-31,JP,Japan,-3.2653
2000-12-31,KR,Korea,-1.7856
2000-12-31,LT,Lithuania,-2.5303
2000-12-31,MY,Malaysia,2.8888
2000-12-31,NL,Netherlands,12.064
2000-12-31,NO,Norway,6.5018
2000-12-31,NZ,New Zealand,-4.9352
2000-12-31,PE,Peru,-9.8896
2000-12-31,PT,Portugal,4.5874
2000-12-31,SE,Sweden,10.785
2000-12-31,SG,Singapore,-2.9495
2000-12-31,TH,Thailand,1.4679
2000-12-31,US,United States,6.1695
2000-12-31,XM,Euro area,3.0886
2000-12-31,ZA,South Africa,3.5891
2001-03-31,AT,Austria,-1.7518
2001-03-31,AU,Australia,0.9056
2001-03-31,BE,Belgium,2.3773
2001-03-31,BG,Bulgaria,-7.0118
2001-03-31,CA,Canada,-0.2359
2001-03-31,CH,Switzerland,-0.7227
2001-03-31,CO,Colombia,-3.0336
2001-03-31,DE,Germany,-1.474
2001-03-31,DK,Denmark,5.4597
2001-03-31,ES,Spain,4.677
2001-03-31,FI,Finland,-4.4158
2001-03-31,FR,France,5.9542
2001-03-31,GB,United Kingdom,9.2086
2001-03-31,GR,Greece,10.2945
2001-03-31,HK,Hong Kong SAR,-14.6185
2001-03-31,HR,Croatia,-4.8966
2001-03-31,HU,Hungary,13.6708
2001-03-31,IE,Ireland,8.0909
2001-03-31,IL,Israel,-3.6384
2001-03-31,IS,Iceland,4.1445
2001-03-31,IT,Italy,1.6581
2001-03-31,JP,Japan,-3.7024
2001-03-31,KR,Korea,-3.5619
2001-03-31,LT,Lithuania,6.7492
2001-03-31,MK,North Macedonia,14.4359
2001-03-31,MY,Malaysia,1.2437
2001-03-31,NL,Netherlands,9.3845
2001-03-31,NO,Norway,3.5717
2001-03-31,NZ,New Zealand,-2.941
2001-03-31,PE,Peru,-13.4053
2001-03-31,PT,Portugal,2.7816
2001-03-31,RS,Serbia,-30.967
2001-03-31,SE,Sweden,10.3737
2001-03-31,SG,Singapore,-9.4405
2001-03-31,TH,Thailand,2.8274
2001-03-31,US,United States,6.1293
2001-03-31,XM,Euro area,3.1139
2001-03-31,ZA,South Africa,-8.9761
2001-06-30,AT,Austria,-4.5969
2001-06-30,AU,Australia,2.0216
2001-06-30,BE,Belgium,2.1232
2001-06-30,BG,Bulgaria,-9.298
2001-06-30,CA,Canada,1.2536
2001-06-30,CH,Switzerland,-1.3792
2001-06-30,CO,Colombia,-5.202
2001-06-30,DE,Germany,-2.3751
2001-06-30,DK,Denmark,3.8502
2001-06-30,ES,Spain,4.9747
2001-06-30,FI,Finland,-5.0768
2001-06-30,FR,France,5.3692
2001-06-30,GB,United Kingdom,6.6006
2001-06-30,GR,Greece,10.8897
2001-06-30,HK,Hong Kong SAR,-8.6007
2001-06-30,HR,Croatia,-2.012
2001-06-30,HU,Hungary,6.8996
2001-06-30,IE,Ireland,6.4401
2001-06-30,IL,Israel,-6.4726
2001-06-30,IS,Iceland,-0.1276
2001-06-30,IT,Italy,1.9188
2001-06-30,JP,Japan,-3.5764
2001-06-30,KR,Korea,-3.2954
2001-06-30,LT,Lithuania,0.9998
2001-06-30,MK,North Macedonia,9.7171
2001-06-30,MY,Malaysia,-0.8287
2001-06-30,NL,Netherlands,7.5445
2001-06-30,NO,Norway,0.8232
2001-06-30,NZ,New Zealand,-2.4531
2001-06-30,PE,Peru,-4.6177
2001-06-30,PT,Portugal,1.6567
2001-06-30,RS,Serbia,-44.1559
2001-06-30,SE,Sweden,5.5478
2001-06-30,SG,Singapore,-11.5685
2001-06-30,TH,Thailand,-4.8123
2001-06-30,US,United States,5.3142
2001-06-30,XM,Euro area,2.1394
2001-06-30,ZA,South Africa,-5.6202
2001-09-30,AT,Austria,1.4192
2001-09-30,AU,Australia,11.1935
2001-09-30,BE,Belgium,2.8981
2001-09-30,BG,Bulgaria,-5.8967
2001-09-30,CA,Canada,2.6125
2001-09-30,CH,Switzerland,-1.5212
2001-09-30,CO,Colombia,-3.7903
2001-09-30,DE,Germany,-1.9796
2001-09-30,DK,Denmark,2.8595
2001-09-30,ES,Spain,6.3308
2001-09-30,FI,Finland,-3.0752
2001-09-30,FR,France,5.0134
2001-09-30,GB,United Kingdom,8.1641
2001-09-30,GR,Greece,10.765
2001-09-30,HK,Hong Kong SAR,-9.0168
2001-09-30,HR,Croatia,-3.281
2001-09-30,HU,Hungary,7.4162
2001-09-30,IE,Ireland,0.8827
2001-09-30,IL,Israel,-4.6135
2001-09-30,IS,Iceland,-2.0398
2001-09-30,IT,Italy,2.9678
2001-09-30,JP,Japan,-3.7611
2001-09-30,KR,Korea,1.2898
2001-09-30,LT,Lithuania,16.9796
2001-09-30,MK,North Macedonia,1.4815
2001-09-30,MY,Malaysia,-0.336
2001-09-30,NL,Netherlands,5.83
2001-09-30,NO,Norway,5.3171
2001-09-30,NZ,New Zealand,-0.0412
2001-09-30,PE,Peru,-11.0015
2001-09-30,PT,Portugal,0.8737
2001-09-30,RS,Serbia,-45.8416
2001-09-30,SE,Sweden,3.7224
2001-09-30,SG,Singapore,-11.0024
2001-09-30,TH,Thailand,-3.1007
2001-09-30,US,United States,5.7454
2001-09-30,XM,Euro area,2.5964
2001-09-30,ZA,South Africa,0.8699
2001-12-31,AT,Austria,-2.1008
2001-12-31,AU,Australia,12.0269
2001-12-31,BE,Belgium,1.8385
2001-12-31,BG,Bulgaria,-4.0139
2001-12-31,CA,Canada,4.5483
2001-12-31,CH,Switzerland,2.629
2001-12-31,CO,Colombia,2.0201
2001-12-31,DE,Germany,-2.084
2001-12-31,DK,Denmark,1.5219
2001-12-31,ES,Spain,8.1583
2001-12-31,FI,Finland,-0.5867
2001-12-31,FR,France,6.2168
2001-12-31,GB,United Kingdom,3.6102
2001-12-31,GR,Greece,10.7115
2001-12-31,HK,Hong Kong SAR,-10.4163
2001-12-31,HR,Croatia,3.1629
2001-12-31,HU,Hungary,11.0653
2001-12-31,IE,Ireland,-3.3222
2001-12-31,IL,Israel,-3.4025
2001-12-31,IS,Iceland,-3.2168
2001-12-31,IT,Italy,4.9156
2001-12-31,JP,Japan,-3.7554
2001-12-31,KR,Korea,5.1226
2001-12-31,LT,Lithuania,29.8188
2001-12-31,MK,North Macedonia,-3.9015
2001-12-31,MY,Malaysia,-0.4442
2001-12-31,NL,Netherlands,4.7101
2001-12-31,NO,Norway,5.5932
2001-12-31,NZ,New Zealand,2.5317
2001-12-31,PE,Peru,-7.0754
2001-12-31,PT,Portugal,-1.3264
2001-12-31,RS,Serbia,-27.9544
2001-12-31,SE,Sweden,2.1999
2001-12-31,SG,Singapore,-11.5225
2001-12-31,TH,Thailand,-2.1809
2001-12-31,US,United States,5.9739
2001-12-31,XM,Euro area,2.754
2001-12-31,ZA,South Africa,6.1554
2002-03-31,AT,Austria,-3.371
2002-03-31,AU,Australia,13.9705
2002-03-31,BE,Belgium,2.0955
2002-03-31,BG,Bulgaria,-8.3642
2002-03-31,BR,Brazil,-6.1759
2002-03-31,CA,Canada,8.9186
2002-03-31,CH,Switzerland,0.5866
2002-03-31,CO,Colombia,-7.7674
2002-03-31,DE,Germany,-2.444
2002-03-31,DK,Denmark,0.6788
2002-03-31,ES,Spain,10.3552
2002-03-31,FI,Finland,2.8083
2002-03-31,FR,France,5.1595
2002-03-31,GB,United Kingdom,6.9607
2002-03-31,GR,Greece,9.6338
2002-03-31,HK,Hong Kong SAR,-6.4795
2002-03-31,HR,Croatia,-2.3883
2002-03-31,HU,Hungary,8.2974
2002-03-31,IE,Ireland,-0.8853
2002-03-31,IL,Israel,0.4394
2002-03-31,IS,Iceland,-3.2926
2002-03-31,IT,Italy,9.6522
2002-03-31,JP,Japan,-3.6395
2002-03-31,KR,Korea,12.3312
2002-03-31,LT,Lithuania,-2.5099
2002-03-31,MK,North Macedonia,-2.0994
2002-03-31,MY,Malaysia,0.3111
2002-03-31,NL,Netherlands,3.7244
2002-03-31,NO,Norway,6.361
2002-03-31,NZ,New Zealand,4.3645
2002-03-31,PE,Peru,-0.0566
2002-03-31,PT,Portugal,-1.6135
2002-03-31,RS,Serbia,-22.7815
2002-03-31,RU,Russia,13.8733
2002-03-31,SE,Sweden,0.8909
2002-03-31,SG,Singapore,-8.3131
2002-03-31,TH,Thailand,-3.3107
2002-03-31,US,United States,6.004
2002-03-31,XM,Euro area,3.1787
2002-03-31,ZA,South Africa,6.5996
2002-06-30,AT,Austria,-0.5843
2002-06-30,AU,Australia,16.7253
2002-06-30,BE,Belgium,4.4568
2002-06-30,BG,Bulgaria,-4.8462
2002-06-30,BR,Brazil,-5.9156
2002-06-30,CA,Canada,8.7493
2002-06-30,CH,Switzerland,-0.3363
2002-06-30,CO,Colombia,-3.4768
2002-06-30,DE,Germany,-1.922
2002-06-30,DK,Denmark,1.5357
2002-06-30,ES,Spain,12.2623
2002-06-30,FI,Finland,5.7614
2002-06-30,FR,France,6.0383
2002-06-30,GB,United Kingdom,12.352
2002-06-30,GR,Greece,11.5938
2002-06-30,HK,Hong Kong SAR,-8.2014
2002-06-30,HR,Croatia,-3.0527
2002-06-30,HU,Hungary,10.5191
2002-06-30,IE,Ireland,0.2321
2002-06-30,IL,Israel,1.9336
2002-06-30,IS,Iceland,-2.5332
2002-06-30,IT,Italy,10.7082
2002-06-30,JP,Japan,-4.3254
2002-06-30,KR,Korea,14.3647
2002-06-30,LT,Lithuania,14.7694
2002-06-30,MK,North Macedonia,7.071
2002-06-30,MY,Malaysia,0.6861
2002-06-30,NL,Netherlands,3.1662
2002-06-30,NO,Norway,6.1685
2002-06-30,NZ,New Zealand,6.3047
2002-06-30,PE,Peru,-8.9531
2002-06-30,PT,Portugal,-2.6675
2002-06-30,RS,Serbia,-13.4624
2002-06-30,RU,Russia,17.5132
2002-06-30,SE,Sweden,3.2639
2002-06-30,SG,Singapore,-8.585
2002-06-30,TH,Thailand,1.2799
2002-06-30,US,United States,6.8324
2002-06-30,XM,Euro area,4.1916
2002-06-30,ZA,South Africa,5.4937
2002-09-30,AT,Austria,-1.1413
2002-09-30,AU,Australia,15.1051
2002-09-30,BE,Belgium,5.3707
2002-09-30,BG,Bulgaria,-2.4545
2002-09-30,BR,Brazil,-4.9102
2002-09-30,CA,Canada,6.5016
2002-09-30,CH,Switzerland,0.5666
2002-09-30,CO,Colombia,-4.1323
2002-09-30,DE,Germany,-2.0325
2002-09-30,DK,Denmark,0.9011
2002-09-30,ES,Spain,13.5637
2002-09-30,FI,Finland,7.5119
2002-09-30,FR,France,7.1327
2002-09-30,GB,United Kingdom,15.7537
2002-09-30,GR,Greece,9.4889
2002-09-30,HK,Hong Kong SAR,-9.6125
2002-09-30,HR,Croatia,12.2336
2002-09-30,HU,Hungary,10.6366
2002-09-30,IE,Ireland,6.6982
2002-09-30,IL,Israel,-1.2529
2002-09-30,IS,Iceland,2.0297
2002-09-30,IT,Italy,9.5424
2002-09-30,JP,Japan,-4.5674
2002-09-30,KR,Korea,14.0802
2002-09-30,LT,Lithuania,18.1911
2002-09-30,MK,North Macedonia,17.0566
2002-09-30,MY,Malaysia,1.017
2002-09-30,NL,Netherlands,2.6902
2002-09-30,NO,Norway,1.7111
2002-09-30,NZ,New Zealand,8.8123
2002-09-30,PE,Peru,17.4078
2002-09-30,PT,Portugal,-3.3229
2002-09-30,RS,Serbia,-14.3888
2002-09-30,RU,Russia,15.9438
2002-09-30,SE,Sweden,5.3515
2002-09-30,SG,Singapore,-5.3026
2002-09-30,TH,Thailand,3.0272
2002-09-30,US,United States,7.2032
2002-09-30,XM,Euro area,4.4927
2002-09-30,ZA,South Africa,2.863
2002-12-31,AT,Austria,0.3846
2002-12-31,AU,Australia,15.279
2002-12-31,BE,Belgium,6.7596
2002-12-31,BG,Bulgaria,0.8021
2002-12-31,BR,Brazil,-6.0554
2002-12-31,CA,Canada,6.9388
2002-12-31,CH,Switzerland,-1.482
2002-12-31,CO,Colombia,-8.9377
2002-12-31,DE,Germany,-2.0194
2002-12-31,DK,Denmark,1.4711
2002-12-31,ES,Spain,12.8736
2002-12-31,FI,Finland,7.0241
2002-12-31,FR,France,7.4204
2002-12-31,GB,United Kingdom,23.3702
2002-12-31,GR,Greece,8.8433
2002-12-31,HK,Hong Kong SAR,-9.1113
2002-12-31,HR,Croatia,9.3937
2002-12-31,HU,Hungary,8.1947
2002-12-31,IE,Ireland,8.9646
2002-12-31,IL,Israel,-2.611
2002-12-31,IS,Iceland,4.0976
2002-12-31,IT,Italy,7.1078
2002-12-31,JP,Japan,-5.153
2002-12-31,KR,Korea,13.2609
2002-12-31,LT,Lithuania,0.1275
2002-12-31,MK,North Macedonia,11.4431
2002-12-31,MY,Malaysia,2.9814
2002-12-31,NL,Netherlands,1.9263
2002-12-31,NO,Norway,0.509
2002-12-31,NZ,New Zealand,10.9389
2002-12-31,PE,Peru,-3.0245
2002-12-31,PT,Portugal,-3.6603
2002-12-31,RS,Serbia,-4.683
2002-12-31,RU,Russia,10.7552
2002-12-31,SE,Sweden,6.8534
2002-12-31,SG,Singapore,-1.943
2002-12-31,TH,Thailand,-0.7736
2002-12-31,US,United States,6.9514
2002-12-31,XM,Euro area,4.3299
2002-12-31,ZA,South Africa,0.8481
2003-03-31,AT,Austria,-1.1799
2003-03-31,AU,Australia,13.594
2003-03-31,BE,Belgium,5.7043
2003-03-31,BG,Bulgaria,4.4815
2003-03-31,BR,Brazil,-8.0891
2003-03-31,CA,Canada,3.9591
2003-03-31,CH,Switzerland,-2.0082
2003-03-31,CL,Chile,3.6557
2003-03-31,CO,Colombia,-6.9466
2003-03-31,CY,Cyprus,-0.2156
2003-03-31,DE,Germany,-2.1565
2003-03-31,DK,Denmark,-0.3897
2003-03-31,ES,Spain,12.6878
2003-03-31,FI,Finland,4.9251
2003-03-31,FR,France,8.3454
2003-03-31,GB,United Kingdom,21.5353
2003-03-31,GR,Greece,5.9255
2003-03-31,HK,Hong Kong SAR,-13.2596
2003-03-31,HR,Croatia,12.4823
2003-03-31,HU,Hungary,14.9299
2003-03-31,ID,Indonesia,-1.3361
2003-03-31,IE,Ireland,7.3007
2003-03-31,IL,Israel,-7.1565
2003-03-31,IS,Iceland,7.4984
2003-03-31,IT,Italy,3.6404
2003-03-31,JP,Japan,-5.6329
2003-03-31,KR,Korea,6.9144
2003-03-31,LT,Lithuania,41.7332
2003-03-31,MK,North Macedonia,12.1328
2003-03-31,MY,Malaysia,3.3945
2003-03-31,NL,Netherlands,1.7874
2003-03-31,NO,Norway,-2.7292
2003-03-31,NZ,New Zealand,12.7917
2003-03-31,PE,Peru,-14.6847
2003-03-31,PT,Portugal,-3.3486
2003-03-31,RS,Serbia,14.0151
2003-03-31,RU,Russia,10.6197
2003-03-31,SE,Sweden,4.8327
2003-03-31,SG,Singapore,-2.1123
2003-03-31,TH,Thailand,0.1327
2003-03-31,US,United States,6.4913
2003-03-31,XM,Euro area,3.7054
2003-03-31,ZA,South Africa,3.744
2003-06-30,AT,Austria,0.1138
2003-06-30,AU,Australia,13.8114
2003-06-30,BE,Belgium,4.9998
2003-06-30,BG,Bulgaria,7.0621
2003-06-30,BR,Brazil,-6.6051
2003-06-30,CA,Canada,5.0332
2003-06-30,CH,Switzerland,2.028
2003-06-30,CL,Chile,0.9561
2003-06-30,CO,Colombia,-6.5815
2003-06-30,CY,Cyprus,1.4686
2003-06-30,DE,Germany,-2.1363
2003-06-30,DK,Denmark,0.3926
2003-06-30,ES,Spain,14.0202
2003-06-30,FI,Finland,4.4054
2003-06-30,FR,France,9.1688
2003-06-30,GB,United Kingdom,16.1062
2003-06-30,GR,Greece,0.3197
2003-06-30,HK,Hong Kong SAR,-15.0847
2003-06-30,HR,Croatia,17.3084
2003-06-30,HU,Hungary,15.2269
2003-06-30,ID,Indonesia,-0.809
2003-06-30,IE,Ireland,8.9052
2003-06-30,IL,Israel,-9.5901
2003-06-30,IS,Iceland,9.4527
2003-06-30,IT,Italy,2.8808
2003-06-30,JP,Japan,-5.9368
2003-06-30,KR,Korea,6.6408
2003-06-30,LT,Lithuania,20.2557
2003-06-30,MK,North Macedonia,5.0637
2003-06-30,MY,Malaysia,1.9819
2003-06-30,NL,Netherlands,1.6885
2003-06-30,NO,Norway,-3.1691
2003-06-30,NZ,New Zealand,15.1217
2003-06-30,PE,Peru,-9.104
2003-06-30,PT,Portugal,-2.5115
2003-06-30,RS,Serbia,24.671
2003-06-30,RU,Russia,6.8947
2003-06-30,SE,Sweden,5.0921
2003-06-30,SG,Singapore,-1.4867
2003-06-30,TH,Thailand,-0.4285
2003-06-30,US,United States,6.7773
2003-06-30,XM,Euro area,3.9084
2003-06-30,ZA,South Africa,8.5878
2003-09-30,AT,Austria,-4.1879
2003-09-30,AU,Australia,15.8123
2003-09-30,BE,Belgium,4.8334
2003-09-30,BG,Bulgaria,10.6753
2003-09-30,BR,Brazil,-2.7691
2003-09-30,CA,Canada,8.9039
2003-09-30,CH,Switzerland,2.4667
2003-09-30,CL,Chile,0.8093
2003-09-30,CO,Colombia,-5.5136
2003-09-30,CY,Cyprus,-0.7769
2003-09-30,DE,Germany,-2.5354
2003-09-30,DK,Denmark,1.6976
2003-09-30,ES,Spain,14.3444
2003-09-30,FI,Finland,5.6336
2003-09-30,FR,France,9.3661
2003-09-30,GB,United Kingdom,11.6633
2003-09-30,GR,Greece,1.1059
2003-09-30,HK,Hong Kong SAR,-10.2739
2003-09-30,HR,Croatia,11.5889
2003-09-30,HU,Hungary,12.2582
2003-09-30,ID,Indonesia,0.0549
2003-09-30,IE,Ireland,9.7441
2003-09-30,IL,Israel,-4.6715
2003-09-30,IS,Iceland,11.7867
2003-09-30,IT,Italy,3.4985
2003-09-30,JP,Japan,-6.2496
2003-09-30,KR,Korea,4.9997
2003-09-30,LT,Lithuania,11.1194
2003-09-30,MK,North Macedonia,-5.0329
2003-09-30,MY,Malaysia,3.7782
2003-09-30,NL,Netherlands,0.8224
2003-09-30,NO,Norway,0.0754
2003-09-30,NZ,New Zealand,19.1265
2003-09-30,PE,Peru,-25.9447
2003-09-30,PT,Portugal,-1.425
2003-09-30,RS,Serbia,31.7259
2003-09-30,RU,Russia,6.3642
2003-09-30,SE,Sweden,3.862
2003-09-30,SG,Singapore,-2.7583
2003-09-30,TH,Thailand,1.0973
2003-09-30,US,United States,7.0752
2003-09-30,XM,Euro area,3.6939
2003-09-30,ZA,South Africa,14.8991
2003-12-31,AT,Austria,1.0345
2003-12-31,AU,Australia,16.1102
2003-12-31,BE,Belgium,5.3459
2003-12-31,BG,Bulgaria,15.6353
2003-12-31,BR,Brazil,2.4895
2003-12-31,CA,Canada,9.0134
2003-12-31,CH,Switzerland,2.6963
2003-12-31,CL,Chile,3.5367
2003-12-31,CO,Colombia,-0.1142
2003-12-31,CY,Cyprus,0.3748
2003-12-31,DE,Germany,-2.8148
2003-12-31,DK,Denmark,2.5351
2003-12-31,ES,Spain,15.3914
2003-12-31,FI,Finland,6.9145
2003-12-31,FR,France,9.8056
2003-12-31,GB,United Kingdom,8.5702
2003-12-31,GR,Greece,0.081
2003-12-31,HK,Hong Kong SAR,1.1868
2003-12-31,HR,Croatia,18.7412
2003-12-31,HU,Hungary,15.8174
2003-12-31,ID,Indonesia,0.4311
2003-12-31,IE,Ireland,11.4524
2003-12-31,IL,Israel,-3.7465
2003-12-31,IS,Iceland,9.583
2003-12-31,IT,Italy,3.5883
2003-12-31,JP,Japan,-6.0939
2003-12-31,KR,Korea,2.9745
2003-12-31,LT,Lithuania,20.7279
2003-12-31,MK,North Macedonia,3.9796
2003-12-31,MY,Malaysia,2.4454
2003-12-31,NL,Netherlands,2.0576
2003-12-31,NO,Norway,2.6717
2003-12-31,NZ,New Zealand,22.4597
2003-12-31,PE,Peru,-12.1932
2003-12-31,PT,Portugal,-1.0703
2003-12-31,RS,Serbia,25.3007
2003-12-31,RU,Russia,7.4018
2003-12-31,SE,Sweden,4.7939
2003-12-31,SG,Singapore,-2.6992
2003-12-31,TH,Thailand,3.6827
2003-12-31,US,United States,8.7007
2003-12-31,XM,Euro area,4.2066
2003-12-31,ZA,South Africa,24.2496
2004-03-31,AT,Austria,-8.179
2004-03-31,AU,Australia,13.0635
2004-03-31,BE,Belgium,6.9486
2004-03-31,BG,Bulgaria,26.4642
2004-03-31,BR,Brazil,7.7182
2004-03-31,CA,Canada,9.424
2004-03-31,CH,Switzerland,5.0568
2004-03-31,CL,Chile,5.0669
2004-03-31,CO,Colombia,2.3601
2004-03-31,CY,Cyprus,17.6055
2004-03-31,DE,Germany,-2.9635
2004-03-31,DK,Denmark,6.7966
2004-03-31,ES,Spain,15.8381
2004-03-31,FI,Finland,8.4307
2004-03-31,FR,France,11.589
2004-03-31,GB,United Kingdom,7.6882
2004-03-31,GR,Greece,-1.628
2004-03-31,HK,Hong Kong SAR,19.468
2004-03-31,HR,Croatia,11.1822
2004-03-31,HU,Hungary,2.8659
2004-03-31,ID,Indonesia,-0.3788
2004-03-31,IE,Ireland,9.5276
2004-03-31,IL,Israel,-1.7151
2004-03-31,IS,Iceland,6.2308
2004-03-31,IT,Italy,2.5918
2004-03-31,JP,Japan,-6.2674
2004-03-31,KR,Korea,1.6954
2004-03-31,LT,Lithuania,9.7215
2004-03-31,MK,North Macedonia,-1.6166
2004-03-31,MY,Malaysia,4.2684
2004-03-31,NL,Netherlands,2.8366
2004-03-31,NO,Norway,10.7653
2004-03-31,NZ,New Zealand,21.2513
2004-03-31,PE,Peru,14.5475
2004-03-31,PT,Portugal,-0.9711
2004-03-31,RS,Serbia,12.4304
2004-03-31,RU,Russia,13.3269
2004-03-31,SE,Sweden,7.6316
2004-03-31,SG,Singapore,-2.7864
2004-03-31,TH,Thailand,2.8061
2004-03-31,US,United States,10.2653
2004-03-31,XM,Euro area,4.206
2004-03-31,ZA,South Africa,30.051
2004-06-30,AT,Austria,-3.0165
2004-06-30,AU,Australia,5.7292
2004-06-30,BE,Belgium,5.4813
2004-06-30,BG,Bulgaria,35.3411
2004-06-30,BR,Brazil,8.4573
2004-06-30,CA,Canada,9.4187
2004-06-30,CH,Switzerland,2.6691
2004-06-30,CL,Chile,5.8759
2004-06-30,CO,Colombia,2.094
2004-06-30,CY,Cyprus,20.651
2004-06-30,DE,Germany,-2.9667
2004-06-30,DK,Denmark,8.9009
2004-06-30,ES,Spain,13.834
2004-06-30,FI,Finland,8.8136
2004-06-30,FR,France,11.2331
2004-06-30,GB,United Kingdom,10.4669
2004-06-30,GR,Greece,-0.7011
2004-06-30,HK,Hong Kong SAR,30.2046
2004-06-30,HR,Croatia,11.2079
2004-06-30,HU,Hungary,1.2362
2004-06-30,ID,Indonesia,-2.1948
2004-06-30,IE,Ireland,8.7259
2004-06-30,IL,Israel,2.5982
2004-06-30,IS,Iceland,8.6503
2004-06-30,IT,Italy,3.238
2004-06-30,JP,Japan,-5.963
2004-06-30,KR,Korea,-1.0731
2004-06-30,LT,Lithuania,14.832
2004-06-30,MK,North Macedonia,-0.8244
2004-06-30,MY,Malaysia,4.4395
2004-06-30,NL,Netherlands,2.7214
2004-06-30,NO,Norway,9.2409
2004-06-30,NZ,New Zealand,18.3216
2004-06-30,PE,Peru,6.4738
2004-06-30,PT,Portugal,-1.8809
2004-06-30,RS,Serbia,5.3465
2004-06-30,RU,Russia,16.7951
2004-06-30,SE,Sweden,9.2783
2004-06-30,SG,Singapore,-2.7034
2004-06-30,TH,Thailand,3.2697
2004-06-30,US,United States,11.0439
2004-06-30,XM,Euro area,4.0725
2004-06-30,ZA,South Africa,32.8191
2004-09-30,AT,Austria,-1.7813
2004-09-30,AU,Australia,0.009
2004-09-30,BE,Belgium,6.5885
2004-09-30,BG,Bulgaria,41.6471
2004-09-30,BR,Brazil,5.6417
2004-09-30,CA,Canada,4.8368
2004-09-30,CH,Switzerland,3.7236
2004-09-30,CL,Chile,6.3204
2004-09-30,CO,Colombia,3.3104
2004-09-30,CY,Cyprus,20.9762
2004-09-30,DE,Germany,-2.8025
2004-09-30,DK,Denmark,10.5518
2004-09-30,ES,Spain,13.0604
2004-09-30,FI,Finland,6.1181
2004-09-30,FR,France,11.9885
2004-09-30,GB,United Kingdom,12.4112
2004-09-30,GR,Greece,-0.5114
2004-09-30,HK,Hong Kong SAR,30.1953
2004-09-30,HR,Croatia,14.4124
2004-09-30,HU,Hungary,1.9859
2004-09-30,ID,Indonesia,-2.9877
2004-09-30,IE,Ireland,7.8375
2004-09-30,IL,Israel,-0.1822
2004-09-30,IS,Iceland,5.3855
2004-09-30,IT,Italy,4.1077
2004-09-30,JP,Japan,-5.965
2004-09-30,KR,Korea,-4.38
2004-09-30,LT,Lithuania,24.4979
2004-09-30,MK,North Macedonia,3.609
2004-09-30,MY,Malaysia,1.0073
2004-09-30,NL,Netherlands,3.4278
2004-09-30,NO,Norway,9.4443
2004-09-30,NZ,New Zealand,12.9542
2004-09-30,PE,Peru,7.7706
2004-09-30,PT,Portugal,-1.8168
2004-09-30,RS,Serbia,1.8396
2004-09-30,RU,Russia,16.2193
2004-09-30,SE,Sweden,9.2032
2004-09-30,SG,Singapore,-1.8703
2004-09-30,TH,Thailand,1.6986
2004-09-30,US,United States,11.7359
2004-09-30,XM,Euro area,4.4796
2004-09-30,ZA,South Africa,33.2655
2004-12-31,AT,Austria,-2.6659
2004-12-31,AU,Australia,-2.2157
2004-12-31,BE,Belgium,6.7592
2004-12-31,BG,Bulgaria,50.4214
2004-12-31,BR,Brazil,3.7311
2004-12-31,CA,Canada,5.4575
2004-12-31,CH,Switzerland,3.6872
2004-12-31,CL,Chile,5.9803
2004-12-31,CO,Colombia,5.1527
2004-12-31,CY,Cyprus,22.865
2004-12-31,DE,Germany,-2.7679
2004-12-31,DK,Denmark,12.4321
2004-12-31,ES,Spain,13.3481
2004-12-31,FI,Finland,5.1659
2004-12-31,FR,France,12.9853
2004-12-31,GB,United Kingdom,10.7403
2004-12-31,GR,Greece,0.5504
2004-12-31,HK,Hong Kong SAR,28.8629
2004-12-31,HR,Croatia,13.2078
2004-12-31,HU,Hungary,-2.9689
2004-12-31,ID,Indonesia,-2.7541
2004-12-31,IE,Ireland,8.3703
2004-12-31,IL,Israel,-1.9396
2004-12-31,IS,Iceland,9.3179
2004-12-31,IT,Italy,5.314
2004-12-31,JP,Japan,-6.2041
2004-12-31,KR,Korea,-5.4945
2004-12-31,LT,Lithuania,27.6907
2004-12-31,MK,North Macedonia,-0.0767
2004-12-31,MY,Malaysia,0.3342
2004-12-31,NL,Netherlands,2.6599
2004-12-31,NO,Norway,9.2523
2004-12-31,NZ,New Zealand,9.4544
2004-12-31,PE,Peru,-1.4572
2004-12-31,PT,Portugal,-1.8822
2004-12-31,RS,Serbia,0.5572
2004-12-31,RU,Russia,14.9736
2004-12-31,SE,Sweden,9.5066
2004-12-31,SG,Singapore,-0.7817
2004-12-31,TH,Thailand,2.3857
2004-12-31,US,United States,11.6257
2004-12-31,XM,Euro area,4.7869
2004-12-31,ZA,South Africa,30.963
2005-03-31,AT,Austria,5.5163
2005-03-31,AU,Australia,-1.732
2005-03-31,BE,Belgium,8.6115
2005-03-31,BG,Bulgaria,49.1884
2005-03-31,BR,Brazil,2.1893
2005-03-31,CA,Canada,7.6597
2005-03-31,CH,Switzerland,3.3252
2005-03-31,CL,Chile,3.0416
2005-03-31,CO,Colombia,4.4905
2005-03-31,CY,Cyprus,8.8958
2005-03-31,DE,Germany,-1.9395
2005-03-31,DK,Denmark,13.9975
2005-03-31,ES,Spain,12.0733
2005-03-31,FI,Finland,4.6841
2005-03-31,FR,France,13.2104
2005-03-31,GB,United Kingdom,7.2158
2005-03-31,GR,Greece,4.182
2005-03-31,HK,Hong Kong SAR,21.7139
2005-03-31,HR,Croatia,10.2395
2005-03-31,HU,Hungary,1.0326
2005-03-31,ID,Indonesia,-3.599
2005-03-31,IE,Ireland,8.8527
2005-03-31,IL,Israel,-2.6219
2005-03-31,IS,Iceland,18.8817
2005-03-31,IT,Italy,6.2848
2005-03-31,JP,Japan,-5.4417
2005-03-31,KR,Korea,-4.8934
2005-03-31,LT,Lithuania,40.6384
2005-03-31,MK,North Macedonia,-2.0023
2005-03-31,MY,Malaysia,-0.5621
2005-03-31,NL,Netherlands,2.1635
2005-03-31,NO,Norway,6.2008
2005-03-31,NZ,New Zealand,9.5535
2005-03-31,PE,Peru,-2.714
2005-03-31,PT,Portugal,-1.9054
2005-03-31,RS,Serbia,-2.0099
2005-03-31,RU,Russia,11.2056
2005-03-31,SE,Sweden,8.1478
2005-03-31,SG,Singapore,1.723
2005-03-31,TH,Thailand,5.0981
2005-03-31,US,United States,12.7181
2005-03-31,XM,Euro area,5.4647
2005-03-31,ZA,South Africa,29.8352
2005-06-30,AT,Austria,1.6982
2005-06-30,AU,Australia,-0.1945
2005-06-30,BE,Belgium,10.382
2005-06-30,BG,Bulgaria,37.5082
2005-06-30,BR,Brazil,0.9761
2005-06-30,CA,Canada,5.77
2005-06-30,CH,Switzerland,3.2573
2005-06-30,CL,Chile,4.3515
2005-06-30,CO,Colombia,4.1959
2005-06-30,CY,Cyprus,8.0751
2005-06-30,DE,Germany,-2.5143
2005-06-30,DK,Denmark,14.4058
2005-06-30,ES,Spain,10.3549
2005-06-30,FI,Finland,4.9195
2005-06-30,FR,France,13.4726
2005-06-30,GB,United Kingdom,3.8676
2005-06-30,GR,Greece,6.9239
2005-06-30,HK,Hong Kong SAR,21.588
2005-06-30,HR,Croatia,11.1817
2005-06-30,HU,Hungary,-0.7566
2005-06-30,ID,Indonesia,-3.7152
2005-06-30,IE,Ireland,9.8672
2005-06-30,IL,Israel,-1.9719
2005-06-30,IS,Iceland,24.9371
2005-06-30,IT,Italy,6.1809
2005-06-30,JP,Japan,-4.949
2005-06-30,KR,Korea,-3.3995
2005-06-30,LT,Lithuania,38.9531
2005-06-30,MK,North Macedonia,2.3544
2005-06-30,MY,Malaysia,0.3605
2005-06-30,NL,Netherlands,2.2578
2005-06-30,NO,Norway,6.8642
2005-06-30,NZ,New Zealand,10.5851
2005-06-30,PE,Peru,-13.9667
2005-06-30,PT,Portugal,-0.1068
2005-06-30,RS,Serbia,-0.1436
2005-06-30,RU,Russia,7.7639
2005-06-30,SE,Sweden,7.2518
2005-06-30,SG,Singapore,2.3009
2005-06-30,TH,Thailand,3.993
2005-06-30,US,United States,12.8174
2005-06-30,XM,Euro area,5.0899
2005-06-30,ZA,South Africa,26.7793
2005-09-30,AT,Austria,1.4142
2005-09-30,AU,Australia,-0.9081
2005-09-30,BE,Belgium,9.6809
2005-09-30,BG,Bulgaria,26.0138
2005-09-30,BR,Brazil,2.122
2005-09-30,CA,Canada,9.4474
2005-09-30,CH,Switzerland,2.844
2005-09-30,CL,Chile,3.4185
2005-09-30,CO,Colombia,4.9564
2005-09-30,CY,Cyprus,5.9923
2005-09-30,DE,Germany,-2.8395
2005-09-30,DK,Denmark,18.8237
2005-09-30,ES,Spain,9.6632
2005-09-30,FI,Finland,6.713
2005-09-30,FR,France,13.0878
2005-09-30,GB,United Kingdom,1.5349
2005-09-30,GR,Greece,8.0212
2005-09-30,HK,Hong Kong SAR,18.6942
2005-09-30,HR,Croatia,8.8685
2005-09-30,HU,Hungary,-1.4054
2005-09-30,ID,Indonesia,-4.6463
2005-09-30,IE,Ireland,8.7067
2005-09-30,IL,Israel,-1.1479
2005-09-30,IS,Iceland,28.3284
2005-09-30,IT,Italy,5.2989
2005-09-30,JP,Japan,-4.4193
2005-09-30,KR,Korea,-0.1857
2005-09-30,LT,Lithuania,37.5005
2005-09-30,MK,North Macedonia,-2.4335
2005-09-30,MY,Malaysia,-0.6957
2005-09-30,NL,Netherlands,2.0755
2005-09-30,NO,Norway,7.3244
2005-09-30,NZ,New Zealand,11.223
2005-09-30,PE,Peru,-10.6419
2005-09-30,PT,Portugal,0.9899
2005-09-30,RS,Serbia,5.3754
2005-09-30,RU,Russia,8.0543
2005-09-30,SE,Sweden,8.6489
2005-09-30,SG,Singapore,2.7469
2005-09-30,TH,Thailand,3.2704
2005-09-30,US,United States,11.9168
2005-09-30,XM,Euro area,4.6855
2005-09-30,ZA,South Africa,22.9731
2005-12-31,AT,Austria,2.1491
2005-12-31,AU,Australia,-0.428
2005-12-31,BE,Belgium,10.0285
2005-12-31,BG,Bulgaria,14.0682
2005-12-31,BR,Brazil,2.4064
2005-12-31,CA,Canada,7.21
2005-12-31,CH,Switzerland,3.0753
2005-12-31,CL,Chile,3.4172
2005-12-31,CO,Colombia,0.3555
2005-12-31,CY,Cyprus,3.6498
2005-12-31,DE,Germany,-2.3943
2005-12-31,DK,Denmark,23.7096
2005-12-31,ES,Spain,8.8621
2005-12-31,FI,Finland,8.5527
2005-12-31,FR,France,12.8341
2005-12-31,GB,United Kingdom,1.2667
2005-12-31,GR,Greece,9.1599
2005-12-31,HK,Hong Kong SAR,6.7661
2005-12-31,HR,Croatia,7.2157
2005-12-31,HU,Hungary,-0.5769
2005-12-31,ID,Indonesia,-10.9407
2005-12-31,IE,Ireland,7.7082
2005-12-31,IL,Israel,1.4059
2005-12-31,IS,Iceland,26.3703
2005-12-31,IT,Italy,4.5124
2005-12-31,JP,Japan,-3.5899
2005-12-31,KR,Korea,0.9553
2005-12-31,LT,Lithuania,59.6351
2005-12-31,MK,North Macedonia,-2.2486
2005-12-31,MY,Malaysia,-0.6498
2005-12-31,NL,Netherlands,2.1957
2005-12-31,NO,Norway,6.1385
2005-12-31,NZ,New Zealand,11.7142
2005-12-31,PE,Peru,4.154
2005-12-31,PT,Portugal,0.9975
2005-12-31,RS,Serbia,1.606
2005-12-31,RU,Russia,11.0725
2005-12-31,SE,Sweden,10.029
2005-12-31,SG,Singapore,2.8024
2005-12-31,TH,Thailand,1.1809
2005-12-31,US,United States,10.9457
2005-12-31,XM,Euro area,4.575
2005-12-31,ZA,South Africa,19.113
2006-03-31,AT,Austria,3.4244
2006-03-31,AU,Australia,0.6085
2006-03-31,BE,Belgium,7.6888
2006-03-31,BG,Bulgaria,6.5211
2006-03-31,BR,Brazil,3.6604
2006-03-31,CA,Canada,7.2476
2006-03-31,CH,Switzerland,3.8274
2006-03-31,CL,Chile,3.3975
2006-03-31,CO,Colombia,4.007
2006-03-31,CY,Cyprus,8.0965
2006-03-31,DE,Germany,-3.4333
2006-03-31,DK,Denmark,26.7859
2006-03-31,EE,Estonia,45.8701
2006-03-31,ES,Spain,5.0363
2006-03-31,FI,Finland,7.2064
2006-03-31,FR,France,11.7912
2006-03-31,GB,United Kingdom,4.3523
2006-03-31,GR,Greece,9.8659
2006-03-31,HK,Hong Kong SAR,0.2068
2006-03-31,HR,Croatia,11.7756
2006-03-31,HU,Hungary,2.0654
2006-03-31,ID,Indonesia,-9.1608
2006-03-31,IE,Ireland,9.2585
2006-03-31,IL,Israel,1.8445
2006-03-31,IS,Iceland,19.4701
2006-03-31,IT,Italy,3.6786
2006-03-31,JP,Japan,-3.7262
2006-03-31,KR,Korea,2.6938
2006-03-31,LT,Lithuania,38.1614
2006-03-31,MK,North Macedonia,-0.1577
2006-03-31,MT,Malta,7.0852
2006-03-31,MX,Mexico,3.6363
2006-03-31,MY,Malaysia,-1.3373
2006-03-31,NL,Netherlands,3.0017
2006-03-31,NO,Norway,7.9256
2006-03-31,NZ,New Zealand,8.6497
2006-03-31,PE,Peru,-4.7861
2006-03-31,PT,Portugal,0.6115
2006-03-31,RS,Serbia,-5.748
2006-03-31,RU,Russia,18.3972
2006-03-31,SE,Sweden,13.107
2006-03-31,SG,Singapore,3.3545
2006-03-31,TH,Thailand,-0.7142
2006-03-31,US,United States,8.6535
2006-03-31,XM,Euro area,3.9098
2006-03-31,ZA,South Africa,14.8568
2006-06-30,AT,Austria,2.7203
2006-06-30,AU,Australia,2.5361
2006-06-30,BE,Belgium,8.4288
2006-06-30,BG,Bulgaria,3.4817
2006-06-30,BR,Brazil,6.0132
2006-06-30,CA,Canada,9.2447
2006-06-30,CH,Switzerland,4.8628
2006-06-30,CL,Chile,2.4758
2006-06-30,CN,China,3.1256
2006-06-30,CO,Colombia,7.7571
2006-06-30,CY,Cyprus,11.1081
2006-06-30,DE,Germany,-1.7214
2006-06-30,DK,Denmark,27.8095
2006-06-30,EE,Estonia,42.2975
2006-06-30,ES,Spain,5.3543
2006-06-30,FI,Finland,5.8368
2006-06-30,FR,France,10.3872
2006-06-30,GB,United Kingdom,4.879
2006-06-30,GR,Greece,9.6586
2006-06-30,HK,Hong Kong SAR,-3.3253
2006-06-30,HR,Croatia,8.5441
2006-06-30,HU,Hungary,0.8429
2006-06-30,ID,Indonesia,-8.7121
2006-06-30,IE,Ireland,10.5541
2006-06-30,IL,Israel,-2.2528
2006-06-30,IS,Iceland,9.4587
2006-06-30,IT,Italy,3.6771
2006-06-30,JP,Japan,-3.4201
2006-06-30,KR,Korea,3.2831
2006-06-30,LT,Lithuania,49.2082
2006-06-30,MK,North Macedonia,-7.6369
2006-06-30,MT,Malta,18.214
2006-06-30,MX,Mexico,3.3601
2006-06-30,MY,Malaysia,-2.6459
2006-06-30,NL,Netherlands,2.9505
2006-06-30,NO,Norway,9.9918
2006-06-30,NZ,New Zealand,5.9407
2006-06-30,PE,Peru,2.3963
2006-06-30,PT,Portugal,-0.821
2006-06-30,RS,Serbia,-10.0998
2006-06-30,RU,Russia,27.7724
2006-06-30,SE,Sweden,11.7412
2006-06-30,SG,Singapore,4.8342
2006-06-30,TH,Thailand,-1.047
2006-06-30,US,United States,3.4079
2006-06-30,XM,Euro area,4.275
2006-06-30,ZA,South Africa,12.7987
2006-09-30,AT,Austria,3.5144
2006-09-30,AU,Australia,4.6542
2006-09-30,BE,Belgium,8.3968
2006-09-30,BG,Bulgaria,6.8677
2006-09-30,BR,Brazil,7.9215
2006-09-30,CA,Canada,11.0482
2006-09-30,CH,Switzerland,4.2328
2006-09-30,CL,Chile,2.6748
2006-09-30,CN,China,3.2769
2006-09-30,CO,Colombia,9.4771
2006-09-30,CY,Cyprus,11.7878
2006-09-30,DE,Germany,0.054
2006-09-30,DK,Denmark,21.1487
2006-09-30,EE,Estonia,44.2169
2006-09-30,ES,Spain,7.4536
2006-09-30,FI,Finland,4.6498
2006-09-30,FR,France,8.9433
2006-09-30,GB,United Kingdom,5.2778
2006-09-30,GR,Greece,8.4628
2006-09-30,HK,Hong Kong SAR,-3.0822
2006-09-30,HR,Croatia,9.9602
2006-09-30,HU,Hungary,0.2191
2006-09-30,ID,Indonesia,-8.2296
2006-09-30,IE,Ireland,12.3726
2006-09-30,IL,Israel,-2.3159
2006-09-30,IS,Iceland,3.0892
2006-09-30,IT,Italy,3.6076
2006-09-30,JP,Japan,-3.2098
2006-09-30,KR,Korea,2.3008
2006-09-30,LT,Lithuania,46.2377
2006-09-30,MK,North Macedonia,-2.5447
2006-09-30,MT,Malta,12.9283
2006-09-30,MX,Mexico,2.5491
2006-09-30,MY,Malaysia,-1.4447
2006-09-30,NL,Netherlands,2.9001
2006-09-30,NO,Norway,12.7162
2006-09-30,NZ,New Zealand,5.5379
2006-09-30,PE,Peru,-5.658
2006-09-30,PT,Portugal,-2.1624
2006-09-30,RS,Serbia,-9.1541
2006-09-30,RU,Russia,40.7799
2006-09-30,SE,Sweden,10.3882
2006-09-30,SG,Singapore,6.7822
2006-09-30,TH,Thailand,-1.1883
2006-09-30,US,United States,-0.1355
2006-09-30,XM,Euro area,4.7047
2006-09-30,ZA,South Africa,10.4094
2006-12-31,AT,Austria,0.8946
2006-12-31,AU,Australia,5.1577
2006-12-31,BE,Belgium,7.0562
2006-12-31,BG,Bulgaria,10.6286
2006-12-31,BR,Brazil,10.1943
2006-12-31,CA,Canada,10.6433
2006-12-31,CH,Switzerland,8.6503
2006-12-31,CL,Chile,2.2843
2006-12-31,CN,China,3.0445
2006-12-31,CO,Colombia,9.581
2006-12-31,CY,Cyprus,17.9809
2006-12-31,DE,Germany,-1.1344
2006-12-31,DK,Denmark,12.8687
2006-12-31,EE,Estonia,40.8674
2006-12-31,ES,Spain,8.6833
2006-12-31,FI,Finland,3.6714
2006-12-31,FR,France,8.1512
2006-12-31,GB,United Kingdom,6.8745
2006-12-31,GR,Greece,9.9744
2006-12-31,HK,Hong Kong SAR,1.3357
2006-12-31,HR,Croatia,12.7622
2006-12-31,HU,Hungary,-0.5324
2006-12-31,ID,Indonesia,-1.8813
2006-12-31,IE,Ireland,9.8022
2006-12-31,IL,Israel,-3.6849
2006-12-31,IS,Iceland,0.62
2006-12-31,IT,Italy,3.7262
2006-12-31,JP,Japan,-2.3831
2006-12-31,KR,Korea,7.0013
2006-12-31,LT,Lithuania,23.8769
2006-12-31,MK,North Macedonia,-8.0043
2006-12-31,MT,Malta,27.6106
2006-12-31,MX,Mexico,2.714
2006-12-31,MY,Malaysia,1.5794
2006-12-31,NL,Netherlands,3.6784
2006-12-31,NO,Norway,13.7717
2006-12-31,NZ,New Zealand,6.1278
2006-12-31,PE,Peru,-7.726
2006-12-31,PT,Portugal,-1.6036
2006-12-31,RS,Serbia,-6.2585
2006-12-31,RU,Russia,51.4479
2006-12-31,SE,Sweden,8.2738
2006-12-31,SG,Singapore,9.5277
2006-12-31,TH,Thailand,-0.792
2006-12-31,US,United States,-1.5233
2006-12-31,XM,Euro area,4.4429
2006-12-31,ZA,South Africa,8.5868
2007-03-31,AT,Austria,2.3064
2007-03-31,AU,Australia,5.7511
2007-03-31,BE,Belgium,7.1396
2007-03-31,BG,Bulgaria,16.4894
2007-03-31,BR,Brazil,11.8668
2007-03-31,CA,Canada,9.4431
2007-03-31,CH,Switzerland,8.3683
2007-03-31,CL,Chile,4.9337
2007-03-31,CN,China,2.4798
2007-03-31,CO,Colombia,13.1667
2007-03-31,CY,Cyprus,19.7624
2007-03-31,DE,Germany,-0.8728
2007-03-31,DK,Denmark,5.5088
2007-03-31,EE,Estonia,27.7097
2007-03-31,ES,Spain,10.4575
2007-03-31,FI,Finland,4.4186
2007-03-31,FR,France,6.6916
2007-03-31,GB,United Kingdom,7.4875
2007-03-31,GR,Greece,5.8401
2007-03-31,HK,Hong Kong SAR,3.7276
2007-03-31,HR,Croatia,12.4785
2007-03-31,HU,Hungary,-2.4578
2007-03-31,ID,Indonesia,-4.277
2007-03-31,IE,Ireland,9.1283
2007-03-31,IL,Israel,-4.6833
2007-03-31,IS,Iceland,-0.5814
2007-03-31,IT,Italy,4.0551
2007-03-31,JP,Japan,-1.4266
2007-03-31,KR,Korea,9.7639
2007-03-31,LT,Lithuania,23.1412
2007-03-31,LV,Latvia,38.9988
2007-03-31,MK,North Macedonia,-1.8065
2007-03-31,MT,Malta,28.6101
2007-03-31,MX,Mexico,3.222
2007-03-31,MY,Malaysia,2.1507
2007-03-31,NL,Netherlands,3.1135
2007-03-31,NO,Norway,15.26
2007-03-31,NZ,New Zealand,8.5713
2007-03-31,PE,Peru,-10.4941
2007-03-31,PT,Portugal,-0.991
2007-03-31,RS,Serbia,-4.7787
2007-03-31,RU,Russia,51.3045
2007-03-31,SE,Sweden,8.1824
2007-03-31,SG,Singapore,13.8939
2007-03-31,SK,Slovakia,18.5351
2007-03-31,TH,Thailand,-2.1217
2007-03-31,US,United States,-4.719
2007-03-31,XM,Euro area,4.3824
2007-03-31,ZA,South Africa,8.1734
2007-06-30,AT,Austria,3.3275
2007-06-30,AU,Australia,6.9789
2007-06-30,BE,Belgium,6.7494
2007-06-30,BG,Bulgaria,21.454
2007-06-30,BR,Brazil,12.95
2007-06-30,CA,Canada,8.6245
2007-06-30,CH,Switzerland,7.9764
2007-06-30,CL,Chile,5.443
2007-06-30,CN,China,2.1859
2007-06-30,CO,Colombia,9.9156
2007-06-30,CY,Cyprus,21.6963
2007-06-30,DE,Germany,-2.6961
2007-06-30,DK,Denmark,1.0161
2007-06-30,EE,Estonia,22.9346
2007-06-30,ES,Spain,8.9813
2007-06-30,FI,Finland,3.7714
2007-06-30,FR,France,5.2749
2007-06-30,GB,United Kingdom,8.0073
2007-06-30,GR,Greece,4.0938
2007-06-30,HK,Hong Kong SAR,6.1792
2007-06-30,HR,Croatia,14.5777
2007-06-30,HU,Hungary,-1.4645
2007-06-30,ID,Indonesia,-3.6564
2007-06-30,IE,Ireland,5.3104
2007-06-30,IL,Israel,-1.8389
2007-06-30,IS,Iceland,2.8925
2007-06-30,IT,Italy,3.3882
2007-06-30,JP,Japan,-1.0654
2007-06-30,KR,Korea,7.2801
2007-06-30,LT,Lithuania,26.4611
2007-06-30,LV,Latvia,28.6427
2007-06-30,MK,North Macedonia,1.7973
2007-06-30,MT,Malta,22.475
2007-06-30,MX,Mexico,3.5839
2007-06-30,MY,Malaysia,2.8791
2007-06-30,NL,Netherlands,2.4624
2007-06-30,NO,Norway,14.7725
2007-06-30,NZ,New Zealand,11.2152
2007-06-30,PE,Peru,-0.8704
2007-06-30,PT,Portugal,-2.0532
2007-06-30,RS,Serbia,-3.1994
2007-06-30,RU,Russia,42.3553
2007-06-30,SE,Sweden,11.7478
2007-06-30,SG,Singapore,19.5954
2007-06-30,SK,Slovakia,22.3942
2007-06-30,TH,Thailand,-1.6094
2007-06-30,US,United States,-7.1046
2007-06-30,XM,Euro area,3.1795
2007-06-30,ZA,South Africa,8.2446
2007-09-30,AT,Austria,3.2405
2007-09-30,AU,Australia,9.0316
2007-09-30,BE,Belgium,5.6574
2007-09-30,BG,Bulgaria,17.5632
2007-09-30,BR,Brazil,13.4868
2007-09-30,CA,Canada,8.1734
2007-09-30,CH,Switzerland,6.4001
2007-09-30,CL,Chile,4.7117
2007-09-30,CN,China,0.7457
2007-09-30,CO,Colombia,8.264
2007-09-30,CY,Cyprus,22.2727
2007-09-30,DE,Germany,-3.4853
2007-09-30,DK,Denmark,-0.2937
2007-09-30,EE,Estonia,10.7714
2007-09-30,ES,Spain,6.6917
2007-09-30,FI,Finland,3.3475
2007-09-30,FR,France,4.3755
2007-09-30,GB,United Kingdom,8.4601
2007-09-30,GR,Greece,3.4366
2007-09-30,HK,Hong Kong SAR,10.3953
2007-09-30,HR,Croatia,12.9791
2007-09-30,HU,Hungary,0.6015
2007-09-30,ID,Indonesia,-4.3549
2007-09-30,IE,Ireland,-0.524
2007-09-30,IL,Israel,-0.6057
2007-09-30,IS,Iceland,8.474
2007-09-30,IT,Italy,2.8969
2007-09-30,JP,Japan,-0.5789
2007-09-30,KR,Korea,6.7755
2007-09-30,LT,Lithuania,21.1237
2007-09-30,LV,Latvia,23.6984
2007-09-30,MK,North Macedonia,-3.1587
2007-09-30,MT,Malta,18.8245
2007-09-30,MX,Mexico,3.9982
2007-09-30,MY,Malaysia,3.4958
2007-09-30,NL,Netherlands,3.7877
2007-09-30,NO,Norway,11.1997
2007-09-30,NZ,New Zealand,9.3377
2007-09-30,PE,Peru,9.4252
2007-09-30,PT,Portugal,-1.0211
2007-09-30,RS,Serbia,-4.7774
2007-09-30,RU,Russia,27.954
2007-09-30,SE,Sweden,12.6311
2007-09-30,SG,Singapore,23.7847
2007-09-30,SK,Slovakia,29.4072
2007-09-30,TH,Thailand,1.0273
2007-09-30,US,United States,-8.729
2007-09-30,XM,Euro area,2.4759
2007-09-30,ZA,South Africa,7.7466
2007-12-31,AT,Austria,0.8078
2007-12-31,AU,Australia,10.0251
2007-12-31,BE,Belgium,3.8763
2007-12-31,BG,Bulgaria,19.7249
2007-12-31,BR,Brazil,14.5552
2007-12-31,CA,Canada,7.5726
2007-12-31,CH,Switzerland,1.8015
2007-12-31,CL,Chile,1.8
2007-12-31,CN,China,2.0936
2007-12-31,CO,Colombia,9.2561
2007-12-31,CY,Cyprus,17.9573
2007-12-31,DE,Germany,-2.8195
2007-12-31,DK,Denmark,-2.1183
2007-12-31,EE,Estonia,-3.5562
2007-12-31,ES,Spain,1.6831
2007-12-31,FI,Finland,1.7452
2007-12-31,FR,France,3.0346
2007-12-31,GB,United Kingdom,6.0245
2007-12-31,GR,Greece,-1.1738
2007-12-31,HK,Hong Kong SAR,17.2906
2007-12-31,HR,Croatia,3.2444
2007-12-31,HU,Hungary,1.4956
2007-12-31,ID,Indonesia,-4.6656
2007-12-31,IE,Ireland,-3.2415
2007-12-31,IL,Israel,-1.009
2007-12-31,IS,Iceland,9.4651
2007-12-31,IT,Italy,2.0299
2007-12-31,JP,Japan,-1.276
2007-12-31,KR,Korea,1.8331
2007-12-31,LT,Lithuania,9.132
2007-12-31,LV,Latvia,8.3746
2007-12-31,MK,North Macedonia,6.1932
2007-12-31,MT,Malta,10.0428
2007-12-31,MX,Mexico,3.5075
2007-12-31,MY,Malaysia,0.6608
2007-12-31,NL,Netherlands,3.3356
2007-12-31,NO,Norway,6.0949
2007-12-31,NZ,New Zealand,4.3321
2007-12-31,PE,Peru,12.7146
2007-12-31,PT,Portugal,-3.4585
2007-12-31,RS,Serbia,-3.9893
2007-12-31,RU,Russia,15.7364
2007-12-31,SE,Sweden,7.4993
2007-12-31,SG,Singapore,25.7982
2007-12-31,SK,Slovakia,30.8109
2007-12-31,TH,Thailand,-1.4797
2007-12-31,US,United States,-12.9891
2007-12-31,XM,Euro area,1.0046
2007-12-31,ZA,South Africa,3.5951
2008-03-31,AT,Austria,-1.4028
2008-03-31,AU,Australia,8.1912
2008-03-31,BE,Belgium,1.4224
2008-03-31,BG,Bulgaria,16.0861
2008-03-31,BR,Brazil,15.4473
2008-03-31,CA,Canada,6.5006
2008-03-31,CH,Switzerland,0.9792
2008-03-31,CL,Chile,2.1761
2008-03-31,CN,China,1.2105
2008-03-31,CO,Colombia,9.4085
2008-03-31,CY,Cyprus,19.6075
2008-03-31,DE,Germany,-0.1235
2008-03-31,DK,Denmark,-4.6452
2008-03-31,EE,Estonia,-11.0745
2008-03-31,ES,Spain,-1.48
2008-03-31,FI,Finland,-0.5205
2008-03-31,FR,France,1.0986
2008-03-31,GB,United Kingdom,1.2516
2008-03-31,GR,Greece,-1.3069
2008-03-31,HK,Hong Kong SAR,23.836
2008-03-31,HR,Croatia,-1.6607
2008-03-31,HU,Hungary,-0.9482
2008-03-31,ID,Indonesia,-5.0132
2008-03-31,IE,Ireland,-6.7856
2008-03-31,IL,Israel,0.8991
2008-03-31,IS,Iceland,6.4123
2008-03-31,IT,Italy,0.6598
2008-03-31,JP,Japan,-1.7029
2008-03-31,KR,Korea,-1.0712
2008-03-31,LT,Lithuania,5.5516
2008-03-31,LU,Luxembourg,0.4125
2008-03-31,LV,Latvia,0.2222
2008-03-31,MA,Morocco,-0.0771
2008-03-31,MK,North Macedonia,1.9825
2008-03-31,MT,Malta,12.5527
2008-03-31,MX,Mexico,2.2956
2008-03-31,MY,Malaysia,1.7198
2008-03-31,NL,Netherlands,1.7022
2008-03-31,NO,Norway,0.0911
2008-03-31,NZ,New Zealand,-0.6106
2008-03-31,PE,Peru,11.9445
2008-03-31,PT,Portugal,-7.8115
2008-03-31,RS,Serbia,0.9496
2008-03-31,RU,Russia,10.5272
2008-03-31,SE,Sweden,3.7355
2008-03-31,SG,Singapore,21.7258
2008-03-31,SI,Slovenia,4.9166
2008-03-31,SK,Slovakia,28.2113
2008-03-31,TH,Thailand,-9.9493
2008-03-31,US,United States,-15.6584
2008-03-31,XM,Euro area,0.3393
2008-03-31,ZA,South Africa,-3.3389
2008-06-30,AT,Austria,-4.4216
2008-06-30,AU,Australia,2.424
2008-06-30,BE,Belgium,-0.4402
2008-06-30,BG,Bulgaria,15.0265
2008-06-30,BR,Brazil,15.6069
2008-06-30,CA,Canada,2.3165
2008-06-30,CH,Switzerland,0.509
2008-06-30,CL,Chile,0.9634
2008-06-30,CN,China,-0.0095
2008-06-30,CO,Colombia,8.5203
2008-06-30,CY,Cyprus,13.7677
2008-06-30,DE,Germany,1.2049
2008-06-30,DK,Denmark,-6.0134
2008-06-30,EE,Estonia,-19.1751
2008-06-30,ES,Spain,-4.6538
2008-06-30,FI,Finland,-1.577
2008-06-30,FR,France,-0.5756
2008-06-30,GB,United Kingdom,-4.0523
2008-06-30,GR,Greece,-2.8767
2008-06-30,HK,Hong Kong SAR,18.7277
2008-06-30,HR,Croatia,-5.4564
2008-06-30,HU,Hungary,-1.8919
2008-06-30,ID,Indonesia,-7.4992
2008-06-30,IE,Ireland,-9.5713
2008-06-30,IL,Israel,1.4038
2008-06-30,IS,Iceland,-4.5292
2008-06-30,IT,Italy,0.0214
2008-06-30,JP,Japan,-2.5802
2008-06-30,KR,Korea,-0.4323
2008-06-30,LT,Lithuania,3.5869
2008-06-30,LU,Luxembourg,1.9963
2008-06-30,LV,Latvia,-5.5105
2008-06-30,MA,Morocco,-2.54
2008-06-30,MK,North Macedonia,9.0734
2008-06-30,MT,Malta,2.862
2008-06-30,MX,Mexico,1.2857
2008-06-30,MY,Malaysia,-0.6096
2008-06-30,NL,Netherlands,0.805
2008-06-30,NO,Norway,-1.9633
2008-06-30,NZ,New Zealand,-8.1464
2008-06-30,PE,Peru,19.5667
2008-06-30,PT,Portugal,-7.1696
2008-06-30,RS,Serbia,4.903
2008-06-30,RU,Russia,10.1514
2008-06-30,SE,Sweden,-0.8663
2008-06-30,SG,Singapore,11.7244
2008-06-30,SI,Slovenia,2.5182
2008-06-30,SK,Slovakia,23.0563
2008-06-30,TH,Thailand,-9.4344
2008-06-30,US,United States,-17.236
2008-06-30,XM,Euro area,-0.6415
2008-06-30,ZA,South Africa,-9.9725
2008-09-30,AT,Austria,-3.3415
2008-09-30,AU,Australia,-3.754
2008-09-30,BE,Belgium,-1.2029
2008-09-30,BG,Bulgaria,12.9103
2008-09-30,BR,Brazil,15.7664
2008-09-30,CA,Canada,-2.873
2008-09-30,CH,Switzerland,1.8101
2008-09-30,CL,Chile,0.125
2008-09-30,CN,China,0.1799
2008-09-30,CO,Colombia,7.8377
2008-09-30,CY,Cyprus,10.9857
2008-09-30,DE,Germany,-0.1463
2008-09-30,DK,Denmark,-9.1085
2008-09-30,EE,Estonia,-16.4789
2008-09-30,ES,Spain,-7.4481
2008-09-30,FI,Finland,-3.6058
2008-09-30,FR,France,-2.5792
2008-09-30,GB,United Kingdom,-11.4024
2008-09-30,GR,Greece,-3.0257
2008-09-30,HK,Hong Kong SAR,13.2007
2008-09-30,HR,Croatia,-6.0397
2008-09-30,HU,Hungary,-4.9094
2008-09-30,ID,Indonesia,-9.5674
2008-09-30,IE,Ireland,-11.73
2008-09-30,IL,Israel,3.1079
2008-09-30,IS,Iceland,-11.3662
2008-09-30,IT,Italy,-1.3048
2008-09-30,JP,Japan,-3.8583
2008-09-30,KR,Korea,-0.4666
2008-09-30,LT,Lithuania,-4.1887
2008-09-30,LU,Luxembourg,-2.6759
2008-09-30,LV,Latvia,-16.8813
2008-09-30,MA,Morocco,-2.1483
2008-09-30,MK,North Macedonia,14.6727
2008-09-30,MT,Malta,7.1047
2008-09-30,MX,Mexico,1.3182
2008-09-30,MY,Malaysia,-3.18
2008-09-30,NL,Netherlands,-0.7026
2008-09-30,NO,Norway,-6.5292
2008-09-30,NZ,New Zealand,-11.1718
2008-09-30,PE,Peru,30.8975
2008-09-30,PT,Portugal,-10.5447
2008-09-30,RS,Serbia,12.0123
2008-09-30,RU,Russia,10.4527
2008-09-30,SE,Sweden,-5.4363
2008-09-30,SG,Singapore,1.6042
2008-09-30,SI,Slovenia,1.5078
2008-09-30,SK,Slovakia,7.5687
2008-09-30,TH,Thailand,-6.5726
2008-09-30,US,United States,-19.3738
2008-09-30,XM,Euro area,-2.3898
2008-09-30,ZA,South Africa,-15.0462
2008-12-31,4T,Emerging market economies (aggregate),-0.4318
2008-12-31,5R,Advanced economies,-9.537
2008-12-31,AT,Austria,0.992
2008-12-31,AU,Australia,-7.3794
2008-12-31,BE,Belgium,-0.2664
2008-12-31,BG,Bulgaria,2.2641
2008-12-31,BR,Brazil,16.4668
2008-12-31,CA,Canada,-5.509
2008-12-31,CH,Switzerland,3.5481
2008-12-31,CL,Chile,1.7166
2008-12-31,CN,China,-0.77
2008-12-31,CO,Colombia,6.8754
2008-12-31,CY,Cyprus,5.9296
2008-12-31,DE,Germany,1.8336
2008-12-31,DK,Denmark,-13.4968
2008-12-31,EE,Estonia,-25.7719
2008-12-31,ES,Spain,-7.5009
2008-12-31,FI,Finland,-6.7785
2008-12-31,FR,France,-4.986
2008-12-31,GB,United Kingdom,-16.472
2008-12-31,GR,Greece,-2.2438
2008-12-31,HK,Hong Kong SAR,-6.7814
2008-12-31,HR,Croatia,-5.3833
2008-12-31,HU,Hungary,-5.7013
2008-12-31,ID,Indonesia,-8.9143
2008-12-31,IE,Ireland,-14.2475
2008-12-31,IL,Israel,5.8879
2008-12-31,IS,Iceland,-16.8988
2008-12-31,IT,Italy,-2.2075
2008-12-31,JP,Japan,-3.5228
2008-12-31,KR,Korea,-0.5343
2008-12-31,LT,Lithuania,-10.8346
2008-12-31,LU,Luxembourg,0.1341
2008-12-31,LV,Latvia,-26.6053
2008-12-31,MA,Morocco,-5.8906
2008-12-31,MK,North Macedonia,17.1348
2008-12-31,MT,Malta,4.0988
2008-12-31,MX,Mexico,1.8137
2008-12-31,MY,Malaysia,-3.2588
2008-12-31,NL,Netherlands,-2.8467
2008-12-31,NO,Norway,-10.1149
2008-12-31,NZ,New Zealand,-11.9004
2008-12-31,PE,Peru,20.3234
2008-12-31,PT,Portugal,-9.093
2008-12-31,RS,Serbia,16.1154
2008-12-31,RU,Russia,5.2187
2008-12-31,SE,Sweden,-5.9849
2008-12-31,SG,Singapore,-9.8742
2008-12-31,SI,Slovenia,-3.4066
2008-12-31,SK,Slovakia,-3.6489
2008-12-31,TH,Thailand,1.0249
2008-12-31,US,United States,-18.1151
2008-12-31,XM,Euro area,-2.6028
2008-12-31,XW,World,-5.8874
2008-12-31,ZA,South Africa,-14.3661
2009-03-31,4T,Emerging market economies (aggregate),-0.5709
2009-03-31,5R,Advanced economies,-9.482
2009-03-31,AT,Austria,3.3373
2009-03-31,AU,Australia,-6.8677
2009-03-31,BE,Belgium,-0.637
2009-03-31,BG,Bulgaria,-12.5422
2009-03-31,BR,Brazil,17.4829
2009-03-31,CA,Canada,-9.2545
2009-03-31,CH,Switzerland,4.1763
2009-03-31,CL,Chile,-2.8925
2009-03-31,CN,China,0.4391
2009-03-31,CO,Colombia,4.5591
2009-03-31,CY,Cyprus,-5.0178
2009-03-31,CZ,Czechia,0.6572
2009-03-31,DE,Germany,0.0881
2009-03-31,DK,Denmark,-17.0442
2009-03-31,EE,Estonia,-36.9223
2009-03-31,ES,Spain,-7.8472
2009-03-31,FI,Finland,-3.5177
2009-03-31,FR,France,-6.9539
2009-03-31,GB,United Kingdom,-17.8607
2009-03-31,GR,Greece,-4.7667
2009-03-31,HK,Hong Kong SAR,-15.0298
2009-03-31,HR,Croatia,-4.2881
2009-03-31,HU,Hungary,-3.7986
2009-03-31,ID,Indonesia,-6.2742
2009-03-31,IE,Ireland,-15.2948
2009-03-31,IL,Israel,6.8317
2009-03-31,IS,Iceland,-24.0715
2009-03-31,IT,Italy,-1.2278
2009-03-31,JP,Japan,-4.0507
2009-03-31,KR,Korea,-2.2661
2009-03-31,LT,Lithuania,-30.5914
2009-03-31,LU,Luxembourg,-0.3727
2009-03-31,LV,Latvia,-42.2919
2009-03-31,MA,Morocco,-1.1939
2009-03-31,MK,North Macedonia,12.8134
2009-03-31,MT,Malta,-6.4937
2009-03-31,MX,Mexico,1.6962
2009-03-31,MY,Malaysia,-3.0339
2009-03-31,NL,Netherlands,-3.5518
2009-03-31,NO,Norway,-7.4494
2009-03-31,NZ,New Zealand,-11.6247
2009-03-31,PE,Peru,21.7241
2009-03-31,PH,Philippines,-2.2477
2009-03-31,PT,Portugal,-3.2968
2009-03-31,RS,Serbia,17.3852
2009-03-31,RU,Russia,-2.757
2009-03-31,SE,Sweden,-2.0995
2009-03-31,SG,Singapore,-23.6296
2009-03-31,SI,Slovenia,-9.3415
2009-03-31,SK,Slovakia,-13.881
2009-03-31,TH,Thailand,9.9408
2009-03-31,US,United States,-15.9159
2009-03-31,XM,Euro area,-3.6805
2009-03-31,XW,World,-5.8951
2009-03-31,ZA,South Africa,-11.974
2009-06-30,4T,Emerging market economies (aggregate),-0.3169
2009-06-30,5R,Advanced economies,-7.5083
2009-06-30,AT,Austria,5.4966
2009-06-30,AU,Australia,-1.2062
2009-06-30,BE,Belgium,-0.9665
2009-06-30,BG,Bulgaria,-24.0781
2009-06-30,BR,Brazil,18.6854
2009-06-30,CA,Canada,-6.785
2009-06-30,CH,Switzerland,2.8842
2009-06-30,CL,Chile,-1.7073
2009-06-30,CN,China,1.0781
2009-06-30,CO,Colombia,5.543
2009-06-30,CY,Cyprus,-6.8503
2009-06-30,CZ,Czechia,-5.7675
2009-06-30,DE,Germany,-1.7278
2009-06-30,DK,Denmark,-15.8471
2009-06-30,EE,Estonia,-37.4405
2009-06-30,ES,Spain,-6.965
2009-06-30,FI,Finland,-1.4861
2009-06-30,FR,France,-7.8172
2009-06-30,GB,United Kingdom,-15.5408
2009-06-30,GR,Greece,-3.1195
2009-06-30,HK,Hong Kong SAR,-6.9732
2009-06-30,HR,Croatia,-7.3358
2009-06-30,HU,Hungary,-8.5171
2009-06-30,ID,Indonesia,-3.3746
2009-06-30,IE,Ireland,-16.2681
2009-06-30,IL,Israel,8.9876
2009-06-30,IS,Iceland,-20.0349
2009-06-30,IT,Italy,-1.7008
2009-06-30,JP,Japan,-4.0691
2009-06-30,KR,Korea,-3.2195
2009-06-30,LT,Lithuania,-34.4432
2009-06-30,LU,Luxembourg,-1.8366
2009-06-30,LV,Latvia,-44.8497
2009-06-30,MA,Morocco,0.6569
2009-06-30,MK,North Macedonia,7.7414
2009-06-30,MT,Malta,-4.2447
2009-06-30,MX,Mexico,0.3299
2009-06-30,MY,Malaysia,1.2099
2009-06-30,NL,Netherlands,-6.1623
2009-06-30,NO,Norway,-4.5422
2009-06-30,NZ,New Zealand,-4.8893
2009-06-30,PE,Peru,7.7996
2009-06-30,PH,Philippines,-4.7484
2009-06-30,PT,Portugal,-1.6108
2009-06-30,RS,Serbia,14.713
2009-06-30,RU,Russia,-10.6611
2009-06-30,SE,Sweden,0.2253
2009-06-30,SG,Singapore,-25.0317
2009-06-30,SI,Slovenia,-10.0516
2009-06-30,SK,Slovakia,-19.6445
2009-06-30,TH,Thailand,9.2851
2009-06-30,US,United States,-10.9429
2009-06-30,XM,Euro area,-4.612
2009-06-30,XW,World,-4.5764
2009-06-30,ZA,South Africa,-9.7871
2009-09-30,4T,Emerging market economies (aggregate),0.5312
2009-09-30,5R,Advanced economies,-4.0578
2009-09-30,AT,Austria,3.1415
2009-09-30,AU,Australia,5.5231
2009-09-30,BE,Belgium,0.7226
2009-09-30,BG,Bulgaria,-27.5238
2009-09-30,BR,Brazil,20.1593
2009-09-30,CA,Canada,-0.5757
2009-09-30,CH,Switzerland,2.1121
2009-09-30,CL,Chile,4.2865
2009-09-30,CN,China,2.4894
2009-09-30,CO,Colombia,6.4901
2009-09-30,CY,Cyprus,-5.5476
2009-09-30,CZ,Czechia,-6.7215
2009-09-30,DE,Germany,-0.669
2009-09-30,DK,Denmark,-12.8133
2009-09-30,EE,Estonia,-41.5677
2009-09-30,ES,Spain,-5.9354
2009-09-30,FI,Finland,2.3091
2009-09-30,FR,France,-6.3303
2009-09-30,GB,United Kingdom,-8.1575
2009-09-30,GR,Greece,-5.7561
2009-09-30,HK,Hong Kong SAR,4.127
2009-09-30,HR,Croatia,-9.1759
2009-09-30,HU,Hungary,-11.4615
2009-09-30,ID,Indonesia,-0.6482
2009-09-30,IE,Ireland,-16.1499
2009-09-30,IL,Israel,9.8727
2009-09-30,IS,Iceland,-20.1215
2009-09-30,IT,Italy,-1.25
2009-09-30,JP,Japan,-0.8051
2009-09-30,KR,Korea,-2.7814
2009-09-30,LT,Lithuania,-34.7956
2009-09-30,LU,Luxembourg,-2.3287
2009-09-30,LV,Latvia,-40.0476
2009-09-30,MA,Morocco,-0.4933
2009-09-30,MK,North Macedonia,3.8213
2009-09-30,MT,Malta,-7.0623
2009-09-30,MX,Mexico,-1.1009
2009-09-30,MY,Malaysia,4.3558
2009-09-30,NL,Netherlands,-6.9399
2009-09-30,NO,Norway,1.9891
2009-09-30,NZ,New Zealand,-0.6086
2009-09-30,PE,Peru,6.07
2009-09-30,PH,Philippines,-4.1524
2009-09-30,PT,Portugal,1.6873
2009-09-30,RS,Serbia,7.5833
2009-09-30,RU,Russia,-15.7354
2009-09-30,SE,Sweden,4.5812
2009-09-30,SG,Singapore,-10.6917
2009-09-30,SI,Slovenia,-12.3853
2009-09-30,SK,Slovakia,-11.1568
2009-09-30,TH,Thailand,5.4101
2009-09-30,US,United States,-6.0965
2009-09-30,XM,Euro area,-3.9194
2009-09-30,XW,World,-2.1562
2009-09-30,ZA,South Africa,-6.2392
2009-12-31,4T,Emerging market economies (aggregate),1.8331
2009-12-31,5R,Advanced economies,-1.7102
2009-12-31,AT,Austria,1.6315
2009-12-31,AU,Australia,11.9305
2009-12-31,BE,Belgium,-0.5523
2009-12-31,BG,Bulgaria,-25.7677
2009-12-31,BR,Brazil,20.879
2009-12-31,CA,Canada,4.6722
2009-12-31,CH,Switzerland,0.508
2009-12-31,CL,Chile,9.4105
2009-12-31,CN,China,3.8818
2009-12-31,CO,Colombia,6.7289
2009-12-31,CY,Cyprus,-2.7002
2009-12-31,CZ,Czechia,-7.202
2009-12-31,DE,Germany,-1.66
2009-12-31,DK,Denmark,-6.0999
2009-12-31,EE,Estonia,-32.2135
2009-12-31,ES,Spain,-4.5123
2009-12-31,FI,Finland,8.858
2009-12-31,FR,France,-3.576
2009-12-31,GB,United Kingdom,-0.4056
2009-12-31,GR,Greece,-5.8376
2009-12-31,HK,Hong Kong SAR,21.097
2009-12-31,HR,Croatia,-8.7826
2009-12-31,HU,Hungary,-12.4006
2009-12-31,ID,Indonesia,-0.2729
2009-12-31,IE,Ireland,-13.9942
2009-12-31,IL,Israel,14.1531
2009-12-31,IS,Iceland,-15.6095
2009-12-31,IT,Italy,-0.9093
2009-12-31,JP,Japan,-0.8619
2009-12-31,KR,Korea,-1.707
2009-12-31,LT,Lithuania,-32.0383
2009-12-31,LU,Luxembourg,-1.4786
2009-12-31,LV,Latvia,-28.5681
2009-12-31,MA,Morocco,1.168
2009-12-31,MK,North Macedonia,-6.1048
2009-12-31,MT,Malta,-7.3134
2009-12-31,MX,Mexico,-1.1025
2009-12-31,MY,Malaysia,5.2762
2009-12-31,NL,Netherlands,-5.6716
2009-12-31,NO,Norway,10.0633
2009-12-31,NZ,New Zealand,3.3676
2009-12-31,PE,Peru,6.642
2009-12-31,PH,Philippines,-5.9135
2009-12-31,PT,Portugal,3.0149
2009-12-31,RS,Serbia,4.3861
2009-12-31,RU,Russia,-14.264
2009-12-31,SE,Sweden,12.4275
2009-12-31,SG,Singapore,2.4814
2009-12-31,SI,Slovenia,-9.1432
2009-12-31,SK,Slovakia,-11.5856
2009-12-31,TH,Thailand,0.6033
2009-12-31,US,United States,-3.4487
2009-12-31,XM,Euro area,-3.245
2009-12-31,XW,World,-0.2176
2009-12-31,ZA,South Africa,-4.4386
2010-03-31,4T,Emerging market economies (aggregate),4.2793
2010-03-31,5R,Advanced economies,-0.1366
2010-03-31,AT,Austria,4.1792
2010-03-31,AU,Australia,14.7527
2010-03-31,BE,Belgium,-0.1593
2010-03-31,BG,Bulgaria,-18.7673
2010-03-31,BR,Brazil,20.3143
2010-03-31,CA,Canada,10.5436
2010-03-31,CH,Switzerland,0.9072
2010-03-31,CL,Chile,9.5759
2010-03-31,CN,China,6.7782
2010-03-31,CO,Colombia,5.6014
2010-03-31,CY,Cyprus,-1.827
2010-03-31,CZ,Czechia,-5.3274
2010-03-31,DE,Germany,-2.4676
2010-03-31,DK,Denmark,0.2021
2010-03-31,EE,Estonia,-5.7256
2010-03-31,ES,Spain,-4.0286
2010-03-31,FI,Finland,7.4553
2010-03-31,FR,France,-0.0711
2010-03-31,GB,United Kingdom,4.2206
2010-03-31,GR,Greece,-4.6619
2010-03-31,HK,Hong Kong SAR,27.6248
2010-03-31,HR,Croatia,-9.515
2010-03-31,HU,Hungary,-10.4229
2010-03-31,ID,Indonesia,-1.0717
2010-03-31,IE,Ireland,-12.8685
2010-03-31,IL,Israel,16.4243
2010-03-31,IN,India,8.2404
2010-03-31,IS,Iceland,-11.1019
2010-03-31,IT,Italy,-3.3485
2010-03-31,JP,Japan,1.2317
2010-03-31,KR,Korea,-0.2996
2010-03-31,LT,Lithuania,-15.3127
2010-03-31,LU,Luxembourg,3.91
2010-03-31,LV,Latvia,-17.6294
2010-03-31,MA,Morocco,-0.6924
2010-03-31,MK,North Macedonia,1.2221
2010-03-31,MT,Malta,-1.0145
2010-03-31,MX,Mexico,-2.4198
2010-03-31,MY,Malaysia,3.7837
2010-03-31,NL,Netherlands,-4.9439
2010-03-31,NO,Norway,7.5265
2010-03-31,NZ,New Zealand,4.071
2010-03-31,PE,Peru,20.0185
2010-03-31,PH,Philippines,-5.486
2010-03-31,PT,Portugal,1.6719
2010-03-31,RO,Romania,-10.8735
2010-03-31,RS,Serbia,2.7903
2010-03-31,RU,Russia,-4.7919
2010-03-31,SE,Sweden,9.4718
2010-03-31,SG,Singapore,23.9553
2010-03-31,SI,Slovenia,-2.9751
2010-03-31,SK,Slovakia,-5.868
2010-03-31,TH,Thailand,-1.0335
2010-03-31,US,United States,-2.3586
2010-03-31,XM,Euro area,-2.6574
2010-03-31,XW,World,1.74
2010-03-31,ZA,South Africa,-1.9061
2010-06-30,4T,Emerging market economies (aggregate),5.5228
2010-06-30,5R,Advanced economies,0.9324
2010-06-30,AT,Austria,3.4723
2010-06-30,AU,Australia,12.2076
2010-06-30,BE,Belgium,0.3794
2010-06-30,BG,Bulgaria,-11.3666
2010-06-30,BR,Brazil,19.6624
2010-06-30,CA,Canada,10.1977
2010-06-30,CH,Switzerland,2.4366
2010-06-30,CL,Chile,10.3702
2010-06-30,CN,China,7.6983
2010-06-30,CO,Colombia,4.6753
2010-06-30,CY,Cyprus,-2.4442
2010-06-30,CZ,Czechia,-2.5761
2010-06-30,DE,Germany,-0.42
2010-06-30,DK,Denmark,0.9667
2010-06-30,EE,Estonia,-0.5599
2010-06-30,ES,Spain,-2.5079
2010-06-30,FI,Finland,5.8739
2010-06-30,FR,France,3.0075
2010-06-30,GB,United Kingdom,4.6243
2010-06-30,GR,Greece,-9.3613
2010-06-30,HK,Hong Kong SAR,21.7685
2010-06-30,HR,Croatia,-7.3147
2010-06-30,HU,Hungary,-7.4175
2010-06-30,ID,Indonesia,-1.4261
2010-06-30,IE,Ireland,-11.4931
2010-06-30,IL,Israel,16.1153
2010-06-30,IN,India,7.9579
2010-06-30,IS,Iceland,-8.2699
2010-06-30,IT,Italy,-2.3981
2010-06-30,JP,Japan,2.8367
2010-06-30,KR,Korea,0.5073
2010-06-30,LT,Lithuania,-9.4508
2010-06-30,LU,Luxembourg,1.6192
2010-06-30,LV,Latvia,-9.5907
2010-06-30,MA,Morocco,-1.294
2010-06-30,MK,North Macedonia,-0.6337
2010-06-30,MT,Malta,0.2317
2010-06-30,MX,Mexico,-1.8617
2010-06-30,MY,Malaysia,4.7578
2010-06-30,NL,Netherlands,-2.3265
2010-06-30,NO,Norway,6.3993
2010-06-30,NZ,New Zealand,1.477
2010-06-30,PE,Peru,24.7742
2010-06-30,PH,Philippines,-4.5647
2010-06-30,PT,Portugal,0.4204
2010-06-30,RO,Romania,-7.931
2010-06-30,RS,Serbia,3.7926
2010-06-30,RU,Russia,1.5239
2010-06-30,SE,Sweden,7.3945
2010-06-30,SG,Singapore,34.0944
2010-06-30,SI,Slovenia,-1.0289
2010-06-30,SK,Slovakia,-2.4819
2010-06-30,TH,Thailand,-0.4801
2010-06-30,US,United States,-1.4594
2010-06-30,XM,Euro area,-0.9729
2010-06-30,XW,World,2.9019
2010-06-30,ZA,South Africa,0.482
2010-09-30,4T,Emerging market economies (aggregate),5.2614
2010-09-30,5R,Advanced economies,-0.1935
2010-09-30,AT,Austria,4.4288
2010-09-30,AU,Australia,6.5652
2010-09-30,BE,Belgium,-0.1785
2010-09-30,BG,Bulgaria,-9.0285
2010-09-30,BR,Brazil,19.316
2010-09-30,CA,Canada,4.8994
2010-09-30,CH,Switzerland,4.7599
2010-09-30,CL,Chile,5.3017
2010-09-30,CN,China,5.2652
2010-09-30,CO,Colombia,3.9812
2010-09-30,CY,Cyprus,-4.026
2010-09-30,CZ,Czechia,-2.7149
2010-09-30,DE,Germany,0.5525
2010-09-30,DK,Denmark,0.8431
2010-09-30,EE,Estonia,11.3325
2010-09-30,ES,Spain,-3.5919
2010-09-30,FI,Finland,5.3303
2010-09-30,FR,France,4.2439
2010-09-30,GB,United Kingdom,2.5155
2010-09-30,GR,Greece,-10.1625
2010-09-30,HK,Hong Kong SAR,19.3192
2010-09-30,HR,Croatia,-6.7812
2010-09-30,HU,Hungary,-4.9874
2010-09-30,ID,Indonesia,-3.0498
2010-09-30,IE,Ireland,-11.7075
2010-09-30,IL,Israel,14.2995
2010-09-30,IN,India,11.1341
2010-09-30,IS,Iceland,-5.1481
2010-09-30,IT,Italy,-1.983
2010-09-30,JP,Japan,2.2833
2010-09-30,KR,Korea,-0.6557
2010-09-30,LT,Lithuania,-6.8935
2010-09-30,LU,Luxembourg,3.9554
2010-09-30,LV,Latvia,-7.6237
2010-09-30,MA,Morocco,-0.1774
2010-09-30,MK,North Macedonia,-0.9015
2010-09-30,MT,Malta,1.7719
2010-09-30,MX,Mexico,-0.5948
2010-09-30,MY,Malaysia,4.7076
2010-09-30,NL,Netherlands,-1.9396
2010-09-30,NO,Norway,4.7247
2010-09-30,NZ,New Zealand,-1.1715
2010-09-30,PE,Peru,16.8339
2010-09-30,PH,Philippines,-1.8881
2010-09-30,PT,Portugal,-1.3512
2010-09-30,RO,Romania,-14.295
2010-09-30,RS,Serbia,5.2898
2010-09-30,RU,Russia,4.3801
2010-09-30,SE,Sweden,5.9068
2010-09-30,SG,Singapore,18.8519
2010-09-30,SI,Slovenia,-0.6859
2010-09-30,SK,Slovakia,-7.3908
2010-09-30,TH,Thailand,0.4874
2010-09-30,US,United States,-3.2705
2010-09-30,XM,Euro area,-0.4391
2010-09-30,XW,World,2.148
2010-09-30,ZA,South Africa,1.1208
2010-12-31,4T,Emerging market economies (aggregate),3.5817
2010-12-31,5R,Advanced economies,-1.3425
2010-12-31,AT,Austria,5.1518
2010-12-31,AU,Australia,1.7182
2010-12-31,BE,Belgium,0.2077
2010-12-31,BG,Bulgaria,-8.9117
2010-12-31,BR,Brazil,16.8762
2010-12-31,CA,Canada,1.0631
2010-12-31,CH,Switzerland,6.03
2010-12-31,CL,Chile,0.8615
2010-12-31,CN,China,2.7193
2010-12-31,CO,Colombia,6.2052
2010-12-31,CY,Cyprus,-5.51
2010-12-31,CZ,Czechia,-1.9992
2010-12-31,DE,Germany,0.2447
2010-12-31,DK,Denmark,-0.0105
2010-12-31,EE,Estonia,7.2059
2010-12-31,ES,Spain,-3.8626
2010-12-31,FI,Finland,1.6524
2010-12-31,FR,France,5.0422
2010-12-31,GB,United Kingdom,-1.7653
2010-12-31,GR,Greece,-11.485
2010-12-31,HK,Hong Kong SAR,18.8783
2010-12-31,HR,Croatia,-5.4154
2010-12-31,HU,Hungary,-4.5789
2010-12-31,ID,Indonesia,-3.2141
2010-12-31,IE,Ireland,-14.2176
2010-12-31,IL,Israel,11.6734
2010-12-31,IN,India,6.6565
2010-12-31,IS,Iceland,-4.055
2010-12-31,IT,Italy,-1.4021
2010-12-31,JP,Japan,2.2826
2010-12-31,KR,Korea,-1.5225
2010-12-31,LT,Lithuania,-1.6518
2010-12-31,LU,Luxembourg,2.8101
2010-12-31,LV,Latvia,-4.1236
2010-12-31,MA,Morocco,-2.6863
2010-12-31,MK,North Macedonia,4.6716
2010-12-31,MT,Malta,-2.982
2010-12-31,MX,Mexico,0.1509
2010-12-31,MY,Malaysia,5.7564
2010-12-31,NL,Netherlands,-2.5578
2010-12-31,NO,Norway,4.1322
2010-12-31,NZ,New Zealand,-5.4192
2010-12-31,PE,Peru,17.5034
2010-12-31,PH,Philippines,-0.406
2010-12-31,PT,Portugal,-3.1698
2010-12-31,RO,Romania,-18.6022
2010-12-31,RS,Serbia,2.0569
2010-12-31,RU,Russia,4.9118
2010-12-31,SE,Sweden,4.0103
2010-12-31,SG,Singapore,13.076
2010-12-31,SI,Slovenia,-1.795
2010-12-31,SK,Slovakia,-2.5121
2010-12-31,TH,Thailand,-1.1516
2010-12-31,US,United States,-4.7414
2010-12-31,XM,Euro area,-0.5132
2010-12-31,XW,World,0.7813
2010-12-31,ZA,South Africa,0.9747
2011-03-31,4T,Emerging market economies (aggregate),0.0239
2011-03-31,5R,Advanced economies,-2.4291
2011-03-31,AT,Austria,1.6484
2011-03-31,AU,Australia,-2.8132
2011-03-31,BE,Belgium,0.3838
2011-03-31,BG,Bulgaria,-9.3623
2011-03-31,BR,Brazil,14.8034
2011-03-31,CA,Canada,0.3522
2011-03-31,CH,Switzerland,6.56
2011-03-31,CL,Chile,6.6047
2011-03-31,CN,China,0.6682
2011-03-31,CO,Colombia,3.0764
2011-03-31,CY,Cyprus,-4.5661
2011-03-31,CZ,Czechia,-1.5277
2011-03-31,DE,Germany,1.0594
2011-03-31,DK,Denmark,-1.7684
2011-03-31,EE,Estonia,1.1585
2011-03-31,ES,Spain,-6.8041
2011-03-31,FI,Finland,0.1045
2011-03-31,FR,France,4.738
2011-03-31,GB,United Kingdom,-4.5693
2011-03-31,GR,Greece,-9.6532
2011-03-31,HK,Hong Kong SAR,19.7896
2011-03-31,HR,Croatia,-5.0268
2011-03-31,HU,Hungary,-7.0611
2011-03-31,ID,Indonesia,-2.1948
2011-03-31,IE,Ireland,-16.2908
2011-03-31,IL,Israel,9.8077
2011-03-31,IN,India,8.9505
2011-03-31,IS,Iceland,1.3948
2011-03-31,IT,Italy,-1.0255
2011-03-31,JP,Japan,1.3944
2011-03-31,KR,Korea,-0.9719
2011-03-31,LT,Lithuania,4.393
2011-03-31,LU,Luxembourg,-2.3579
2011-03-31,LV,Latvia,6.6318
2011-03-31,MA,Morocco,-1.1787
2011-03-31,MK,North Macedonia,-7.1595
2011-03-31,MT,Malta,-5.4554
2011-03-31,MX,Mexico,2.0722
2011-03-31,MY,Malaysia,6.5007
2011-03-31,NL,Netherlands,-2.3125
2011-03-31,NO,Norway,6.947
2011-03-31,NZ,New Zealand,-5.6664
2011-03-31,PE,Peru,15.7832
2011-03-31,PH,Philippines,-0.3848
2011-03-31,PL,Poland,-2.6873
2011-03-31,PT,Portugal,-5.6502
2011-03-31,RO,Romania,-17.5184
2011-03-31,RS,Serbia,-4.6021
2011-03-31,RU,Russia,-28.5699
2011-03-31,SE,Sweden,2.68
2011-03-31,SG,Singapore,8.1444
2011-03-31,SI,Slovenia,2.3403
2011-03-31,SK,Slovakia,-4.2504
2011-03-31,TH,Thailand,1.6238
2011-03-31,TR,Türkiye,3.7298
2011-03-31,US,United States,-6.323
2011-03-31,XM,Euro area,-0.871
2011-03-31,XW,World,-1.3704
2011-03-31,ZA,South Africa,-0.4698
2011-06-30,4T,Emerging market economies (aggregate),-0.3617
2011-06-30,5R,Advanced economies,-3.1909
2011-06-30,AT,Austria,-1.8664
2011-06-30,AU,Australia,-5.6245
2011-06-30,BE,Belgium,0.1806
2011-06-30,BG,Bulgaria,-10.0915
2011-06-30,BR,Brazil,12.7183
2011-06-30,CA,Canada,1.2152
2011-06-30,CH,Switzerland,7.4978
2011-06-30,CL,Chile,7.6688
2011-06-30,CN,China,-1.5476
2011-06-30,CO,Colombia,5.2821
2011-06-30,CY,Cyprus,-6.1987
2011-06-30,CZ,Czechia,-1.2083
2011-06-30,DE,Germany,0.1833
2011-06-30,DK,Denmark,-1.9457
2011-06-30,EE,Estonia,3.3808
2011-06-30,ES,Spain,-9.4071
2011-06-30,FI,Finland,0.8873
2011-06-30,FR,France,4.4399
2011-06-30,GB,United Kingdom,-5.9631
2011-06-30,GR,Greece,-8.3416
2011-06-30,HK,Hong Kong SAR,20.6263
2011-06-30,HR,Croatia,-2.3656
2011-06-30,HU,Hungary,-7.1317
2011-06-30,ID,Indonesia,-1.2755
2011-06-30,IE,Ireland,-18.3058
2011-06-30,IL,Israel,8.6003
2011-06-30,IN,India,12.0833
2011-06-30,IS,Iceland,0.3006
2011-06-30,IT,Italy,-0.2992
2011-06-30,JP,Japan,0.6349
2011-06-30,KR,Korea,0.7551
2011-06-30,LT,Lithuania,1.427
2011-06-30,LU,Luxembourg,1.2518
2011-06-30,LV,Latvia,7.1597
2011-06-30,MA,Morocco,0.7339
2011-06-30,MK,North Macedonia,-5.9291
2011-06-30,MT,Malta,-3.2268
2011-06-30,MX,Mexico,2.7439
2011-06-30,MY,Malaysia,5.2416
2011-06-30,NL,Netherlands,-3.7673
2011-06-30,NO,Norway,5.8381
2011-06-30,NZ,New Zealand,-4.8945
2011-06-30,PE,Peru,15.9224
2011-06-30,PH,Philippines,0.9716
2011-06-30,PL,Poland,-3.6275
2011-06-30,PT,Portugal,-8.0455
2011-06-30,RO,Romania,-18.2351
2011-06-30,RS,Serbia,-11.0874
2011-06-30,RU,Russia,-28.0449
2011-06-30,SE,Sweden,0.827
2011-06-30,SG,Singapore,5.2008
2011-06-30,SI,Slovenia,1.4594
2011-06-30,SK,Slovakia,-5.6326
2011-06-30,TH,Thailand,1.998
2011-06-30,TR,Türkiye,3.0797
2011-06-30,US,United States,-7.2764
2011-06-30,XM,Euro area,-1.6623
2011-06-30,XW,World,-1.9455
2011-06-30,ZA,South Africa,-1.5478
2011-09-30,4T,Emerging market economies (aggregate),-1.1075
2011-09-30,5R,Advanced economies,-2.5675
2011-09-30,AT,Austria,2.4235
2011-09-30,AU,Australia,-6.0014
2011-09-30,BE,Belgium,-0.1298
2011-09-30,BG,Bulgaria,-9.1337
2011-09-30,BR,Brazil,10.441
2011-09-30,CA,Canada,4.0555
2011-09-30,CH,Switzerland,7.8592
2011-09-30,CL,Chile,9.4648
2011-09-30,CN,China,-2.2226
2011-09-30,CO,Colombia,6.5526
2011-09-30,CY,Cyprus,-6.58
2011-09-30,CZ,Czechia,-1.5583
2011-09-30,DE,Germany,0.2564
2011-09-30,DK,Denmark,-5.7001
2011-09-30,EE,Estonia,1.4665
2011-09-30,ES,Spain,-10.8062
2011-09-30,FI,Finland,-0.9578
2011-09-30,FR,France,3.7081
2011-09-30,GB,United Kingdom,-6.349
2011-09-30,GR,Greece,-6.956
2011-09-30,HK,Hong Kong SAR,12.8257
2011-09-30,HR,Croatia,-0.5562
2011-09-30,HU,Hungary,-7.4187
2011-09-30,ID,Indonesia,-0.1068
2011-09-30,IE,Ireland,-20.5191
2011-09-30,IL,Israel,6.4861
2011-09-30,IN,India,8.6342
2011-09-30,IS,Iceland,1.3361
2011-09-30,IT,Italy,-1.5826
2011-09-30,JP,Japan,0.0744
2011-09-30,KR,Korea,1.9982
2011-09-30,LT,Lithuania,2.215
2011-09-30,LU,Luxembourg,0.1637
2011-09-30,LV,Latvia,8.118
2011-09-30,MA,Morocco,-0.9216
2011-09-30,MK,North Macedonia,-2.7844
2011-09-30,MT,Malta,-5.8854
2011-09-30,MX,Mexico,2.4926
2011-09-30,MY,Malaysia,6.2356
2011-09-30,NL,Netherlands,-5.0114
2011-09-30,NO,Norway,6.7079
2011-09-30,NZ,New Zealand,-2.3895
2011-09-30,PE,Peru,18.9329
2011-09-30,PH,Philippines,0.71
2011-09-30,PL,Poland,-4.4175
2011-09-30,PT,Portugal,-8.3701
2011-09-30,RO,Romania,-16.3124
2011-09-30,RS,Serbia,-16.2339
2011-09-30,RU,Russia,-26.6529
2011-09-30,SE,Sweden,-0.9695
2011-09-30,SG,Singapore,2.7893
2011-09-30,SI,Slovenia,0.8119
2011-09-30,SK,Slovakia,-4.5966
2011-09-30,TH,Thailand,-1.6685
2011-09-30,TR,Türkiye,2.1584
2011-09-30,US,United States,-5.2072
2011-09-30,XM,Euro area,-1.9287
2011-09-30,XW,World,-1.9144
2011-09-30,ZA,South Africa,-1.2275
2011-12-31,4T,Emerging market economies (aggregate),-0.16
2011-12-31,5R,Advanced economies,-2.7515
2011-12-31,AT,Austria,1.4631
2011-12-31,AU,Australia,-6.9321
2011-12-31,BE,Belgium,-0.2355
2011-12-31,BG,Bulgaria,-8.6881
2011-12-31,BR,Brazil,8.9718
2011-12-31,CA,Canada,4.9517
2011-12-31,CH,Switzerland,7.1536
2011-12-31,CL,Chile,10.4966
2011-12-31,CN,China,-2.2669
2011-12-31,CO,Colombia,3.4216
2011-12-31,CY,Cyprus,-8.235
2011-12-31,CZ,Czechia,-3.132
2011-12-31,DE,Germany,-0.0909
2011-12-31,DK,Denmark,-7.9758
2011-12-31,EE,Estonia,7.374
2011-12-31,ES,Spain,-15.0873
2011-12-31,FI,Finland,-0.9527
2011-12-31,FR,France,1.2401
2011-12-31,GB,United Kingdom,-5.7446
2011-12-31,GR,Greece,-9.15
2011-12-31,HK,Hong Kong SAR,6.1386
2011-12-31,HR,Croatia,-0.4766
2011-12-31,HU,Hungary,-6.726
2011-12-31,ID,Indonesia,0.9069
2011-12-31,IE,Ireland,-21.731
2011-12-31,IL,Israel,2.8106
2011-12-31,IN,India,15.4969
2011-12-31,IS,Iceland,2.6976
2011-12-31,IT,Italy,-2.7216
2011-12-31,JP,Japan,-0.6847
2011-12-31,KR,Korea,2.9522
2011-12-31,LT,Lithuania,1.5086
2011-12-31,LU,Luxembourg,1.942
2011-12-31,LV,Latvia,1.5119
2011-12-31,MA,Morocco,0.141
2011-12-31,MK,North Macedonia,-5.0679
2011-12-31,MT,Malta,-1.0549
2011-12-31,MX,Mexico,1.9277
2011-12-31,MY,Malaysia,7.7632
2011-12-31,NL,Netherlands,-5.8025
2011-12-31,NO,Norway,6.9772
2011-12-31,NZ,New Zealand,0.4247
2011-12-31,PE,Peru,15.2526
2011-12-31,PH,Philippines,2.0436
2011-12-31,PL,Poland,-5.1493
2011-12-31,PT,Portugal,-10.9634
2011-12-31,RO,Romania,-16.7233
2011-12-31,RS,Serbia,-16.3521
2011-12-31,RU,Russia,-24.6231
2011-12-31,SE,Sweden,-3.8512
2011-12-31,SG,Singapore,0.3317
2011-12-31,SI,Slovenia,-1.0606
2011-12-31,SK,Slovakia,-6.5162
2011-12-31,TH,Thailand,-0.1357
2011-12-31,TR,Türkiye,-0.055
2011-12-31,US,United States,-4.0505
2011-12-31,XM,Euro area,-3.4578
2011-12-31,XW,World,-1.5936
2011-12-31,ZA,South Africa,-2.0198
2012-03-31,4T,Emerging market economies (aggregate),2.6364
2012-03-31,5R,Advanced economies,-1.6519
2012-03-31,AT,Austria,7.924
2012-03-31,AU,Australia,-4.1448
2012-03-31,BE,Belgium,-0.3371
2012-03-31,BG,Bulgaria,-5.6575
2012-03-31,BR,Brazil,7.9434
2012-03-31,CA,Canada,4.8439
2012-03-31,CH,Switzerland,7.2232
2012-03-31,CL,Chile,8.1908
2012-03-31,CN,China,-3.5432
2012-03-31,CO,Colombia,7.2454
2012-03-31,CY,Cyprus,-7.9541
2012-03-31,CZ,Czechia,-5.033
2012-03-31,DE,Germany,0.5063
2012-03-31,DK,Denmark,-7.1437
2012-03-31,EE,Estonia,2.7552
2012-03-31,ES,Spain,-15.8229
2012-03-31,FI,Finland,-0.409
2012-03-31,FR,France,-0.5482
2012-03-31,GB,United Kingdom,-3.8603
2012-03-31,GR,Greece,-12.3257
2012-03-31,HK,Hong Kong SAR,0.5426
2012-03-31,HR,Croatia,0.6695
2012-03-31,HU,Hungary,-6.8697
2012-03-31,ID,Indonesia,-0.0706
2012-03-31,IE,Ireland,-21.3233
2012-03-31,IL,Israel,0.3893
2012-03-31,IN,India,17.0246
2012-03-31,IS,Iceland,0.8582
2012-03-31,IT,Italy,-2.5771
2012-03-31,JP,Japan,-0.8504
2012-03-31,KR,Korea,2.7004
2012-03-31,LT,Lithuania,-2.5726
2012-03-31,LU,Luxembourg,1.6092
2012-03-31,LV,Latvia,-0.8608
2012-03-31,MA,Morocco,0.2411
2012-03-31,MK,North Macedonia,0.0758
2012-03-31,MT,Malta,0.0143
2012-03-31,MX,Mexico,0.1757
2012-03-31,MY,Malaysia,10.1718
2012-03-31,NL,Netherlands,-7.6858
2012-03-31,NO,Norway,5.4199
2012-03-31,NZ,New Zealand,1.514
2012-03-31,PE,Peru,14.6154
2012-03-31,PH,Philippines,6.9321
2012-03-31,PL,Poland,-6.147
2012-03-31,PT,Portugal,-11.2163
2012-03-31,RO,Romania,-9.6118
2012-03-31,RS,Serbia,-10.7835
2012-03-31,RU,Russia,8.273
2012-03-31,SE,Sweden,-2.7308
2012-03-31,SG,Singapore,-1.379
2012-03-31,SI,Slovenia,-9.3406
2012-03-31,SK,Slovakia,-6.6903
2012-03-31,TH,Thailand,0.5459
2012-03-31,TR,Türkiye,-0.4749
2012-03-31,US,United States,-1.0842
2012-03-31,XM,Euro area,-3.5937
2012-03-31,XW,World,0.2607
2012-03-31,ZA,South Africa,-1.3415
2012-06-30,4T,Emerging market economies (aggregate),2.121
2012-06-30,5R,Advanced economies,-0.6636
2012-06-30,AT,Austria,13.0377
2012-06-30,AU,Australia,-2.7119
2012-06-30,BE,Belgium,-0.0286
2012-06-30,BG,Bulgaria,-3.1726
2012-06-30,BR,Brazil,6.9327
2012-06-30,CA,Canada,4.2526
2012-06-30,CH,Switzerland,7.045
2012-06-30,CL,Chile,6.3141
2012-06-30,CN,China,-3.8463
2012-06-30,CO,Colombia,6.2476
2012-06-30,CY,Cyprus,-8.2179
2012-06-30,CZ,Czechia,-5.1819
2012-06-30,DE,Germany,1.6294
2012-06-30,DK,Denmark,-7.3803
2012-06-30,EE,Estonia,3.5346
2012-06-30,ES,Spain,-17.5802
2012-06-30,FI,Finland,-1.0282
2012-06-30,FR,France,-2.1498
2012-06-30,GB,United Kingdom,-1.9516
2012-06-30,GR,Greece,-12.1749
2012-06-30,HK,Hong Kong SAR,4.4625
2012-06-30,HR,Croatia,-3.958
2012-06-30,HU,Hungary,-9.2882
2012-06-30,ID,Indonesia,-0.6545
2012-06-30,IE,Ireland,-18.5968
2012-06-30,IL,Israel,-0.4503
2012-06-30,IN,India,14.3117
2012-06-30,IS,Iceland,1.8065
2012-06-30,IT,Italy,-5.3188
2012-06-30,JP,Japan,-1.2561
2012-06-30,KR,Korea,1.1673
2012-06-30,LT,Lithuania,-3.5569
2012-06-30,LU,Luxembourg,1.4837
2012-06-30,LV,Latvia,-0.2078
2012-06-30,MA,Morocco,-0.2453
2012-06-30,MK,North Macedonia,-3.6449
2012-06-30,MT,Malta,-3.4342
2012-06-30,MX,Mexico,-0.7709
2012-06-30,MY,Malaysia,11.5464
2012-06-30,NL,Netherlands,-7.7082
2012-06-30,NO,Norway,6.4418
2012-06-30,NZ,New Zealand,2.8422
2012-06-30,PE,Peru,15.3495
2012-06-30,PH,Philippines,5.7098
2012-06-30,PL,Poland,-7.2062
2012-06-30,PT,Portugal,-10.7865
2012-06-30,RO,Romania,-8.1934
2012-06-30,RS,Serbia,-6.8441
2012-06-30,RU,Russia,10.1142
2012-06-30,SE,Sweden,-0.6935
2012-06-30,SG,Singapore,-3.1671
2012-06-30,SI,Slovenia,-7.9824
2012-06-30,SK,Slovakia,-5.8429
2012-06-30,TH,Thailand,-1.2993
2012-06-30,TR,Türkiye,0.849
2012-06-30,US,United States,1.8433
2012-06-30,XM,Euro area,-4.0392
2012-06-30,XW,World,0.5916
2012-06-30,ZA,South Africa,-0.9137
2012-09-30,4T,Emerging market economies (aggregate),2.3574
2012-09-30,5R,Advanced economies,-0.2965
2012-09-30,AT,Austria,9.2951
2012-09-30,AU,Australia,-1.9098
2012-09-30,BE,Belgium,-0.8295
2012-09-30,BG,Bulgaria,-4.7545
2012-09-30,BR,Brazil,5.3675
2012-09-30,CA,Canada,2.3003
2012-09-30,CH,Switzerland,5.9236
2012-09-30,CL,Chile,6.6637
2012-09-30,CN,China,-2.955
2012-09-30,CO,Colombia,5.658
2012-09-30,CY,Cyprus,-7.9345
2012-09-30,CZ,Czechia,-4.6843
2012-09-30,DE,Germany,0.4265
2012-09-30,DK,Denmark,-4.1131
2012-09-30,EE,Estonia,4.4659
2012-09-30,ES,Spain,-18.3501
2012-09-30,FI,Finland,-0.6475
2012-09-30,FR,France,-3.4938
2012-09-30,GB,United Kingdom,-1.9992
2012-09-30,GR,Greece,-13.7322
2012-09-30,HK,Hong Kong SAR,10.8447
2012-09-30,HR,Croatia,-5.9158
2012-09-30,HU,Hungary,-9.3533
2012-09-30,ID,Indonesia,0.1978
2012-09-30,IE,Ireland,-12.4275
2012-09-30,IL,Israel,0.7857
2012-09-30,IN,India,14.2156
2012-09-30,IS,Iceland,2.1765
2012-09-30,IT,Italy,-6.5426
2012-09-30,JP,Japan,-1.0288
2012-09-30,KR,Korea,0.2507
2012-09-30,LT,Lithuania,-2.797
2012-09-30,LU,Luxembourg,1.647
2012-09-30,LV,Latvia,-0.4467
2012-09-30,MA,Morocco,-0.8846
2012-09-30,MK,North Macedonia,-6.5204
2012-09-30,MT,Malta,2.8494
2012-09-30,MX,Mexico,-1.6418
2012-09-30,MY,Malaysia,11.7048
2012-09-30,NL,Netherlands,-10.9523
2012-09-30,NO,Norway,6.6532
2012-09-30,NZ,New Zealand,3.6628
2012-09-30,PE,Peru,12.468
2012-09-30,PH,Philippines,4.6717
2012-09-30,PL,Poland,-7.3741
2012-09-30,PT,Portugal,-10.2804
2012-09-30,RO,Romania,-8.6233
2012-09-30,RS,Serbia,-6.2081
2012-09-30,RU,Russia,9.7406
2012-09-30,SE,Sweden,1.2021
2012-09-30,SG,Singapore,-2.8563
2012-09-30,SI,Slovenia,-8.5848
2012-09-30,SK,Slovakia,-5.8787
2012-09-30,TH,Thailand,-0.1242
2012-09-30,TR,Türkiye,2.8861
2012-09-30,US,United States,3.6701
2012-09-30,XM,Euro area,-5.027
2012-09-30,XW,World,0.8983
2012-09-30,ZA,South Africa,-0.674
2012-12-31,4T,Emerging market economies (aggregate),3.1457
2012-12-31,5R,Advanced economies,0.9597
2012-12-31,AT,Austria,8.4289
2012-12-31,AU,Australia,0.7941
2012-12-31,BE,Belgium,-0.6953
2012-12-31,BG,Bulgaria,-5.2635
2012-12-31,BR,Brazil,4.232
2012-12-31,CA,Canada,1.1222
2012-12-31,CH,Switzerland,5.8895
2012-12-31,CL,Chile,8.0977
2012-12-31,CN,China,-2.4418
2012-12-31,CO,Colombia,7.0049
2012-12-31,CY,Cyprus,-5.9753
2012-12-31,CZ,Czechia,-3.5106
2012-12-31,DE,Germany,1.3214
2012-12-31,DK,Denmark,-0.9341
2012-12-31,EE,Estonia,2.0435
2012-12-31,ES,Spain,-15.3572
2012-12-31,FI,Finland,0.5713
2012-12-31,FR,France,-3.554
2012-12-31,GB,United Kingdom,-1.6157
2012-12-31,GR,Greece,-13.7525
2012-12-31,HK,Hong Kong SAR,19.5072
2012-12-31,HR,Croatia,-10.0091
2012-12-31,HU,Hungary,-10.0146
2012-12-31,ID,Indonesia,2.805
2012-12-31,IE,Ireland,-5.81
2012-12-31,IL,Israel,5.2957
2012-12-31,IN,India,16.5963
2012-12-31,IS,Iceland,0.2379
2012-12-31,IT,Italy,-7.2518
2012-12-31,JP,Japan,-0.1606
2012-12-31,KR,Korea,-1.4056
2012-12-31,LT,Lithuania,-3.958
2012-12-31,LU,Luxembourg,1.2398
2012-12-31,LV,Latvia,4.3752
2012-12-31,MA,Morocco,-1.0333
2012-12-31,MK,North Macedonia,-9.0305
2012-12-31,MT,Malta,3.0423
2012-12-31,MX,Mexico,-1.2798
2012-12-31,MY,Malaysia,12.8291
2012-12-31,NL,Netherlands,-9.4671
2012-12-31,NO,Norway,5.6725
2012-12-31,NZ,New Zealand,5.4393
2012-12-31,PE,Peru,16.2918
2012-12-31,PH,Philippines,4.8609
2012-12-31,PL,Poland,-7.1983
2012-12-31,PT,Portugal,-5.891
2012-12-31,RO,Romania,-5.5611
2012-12-31,RS,Serbia,-10.3456
2012-12-31,RU,Russia,9.6401
2012-12-31,SE,Sweden,3.7485
2012-12-31,SG,Singapore,-1.1676
2012-12-31,SI,Slovenia,-11.1328
2012-12-31,SK,Slovakia,-6.2262
2012-12-31,TH,Thailand,1.7371
2012-12-31,TR,Türkiye,4.0523
2012-12-31,US,United States,5.8642
2012-12-31,XM,Euro area,-4.2883
2012-12-31,XW,World,1.957
2012-12-31,ZA,South Africa,-0.8733
2013-03-31,4T,Emerging market economies (aggregate),2.7989
2013-03-31,5R,Advanced economies,1.6221
2013-03-31,AT,Austria,2.3462
2013-03-31,AU,Australia,0.5917
2013-03-31,BE,Belgium,0.1538
2013-03-31,BG,Bulgaria,-5.637
2013-03-31,BR,Brazil,3.126
2013-03-31,CA,Canada,0.0074
2013-03-31,CH,Switzerland,5.2757
2013-03-31,CL,Chile,9.545
2013-03-31,CN,China,-0.4626
2013-03-31,CO,Colombia,7.1162
2013-03-31,CY,Cyprus,-6.604
2013-03-31,CZ,Czechia,-2.0875
2013-03-31,DE,Germany,1.5336
2013-03-31,DK,Denmark,1.5197
2013-03-31,EE,Estonia,4.0597
2013-03-31,ES,Spain,-15.0497
2013-03-31,FI,Finland,0.2082
2013-03-31,FR,France,-3.0352
2013-03-31,GB,United Kingdom,-1.3656
2013-03-31,GR,Greece,-11.5004
2013-03-31,HK,Hong Kong SAR,23.68
2013-03-31,HR,Croatia,-9.7332
2013-03-31,HU,Hungary,-8.5268
2013-03-31,ID,Indonesia,6.2351
2013-03-31,IE,Ireland,-4.0644
2013-03-31,IL,Israel,8.1828
2013-03-31,IN,India,14.2841
2013-03-31,IS,Iceland,0.2424
2013-03-31,IT,Italy,-8.8632
2013-03-31,JP,Japan,0.2037
2013-03-31,KR,Korea,-1.9806
2013-03-31,LT,Lithuania,-2.2461
2013-03-31,LU,Luxembourg,3.19
2013-03-31,LV,Latvia,4.4364
2013-03-31,MA,Morocco,-2.1603
2013-03-31,MK,North Macedonia,-8.651
2013-03-31,MT,Malta,-1.0778
2013-03-31,MX,Mexico,0.0911
2013-03-31,MY,Malaysia,9.3695
2013-03-31,NL,Netherlands,-10.3251
2013-03-31,NO,Norway,4.9949
2013-03-31,NZ,New Zealand,6.8248
2013-03-31,PE,Peru,15.9661
2013-03-31,PH,Philippines,4.3334
2013-03-31,PL,Poland,-7.0863
2013-03-31,PT,Portugal,-4.7153
2013-03-31,RO,Romania,-6.2255
2013-03-31,RS,Serbia,-15.5622
2013-03-31,RU,Russia,-0.3202
2013-03-31,SE,Sweden,4.2196
2013-03-31,SG,Singapore,-0.4477
2013-03-31,SI,Slovenia,-6.4893
2013-03-31,SK,Slovakia,-2.116
2013-03-31,TH,Thailand,2.3727
2013-03-31,TR,Türkiye,3.387
2013-03-31,US,United States,7.8055
2013-03-31,XM,Euro area,-4.5744
2013-03-31,XW,World,2.16
2013-03-31,ZA,South Africa,-0.6611
2013-06-30,4T,Emerging market economies (aggregate),3.4406
2013-06-30,5R,Advanced economies,2.2453
2013-06-30,AT,Austria,2.7927
2013-06-30,AU,Australia,2.86
2013-06-30,BE,Belgium,0.4101
2013-06-30,BG,Bulgaria,-4.3685
2013-06-30,BR,Brazil,2.6689
2013-06-30,CA,Canada,0.1306
2013-06-30,CH,Switzerland,4.8129
2013-06-30,CL,Chile,9.6362
2013-06-30,CN,China,2.9101
2013-06-30,CO,Colombia,7.5371
2013-06-30,CY,Cyprus,-5.2059
2013-06-30,CZ,Czechia,-1.3969
2013-06-30,DE,Germany,1.503
2013-06-30,DK,Denmark,4.0538
2013-06-30,EE,Estonia,4.6338
2013-06-30,ES,Spain,-12.1284
2013-06-30,FI,Finland,-0.2455
2013-06-30,FR,France,-2.8782
2013-06-30,GB,United Kingdom,-1.1386
2013-06-30,GR,Greece,-11.5429
2013-06-30,HK,Hong Kong SAR,14.6263
2013-06-30,HR,Croatia,-6.8082
2013-06-30,HU,Hungary,-4.007
2013-06-30,ID,Indonesia,6.7129
2013-06-30,IE,Ireland,-1.4055
2013-06-30,IL,Israel,8.0663
2013-06-30,IN,India,9.0782
2013-06-30,IS,Iceland,1.4851
2013-06-30,IT,Italy,-7.7649
2013-06-30,JP,Japan,2.0005
2013-06-30,KR,Korea,-1.9971
2013-06-30,LT,Lithuania,1.1226
2013-06-30,LU,Luxembourg,2.7819
2013-06-30,LV,Latvia,7.9131
2013-06-30,MA,Morocco,-2.6988
2013-06-30,MK,North Macedonia,-7.2911
2013-06-30,MT,Malta,-1.0223
2013-06-30,MX,Mexico,0.6116
2013-06-30,MY,Malaysia,9.5078
2013-06-30,NL,Netherlands,-10.5051
2013-06-30,NO,Norway,3.6679
2013-06-30,NZ,New Zealand,8.019
2013-06-30,PE,Peru,11.7152
2013-06-30,PH,Philippines,7.2402
2013-06-30,PL,Poland,-5.9146
2013-06-30,PT,Portugal,-3.1399
2013-06-30,RO,Romania,-5.9887
2013-06-30,RS,Serbia,-16.2491
2013-06-30,RU,Russia,-2.0593
2013-06-30,SE,Sweden,4.8284
2013-06-30,SG,Singapore,2.4554
2013-06-30,SI,Slovenia,-6.0689
2013-06-30,SK,Slovakia,-0.4797
2013-06-30,TH,Thailand,5.2003
2013-06-30,TR,Türkiye,3.8517
2013-06-30,US,United States,8.1374
2013-06-30,XM,Euro area,-3.7664
2013-06-30,XW,World,2.7977
2013-06-30,ZA,South Africa,0.4335
2013-09-30,4T,Emerging market economies (aggregate),3.8992
2013-09-30,5R,Advanced economies,2.8336
2013-09-30,AT,Austria,2.7799
2013-09-30,AU,Australia,5.7501
2013-09-30,BE,Belgium,0.5846
2013-09-30,BG,Bulgaria,-2.4481
2013-09-30,BR,Brazil,2.8512
2013-09-30,CA,Canada,1.2279
2013-09-30,CH,Switzerland,3.0702
2013-09-30,CL,Chile,6.874
2013-09-30,CN,China,4.6701
2013-09-30,CO,Colombia,7.7324
2013-09-30,CY,Cyprus,-6.2228
2013-09-30,CZ,Czechia,-1.0293
2013-09-30,DE,Germany,2.0647
2013-09-30,DK,Denmark,4.0419
2013-09-30,EE,Estonia,8.0579
2013-09-30,ES,Spain,-7.5297
2013-09-30,FI,Finland,-0.1545
2013-09-30,FR,France,-2.8031
2013-09-30,GB,United Kingdom,0.2422
2013-09-30,GR,Greece,-9.2538
2013-09-30,HK,Hong Kong SAR,10.2025
2013-09-30,HR,Croatia,-5.564
2013-09-30,HU,Hungary,-2.7147
2013-09-30,ID,Indonesia,5.0775
2013-09-30,IE,Ireland,3.1826
2013-09-30,IL,Israel,7.7499
2013-09-30,IN,India,7.4945
2013-09-30,IS,Iceland,1.9242
2013-09-30,IT,Italy,-7.4528
2013-09-30,JP,Japan,1.6033
2013-09-30,KR,Korea,-1.9512
2013-09-30,LT,Lithuania,-0.7973
2013-09-30,LU,Luxembourg,3.9215
2013-09-30,LV,Latvia,6.6131
2013-09-30,MA,Morocco,-1.4297
2013-09-30,MK,North Macedonia,-4.8347
2013-09-30,MT,Malta,-3.0186
2013-09-30,MX,Mexico,2.19
2013-09-30,MY,Malaysia,10.8561
2013-09-30,NL,Netherlands,-6.315
2013-09-30,NO,Norway,0.1325
2013-09-30,NZ,New Zealand,8.4986
2013-09-30,PE,Peru,9.1768
2013-09-30,PH,Philippines,10.565
2013-09-30,PL,Poland,-5.2189
2013-09-30,PT,Portugal,-1.3517
2013-09-30,RO,Romania,-2.2274
2013-09-30,RS,Serbia,-12.2405
2013-09-30,RU,Russia,-3.5845
2013-09-30,SE,Sweden,5.0423
2013-09-30,SG,Singapore,2.0207
2013-09-30,SI,Slovenia,-9.5808
2013-09-30,SK,Slovakia,-1.156
2013-09-30,TH,Thailand,7.7164
2013-09-30,TR,Türkiye,2.7886
2013-09-30,US,United States,8.4995
2013-09-30,XM,Euro area,-2.5573
2013-09-30,XW,World,3.323
2013-09-30,ZA,South Africa,0.8691
2013-12-31,4T,Emerging market economies (aggregate),3.1609
2013-12-31,5R,Advanced economies,3.129
2013-12-31,AT,Austria,2.5946
2013-12-31,AU,Australia,7.0899
2013-12-31,BE,Belgium,0.3218
2013-12-31,BG,Bulgaria,0.2328
2013-12-31,BR,Brazil,2.7118
2013-12-31,CA,Canada,3.1006
2013-12-31,CH,Switzerland,3.8793
2013-12-31,CL,Chile,6.6024
2013-12-31,CN,China,5.9846
2013-12-31,CO,Colombia,6.964
2013-12-31,CY,Cyprus,-6.629
2013-12-31,CZ,Czechia,-1.0414
2013-12-31,DE,Germany,0.9673
2013-12-31,DK,Denmark,3.026
2013-12-31,EE,Estonia,13.8853
2013-12-31,ES,Spain,-6.4115
2013-12-31,FI,Finland,-1.0655
2013-12-31,FR,France,-2.1708
2013-12-31,GB,United Kingdom,2.2183
2013-12-31,GR,Greece,-7.6123
2013-12-31,HK,Hong Kong SAR,4.0714
2013-12-31,HR,Croatia,-2.051
2013-12-31,HU,Hungary,-1.4356
2013-12-31,ID,Indonesia,3.2256
2013-12-31,IE,Ireland,5.3223
2013-12-31,IL,Israel,5.8223
2013-12-31,IN,India,1.1564
2013-12-31,IS,Iceland,4.7002
2013-12-31,IT,Italy,-6.4692
2013-12-31,JP,Japan,1.3546
2013-12-31,KR,Korea,-0.946
2013-12-31,LT,Lithuania,2.5761
2013-12-31,LU,Luxembourg,2.8998
2013-12-31,LV,Latvia,8.591
2013-12-31,MA,Morocco,-0.2278
2013-12-31,MK,North Macedonia,-3.5669
2013-12-31,MT,Malta,-1.7045
2013-12-31,MX,Mexico,2.1331
2013-12-31,MY,Malaysia,6.1964
2013-12-31,NL,Netherlands,-5.9009
2013-12-31,NO,Norway,-1.2419
2013-12-31,NZ,New Zealand,7.2218
2013-12-31,PE,Peru,6.3826
2013-12-31,PH,Philippines,11.4275
2013-12-31,PL,Poland,-3.6832
2013-12-31,PT,Portugal,0.7127
2013-12-31,RO,Romania,-1.7076
2013-12-31,RS,Serbia,-3.9008
2013-12-31,RU,Russia,-5.8038
2013-12-31,SE,Sweden,6.709
2013-12-31,SG,Singapore,-0.8787
2013-12-31,SI,Slovenia,-5.4194
2013-12-31,SK,Slovakia,1.616
2013-12-31,TH,Thailand,6.5364
2013-12-31,TR,Türkiye,4.5686
2013-12-31,US,United States,8.5349
2013-12-31,XM,Euro area,-2.1494
2013-12-31,XW,World,3.1445
2013-12-31,ZA,South Africa,2.0034
2014-03-31,4T,Emerging market economies (aggregate),3.35
2014-03-31,5R,Advanced economies,3.2447
2014-03-31,AT,Austria,2.4891
2014-03-31,AU,Australia,7.6036
2014-03-31,BE,Belgium,-1.4356
2014-03-31,BG,Bulgaria,3.1193
2014-03-31,BR,Brazil,2.5114
2014-03-31,CA,Canada,3.6755
2014-03-31,CH,Switzerland,2.3766
2014-03-31,CL,Chile,6.1387
2014-03-31,CN,China,5.8629
2014-03-31,CO,Colombia,7.1883
2014-03-31,CY,Cyprus,-7.0516
2014-03-31,CZ,Czechia,1.3218
2014-03-31,DE,Germany,1.0956
2014-03-31,DK,Denmark,2.9975
2014-03-31,EE,Estonia,16.7815
2014-03-31,ES,Spain,-1.617
2014-03-31,FI,Finland,-1.5002
2014-03-31,FR,France,-2.1681
2014-03-31,GB,United Kingdom,4.7182
2014-03-31,GR,Greece,-7.8739
2014-03-31,HK,Hong Kong SAR,-1.244
2014-03-31,HR,Croatia,-1.7052
2014-03-31,HU,Hungary,0.9052
2014-03-31,ID,Indonesia,0.151
2014-03-31,IE,Ireland,10.2699
2014-03-31,IL,Israel,6.2378
2014-03-31,IN,India,3.8183
2014-03-31,IS,Iceland,7.0871
2014-03-31,IT,Italy,-4.789
2014-03-31,JP,Japan,1.5536
2014-03-31,KR,Korea,-0.3278
2014-03-31,LT,Lithuania,3.6982
2014-03-31,LU,Luxembourg,1.3721
2014-03-31,LV,Latvia,10.1038
2014-03-31,MA,Morocco,0.4018
2014-03-31,MK,North Macedonia,-2.6244
2014-03-31,MT,Malta,0.5658
2014-03-31,MX,Mexico,1.478
2014-03-31,MY,Malaysia,6.535
2014-03-31,NL,Netherlands,-2.3183
2014-03-31,NO,Norway,-1.8074
2014-03-31,NZ,New Zealand,6.0054
2014-03-31,PE,Peru,3.3765
2014-03-31,PH,Philippines,9.4389
2014-03-31,PL,Poland,-1.4337
2014-03-31,PT,Portugal,4.1605
2014-03-31,RO,Romania,-3.9874
2014-03-31,RS,Serbia,2.6666
2014-03-31,RU,Russia,-5.173
2014-03-31,SE,Sweden,8.6181
2014-03-31,SG,Singapore,-1.7045
2014-03-31,SI,Slovenia,-7.0976
2014-03-31,SK,Slovakia,-0.3575
2014-03-31,TH,Thailand,6.351
2014-03-31,TR,Türkiye,3.5307
2014-03-31,US,United States,7.0966
2014-03-31,XM,Euro area,-0.7283
2014-03-31,XW,World,3.2946
2014-03-31,ZA,South Africa,1.8961
2014-06-30,4T,Emerging market economies (aggregate),2.6182
2014-06-30,5R,Advanced economies,2.2368
2014-06-30,AT,Austria,3.0032
2014-06-30,AU,Australia,6.8449
2014-06-30,BE,Belgium,-1.3468
2014-06-30,BG,Bulgaria,2.4065
2014-06-30,BR,Brazil,1.242
2014-06-30,CA,Canada,3.228
2014-06-30,CH,Switzerland,2.7823
2014-06-30,CL,Chile,5.5267
2014-06-30,CN,China,3.0163
2014-06-30,CO,Colombia,4.4213
2014-06-30,CY,Cyprus,-7.868
2014-06-30,CZ,Czechia,1.6323
2014-06-30,DE,Germany,2.1948
2014-06-30,DK,Denmark,3.2348
2014-06-30,EE,Estonia,14.5021
2014-06-30,ES,Spain,0.6259
2014-06-30,FI,Finland,-1.1293
2014-06-30,FR,France,-1.7888
2014-06-30,GB,United Kingdom,6.2273
2014-06-30,GR,Greece,-6.8468
2014-06-30,HK,Hong Kong SAR,-0.9762
2014-06-30,HR,Croatia,-0.4305
2014-06-30,HU,Hungary,2.9964
2014-06-30,ID,Indonesia,0.2912
2014-06-30,IE,Ireland,16.0833
2014-06-30,IL,Israel,6.8753
2014-06-30,IN,India,7.4209
2014-06-30,IS,Iceland,5.9613
2014-06-30,IT,Italy,-5.3733
2014-06-30,JP,Japan,-2.0268
2014-06-30,KR,Korea,-0.216
2014-06-30,LT,Lithuania,6.3858
2014-06-30,LU,Luxembourg,4.0161
2014-06-30,LV,Latvia,7.0827
2014-06-30,MA,Morocco,0.5326
2014-06-30,MK,North Macedonia,1.0811
2014-06-30,MT,Malta,3.0569
2014-06-30,MX,Mexico,0.5966
2014-06-30,MY,Malaysia,6.5642
2014-06-30,NL,Netherlands,0.2767
2014-06-30,NO,Norway,-0.4268
2014-06-30,NZ,New Zealand,4.731
2014-06-30,PE,Peru,5.69
2014-06-30,PH,Philippines,8.1305
2014-06-30,PL,Poland,1.35
2014-06-30,PT,Portugal,6.2757
2014-06-30,RO,Romania,-3.8949
2014-06-30,RS,Serbia,6.0209
2014-06-30,RU,Russia,-6.0042
2014-06-30,SE,Sweden,8.6481
2014-06-30,SG,Singapore,-4.8486
2014-06-30,SI,Slovenia,-10.369
2014-06-30,SK,Slovakia,1.1122
2014-06-30,TH,Thailand,7.9534
2014-06-30,TR,Türkiye,2.1985
2014-06-30,US,United States,4.3998
2014-06-30,XM,Euro area,0.2161
2014-06-30,XW,World,2.4227
2014-06-30,ZA,South Africa,1.44
2014-09-30,4T,Emerging market economies (aggregate),0.7933
2014-09-30,5R,Advanced economies,2.0649
2014-09-30,AT,Austria,0.7394
2014-09-30,AU,Australia,6.3721
2014-09-30,BE,Belgium,-0.7328
2014-09-30,BG,Bulgaria,2.5773
2014-09-30,BR,Brazil,-0.0354
2014-09-30,CA,Canada,3.4008
2014-09-30,CH,Switzerland,2.5834
2014-09-30,CL,Chile,11.9486
2014-09-30,CN,China,-1.4369
2014-09-30,CO,Colombia,4.8257
2014-09-30,CY,Cyprus,-7.7063
2014-09-30,CZ,Czechia,2.1433
2014-09-30,DE,Germany,2.0679
2014-09-30,DK,Denmark,2.6011
2014-09-30,EE,Estonia,13.8659
2014-09-30,ES,Spain,0.593
2014-09-30,FI,Finland,-1.596
2014-09-30,FR,France,-1.6528
2014-09-30,GB,United Kingdom,7.3126
2014-09-30,GR,Greece,-6.3075
2014-09-30,HK,Hong Kong SAR,1.464
2014-09-30,HR,Croatia,-1.6038
2014-09-30,HU,Hungary,4.6404
2014-09-30,ID,Indonesia,2.0847
2014-09-30,IE,Ireland,18.7985
2014-09-30,IL,Israel,5.2285
2014-09-30,IN,India,6.9032
2014-09-30,IS,Iceland,6.3688
2014-09-30,IT,Italy,-4.5454
2014-09-30,JP,Japan,-2.2177
2014-09-30,KR,Korea,0.392
2014-09-30,LT,Lithuania,9.9988
2014-09-30,LU,Luxembourg,4.3427
2014-09-30,LV,Latvia,9.7359
2014-09-30,MA,Morocco,0.0406
2014-09-30,MK,North Macedonia,2.8601
2014-09-30,MT,Malta,0.1597
2014-09-30,MX,Mexico,-0.7645
2014-09-30,MY,Malaysia,5.6591
2014-09-30,NL,Netherlands,0.3518
2014-09-30,NO,Norway,1.2986
2014-09-30,NZ,New Zealand,3.765
2014-09-30,PE,Peru,0.2292
2014-09-30,PH,Philippines,6.7217
2014-09-30,PL,Poland,1.3812
2014-09-30,PT,Portugal,5.4874
2014-09-30,RO,Romania,-3.0894
2014-09-30,RS,Serbia,3.1194
2014-09-30,RU,Russia,-5.6803
2014-09-30,SE,Sweden,10.5225
2014-09-30,SG,Singapore,-4.853
2014-09-30,SI,Slovenia,-5.1172
2014-09-30,SK,Slovakia,1.4759
2014-09-30,TH,Thailand,6.7426
2014-09-30,TR,Türkiye,3.2373
2014-09-30,US,United States,3.4538
2014-09-30,XM,Euro area,0.4674
2014-09-30,XW,World,1.4664
2014-09-30,ZA,South Africa,0.8566
2014-12-31,4T,Emerging market economies (aggregate),0.023
2014-12-31,5R,Advanced economies,2.3344
2014-12-31,AT,Austria,0.9954
2014-12-31,AU,Australia,4.9468
2014-12-31,BE,Belgium,0.8141
2014-12-31,BG,Bulgaria,3.4652
2014-12-31,BR,Brazil,-1.4019
2014-12-31,CA,Canada,3.5441
2014-12-31,CH,Switzerland,2.9926
2014-12-31,CL,Chile,9.1029
2014-12-31,CN,China,-5.0078
2014-12-31,CO,Colombia,3.6909
2014-12-31,CY,Cyprus,-7.376
2014-12-31,CZ,Czechia,3.2844
2014-12-31,DE,Germany,2.8984
2014-12-31,DK,Denmark,3.805
2014-12-31,EE,Estonia,10.586
2014-12-31,ES,Spain,2.2734
2014-12-31,FI,Finland,-1.3243
2014-12-31,FR,France,-2.411
2014-12-31,GB,United Kingdom,7.5326
2014-12-31,GR,Greece,-3.7725
2014-12-31,HK,Hong Kong SAR,6.5388
2014-12-31,HR,Croatia,-1.536
2014-12-31,HU,Hungary,9.1884
2014-12-31,ID,Indonesia,-0.1797
2014-12-31,IE,Ireland,19.6107
2014-12-31,IL,Israel,5.1111
2014-12-31,IN,India,12.3333
2014-12-31,IS,Iceland,4.7746
2014-12-31,IT,Italy,-4.871
2014-12-31,JP,Japan,-1.9748
2014-12-31,KR,Korea,1.1033
2014-12-31,LT,Lithuania,5.2559
2014-12-31,LU,Luxembourg,5.1579
2014-12-31,LV,Latvia,-5.047
2014-12-31,MA,Morocco,-1.2275
2014-12-31,MK,North Macedonia,-1.1014
2014-12-31,MT,Malta,4.9527
2014-12-31,MX,Mexico,-0.3265
2014-12-31,MY,Malaysia,5.7047
2014-12-31,NL,Netherlands,1.1273
2014-12-31,NO,Norway,3.6363
2014-12-31,NZ,New Zealand,6.3518
2014-12-31,PE,Peru,0.7758
2014-12-31,PH,Philippines,6.9882
2014-12-31,PL,Poland,1.9932
2014-12-31,PT,Portugal,2.31
2014-12-31,RO,Romania,-1.1731
2014-12-31,RS,Serbia,2.3377
2014-12-31,RU,Russia,-6.1476
2014-12-31,SE,Sweden,10.6419
2014-12-31,SG,Singapore,-4.0204
2014-12-31,SI,Slovenia,-4.2941
2014-12-31,SK,Slovakia,3.3361
2014-12-31,TH,Thailand,8.9882
2014-12-31,TR,Türkiye,4.3199
2014-12-31,US,United States,3.5989
2014-12-31,XM,Euro area,0.7176
2014-12-31,XW,World,1.2384
2014-12-31,ZA,South Africa,0.8261
2015-03-31,4T,Emerging market economies (aggregate),-0.9589
2015-03-31,5R,Advanced economies,3.3753
2015-03-31,AT,Austria,2.6979
2015-03-31,AU,Australia,5.5336
2015-03-31,BE,Belgium,1.0086
2015-03-31,BG,Bulgaria,2.7891
2015-03-31,BR,Brazil,-4.3481
2015-03-31,CA,Canada,5.093
2015-03-31,CH,Switzerland,4.2305
2015-03-31,CL,Chile,8.6724
2015-03-31,CN,China,-6.9355
2015-03-31,CO,Colombia,3.3646
2015-03-31,CY,Cyprus,-4.9455
2015-03-31,CZ,Czechia,3.4146
2015-03-31,DE,Germany,4.1975
2015-03-31,DK,Denmark,3.245
2015-03-31,EE,Estonia,9.0629
2015-03-31,ES,Spain,2.6005
2015-03-31,FI,Finland,-0.4446
2015-03-31,FR,France,-1.6451
2015-03-31,GB,United Kingdom,6.5384
2015-03-31,GR,Greece,-1.7767
2015-03-31,HK,Hong Kong SAR,13.5445
2015-03-31,HR,Croatia,-1.3253
2015-03-31,HU,Hungary,10.3637
2015-03-31,ID,Indonesia,-0.2568
2015-03-31,IE,Ireland,18.2271
2015-03-31,IL,Israel,4.9553
2015-03-31,IN,India,11.6067
2015-03-31,IS,Iceland,8.2316
2015-03-31,IT,Italy,-5.4783
2015-03-31,JP,Japan,0.0297
2015-03-31,KR,Korea,1.5035
2015-03-31,LT,Lithuania,6.1135
2015-03-31,LU,Luxembourg,7.0532
2015-03-31,LV,Latvia,-6.4888
2015-03-31,MA,Morocco,-1.9429
2015-03-31,MK,North Macedonia,2.3824
2015-03-31,MT,Malta,1.9253
2015-03-31,MX,Mexico,1.2135
2015-03-31,MY,Malaysia,8.4775
2015-03-31,NL,Netherlands,2.3013
2015-03-31,NO,Norway,5.2067
2015-03-31,NZ,New Zealand,9.124
2015-03-31,PE,Peru,-3.3063
2015-03-31,PH,Philippines,8.4043
2015-03-31,PL,Poland,3.2519
2015-03-31,PT,Portugal,0.8916
2015-03-31,RO,Romania,2.4923
2015-03-31,RS,Serbia,4.8198
2015-03-31,RU,Russia,-9.6504
2015-03-31,SE,Sweden,11.7724
2015-03-31,SG,Singapore,-3.5245
2015-03-31,SI,Slovenia,-0.9837
2015-03-31,SK,Slovakia,5.645
2015-03-31,TH,Thailand,10.8301
2015-03-31,TR,Türkiye,7.3041
2015-03-31,US,United States,4.9227
2015-03-31,XM,Euro area,1.4136
2015-03-31,XW,World,1.2965
2015-03-31,ZA,South Africa,1.9457
2015-06-30,4T,Emerging market economies (aggregate),-1.7379
2015-06-30,5R,Advanced economies,3.7334
2015-06-30,AT,Austria,0.4397
2015-06-30,AU,Australia,8.1474
2015-06-30,BE,Belgium,1.2576
2015-06-30,BG,Bulgaria,2.3072
2015-06-30,BR,Brazil,-6.7953
2015-06-30,CA,Canada,6.2616
2015-06-30,CH,Switzerland,2.9412
2015-06-30,CL,Chile,8.9676
2015-06-30,CN,China,-7.3296
2015-06-30,CO,Colombia,5.6392
2015-06-30,CY,Cyprus,-3.0052
2015-06-30,CZ,Czechia,3.0523
2015-06-30,DE,Germany,3.4376
2015-06-30,DK,Denmark,4.9993
2015-06-30,EE,Estonia,10.5496
2015-06-30,ES,Spain,4.2766
2015-06-30,FI,Finland,0.0838
2015-06-30,FR,France,-2.183
2015-06-30,GB,United Kingdom,5.3868
2015-06-30,GR,Greece,-2.8867
2015-06-30,HK,Hong Kong SAR,17.4056
2015-06-30,HR,Croatia,-4.3358
2015-06-30,HU,Hungary,12.5063
2015-06-30,ID,Indonesia,-1.0417
2015-06-30,IE,Ireland,14.3207
2015-06-30,IL,Israel,5.3232
2015-06-30,IN,India,8.9857
2015-06-30,IS,Iceland,6.2171
2015-06-30,IT,Italy,-4.7199
2015-06-30,JP,Japan,1.9709
2015-06-30,KR,Korea,2.3817
2015-06-30,LT,Lithuania,4.1884
2015-06-30,LU,Luxembourg,4.7984
2015-06-30,LV,Latvia,-5.4257
2015-06-30,MA,Morocco,-2.0402
2015-06-30,MK,North Macedonia,-0.2843
2015-06-30,MT,Malta,2.3404
2015-06-30,MX,Mexico,4.5867
2015-06-30,MY,Malaysia,4.8501
2015-06-30,NL,Netherlands,2.1601
2015-06-30,NO,Norway,4.2647
2015-06-30,NZ,New Zealand,11.5926
2015-06-30,PE,Peru,-8.6744
2015-06-30,PH,Philippines,8.9748
2015-06-30,PL,Poland,1.9511
2015-06-30,PT,Portugal,2.209
2015-06-30,RO,Romania,2.9873
2015-06-30,RS,Serbia,3.6368
2015-06-30,RU,Russia,-11.0815
2015-06-30,SE,Sweden,13.2081
2015-06-30,SG,Singapore,-3.2721
2015-06-30,SI,Slovenia,4.2495
2015-06-30,SK,Slovakia,5.6225
2015-06-30,TH,Thailand,8.0293
2015-06-30,TR,Türkiye,8.2081
2015-06-30,US,United States,5.4168
2015-06-30,XM,Euro area,0.9739
2015-06-30,XW,World,1.0986
2015-06-30,ZA,South Africa,1.4636
2015-09-30,4T,Emerging market economies (aggregate),-1.0085
2015-09-30,5R,Advanced economies,4.0291
2015-09-30,AT,Austria,3.1118
2015-09-30,AU,Australia,9.0721
2015-09-30,BE,Belgium,1.8892
2015-09-30,BG,Bulgaria,2.0769
2015-09-30,BR,Brazil,-9.0621
2015-09-30,CA,Canada,7.2729
2015-09-30,CH,Switzerland,3.5903
2015-09-30,CL,Chile,6.8579
2015-09-30,CN,China,-4.7993
2015-09-30,CO,Colombia,3.9564
2015-09-30,CY,Cyprus,-0.8461
2015-09-30,CZ,Czechia,3.77
2015-09-30,DE,Germany,3.6749
2015-09-30,DK,Denmark,8.3007
2015-09-30,EE,Estonia,4.4856
2015-09-30,ES,Spain,4.9194
2015-09-30,FI,Finland,0.595
2015-09-30,FR,France,-1.448
2015-09-30,GB,United Kingdom,5.2983
2015-09-30,GR,Greece,-4.1061
2015-09-30,HK,Hong Kong SAR,13.8983
2015-09-30,HR,Croatia,-2.3722
2015-09-30,HU,Hungary,15.5735
2015-09-30,ID,Indonesia,-1.5197
2015-09-30,IE,Ireland,8.8684
2015-09-30,IL,Israel,7.26
2015-09-30,IN,India,8.8633
2015-09-30,IS,Iceland,5.1719
2015-09-30,IT,Italy,-2.8762
2015-09-30,JP,Japan,2.7392
2015-09-30,KR,Korea,3.251
2015-09-30,LT,Lithuania,4.3925
2015-09-30,LU,Luxembourg,4.9363
2015-09-30,LV,Latvia,-7.8284
2015-09-30,MA,Morocco,-1.7546
2015-09-30,MK,North Macedonia,-3.1941
2015-09-30,MT,Malta,7.2882
2015-09-30,MX,Mexico,7.51
2015-09-30,MY,Malaysia,3.8096
2015-09-30,NL,Netherlands,3.4309
2015-09-30,NO,Norway,4.0441
2015-09-30,NZ,New Zealand,14.9945
2015-09-30,PE,Peru,-4.9366
2015-09-30,PH,Philippines,10.0735
2015-09-30,PL,Poland,2.8207
2015-09-30,PT,Portugal,2.656
2015-09-30,RO,Romania,4.9616
2015-09-30,RS,Serbia,1.8601
2015-09-30,RU,Russia,-13.4027
2015-09-30,SE,Sweden,13.5677
2015-09-30,SG,Singapore,-3.6378
2015-09-30,SI,Slovenia,1.4804
2015-09-30,SK,Slovakia,6.0477
2015-09-30,TH,Thailand,6.4692
2015-09-30,TR,Türkiye,7.6128
2015-09-30,US,United States,5.3761
2015-09-30,XM,Euro area,1.3614
2015-09-30,XW,World,1.5949
2015-09-30,ZA,South Africa,1.3637
2015-12-31,4T,Emerging market economies (aggregate),-0.7813
2015-12-31,5R,Advanced economies,4.0884
2015-12-31,AT,Austria,6.7985
2015-12-31,AU,Australia,6.8479
2015-12-31,BE,Belgium,0.8045
2015-12-31,BG,Bulgaria,4.5094
2015-12-31,BR,Brazil,-10.8149
2015-12-31,CA,Canada,8.0437
2015-12-31,CH,Switzerland,2.5969
2015-12-31,CL,Chile,8.9708
2015-12-31,CN,China,-1.7629
2015-12-31,CO,Colombia,1.4472
2015-12-31,CY,Cyprus,-0.0802
2015-12-31,CZ,Czechia,4.3867
2015-12-31,DE,Germany,5.3875
2015-12-31,DK,Denmark,9.0088
2015-12-31,EE,Estonia,5.6572
2015-12-31,ES,Spain,4.5925
2015-12-31,FI,Finland,0.6291
2015-12-31,FR,France,-0.1964
2015-12-31,GB,United Kingdom,6.4027
2015-12-31,GR,Greece,-4.5294
2015-12-31,HK,Hong Kong SAR,4.6594
2015-12-31,HR,Croatia,-1.169
2015-12-31,HU,Hungary,14.1334
2015-12-31,ID,Indonesia,-0.1891
2015-12-31,IE,Ireland,6.9899
2015-12-31,IL,Israel,8.5586
2015-12-31,IN,India,4.2511
2015-12-31,IS,Iceland,6.9469
2015-12-31,IT,Italy,-2.2007
2015-12-31,JP,Japan,1.7639
2015-12-31,KR,Korea,3.3917
2015-12-31,LT,Lithuania,3.6639
2015-12-31,LU,Luxembourg,2.8706
2015-12-31,LV,Latvia,6.5196
2015-12-31,MA,Morocco,-0.6744
2015-12-31,MK,North Macedonia,1.4845
2015-12-31,MT,Malta,6.9727
2015-12-31,MX,Mexico,7.7701
2015-12-31,MY,Malaysia,3.777
2015-12-31,NL,Netherlands,3.6954
2015-12-31,NO,Norway,1.9723
2015-12-31,NZ,New Zealand,12.53
2015-12-31,PE,Peru,-7.5948
2015-12-31,PH,Philippines,9.7193
2015-12-31,PL,Poland,1.82
2015-12-31,PT,Portugal,4.4225
2015-12-31,RO,Romania,3.295
2015-12-31,RS,Serbia,-0.409
2015-12-31,RU,Russia,-15.3542
2015-12-31,SE,Sweden,14.0385
2015-12-31,SG,Singapore,-2.9669
2015-12-31,SI,Slovenia,0.6566
2015-12-31,SK,Slovakia,5.3322
2015-12-31,TH,Thailand,6.8093
2015-12-31,TR,Türkiye,6.9372
2015-12-31,US,United States,4.9584
2015-12-31,XM,Euro area,2.4812
2015-12-31,XW,World,1.7303
2015-12-31,ZA,South Africa,1.7693
2016-03-31,4T,Emerging market economies (aggregate),-0.5714
2016-03-31,5R,Advanced economies,4.0485
2016-03-31,AT,Austria,7.0486
2016-03-31,AU,Australia,5.433
2016-03-31,BE,Belgium,0.6782
2016-03-31,BG,Bulgaria,5.2848
2016-03-31,BR,Brazil,-11.3424
2016-03-31,CA,Canada,10.4197
2016-03-31,CH,Switzerland,2.4123
2016-03-31,CL,Chile,7.3032
2016-03-31,CN,China,1.2139
2016-03-31,CO,Colombia,2.3329
2016-03-31,CY,Cyprus,0.5335
2016-03-31,CZ,Czechia,4.2942
2016-03-31,DE,Germany,5.9486
2016-03-31,DK,Denmark,4.8721
2016-03-31,EE,Estonia,2.4427
2016-03-31,ES,Spain,6.9811
2016-03-31,FI,Finland,1.0689
2016-03-31,FR,France,0.3384
2016-03-31,GB,United Kingdom,7.6512
2016-03-31,GR,Greece,-3.469
2016-03-31,HK,Hong Kong SAR,-7.5911
2016-03-31,HR,Croatia,1.4303
2016-03-31,HU,Hungary,16.4916
2016-03-31,ID,Indonesia,-0.1755
2016-03-31,IE,Ireland,7.7035
2016-03-31,IL,Israel,8.0728
2016-03-31,IN,India,-1.9346
2016-03-31,IS,Iceland,4.6632
2016-03-31,IT,Italy,0.2111
2016-03-31,JP,Japan,1.5808
2016-03-31,KR,Korea,3.24
2016-03-31,LT,Lithuania,2.3559
2016-03-31,LU,Luxembourg,4.7081
2016-03-31,LV,Latvia,7.5446
2016-03-31,MA,Morocco,-0.4208
2016-03-31,MK,North Macedonia,2.3448
2016-03-31,MT,Malta,4.8139
2016-03-31,MX,Mexico,6.6868
2016-03-31,MY,Malaysia,3.6746
2016-03-31,NL,Netherlands,3.787
2016-03-31,NO,Norway,1.3774
2016-03-31,NZ,New Zealand,12.6917
2016-03-31,PE,Peru,-9.7136
2016-03-31,PH,Philippines,10.2496
2016-03-31,PL,Poland,1.994
2016-03-31,PT,Portugal,6.3617
2016-03-31,RO,Romania,5.737
2016-03-31,RS,Serbia,-2.9945
2016-03-31,RU,Russia,-13.0057
2016-03-31,SE,Sweden,10.2633
2016-03-31,SG,Singapore,-2.5482
2016-03-31,SI,Slovenia,1.5437
2016-03-31,SK,Slovakia,5.588
2016-03-31,TH,Thailand,5.4641
2016-03-31,TR,Türkiye,5.2595
2016-03-31,US,United States,4.2593
2016-03-31,XM,Euro area,3.4727
2016-03-31,XW,World,1.7995
2016-03-31,ZA,South Africa,-0.5764
2016-06-30,4T,Emerging market economies (aggregate),0.9519
2016-06-30,5R,Advanced economies,4.3
2016-06-30,AT,Austria,8.8719
2016-06-30,AU,Australia,3.0206
2016-06-30,BE,Belgium,0.1746
2016-06-30,BG,Bulgaria,8.4677
2016-06-30,BR,Brazil,-10.8985
2016-06-30,CA,Canada,13.5581
2016-06-30,CH,Switzerland,1.1894
2016-06-30,CL,Chile,3.1176
2016-06-30,CN,China,3.5591
2016-06-30,CO,Colombia,-0.1454
2016-06-30,CY,Cyprus,0.5863
2016-06-30,CZ,Czechia,5.5169
2016-06-30,DE,Germany,6.7202
2016-06-30,DK,Denmark,3.9632
2016-06-30,EE,Estonia,2.5273
2016-06-30,ES,Spain,4.8488
2016-06-30,FI,Finland,0.8608
2016-06-30,FR,France,0.7156
2016-06-30,GB,United Kingdom,7.6241
2016-06-30,GR,Greece,-1.6011
2016-06-30,HK,Hong Kong SAR,-10.3085
2016-06-30,HR,Croatia,3.1127
2016-06-30,HU,Hungary,13.5031
2016-06-30,ID,Indonesia,-0.0701
2016-06-30,IE,Ireland,6.1536
2016-06-30,IL,Israel,8.2522
2016-06-30,IN,India,1.6272
2016-06-30,IS,Iceland,6.3231
2016-06-30,IT,Italy,1.0906
2016-06-30,JP,Japan,3.3151
2016-06-30,KR,Korea,2.1479
2016-06-30,LT,Lithuania,2.6534
2016-06-30,LU,Luxembourg,5.7357
2016-06-30,LV,Latvia,10.283
2016-06-30,MA,Morocco,-1.2379
2016-06-30,MK,North Macedonia,1.5435
2016-06-30,MT,Malta,6.1836
2016-06-30,MX,Mexico,5.1012
2016-06-30,MY,Malaysia,5.0994
2016-06-30,NL,Netherlands,4.7849
2016-06-30,NO,Norway,2
2016-06-30,NZ,New Zealand,14.6984
2016-06-30,PE,Peru,-6.1118
2016-06-30,PH,Philippines,12.0611
2016-06-30,PL,Poland,1.4626
2016-06-30,PT,Portugal,5.8183
2016-06-30,RO,Romania,9.7418
2016-06-30,RS,Serbia,3.792
2016-06-30,RU,Russia,-12.469
2016-06-30,SE,Sweden,7.7854
2016-06-30,SG,Singapore,-2.012
2016-06-30,SI,Slovenia,0.6967
2016-06-30,SK,Slovakia,6.6281
2016-06-30,TH,Thailand,5.4427
2016-06-30,TR,Türkiye,5.4794
2016-06-30,US,United States,4.2499
2016-06-30,XM,Euro area,3.8746
2016-06-30,XW,World,2.683
2016-06-30,ZA,South Africa,-1.1504
2016-09-30,4T,Emerging market economies (aggregate),1.8563
2016-09-30,5R,Advanced economies,4.1331
2016-09-30,AT,Austria,6.583
2016-09-30,AU,Australia,2.1651
2016-09-30,BE,Belgium,0.0078
2016-09-30,BG,Bulgaria,9.1811
2016-09-30,BR,Brazil,-10.6817
2016-09-30,CA,Canada,15.1659
2016-09-30,CH,Switzerland,0.1077
2016-09-30,CL,Chile,0.0662
2016-09-30,CN,China,5.6231
2016-09-30,CO,Colombia,0.7528
2016-09-30,CY,Cyprus,-0.8999
2016-09-30,CZ,Czechia,6.5081
2016-09-30,DE,Germany,7.6777
2016-09-30,DK,Denmark,4.7196
2016-09-30,EE,Estonia,6.9166
2016-09-30,ES,Spain,4.2192
2016-09-30,FI,Finland,1.2005
2016-09-30,FR,France,1.2013
2016-09-30,GB,United Kingdom,6.0102
2016-09-30,GR,Greece,-0.7307
2016-09-30,HK,Hong Kong SAR,-8.327
2016-09-30,HR,Croatia,3.0454
2016-09-30,HU,Hungary,11.6699
2016-09-30,ID,Indonesia,-0.2707
2016-09-30,IE,Ireland,7.3415
2016-09-30,IL,Israel,8.7924
2016-09-30,IN,India,2.2994
2016-09-30,IS,Iceland,11.41
2016-09-30,IT,Italy,0.0163
2016-09-30,JP,Japan,2.2713
2016-09-30,KR,Korea,1.3106
2016-09-30,LT,Lithuania,4.5707
2016-09-30,LU,Luxembourg,5.5948
2016-09-30,LV,Latvia,9.4374
2016-09-30,MA,Morocco,1.6805
2016-09-30,MK,North Macedonia,0.4532
2016-09-30,MT,Malta,3.9332
2016-09-30,MX,Mexico,3.216
2016-09-30,MY,Malaysia,5.4021
2016-09-30,NL,Netherlands,5.5588
2016-09-30,NO,Norway,3.7295
2016-09-30,NZ,New Zealand,13.5964
2016-09-30,PE,Peru,-4.315
2016-09-30,PH,Philippines,6.9589
2016-09-30,PL,Poland,2.9184
2016-09-30,PT,Portugal,6.9014
2016-09-30,RO,Romania,7.6118
2016-09-30,RS,Serbia,18.202
2016-09-30,RU,Russia,-11.3304
2016-09-30,SE,Sweden,5.9823
2016-09-30,SG,Singapore,-2.7196
2016-09-30,SI,Slovenia,4.8187
2016-09-30,SK,Slovakia,8.2518
2016-09-30,TH,Thailand,4.452
2016-09-30,TR,Türkiye,4.1495
2016-09-30,US,United States,4.1419
2016-09-30,XM,Euro area,4.1091
2016-09-30,XW,World,3.0311
2016-09-30,ZA,South Africa,-1.076
2016-12-31,4T,Emerging market economies (aggregate),3.0028
2016-12-31,5R,Advanced economies,3.7917
2016-12-31,AT,Austria,3.1432
2016-12-31,AU,Australia,6.0924
2016-12-31,BE,Belgium,0.5535
2016-12-31,BG,Bulgaria,8.425
2016-12-31,BR,Brazil,-9.2231
2016-12-31,CA,Canada,14.4206
2016-12-31,CH,Switzerland,-1.1517
2016-12-31,CL,Chile,0.7492
2016-12-31,CN,China,7.0826
2016-12-31,CO,Colombia,3.3564
2016-12-31,CY,Cyprus,0.0138
2016-12-31,CZ,Czechia,9.3835
2016-12-31,DE,Germany,7.3732
2016-12-31,DK,Denmark,3.9044
2016-12-31,EE,Estonia,6.3318
2016-12-31,ES,Spain,3.3957
2016-12-31,FI,Finland,0.5701
2016-12-31,FR,France,1.0871
2016-12-31,GB,United Kingdom,4.1704
2016-12-31,GR,Greece,-0.5852
2016-12-31,HK,Hong Kong SAR,3.019
2016-12-31,HR,Croatia,1.2267
2016-12-31,HU,Hungary,10.3977
2016-12-31,ID,Indonesia,-0.8944
2016-12-31,IE,Ireland,8.6119
2016-12-31,IL,Israel,7.0874
2016-12-31,IN,India,4.4191
2016-12-31,IS,Iceland,12.5232
2016-12-31,IT,Italy,0.1059
2016-12-31,JP,Japan,2.1786
2016-12-31,KR,Korea,0.034
2016-12-31,LT,Lithuania,8.2195
2016-12-31,LU,Luxembourg,6.983
2016-12-31,LV,Latvia,6.1516
2016-12-31,MA,Morocco,2.539
2016-12-31,MK,North Macedonia,1.8443
2016-12-31,MT,Malta,4.1689
2016-12-31,MX,Mexico,2.5425
2016-12-31,MY,Malaysia,5.2576
2016-12-31,NL,Netherlands,5.6583
2016-12-31,NO,Norway,6.3246
2016-12-31,NZ,New Zealand,12.7658
2016-12-31,PE,Peru,-1.1195
2016-12-31,PH,Philippines,5.3994
2016-12-31,PL,Poland,3.6977
2016-12-31,PT,Portugal,6.7591
2016-12-31,RO,Romania,8.611
2016-12-31,RS,Serbia,21.3983
2016-12-31,RU,Russia,-9.306
2016-12-31,SE,Sweden,4.985
2016-12-31,SG,Singapore,-3.1336
2016-12-31,SI,Slovenia,6.2539
2016-12-31,SK,Slovakia,8.3716
2016-12-31,TH,Thailand,2.7754
2016-12-31,TR,Türkiye,3.7956
2016-12-31,US,United States,3.5201
2016-12-31,XM,Euro area,3.7754
2016-12-31,XW,World,3.4124
2016-12-31,ZA,South Africa,-2.5795
2017-03-31,4T,Emerging market economies (aggregate),3.064
2017-03-31,5R,Advanced economies,3.3475
2017-03-31,AT,Austria,0.2552
2017-03-31,AU,Australia,7.887
2017-03-31,BE,Belgium,1.3085
2017-03-31,BG,Bulgaria,7.2124
2017-03-31,BR,Brazil,-7.149
2017-03-31,CA,Canada,15.4339
2017-03-31,CH,Switzerland,-2.8047
2017-03-31,CL,Chile,3.1997
2017-03-31,CN,China,6.6247
2017-03-31,CO,Colombia,0.5344
2017-03-31,CY,Cyprus,-1.2689
2017-03-31,CZ,Czechia,10.1416
2017-03-31,DE,Germany,5.2325
2017-03-31,DK,Denmark,4.9948
2017-03-31,EE,Estonia,4.5898
2017-03-31,ES,Spain,2.4967
2017-03-31,FI,Finland,0.2049
2017-03-31,FR,France,1.5654
2017-03-31,GB,United Kingdom,2.1781
2017-03-31,GR,Greece,-3.2358
2017-03-31,HK,Hong Kong SAR,14.0072
2017-03-31,HR,Croatia,-1.2995
2017-03-31,HU,Hungary,8.9074
2017-03-31,ID,Indonesia,-0.9831
2017-03-31,IE,Ireland,8.7046
2017-03-31,IL,Israel,4.6988
2017-03-31,IN,India,6.7053
2017-03-31,IS,Iceland,15.7327
2017-03-31,IT,Italy,-2.0104
2017-03-31,JP,Japan,3.6296
2017-03-31,KR,Korea,-0.9299
2017-03-31,LT,Lithuania,7.2166
2017-03-31,LU,Luxembourg,5.3703
2017-03-31,LV,Latvia,5.9505
2017-03-31,MA,Morocco,3.9332
2017-03-31,MK,North Macedonia,-4.3497
2017-03-31,MT,Malta,3.6812
2017-03-31,MX,Mexico,2.2723
2017-03-31,MY,Malaysia,2.4213
2017-03-31,NL,Netherlands,5.8312
2017-03-31,NO,Norway,7.3155
2017-03-31,NZ,New Zealand,9.7245
2017-03-31,PE,Peru,1.6353
2017-03-31,PH,Philippines,3.6929
2017-03-31,PL,Poland,1.2537
2017-03-31,PT,Portugal,6.4328
2017-03-31,RO,Romania,4.6605
2017-03-31,RS,Serbia,8.5358
2017-03-31,RU,Russia,-8.3941
2017-03-31,SE,Sweden,6.3312
2017-03-31,SG,Singapore,-3.3796
2017-03-31,SI,Slovenia,4.7977
2017-03-31,SK,Slovakia,2.587
2017-03-31,TH,Thailand,0.2078
2017-03-31,TR,Türkiye,1.5482
2017-03-31,US,United States,2.9156
2017-03-31,XM,Euro area,2.6121
2017-03-31,XW,World,3.2044
2017-03-31,ZA,South Africa,-2.454
2017-06-30,4T,Emerging market economies (aggregate),3.1486
2017-06-30,5R,Advanced economies,3.5615
2017-06-30,AT,Austria,1.677
2017-06-30,AU,Australia,8.1016
2017-06-30,BE,Belgium,1.0839
2017-06-30,BG,Bulgaria,6.2345
2017-06-30,BR,Brazil,-5.5944
2017-06-30,CA,Canada,15.3967
2017-06-30,CH,Switzerland,-0.3456
2017-06-30,CL,Chile,5.693
2017-06-30,CN,China,6.5185
2017-06-30,CO,Colombia,2.2357
2017-06-30,CY,Cyprus,0.0671
2017-06-30,CZ,Czechia,10.8695
2017-06-30,DE,Germany,4.3915
2017-06-30,DK,Denmark,4.419
2017-06-30,EE,Estonia,1.6398
2017-06-30,ES,Spain,3.5114
2017-06-30,FI,Finland,0.8118
2017-06-30,FR,France,2.3848
2017-06-30,GB,United Kingdom,1.6348
2017-06-30,GR,Greece,-2.3116
2017-06-30,HK,Hong Kong SAR,18.7077
2017-06-30,HR,Croatia,3.1073
2017-06-30,HU,Hungary,9.8043
2017-06-30,ID,Indonesia,-1.0715
2017-06-30,IE,Ireland,10.2947
2017-06-30,IL,Israel,4.2543
2017-06-30,IN,India,6.298
2017-06-30,IS,Iceland,21.0457
2017-06-30,IT,Italy,-2.3931
2017-06-30,JP,Japan,1.5863
2017-06-30,KR,Korea,-0.6693
2017-06-30,LT,Lithuania,6.4822
2017-06-30,LU,Luxembourg,4.5512
2017-06-30,LV,Latvia,5.8426
2017-06-30,MA,Morocco,3.9237
2017-06-30,MK,North Macedonia,-3.545
2017-06-30,MT,Malta,4.4989
2017-06-30,MX,Mexico,1.3042
2017-06-30,MY,Malaysia,2.8725
2017-06-30,NL,Netherlands,6.4306
2017-06-30,NO,Norway,4.6308
2017-06-30,NZ,New Zealand,4.8524
2017-06-30,PE,Peru,-1.5232
2017-06-30,PH,Philippines,-2.5773
2017-06-30,PL,Poland,2.6897
2017-06-30,PT,Portugal,6.5059
2017-06-30,RO,Romania,5.7933
2017-06-30,RS,Serbia,3.788
2017-06-30,RU,Russia,-7.5843
2017-06-30,SE,Sweden,6.5923
2017-06-30,SG,Singapore,-3.1783
2017-06-30,SI,Slovenia,6.7649
2017-06-30,SK,Slovakia,5.4866
2017-06-30,TH,Thailand,0.707
2017-06-30,TR,Türkiye,0.2161
2017-06-30,US,United States,3.8725
2017-06-30,XM,Euro area,2.7583
2017-06-30,XW,World,3.3613
2017-06-30,ZA,South Africa,-0.9637
2017-09-30,4T,Emerging market economies (aggregate),2.5353
2017-09-30,5R,Advanced economies,3.5188
2017-09-30,AT,Austria,2.1328
2017-09-30,AU,Australia,6.3781
2017-09-30,BE,Belgium,2.0979
2017-09-30,BG,Bulgaria,7.2588
2017-09-30,BR,Brazil,-4.1829
2017-09-30,CA,Canada,13.4582
2017-09-30,CH,Switzerland,2.1078
2017-09-30,CL,Chile,6.969
2017-09-30,CN,China,5.2201
2017-09-30,CO,Colombia,2.6208
2017-09-30,CY,Cyprus,2.0264
2017-09-30,CZ,Czechia,9.7736
2017-09-30,DE,Germany,4.1224
2017-09-30,DK,Denmark,2.8272
2017-09-30,EE,Estonia,1.0117
2017-09-30,ES,Spain,4.9134
2017-09-30,FI,Finland,-0.1066
2017-09-30,FR,France,2.335
2017-09-30,GB,United Kingdom,1.8813
2017-09-30,GR,Greece,-1.6063
2017-09-30,HK,Hong Kong SAR,15.618
2017-09-30,HR,Croatia,2.8228
2017-09-30,HU,Hungary,9.5694
2017-09-30,ID,Indonesia,-0.4711
2017-09-30,IE,Ireland,11.5147
2017-09-30,IL,Israel,3.9619
2017-09-30,IN,India,4.3757
2017-09-30,IS,Iceland,18.4234
2017-09-30,IT,Italy,-2.5965
2017-09-30,JP,Japan,1.8287
2017-09-30,KR,Korea,-0.7471
2017-09-30,LT,Lithuania,4.0126
2017-09-30,LU,Luxembourg,2.8909
2017-09-30,LV,Latvia,5.7024
2017-09-30,MA,Morocco,1.6869
2017-09-30,MK,North Macedonia,-2.4267
2017-09-30,MT,Malta,3.7481
2017-09-30,MX,Mexico,1.3297
2017-09-30,MY,Malaysia,2.7566
2017-09-30,NL,Netherlands,6.6229
2017-09-30,NO,Norway,0.9188
2017-09-30,NZ,New Zealand,1.7154
2017-09-30,PE,Peru,-0.4982
2017-09-30,PH,Philippines,-0.8593
2017-09-30,PL,Poland,1.7893
2017-09-30,PT,Portugal,9.1788
2017-09-30,RO,Romania,4.1256
2017-09-30,RS,Serbia,-3.3067
2017-09-30,RU,Russia,-6.6781
2017-09-30,SE,Sweden,5.2649
2017-09-30,SG,Singapore,-0.6611
2017-09-30,SI,Slovenia,6.9118
2017-09-30,SK,Slovakia,5.6841
2017-09-30,TH,Thailand,3.8987
2017-09-30,TR,Türkiye,-0.4764
2017-09-30,US,United States,3.9595
2017-09-30,XM,Euro area,2.8362
2017-09-30,XW,World,3.033
2017-09-30,ZA,South Africa,-0.5869
2017-12-31,4T,Emerging market economies (aggregate),1.5171
2017-12-31,5R,Advanced economies,3.3008
2017-12-31,AT,Austria,2.4657
2017-12-31,AU,Australia,2.97
2017-12-31,BE,Belgium,1.0281
2017-12-31,BG,Bulgaria,5.2597
2017-12-31,BR,Brazil,-3.8152
2017-12-31,CA,Canada,11.9225
2017-12-31,CH,Switzerland,2.5255
2017-12-31,CL,Chile,7.5038
2017-12-31,CN,China,3.263
2017-12-31,CO,Colombia,2.5674
2017-12-31,CY,Cyprus,1.8442
2017-12-31,CZ,Czechia,5.6669
2017-12-31,DE,Germany,4.7238
2017-12-31,DK,Denmark,2.867
2017-12-31,EE,Estonia,1.0472
2017-12-31,ES,Spain,5.6749
2017-12-31,FI,Finland,0.4245
2017-12-31,FR,France,2.1753
2017-12-31,GB,United Kingdom,1.5434
2017-12-31,GR,Greece,-1.2483
2017-12-31,HK,Hong Kong SAR,11.8558
2017-12-31,HR,Croatia,6.2586
2017-12-31,HU,Hungary,10.3061
2017-12-31,ID,Indonesia,0.0073
2017-12-31,IE,Ireland,11.2291
2017-12-31,IL,Israel,1.7562
2017-12-31,IN,India,2.4983
2017-12-31,IS,Iceland,12.9425
2017-12-31,IT,Italy,-2.1926
2017-12-31,JP,Japan,1.1972
2017-12-31,KR,Korea,-0.1796
2017-12-31,LT,Lithuania,2.5126
2017-12-31,LU,Luxembourg,2.7569
2017-12-31,LV,Latvia,5.2544
2017-12-31,MA,Morocco,-0.9549
2017-12-31,MK,North Macedonia,-2.7212
2017-12-31,MT,Malta,3.6757
2017-12-31,MX,Mexico,1.8497
2017-12-31,MY,Malaysia,2.4898
2017-12-31,NL,Netherlands,7.4738
2017-12-31,NO,Norway,-0.575
2017-12-31,NZ,New Zealand,2.4235
2017-12-31,PE,Peru,-1.4161
2017-12-31,PH,Philippines,2.4611
2017-12-31,PL,Poland,1.5288
2017-12-31,PT,Portugal,8.8746
2017-12-31,RO,Romania,2.4017
2017-12-31,RS,Serbia,-3.3426
2017-12-31,RU,Russia,-5.4543
2017-12-31,SE,Sweden,0.9782
2017-12-31,SG,Singapore,0.6304
2017-12-31,SI,Slovenia,8.4379
2017-12-31,SK,Slovakia,4.0058
2017-12-31,TH,Thailand,3.8927
2017-12-31,TR,Türkiye,-2.312
2017-12-31,US,United States,3.8386
2017-12-31,XM,Euro area,3.2248
2017-12-31,XW,World,2.4201
2017-12-31,ZA,South Africa,-0.4353
2018-03-31,4T,Emerging market economies (aggregate),1.5733
2018-03-31,5R,Advanced economies,3.1058
2018-03-31,AT,Austria,5.4613
2018-03-31,AU,Australia,0.0876
2018-03-31,BE,Belgium,1.3377
2018-03-31,BG,Bulgaria,4.9354
2018-03-31,BR,Brazil,-3.1407
2018-03-31,CA,Canada,5.2778
2018-03-31,CH,Switzerland,2.2909
2018-03-31,CL,Chile,6.3465
2018-03-31,CN,China,2.3376
2018-03-31,CO,Colombia,2.6622
2018-03-31,CY,Cyprus,2.6397
2018-03-31,CZ,Czechia,5.6027
2018-03-31,DE,Germany,5.2071
2018-03-31,DK,Denmark,5.306
2018-03-31,EE,Estonia,3.3454
2018-03-31,ES,Spain,5.2391
2018-03-31,FI,Finland,0.2858
2018-03-31,FR,France,1.5405
2018-03-31,GB,United Kingdom,1.5867
2018-03-31,GR,Greece,0.5954
2018-03-31,HK,Hong Kong SAR,12.8977
2018-03-31,HR,Croatia,7.6561
2018-03-31,HU,Hungary,11.1939
2018-03-31,ID,Indonesia,0.4005
2018-03-31,IE,Ireland,12.0782
2018-03-31,IL,Israel,0.1783
2018-03-31,IN,India,2.008
2018-03-31,IS,Iceland,10.4679
2018-03-31,IT,Italy,-1.3061
2018-03-31,JP,Japan,0.1999
2018-03-31,KR,Korea,0.5377
2018-03-31,LT,Lithuania,4.3224
2018-03-31,LU,Luxembourg,6.0065
2018-03-31,LV,Latvia,9.2122
2018-03-31,MA,Morocco,-1.856
2018-03-31,MK,North Macedonia,2.5337
2018-03-31,MT,Malta,4.3268
2018-03-31,MX,Mexico,2.9651
2018-03-31,MY,Malaysia,2.4733
2018-03-31,NL,Netherlands,7.8241
2018-03-31,NO,Norway,-3.0168
2018-03-31,NZ,New Zealand,2.4561
2018-03-31,PE,Peru,-1.6644
2018-03-31,PH,Philippines,-1.9118
2018-03-31,PL,Poland,4.2636
2018-03-31,PT,Portugal,11.3612
2018-03-31,RO,Romania,1.694
2018-03-31,RS,Serbia,8.0983
2018-03-31,RU,Russia,-1.9574
2018-03-31,SE,Sweden,-2.3374
2018-03-31,SG,Singapore,5.1584
2018-03-31,SI,Slovenia,8.2192
2018-03-31,SK,Slovakia,9.3993
2018-03-31,TH,Thailand,5.6332
2018-03-31,TR,Türkiye,-1.9419
2018-03-31,US,United States,3.9399
2018-03-31,XM,Euro area,3.6407
2018-03-31,XW,World,2.3408
2018-03-31,ZA,South Africa,-0.0881
2018-06-30,4T,Emerging market economies (aggregate),1.2643
2018-06-30,5R,Advanced economies,2.5348
2018-06-30,AT,Austria,2.9502
2018-06-30,AU,Australia,-2.653
2018-06-30,BE,Belgium,2.0141
2018-06-30,BG,Bulgaria,4.7745
2018-06-30,BR,Brazil,-3.0095
2018-06-30,CA,Canada,0.661
2018-06-30,CH,Switzerland,2.2599
2018-06-30,CL,Chile,7.3912
2018-06-30,CN,China,2.2335
2018-06-30,CO,Colombia,3.8615
2018-06-30,CY,Cyprus,0.5878
2018-06-30,CZ,Czechia,5.6166
2018-06-30,DE,Germany,4.7633
2018-06-30,DK,Denmark,4.5343
2018-06-30,EE,Estonia,3.9179
2018-06-30,ES,Spain,4.9157
2018-06-30,FI,Finland,-0.2663
2018-06-30,FR,France,0.8866
2018-06-30,GB,United Kingdom,0.7754
2018-06-30,GR,Greece,0.7357
2018-06-30,HK,Hong Kong SAR,12.7558
2018-06-30,HR,Croatia,3.0094
2018-06-30,HU,Hungary,10.5451
2018-06-30,ID,Indonesia,-0.1662
2018-06-30,IE,Ireland,12.421
2018-06-30,IL,Israel,-1.0564
2018-06-30,IN,India,0.5367
2018-06-30,IS,Iceland,4.4935
2018-06-30,IT,Italy,-1.2591
2018-06-30,JP,Japan,1.259
2018-06-30,KR,Korea,0.4805
2018-06-30,LT,Lithuania,4.6697
2018-06-30,LU,Luxembourg,4.5555
2018-06-30,LV,Latvia,6.1552
2018-06-30,MA,Morocco,-2.2876
2018-06-30,MK,North Macedonia,1.0394
2018-06-30,MT,Malta,5.2546
2018-06-30,MX,Mexico,3.9221
2018-06-30,MY,Malaysia,2.3028
2018-06-30,NL,Netherlands,7.7487
2018-06-30,NO,Norway,-0.6314
2018-06-30,NZ,New Zealand,2.0826
2018-06-30,PE,Peru,-1.1533
2018-06-30,PH,Philippines,-0.1369
2018-06-30,PL,Poland,4.1873
2018-06-30,PT,Portugal,10.1541
2018-06-30,RO,Romania,-0.0782
2018-06-30,RS,Serbia,7.5048
2018-06-30,RU,Russia,-0.8102
2018-06-30,SE,Sweden,-3.4946
2018-06-30,SG,Singapore,8.7226
2018-06-30,SI,Slovenia,5.7343
2018-06-30,SK,Slovakia,4.2361
2018-06-30,TH,Thailand,4.6747
2018-06-30,TR,Türkiye,-3.9047
2018-06-30,US,United States,3.1625
2018-06-30,XM,Euro area,3.17
2018-06-30,XW,World,1.9107
2018-06-30,ZA,South Africa,-0.9597
2018-09-30,4T,Emerging market economies (aggregate),1.8301
2018-09-30,5R,Advanced economies,2.0406
2018-09-30,AT,Austria,5.7397
2018-09-30,AU,Australia,-3.7567
2018-09-30,BE,Belgium,0.3631
2018-09-30,BG,Bulgaria,2.656
2018-09-30,BR,Brazil,-3.3936
2018-09-30,CA,Canada,-0.7983
2018-09-30,CH,Switzerland,0.8043
2018-09-30,CL,Chile,8.7366
2018-09-30,CN,China,3.6349
2018-09-30,CO,Colombia,1.6468
2018-09-30,CY,Cyprus,-0.5982
2018-09-30,CZ,Czechia,6.2739
2018-09-30,DE,Germany,5.0169
2018-09-30,DK,Denmark,2.4795
2018-09-30,EE,Estonia,0.5204
2018-09-30,ES,Spain,4.8245
2018-09-30,FI,Finland,-0.3352
2018-09-30,FR,France,0.4872
2018-09-30,GB,United Kingdom,0.2537
2018-09-30,GR,Greece,1.292
2018-09-30,HK,Hong Kong SAR,13.0111
2018-09-30,HR,Croatia,5.335
2018-09-30,HU,Hungary,11.043
2018-09-30,ID,Indonesia,-0.1975
2018-09-30,IE,Ireland,8.2915
2018-09-30,IL,Israel,-3.0499
2018-09-30,IN,India,1.8133
2018-09-30,IS,Iceland,2.2666
2018-09-30,IT,Italy,-2.2671
2018-09-30,JP,Japan,0.6798
2018-09-30,KR,Korea,0.557
2018-09-30,LT,Lithuania,4.1487
2018-09-30,LU,Luxembourg,5.7295
2018-09-30,LV,Latvia,4.242
2018-09-30,MA,Morocco,-1.8051
2018-09-30,MK,North Macedonia,1.7386
2018-09-30,MT,Malta,4.2246
2018-09-30,MX,Mexico,3.9422
2018-09-30,MY,Malaysia,2.2507
2018-09-30,NL,Netherlands,7.5642
2018-09-30,NO,Norway,-0.2926
2018-09-30,NZ,New Zealand,1.9246
2018-09-30,PE,Peru,-0.8928
2018-09-30,PH,Philippines,-1.8352
2018-09-30,PL,Poland,4.25
2018-09-30,PT,Portugal,6.9769
2018-09-30,RO,Romania,1.3297
2018-09-30,RS,Serbia,6.6236
2018-09-30,RU,Russia,0.1633
2018-09-30,SE,Sweden,-4.1022
2018-09-30,SG,Singapore,8.038
2018-09-30,SI,Slovenia,7.3306
2018-09-30,SK,Slovakia,1.6029
2018-09-30,TH,Thailand,4.1265
2018-09-30,TR,Türkiye,-9.5878
2018-09-30,US,United States,2.6883
2018-09-30,XM,Euro area,2.8045
2018-09-30,XW,World,1.9404
2018-09-30,ZA,South Africa,-1.5704
2018-12-31,4T,Emerging market economies (aggregate),2.476
2018-12-31,5R,Advanced economies,1.9924
2018-12-31,AT,Austria,5.1505
2018-12-31,AU,Australia,-6.789
2018-12-31,BE,Belgium,0.102
2018-12-31,BG,Bulgaria,2.3402
2018-12-31,BR,Brazil,-2.5345
2018-12-31,CA,Canada,-0.2621
2018-12-31,CH,Switzerland,2.7267
2018-12-31,CL,Chile,7.0403
2018-12-31,CN,China,4.9987
2018-12-31,CO,Colombia,-0.0632
2018-12-31,CY,Cyprus,0.0671
2018-12-31,CZ,Czechia,7.6937
2018-12-31,DE,Germany,4.1688
2018-12-31,DK,Denmark,2.0659
2018-12-31,EE,Estonia,1.8906
2018-12-31,ES,Spain,4.8794
2018-12-31,FI,Finland,-0.3115
2018-12-31,FR,France,1.3103
2018-12-31,GB,United Kingdom,0.1268
2018-12-31,GR,Greece,2.0712
2018-12-31,HK,Hong Kong SAR,3.1857
2018-12-31,HR,Croatia,3.8521
2018-12-31,HU,Hungary,11.8146
2018-12-31,ID,Indonesia,-0.4666
2018-12-31,IE,Ireland,6.474
2018-12-31,IL,Israel,-2.5099
2018-12-31,IN,India,2.4831
2018-12-31,IS,Iceland,3.497
2018-12-31,IT,Italy,-1.8608
2018-12-31,JP,Japan,1.7099
2018-12-31,KR,Korea,1.3652
2018-12-31,LT,Lithuania,4.8471
2018-12-31,LU,Luxembourg,6.9057
2018-12-31,LV,Latvia,7.9201
2018-12-31,MA,Morocco,-0.0805
2018-12-31,MK,North Macedonia,1.1912
2018-12-31,MT,Malta,4.469
2018-12-31,MX,Mexico,4.2926
2018-12-31,MY,Malaysia,2.2088
2018-12-31,NL,Netherlands,6.7682
2018-12-31,NO,Norway,-1.0658
2018-12-31,NZ,New Zealand,1.4018
2018-12-31,PE,Peru,-0.5225
2018-12-31,PH,Philippines,-5.2207
2018-12-31,PL,Poland,6.0539
2018-12-31,PT,Portugal,8.4324
2018-12-31,RO,Romania,1.5758
2018-12-31,RS,Serbia,6.714
2018-12-31,RU,Russia,1.0119
2018-12-31,SE,Sweden,-1.3378
2018-12-31,SG,Singapore,7.3361
2018-12-31,SI,Slovenia,6.2767
2018-12-31,SK,Slovakia,4.504
2018-12-31,TH,Thailand,1.534
2018-12-31,TR,Türkiye,-12.6747
2018-12-31,US,United States,2.3789
2018-12-31,XM,Euro area,2.8574
2018-12-31,XW,World,2.2384
2018-12-31,ZA,South Africa,-1.5786
2019-03-31,4T,Emerging market economies (aggregate),2.756
2019-03-31,5R,Advanced economies,1.7688
2019-03-31,AT,Austria,3.1051
2019-03-31,AU,Australia,-8.5595
2019-03-31,BE,Belgium,1.1928
2019-03-31,BG,Bulgaria,3.9086
2019-03-31,BR,Brazil,-1.8604
2019-03-31,CA,Canada,-1.01
2019-03-31,CH,Switzerland,4.107
2019-03-31,CL,Chile,7.5109
2019-03-31,CN,China,5.6956
2019-03-31,CO,Colombia,2.3705
2019-03-31,CY,Cyprus,1.1133
2019-03-31,CZ,Czechia,6.8508
2019-03-31,DE,Germany,3.8593
2019-03-31,DK,Denmark,1.8232
2019-03-31,EE,Estonia,3.5451
2019-03-31,ES,Spain,5.6964
2019-03-31,FI,Finland,-0.7999
2019-03-31,FR,France,1.6972
2019-03-31,GB,United Kingdom,-0.4499
2019-03-31,GR,Greece,4.7964
2019-03-31,HK,Hong Kong SAR,-0.9006
2019-03-31,HR,Croatia,7.3709
2019-03-31,HU,Hungary,15.3891
2019-03-31,ID,Indonesia,-0.9682
2019-03-31,IE,Ireland,3.5482
2019-03-31,IL,Israel,-0.4427
2019-03-31,IN,India,1.1445
2019-03-31,IS,Iceland,1.2308
2019-03-31,IT,Italy,-1.7583
2019-03-31,JP,Japan,1.9659
2019-03-31,KR,Korea,2.124
2019-03-31,LT,Lithuania,5.5979
2019-03-31,LU,Luxembourg,3.7356
2019-03-31,LV,Latvia,3.4259
2019-03-31,MA,Morocco,-0.4253
2019-03-31,MK,North Macedonia,0.4368
2019-03-31,MT,Malta,4.6997
2019-03-31,MX,Mexico,4.7356
2019-03-31,MY,Malaysia,2.8216
2019-03-31,NL,Netherlands,5.6943
2019-03-31,NO,Norway,0.0673
2019-03-31,NZ,New Zealand,1.0895
2019-03-31,PE,Peru,0.4341
2019-03-31,PH,Philippines,-0.7755
2019-03-31,PL,Poland,6.8011
2019-03-31,PT,Portugal,8.4077
2019-03-31,RO,Romania,-0.2904
2019-03-31,RS,Serbia,6.5474
2019-03-31,RU,Russia,1.9846
2019-03-31,SE,Sweden,-0.3455
2019-03-31,SG,Singapore,2.6109
2019-03-31,SI,Slovenia,6.1588
2019-03-31,SK,Slovakia,3.2135
2019-03-31,TH,Thailand,0.2085
2019-03-31,TR,Türkiye,-13.1957
2019-03-31,US,United States,2.1549
2019-03-31,XM,Euro area,2.719
2019-03-31,XW,World,2.2632
2019-03-31,ZA,South Africa,-0.8874
2019-06-30,4T,Emerging market economies (aggregate),2.028
2019-06-30,5R,Advanced economies,1.4856
2019-06-30,AT,Austria,3.783
2019-06-30,AU,Australia,-8.8231
2019-06-30,BE,Belgium,1.1476
2019-06-30,BG,Bulgaria,1.6126
2019-06-30,BR,Brazil,-1.313
2019-06-30,CA,Canada,-1.9146
2019-06-30,CH,Switzerland,2.9888
2019-06-30,CL,Chile,5.0549
2019-06-30,CN,China,4.4834
2019-06-30,CO,Colombia,-0.1289
2019-06-30,CY,Cyprus,2.432
2019-06-30,CZ,Czechia,6.3191
2019-06-30,DE,Germany,4.2125
2019-06-30,DK,Denmark,0.5893
2019-06-30,EE,Estonia,2.7733
2019-06-30,ES,Spain,4.4496
2019-06-30,FI,Finland,-0.5286
2019-06-30,FR,France,2.0515
2019-06-30,GB,United Kingdom,-1.0012
2019-06-30,GR,Greece,7.2451
2019-06-30,HK,Hong Kong SAR,-0.2052
2019-06-30,HR,Croatia,9.3618
2019-06-30,HU,Hungary,15.3456
2019-06-30,ID,Indonesia,-1.8255
2019-06-30,IE,Ireland,1.3059
2019-06-30,IL,Israel,0.0071
2019-06-30,IN,India,0.3136
2019-06-30,IS,Iceland,0.7487
2019-06-30,IT,Italy,-0.9572
2019-06-30,JP,Japan,1.1733
2019-06-30,KR,Korea,1.1903
2019-06-30,LT,Lithuania,3.8289
2019-06-30,LU,Luxembourg,8.2544
2019-06-30,LV,Latvia,4.4917
2019-06-30,MA,Morocco,-0.7844
2019-06-30,MK,North Macedonia,4.3032
2019-06-30,MT,Malta,4.1862
2019-06-30,MX,Mexico,4.7624
2019-06-30,MY,Malaysia,1.6836
2019-06-30,NL,Netherlands,4.9654
2019-06-30,NO,Norway,-0.5195
2019-06-30,NZ,New Zealand,0.322
2019-06-30,PE,Peru,2.1439
2019-06-30,PH,Philippines,2.9629
2019-06-30,PL,Poland,5.7107
2019-06-30,PT,Portugal,8.893
2019-06-30,RO,Romania,-2.2484
2019-06-30,RS,Serbia,7.1414
2019-06-30,RU,Russia,1.8298
2019-06-30,SE,Sweden,0.136
2019-06-30,SG,Singapore,0.4201
2019-06-30,SI,Slovenia,5.6688
2019-06-30,SK,Slovakia,5.5768
2019-06-30,TH,Thailand,0.5438
2019-06-30,TR,Türkiye,-13.0818
2019-06-30,US,United States,1.8267
2019-06-30,XM,Euro area,2.9351
2019-06-30,XW,World,1.7602
2019-06-30,ZA,South Africa,-1.7465
2019-09-30,4T,Emerging market economies (aggregate),1.4713
2019-09-30,5R,Advanced economies,1.7048
2019-09-30,AT,Austria,0.8453
2019-09-30,AU,Australia,-5.282
2019-09-30,BE,Belgium,3.0769
2019-09-30,BG,Bulgaria,2.785
2019-09-30,BR,Brazil,0.7018
2019-09-30,CA,Canada,-1.7138
2019-09-30,CH,Switzerland,2.8813
2019-09-30,CL,Chile,5.3637
2019-09-30,CN,China,2.1067
2019-09-30,CO,Colombia,1.9293
2019-09-30,CY,Cyprus,3.4578
2019-09-30,CZ,Czechia,5.7203
2019-09-30,DE,Germany,3.8637
2019-09-30,DK,Denmark,1.8289
2019-09-30,EE,Estonia,5.7638
2019-09-30,ES,Spain,4.4705
2019-09-30,FI,Finland,-0.4201
2019-09-30,FR,France,2.3745
2019-09-30,GB,United Kingdom,-1.0954
2019-09-30,GR,Greece,8.3543
2019-09-30,HK,Hong Kong SAR,-4.4819
2019-09-30,HR,Croatia,6.7463
2019-09-30,HU,Hungary,13.1655
2019-09-30,ID,Indonesia,-2.082
2019-09-30,IE,Ireland,1.0297
2019-09-30,IL,Israel,1.4799
2019-09-30,IN,India,-0.3084
2019-09-30,IS,Iceland,0.2393
2019-09-30,IT,Italy,-0.0037
2019-09-30,JP,Japan,0.8709
2019-09-30,KR,Korea,1.0785
2019-09-30,LT,Lithuania,3.8386
2019-09-30,LU,Luxembourg,9.375
2019-09-30,LV,Latvia,9.4742
2019-09-30,MA,Morocco,-0.2712
2019-09-30,MK,North Macedonia,1.0256
2019-09-30,MT,Malta,4.4291
2019-09-30,MX,Mexico,4.966
2019-09-30,MY,Malaysia,0.8076
2019-09-30,NL,Netherlands,3.6147
2019-09-30,NO,Norway,0.6957
2019-09-30,NZ,New Zealand,1.6066
2019-09-30,PE,Peru,-0.0264
2019-09-30,PH,Philippines,5.5587
2019-09-30,PL,Poland,6.2195
2019-09-30,PT,Portugal,10.9281
2019-09-30,RO,Romania,0.349
2019-09-30,RS,Serbia,8.6962
2019-09-30,RU,Russia,3.6582
2019-09-30,SE,Sweden,1.4024
2019-09-30,SG,Singapore,1.7101
2019-09-30,SI,Slovenia,4.9541
2019-09-30,SK,Slovakia,8.4664
2019-09-30,TH,Thailand,-2.1309
2019-09-30,TR,Türkiye,-7.7112
2019-09-30,US,United States,2.0536
2019-09-30,XM,Euro area,3.1002
2019-09-30,XW,World,1.586
2019-09-30,ZA,South Africa,-1.9173
2019-12-31,4T,Emerging market economies (aggregate),0.3656
2019-12-31,5R,Advanced economies,2.0889
2019-12-31,AT,Austria,1.6769
2019-12-31,AU,Australia,0.6456
2019-12-31,BE,Belgium,3.6726
2019-12-31,BG,Bulgaria,3.0722
2019-12-31,BR,Brazil,1.5477
2019-12-31,CA,Canada,-0.4445
2019-12-31,CH,Switzerland,3.5223
2019-12-31,CL,Chile,5.0607
2019-12-31,CN,China,-0.6327
2019-12-31,CO,Colombia,2.5584
2019-12-31,CY,Cyprus,2.4103
2019-12-31,CZ,Czechia,5.6777
2019-12-31,DE,Germany,5.2159
2019-12-31,DK,Denmark,1.7154
2019-12-31,EE,Estonia,6.368
2019-12-31,ES,Spain,3.2329
2019-12-31,FI,Finland,-0.6421
2019-12-31,FR,France,2.6678
2019-12-31,GB,United Kingdom,-0.5342
2019-12-31,GR,Greece,7.3807
2019-12-31,HK,Hong Kong SAR,0.3048
2019-12-31,HR,Croatia,8.4009
2019-12-31,HU,Hungary,9.137
2019-12-31,ID,Indonesia,-1.6576
2019-12-31,IE,Ireland,-0.2396
2019-12-31,IL,Israel,3.1192
2019-12-31,IN,India,-2.679
2019-12-31,IS,Iceland,1.748
2019-12-31,IT,Italy,-0.0587
2019-12-31,JP,Japan,0.4319
2019-12-31,KR,Korea,-0.2294
2019-12-31,LT,Lithuania,4.3901
2019-12-31,LU,Luxembourg,9.1349
2019-12-31,LV,Latvia,6.4883
2019-12-31,MA,Morocco,-1.5289
2019-12-31,MK,North Macedonia,3.1575
2019-12-31,MT,Malta,4.3895
2019-12-31,MX,Mexico,4.5829
2019-12-31,MY,Malaysia,0.792
2019-12-31,NL,Netherlands,3.7517
2019-12-31,NO,Norway,0.9733
2019-12-31,NZ,New Zealand,2.8692
2019-12-31,PE,Peru,-2.4593
2019-12-31,PH,Philippines,7.3238
2019-12-31,PL,Poland,6.6358
2019-12-31,PT,Portugal,10.0912
2019-12-31,RO,Romania,0.4243
2019-12-31,RS,Serbia,9.3035
2019-12-31,RU,Russia,3.0201
2019-12-31,SE,Sweden,1.5346
2019-12-31,SG,Singapore,2.0273
2019-12-31,SI,Slovenia,3.2373
2019-12-31,SK,Slovakia,7.8289
2019-12-31,TH,Thailand,1.6647
2019-12-31,TR,Türkiye,-2.2914
2019-12-31,US,United States,2.406
2019-12-31,XM,Euro area,3.2868
2019-12-31,XW,World,1.213
2019-12-31,ZA,South Africa,-1.6361
2020-03-31,4T,Emerging market economies (aggregate),0.0383
2020-03-31,5R,Advanced economies,2.6372
2020-03-31,AT,Austria,1.4899
2020-03-31,AU,Australia,5.0177
2020-03-31,BE,Belgium,2.7498
2020-03-31,BG,Bulgaria,1.0292
2020-03-31,BR,Brazil,2.1966
2020-03-31,CA,Canada,2.4148
2020-03-31,CH,Switzerland,1.7845
2020-03-31,CL,Chile,5.0807
2020-03-31,CN,China,-2.1002
2020-03-31,CO,Colombia,1.2446
2020-03-31,CY,Cyprus,0.7421
2020-03-31,CZ,Czechia,4.8609
2020-03-31,DE,Germany,5.2431
2020-03-31,DK,Denmark,2.2822
2020-03-31,EE,Estonia,9.8315
2020-03-31,ES,Spain,2.6739
2020-03-31,FI,Finland,0.3222
2020-03-31,FR,France,3.6427
2020-03-31,GB,United Kingdom,0.0842
2020-03-31,GR,Greece,6.3444
2020-03-31,HK,Hong Kong SAR,0.369
2020-03-31,HR,Croatia,6.9248
2020-03-31,HU,Hungary,3.8219
2020-03-31,ID,Indonesia,-1.6885
2020-03-31,IE,Ireland,-0.059
2020-03-31,IL,Israel,3.3463
2020-03-31,IN,India,-2.6033
2020-03-31,IS,Iceland,3.3642
2020-03-31,IT,Italy,1.3657
2020-03-31,JP,Japan,-1.0635
2020-03-31,KR,Korea,0.1236
2020-03-31,LT,Lithuania,3.6404
2020-03-31,LU,Luxembourg,12.61
2020-03-31,LV,Latvia,6.6504
2020-03-31,MA,Morocco,-1.9861
2020-03-31,MK,North Macedonia,1.7026
2020-03-31,MT,Malta,4.3552
2020-03-31,MX,Mexico,3.5232
2020-03-31,MY,Malaysia,0.9683
2020-03-31,NL,Netherlands,5.1639
2020-03-31,NO,Norway,0.6872
2020-03-31,NZ,New Zealand,4.8979
2020-03-31,PE,Peru,-2.1391
2020-03-31,PH,Philippines,5.0618
2020-03-31,PL,Poland,6.4308
2020-03-31,PT,Portugal,10.1324
2020-03-31,RO,Romania,4.9437
2020-03-31,RS,Serbia,9.3031
2020-03-31,RU,Russia,4.5956
2020-03-31,SE,Sweden,3.5235
2020-03-31,SG,Singapore,1.9756
2020-03-31,SI,Slovenia,3.1861
2020-03-31,SK,Slovakia,10.095
2020-03-31,TH,Thailand,3.7494
2020-03-31,TR,Türkiye,2.5063
2020-03-31,US,United States,3.0513
2020-03-31,XM,Euro area,3.9553
2020-03-31,XW,World,1.3046
2020-03-31,ZA,South Africa,-3.11
2020-06-30,4T,Emerging market economies (aggregate),0.9033
2020-06-30,5R,Advanced economies,3.7946
2020-06-30,AT,Austria,4.0977
2020-06-30,AU,Australia,6.5792
2020-06-30,BE,Belgium,3.6969
2020-06-30,BG,Bulgaria,1.406
2020-06-30,BR,Brazil,4.9904
2020-06-30,CA,Canada,5.6472
2020-06-30,CH,Switzerland,3.7748
2020-06-30,CL,Chile,6.3505
2020-06-30,CN,China,-0.5564
2020-06-30,CO,Colombia,-1.8016
2020-06-30,CY,Cyprus,3.8472
2020-06-30,CZ,Czechia,4.5024
2020-06-30,DE,Germany,5.7222
2020-06-30,DK,Denmark,2.776
2020-06-30,EE,Estonia,5.2711
2020-06-30,ES,Spain,2.8566
2020-06-30,FI,Finland,0.8674
2020-06-30,FR,France,4.8834
2020-06-30,GB,United Kingdom,0.5506
2020-06-30,GR,Greece,5.749
2020-06-30,HK,Hong Kong SAR,-4.2035
2020-06-30,HR,Croatia,8.3516
2020-06-30,HU,Hungary,0.0895
2020-06-30,ID,Indonesia,-0.8316
2020-06-30,IE,Ireland,0.6269
2020-06-30,IL,Israel,3.3965
2020-06-30,IN,India,-3.4948
2020-06-30,IS,Iceland,4.0938
2020-06-30,IT,Italy,3.5312
2020-06-30,JP,Japan,-0.8858
2020-06-30,KR,Korea,2.3838
2020-06-30,LT,Lithuania,6.1448
2020-06-30,LU,Luxembourg,12.671
2020-06-30,LV,Latvia,1.9707
2020-06-30,MA,Morocco,-5.4562
2020-06-30,MK,North Macedonia,1.0106
2020-06-30,MT,Malta,3.2005
2020-06-30,MX,Mexico,2.9137
2020-06-30,MY,Malaysia,4.0768
2020-06-30,NL,Netherlands,6.5631
2020-06-30,NO,Norway,1.6002
2020-06-30,NZ,New Zealand,5.2768
2020-06-30,PE,Peru,-1.8398
2020-06-30,PH,Philippines,6.6559
2020-06-30,PL,Poland,7.4983
2020-06-30,PT,Portugal,10.0173
2020-06-30,RO,Romania,3.9339
2020-06-30,RS,Serbia,10.5106
2020-06-30,RU,Russia,4.8142
2020-06-30,SE,Sweden,3.1361
2020-06-30,SG,Singapore,1.9068
2020-06-30,SI,Slovenia,6.1973
2020-06-30,SK,Slovakia,7.6262
2020-06-30,TH,Thailand,7.1381
2020-06-30,TR,Türkiye,7.1255
2020-06-30,US,United States,4.6964
2020-06-30,XM,Euro area,4.8713
2020-06-30,XW,World,2.3142
2020-06-30,ZA,South Africa,-1.1436
2020-09-30,4T,Emerging market economies (aggregate),0.9146
2020-09-30,5R,Advanced economies,4.5824
2020-09-30,AT,Austria,7.8441
2020-09-30,AU,Australia,3.816
2020-09-30,BE,Belgium,2.3523
2020-09-30,BG,Bulgaria,4.0122
2020-09-30,BR,Brazil,5.4666
2020-09-30,CA,Canada,6.6237
2020-09-30,CH,Switzerland,3.4799
2020-09-30,CL,Chile,1.1676
2020-09-30,CN,China,-0.0397
2020-09-30,CO,Colombia,-0.8454
2020-09-30,CY,Cyprus,2.4349
2020-09-30,CZ,Czechia,4.8773
2020-09-30,DE,Germany,8.824
2020-09-30,DK,Denmark,3.5836
2020-09-30,EE,Estonia,4.8961
2020-09-30,ES,Spain,2.3313
2020-09-30,FI,Finland,1.3675
2020-09-30,FR,France,4.5349
2020-09-30,GB,United Kingdom,1.924
2020-09-30,GR,Greece,5.8866
2020-09-30,HK,Hong Kong SAR,0.6914
2020-09-30,HR,Croatia,6.9904
2020-09-30,HU,Hungary,1.1032
2020-09-30,ID,Indonesia,-0.0558
2020-09-30,IE,Ireland,0.1198
2020-09-30,IL,Israel,3.5032
2020-09-30,IN,India,-5.4164
2020-09-30,IS,Iceland,4.3716
2020-09-30,IT,Italy,1.5497
2020-09-30,JP,Japan,-0.1175
2020-09-30,KR,Korea,3.7735
2020-09-30,LT,Lithuania,5.3442
2020-09-30,LU,Luxembourg,13.0018
2020-09-30,LV,Latvia,1.7284
2020-09-30,MA,Morocco,-1.9501
2020-09-30,MK,North Macedonia,1.4857
2020-09-30,MT,Malta,2.195
2020-09-30,MX,Mexico,1.0988
2020-09-30,MY,Malaysia,1.5918
2020-09-30,NL,Netherlands,7.2184
2020-09-30,NO,Norway,3.3008
2020-09-30,NZ,New Zealand,8.4223
2020-09-30,PE,Peru,-1.2618
2020-09-30,PH,Philippines,3.9201
2020-09-30,PL,Poland,7.6531
2020-09-30,PT,Portugal,6.9272
2020-09-30,RO,Romania,-1.0003
2020-09-30,RS,Serbia,9.9806
2020-09-30,RU,Russia,5.8643
2020-09-30,SE,Sweden,3.1258
2020-09-30,SG,Singapore,0.9183
2020-09-30,SI,Slovenia,3.3737
2020-09-30,SK,Slovakia,6.7496
2020-09-30,TH,Thailand,5.4568
2020-09-30,TR,Türkiye,14.9724
2020-09-30,US,United States,5.8688
2020-09-30,XM,Euro area,5.2558
2020-09-30,XW,World,2.6931
2020-09-30,ZA,South Africa,-0.2749
2020-12-31,4T,Emerging market economies (aggregate),2.0348
2020-12-31,5R,Advanced economies,6.4168
2020-12-31,AT,Austria,8.6224
2020-12-31,AU,Australia,2.7326
2020-12-31,BE,Belgium,5.2801
2020-12-31,BG,Bulgaria,4.922
2020-12-31,BR,Brazil,4.5061
2020-12-31,CA,Canada,7.5167
2020-12-31,CH,Switzerland,3.8453
2020-12-31,CL,Chile,1.574
2020-12-31,CN,China,2.2697
2020-12-31,CO,Colombia,0.1128
2020-12-31,CY,Cyprus,1.6208
2020-12-31,CZ,Czechia,6.1327
2020-12-31,DE,Germany,8.8546
2020-12-31,DK,Denmark,6.6595
2020-12-31,EE,Estonia,6.031
2020-12-31,ES,Spain,2.4204
2020-12-31,FI,Finland,3.338
2020-12-31,FR,France,5.7666
2020-12-31,GB,United Kingdom,5.239
2020-12-31,GR,Greece,5.3297
2020-12-31,HK,Hong Kong SAR,0.4869
2020-12-31,HR,Croatia,6.6444
2020-12-31,HU,Hungary,1.3346
2020-12-31,ID,Indonesia,-0.4351
2020-12-31,IE,Ireland,1.8804
2020-12-31,IL,Israel,4.4084
2020-12-31,IN,India,-3.9013
2020-12-31,IS,Iceland,4.0657
2020-12-31,IT,Italy,1.7679
2020-12-31,JP,Japan,2.4836
2020-12-31,KR,Korea,6.6839
2020-12-31,LT,Lithuania,8.8226
2020-12-31,LU,Luxembourg,16.0251
2020-12-31,LV,Latvia,2.8971
2020-12-31,MA,Morocco,1.2088
2020-12-31,MK,North Macedonia,-0.2861
2020-12-31,MT,Malta,1.3242
2020-12-31,MX,Mexico,1.7933
2020-12-31,MY,Malaysia,2.7781
2020-12-31,NL,Netherlands,7.5671
2020-12-31,NO,Norway,6.1454
2020-12-31,NZ,New Zealand,14.4218
2020-12-31,PE,Peru,1.8636
2020-12-31,PH,Philippines,1.0089
2020-12-31,PL,Poland,5.9979
2020-12-31,PT,Portugal,8.1362
2020-12-31,RO,Romania,0.2467
2020-12-31,RS,Serbia,11.0005
2020-12-31,RU,Russia,9.1346
2020-12-31,SE,Sweden,4.9362
2020-12-31,SG,Singapore,2.3141
2020-12-31,SI,Slovenia,5.9218
2020-12-31,SK,Slovakia,5.4968
2020-12-31,TH,Thailand,1.5159
2020-12-31,TR,Türkiye,15.7073
2020-12-31,US,United States,8.1668
2020-12-31,XM,Euro area,6.2234
2020-12-31,XW,World,4.148
2020-12-31,ZA,South Africa,0.9574
2021-03-31,4T,Emerging market economies (aggregate),2.1675
2021-03-31,5R,Advanced economies,7.0234
2021-03-31,AT,Austria,10.8209
2021-03-31,AU,Australia,6.3339
2021-03-31,BE,Belgium,5.6565
2021-03-31,BG,Bulgaria,7.5707
2021-03-31,BR,Brazil,3.6456
2021-03-31,CA,Canada,7.2045
2021-03-31,CH,Switzerland,4.3094
2021-03-31,CL,Chile,5.0838
2021-03-31,CN,China,3.1668
2021-03-31,CO,Colombia,0.6336
2021-03-31,CY,Cyprus,2.34
2021-03-31,CZ,Czechia,10.9297
2021-03-31,DE,Germany,7.7456
2021-03-31,DK,Denmark,8.3078
2021-03-31,EE,Estonia,5.9096
2021-03-31,ES,Spain,0.3438
2021-03-31,FI,Finland,3.0688
2021-03-31,FR,France,4.7556
2021-03-31,GB,United Kingdom,7.0111
2021-03-31,GR,Greece,6.2618
2021-03-31,HK,Hong Kong SAR,0.9903
2021-03-31,HR,Croatia,4.3798
2021-03-31,HU,Hungary,6.3218
2021-03-31,ID,Indonesia,-0.4682
2021-03-31,IE,Ireland,3.2727
2021-03-31,IL,Israel,4.7013
2021-03-31,IN,India,-2.1144
2021-03-31,IS,Iceland,4.1367
2021-03-31,IT,Italy,1.1674
2021-03-31,JP,Japan,3.9235
2021-03-31,KR,Korea,8.7036
2021-03-31,LT,Lithuania,11.0342
2021-03-31,LU,Luxembourg,15.6911
2021-03-31,LV,Latvia,2.9719
2021-03-31,MA,Morocco,0.4991
2021-03-31,MK,North Macedonia,0.9805
2021-03-31,MT,Malta,4.2625
2021-03-31,MX,Mexico,2.4808
2021-03-31,MY,Malaysia,0.2078
2021-03-31,NL,Netherlands,8.4331
2021-03-31,NO,Norway,8.0201
2021-03-31,NZ,New Zealand,20.9016
2021-03-31,PE,Peru,-0.4149
2021-03-31,PH,Philippines,0.0748
2021-03-31,PL,Poland,4.2458
2021-03-31,PT,Portugal,6.1731
2021-03-31,RO,Romania,-2.2295
2021-03-31,RS,Serbia,12.0887
2021-03-31,RU,Russia,5.2229
2021-03-31,SE,Sweden,5.6093
2021-03-31,SG,Singapore,5.8255
2021-03-31,SI,Slovenia,7.8324
2021-03-31,SK,Slovakia,0.9704
2021-03-31,TH,Thailand,1.5118
2021-03-31,TR,Türkiye,13.7418
2021-03-31,US,United States,9.257
2021-03-31,XM,Euro area,5.1076
2021-03-31,XW,World,4.4942
2021-03-31,ZA,South Africa,3.1201
2021-06-30,4T,Emerging market economies (aggregate),1.6772
2021-06-30,5R,Advanced economies,8.1473
2021-06-30,AT,Austria,8.9975
2021-06-30,AU,Australia,12.4699
2021-06-30,BE,Belgium,5.4874
2021-06-30,BG,Bulgaria,6.4627
2021-06-30,BR,Brazil,0.884
2021-06-30,CA,Canada,9.7893
2021-06-30,CH,Switzerland,4.1978
2021-06-30,CL,Chile,6.531
2021-06-30,CN,China,2.4499
2021-06-30,CO,Colombia,4.195
2021-06-30,CY,Cyprus,-2.0905
2021-06-30,CZ,Czechia,13.8466
2021-06-30,DE,Germany,9.156
2021-06-30,DK,Denmark,10.9488
2021-06-30,EE,Estonia,12.5745
2021-06-30,ES,Spain,0.7077
2021-06-30,FI,Finland,3.3322
2021-06-30,FR,France,4.6142
2021-06-30,GB,United Kingdom,7.2169
2021-06-30,GR,Greece,6.5606
2021-06-30,HK,Hong Kong SAR,1.6791
2021-06-30,HR,Croatia,4.3643
2021-06-30,HU,Hungary,11.1137
2021-06-30,ID,Indonesia,-0.5132
2021-06-30,IE,Ireland,4.083
2021-06-30,IL,Israel,6.2654
2021-06-30,IN,India,-3.4374
2021-06-30,IS,Iceland,7.8599
2021-06-30,IT,Italy,-0.9614
2021-06-30,JP,Japan,6.301
2021-06-30,KR,Korea,10.2658
2021-06-30,LT,Lithuania,9.7184
2021-06-30,LU,Luxembourg,10.962
2021-06-30,LV,Latvia,9.5194
2021-06-30,MA,Morocco,0.7868
2021-06-30,MK,North Macedonia,1.3286
2021-06-30,MT,Malta,4.1873
2021-06-30,MX,Mexico,1.6934
2021-06-30,MY,Malaysia,-3.0006
2021-06-30,NL,Netherlands,10.3094
2021-06-30,NO,Norway,9.2927
2021-06-30,NZ,New Zealand,24.3592
2021-06-30,PE,Peru,-1.2252
2021-06-30,PH,Philippines,-1.5581
2021-06-30,PL,Poland,3.7347
2021-06-30,PT,Portugal,7.0089
2021-06-30,RO,Romania,-0.5478
2021-06-30,RS,Serbia,11.0644
2021-06-30,RU,Russia,7.8973
2021-06-30,SE,Sweden,8.9648
2021-06-30,SG,Singapore,4.7311
2021-06-30,SI,Slovenia,8.048
2021-06-30,SK,Slovakia,2.4474
2021-06-30,TH,Thailand,-1.4849
2021-06-30,TR,Türkiye,14.7038
2021-06-30,US,United States,10.226
2021-06-30,XM,Euro area,5.4824
2021-06-30,XW,World,4.7588
2021-06-30,ZA,South Africa,2.7593
2021-09-30,4T,Emerging market economies (aggregate),1.6289
2021-09-30,5R,Advanced economies,8.9092
2021-09-30,AT,Austria,7.0799
2021-09-30,AU,Australia,18.033
2021-09-30,BE,Belgium,4.8056
2021-09-30,BG,Bulgaria,4.7374
2021-09-30,BR,Brazil,-1.8396
2021-09-30,CA,Canada,9.8983
2021-09-30,CH,Switzerland,6.0607
2021-09-30,CL,Chile,8.046
2021-09-30,CN,China,2.4326
2021-09-30,CO,Colombia,2.0722
2021-09-30,CY,Cyprus,-3.0743
2021-09-30,CZ,Czechia,17.3309
2021-09-30,DE,Germany,8.5224
2021-09-30,DK,Denmark,11.0159
2021-09-30,EE,Estonia,11.1421
2021-09-30,ES,Spain,0.7503
2021-09-30,FI,Finland,2.583
2021-09-30,FR,France,5.3181
2021-09-30,GB,United Kingdom,5.3914
2021-09-30,GR,Greece,6.86
2021-09-30,HK,Hong Kong SAR,1.4453
2021-09-30,HR,Croatia,5.7807
2021-09-30,HU,Hungary,11.1282
2021-09-30,ID,Indonesia,-0.5395
2021-09-30,IE,Ireland,7.4203
2021-09-30,IL,Israel,7.242
2021-09-30,IN,India,-2.5511
2021-09-30,IS,Iceland,9.9301
2021-09-30,IT,Italy,1.8602
2021-09-30,JP,Japan,8.2659
2021-09-30,KR,Korea,12.2353
2021-09-30,LT,Lithuania,12.7689
2021-09-30,LU,Luxembourg,10.6417
2021-09-30,LV,Latvia,8.2884
2021-09-30,MA,Morocco,-6.7624
2021-09-30,MK,North Macedonia,1.9946
2021-09-30,MT,Malta,3.7622
2021-09-30,MX,Mexico,2.7076
2021-09-30,MY,Malaysia,-1.065
2021-09-30,NL,Netherlands,13.7213
2021-09-30,NO,Norway,6.7021
2021-09-30,NZ,New Zealand,22.6206
2021-09-30,PE,Peru,-5.1009
2021-09-30,PH,Philippines,0.8757
2021-09-30,PL,Poland,3.3337
2021-09-30,PT,Portugal,9.8674
2021-09-30,RO,Romania,0.8103
2021-09-30,RS,Serbia,10.6959
2021-09-30,RU,Russia,7.208
2021-09-30,SE,Sweden,9.1742
2021-09-30,SG,Singapore,4.8576
2021-09-30,SI,Slovenia,10.4917
2021-09-30,SK,Slovakia,3.9934
2021-09-30,TH,Thailand,3.4977
2021-09-30,TR,Türkiye,11.7656
2021-09-30,US,United States,10.7899
2021-09-30,XM,Euro area,6.2299
2021-09-30,XW,World,5.0774
2021-09-30,ZA,South Africa,2.0244
2021-12-31,4T,Emerging market economies (aggregate),0.6808
2021-12-31,5R,Advanced economies,7.5594
2021-12-31,AT,Austria,8.1371
2021-12-31,AU,Australia,19.5166
2021-12-31,BE,Belgium,0.7
2021-12-31,BG,Bulgaria,2.1834
2021-12-31,BR,Brazil,-3.9067
2021-12-31,CA,Canada,8.7934
2021-12-31,CH,Switzerland,5.7958
2021-12-31,CL,Chile,8.2586
2021-12-31,CN,China,-0.1139
2021-12-31,CO,Colombia,1.2716
2021-12-31,CY,Cyprus,-1.7688
2021-12-31,CZ,Czechia,18.4954
2021-12-31,DE,Germany,7.6297
2021-12-31,DK,Denmark,7.78
2021-12-31,EE,Estonia,10.1028
2021-12-31,ES,Spain,0.4625
2021-12-31,FI,Finland,0.4155
2021-12-31,FR,France,4.0458
2021-12-31,GB,United Kingdom,2.2577
2021-12-31,GR,Greece,5.359
2021-12-31,HK,Hong Kong SAR,1.5886
2021-12-31,HR,Croatia,4.5643
2021-12-31,HU,Hungary,14.6676
2021-12-31,ID,Indonesia,-0.5657
2021-12-31,IE,Ireland,8.1234
2021-12-31,IL,Israel,9.0204
2021-12-31,IN,India,-1.8225
2021-12-31,IS,Iceland,10.5231
2021-12-31,IT,Italy,0.3857
2021-12-31,JP,Japan,6.3062
2021-12-31,KR,Korea,11.7858
2021-12-31,LT,Lithuania,9.675
2021-12-31,LU,Luxembourg,7.6985
2021-12-31,LV,Latvia,8.3333
2021-12-31,MA,Morocco,-9.4831
2021-12-31,MK,North Macedonia,6.5236
2021-12-31,MT,Malta,2.0893
2021-12-31,MX,Mexico,1.4569
2021-12-31,MY,Malaysia,-1.232
2021-12-31,NL,Netherlands,13.146
2021-12-31,NO,Norway,3.1976
2021-12-31,NZ,New Zealand,18.8565
2021-12-31,PE,Peru,-8.4536
2021-12-31,PH,Philippines,2.6867
2021-12-31,PL,Poland,3.8745
2021-12-31,PT,Portugal,8.996
2021-12-31,RO,Romania,-0.1518
2021-12-31,RS,Serbia,8.4495
2021-12-31,RU,Russia,6.1282
2021-12-31,SE,Sweden,7.3374
2021-12-31,SG,Singapore,6.6336
2021-12-31,SI,Slovenia,11.1503
2021-12-31,SK,Slovakia,4.9593
2021-12-31,TH,Thailand,0.5999
2021-12-31,TR,Türkiye,18.5601
2021-12-31,US,United States,9.5472
2021-12-31,XM,Euro area,4.7025
2021-12-31,XW,World,3.929
2021-12-31,ZA,South Africa,0.477
2022-03-31,4T,Emerging market economies (aggregate),0.6988
2022-03-31,5R,Advanced economies,7.1524
2022-03-31,AT,Austria,6.1667
2022-03-31,AU,Australia,14.7257
2022-03-31,BE,Belgium,-1.6331
2022-03-31,BG,Bulgaria,0.8724
2022-03-31,BR,Brazil,-5.5656
2022-03-31,CA,Canada,18.5432
2022-03-31,CH,Switzerland,4.8125
2022-03-31,CL,Chile,-0.8462
2022-03-31,CN,China,-1.106
2022-03-31,CO,Colombia,0.049
2022-03-31,CY,Cyprus,-2.9887
2022-03-31,CZ,Czechia,11.9228
2022-03-31,DE,Germany,7.082
2022-03-31,DK,Denmark,4.6446
2022-03-31,EE,Estonia,7.204
2022-03-31,ES,Spain,0.6192
2022-03-31,FI,Finland,-1.8405
2022-03-31,FR,France,3.2115
2022-03-31,GB,United Kingdom,1.8588
2022-03-31,GR,Greece,2.4055
2022-03-31,HK,Hong Kong SAR,-1.5736
2022-03-31,HR,Croatia,6.8562
2022-03-31,HU,Hungary,13.8025
2022-03-31,ID,Indonesia,-0.6985
2022-03-31,IE,Ireland,8.6583
2022-03-31,IL,Israel,11.4574
2022-03-31,IN,India,-4.2775
2022-03-31,IS,Iceland,12.1514
2022-03-31,IT,Italy,-1.0143
2022-03-31,JP,Japan,8.0904
2022-03-31,KR,Korea,8.3694
2022-03-31,LT,Lithuania,4.4255
2022-03-31,LU,Luxembourg,4.5566
2022-03-31,LV,Latvia,7.4977
2022-03-31,MA,Morocco,-9.0087
2022-03-31,MK,North Macedonia,4.4131
2022-03-31,MT,Malta,2.4829
2022-03-31,MX,Mexico,0.4413
2022-03-31,MY,Malaysia,0.1522
2022-03-31,NL,Netherlands,10.7802
2022-03-31,NO,Norway,3.2189
2022-03-31,NZ,New Zealand,6.2316
2022-03-31,PE,Peru,-7.8402
2022-03-31,PH,Philippines,5.5537
2022-03-31,PL,Poland,3.5145
2022-03-31,PT,Portugal,8.3086
2022-03-31,RO,Romania,-1.9655
2022-03-31,RS,Serbia,7.3656
2022-03-31,RU,Russia,18.7713
2022-03-31,SE,Sweden,5.4129
2022-03-31,SG,Singapore,3.0415
2022-03-31,SI,Slovenia,10.3966
2022-03-31,SK,Slovakia,4.5045
2022-03-31,TH,Thailand,-1.8375
2022-03-31,TR,Türkiye,24.1885
2022-03-31,US,United States,9.3111
2022-03-31,XM,Euro area,3.6228
2022-03-31,XW,World,3.7454
2022-03-31,ZA,South Africa,-0.5393
2022-06-30,4T,Emerging market economies (aggregate),-1.0447
2022-06-30,5R,Advanced economies,4.2037
2022-06-30,AT,Austria,4.8834
2022-06-30,AU,Australia,6.7312
2022-06-30,BE,Belgium,-2.7945
2022-06-30,BG,Bulgaria,-0.8338
2022-06-30,BR,Brazil,-7.8228
2022-06-30,CA,Canada,6.5204
2022-06-30,CH,Switzerland,4.3927
2022-06-30,CL,Chile,-3.8994
2022-06-30,CN,China,-4.2636
2022-06-30,CO,Colombia,-2.1883
2022-06-30,CY,Cyprus,-4.1358
2022-06-30,CZ,Czechia,5.7179
2022-06-30,DE,Germany,3.2747
2022-06-30,DK,Denmark,-1.593
2022-06-30,EE,Estonia,5.8939
2022-06-30,ES,Spain,-0.9561
2022-06-30,FI,Finland,-4.4873
2022-06-30,FR,France,1.4092
2022-06-30,GB,United Kingdom,-0.213
2022-06-30,GR,Greece,-0.2883
2022-06-30,HK,Hong Kong SAR,-3.6789
2022-06-30,HR,Croatia,2.6367
2022-06-30,HU,Hungary,12.8676
2022-06-30,ID,Indonesia,-2.0604
2022-06-30,IE,Ireland,5.8247
2022-06-30,IL,Israel,12.7734
2022-06-30,IN,India,-3.6263
2022-06-30,IS,Iceland,13.8956
2022-06-30,IT,Italy,-1.5985
2022-06-30,JP,Japan,6.597
2022-06-30,KR,Korea,3.8049
2022-06-30,LT,Lithuania,2.6477
2022-06-30,LU,Luxembourg,4.2167
2022-06-30,LV,Latvia,-0.0156
2022-06-30,MA,Morocco,-7.7491
2022-06-30,MK,North Macedonia,3.7478
2022-06-30,MT,Malta,1.4318
2022-06-30,MX,Mexico,0.1795
2022-06-30,MY,Malaysia,-0.2189
2022-06-30,NL,Netherlands,7.8482
2022-06-30,NO,Norway,0.4576
2022-06-30,NZ,New Zealand,-2.0431
2022-06-30,PE,Peru,-9.1972
2022-06-30,PH,Philippines,3.9629
2022-06-30,PL,Poland,-1.4084
2022-06-30,PT,Portugal,4.7996
2022-06-30,RO,Romania,-5.4438
2022-06-30,RS,Serbia,5.2964
2022-06-30,RU,Russia,10.6801
2022-06-30,SE,Sweden,-0.3582
2022-06-30,SG,Singapore,4.4622
2022-06-30,SI,Slovenia,6.508
2022-06-30,SK,Slovakia,3.6493
2022-06-30,TH,Thailand,-2.7222
2022-06-30,TR,Türkiye,39.7532
2022-06-30,US,United States,6.6366
2022-06-30,XM,Euro area,1.2724
2022-06-30,XW,World,1.4399
2022-06-30,ZA,South Africa,-1.9897
2022-09-30,4T,Emerging market economies (aggregate),-0.7859
2022-09-30,5R,Advanced economies,0.3426
2022-09-30,AT,Austria,0.8875
2022-09-30,AU,Australia,-2.8424
2022-09-30,BE,Belgium,-4.4214
2022-09-30,BG,Bulgaria,-1.9956
2022-09-30,BR,Brazil,-5.9558
2022-09-30,CA,Canada,-4.8011
2022-09-30,CH,Switzerland,2.8392
2022-09-30,CL,Chile,-4.8813
2022-09-30,CN,China,-5.788
2022-09-30,CO,Colombia,-3.693
2022-09-30,CY,Cyprus,-2.9335
2022-09-30,CZ,Czechia,-1.7004
2022-09-30,DE,Germany,-2.1292
2022-09-30,DK,Denmark,-5.4239
2022-09-30,EE,Estonia,0.3384
2022-09-30,ES,Spain,-2.1923
2022-09-30,FI,Finland,-6.1414
2022-09-30,FR,France,0.5368
2022-09-30,GB,United Kingdom,0.8499
2022-09-30,GR,Greece,0.8469
2022-09-30,HK,Hong Kong SAR,-9.8403
2022-09-30,HR,Croatia,2.0604
2022-09-30,HU,Hungary,6.5599
2022-09-30,ID,Indonesia,-3.096
2022-09-30,IE,Ireland,2.9372
2022-09-30,IL,Israel,14.1062
2022-09-30,IN,India,-0.3242
2022-09-30,IS,Iceland,11.8158
2022-09-30,IT,Italy,-5.0539
2022-09-30,JP,Japan,4.8789
2022-09-30,KR,Korea,-0.5423
2022-09-30,LT,Lithuania,-2.8023
2022-09-30,LU,Luxembourg,3.9696
2022-09-30,LV,Latvia,-6.6577
2022-09-30,MA,Morocco,-6.0053
2022-09-30,MK,North Macedonia,3.6268
2022-09-30,MT,Malta,-0.623
2022-09-30,MX,Mexico,0.8364
2022-09-30,MY,Malaysia,0.6078
2022-09-30,NL,Netherlands,-0.1735
2022-09-30,NO,Norway,-1.7339
2022-09-30,NZ,New Zealand,-10.1446
2022-09-30,PE,Peru,-7.7783
2022-09-30,PH,Philippines,6.9271
2022-09-30,PL,Poland,-3.6476
2022-09-30,PT,Portugal,3.7201
2022-09-30,RO,Romania,-7.5172
2022-09-30,RS,Serbia,2.2393
2022-09-30,RU,Russia,10.9506
2022-09-30,SE,Sweden,-7.8157
2022-09-30,SG,Singapore,5.8461
2022-09-30,SI,Slovenia,4.0826
2022-09-30,SK,Slovakia,0.571
2022-09-30,TH,Thailand,-5.5104
2022-09-30,TR,Türkiye,54.8874
2022-09-30,US,United States,2.097
2022-09-30,XM,Euro area,-2.0708
2022-09-30,XW,World,-0.2383
2022-09-30,ZA,South Africa,-3.2817
2022-12-31,4T,Emerging market economies (aggregate),-0.9791
2022-12-31,5R,Advanced economies,-2.8928
2022-12-31,AT,Austria,-4.845
2022-12-31,AU,Australia,-10.137
2022-12-31,BE,Belgium,-5.822
2022-12-31,BG,Bulgaria,-3.2183
2022-12-31,BR,Brazil,-4.0255
2022-12-31,CA,Canada,-10.6307
2022-12-31,CH,Switzerland,1.822
2022-12-31,CL,Chile,-7.1628
2022-12-31,CN,China,-5.4411
2022-12-31,CO,Colombia,-6.3932
2022-12-31,CY,Cyprus,-1.7304
2022-12-31,CZ,Czechia,-7.5424
2022-12-31,DE,Germany,-10.2373
2022-12-31,DK,Denmark,-7.7725
2022-12-31,EE,Estonia,-2.9702
2022-12-31,ES,Spain,-1.046
2022-12-31,FI,Finland,-10.2881
2022-12-31,FR,France,-1.2801
2022-12-31,GB,United Kingdom,-1.5613
2022-12-31,GR,Greece,5.5146
2022-12-31,HK,Hong Kong SAR,-15.1046
2022-12-31,HR,Croatia,3.3015
2022-12-31,HU,Hungary,-4.263
2022-12-31,ID,Indonesia,-3.3548
2022-12-31,IE,Ireland,-0.185
2022-12-31,IL,Israel,10.9517
2022-12-31,IN,India,-1.5347
2022-12-31,IS,Iceland,9.8988
2022-12-31,IT,Italy,-8.1093
2022-12-31,JP,Japan,3.5563
2022-12-31,KR,Korea,-5.0419
2022-12-31,LT,Lithuania,-5.4662
2022-12-31,LU,Luxembourg,-0.5084
2022-12-31,LV,Latvia,-10.554
2022-12-31,MA,Morocco,-6.6667
2022-12-31,MK,North Macedonia,0.9099
2022-12-31,MT,Malta,-1.3486
2022-12-31,MX,Mexico,2.224
2022-12-31,MY,Malaysia,-0.0194
2022-12-31,NL,Netherlands,-5.0299
2022-12-31,NO,Norway,-3.7831
2022-12-31,NZ,New Zealand,-16.7944
2022-12-31,PE,Peru,-6.3231
2022-12-31,PH,Philippines,4.6637
2022-12-31,PL,Poland,-6.8844
2022-12-31,PT,Portugal,1.3167
2022-12-31,RO,Romania,-8.2902
2022-12-31,RS,Serbia,-0.3789
2022-12-31,RU,Russia,9.6827
2022-12-31,SE,Sweden,-13.6686
2022-12-31,SG,Singapore,1.8617
2022-12-31,SI,Slovenia,1.3975
2022-12-31,SK,Slovakia,-4.7777
2022-12-31,TH,Thailand,-1.4562
2022-12-31,TR,Türkiye,52.4846
2022-12-31,US,United States,-0.2452
2022-12-31,XM,Euro area,-6.0421
2022-12-31,XW,World,-1.885
2022-12-31,ZA,South Africa,-3.5945
2023-03-31,4T,Emerging market economies (aggregate),-1.7057
2023-03-31,5R,Advanced economies,-4.9237
2023-03-31,AT,Austria,-8.5037
2023-03-31,AU,Australia,-12.2785
2023-03-31,BE,Belgium,-3.0313
2023-03-31,BG,Bulgaria,-5.2648
2023-03-31,BR,Brazil,-3.1511
2023-03-31,CA,Canada,-19.5846
2023-03-31,CH,Switzerland,0.7023
2023-03-31,CL,Chile,-3.0862
2023-03-31,CN,China,-4.562
2023-03-31,CO,Colombia,-4.7834
2023-03-31,CY,Cyprus,1.0859
2023-03-31,CZ,Czechia,-13.4872
2023-03-31,DE,Germany,-13.4542
2023-03-31,DK,Denmark,-10.9707
2023-03-31,EE,Estonia,-6.7696
2023-03-31,ES,Spain,-1.4355
2023-03-31,FI,Finland,-12.7673
2023-03-31,FR,France,-2.9398
2023-03-31,GB,United Kingdom,-5.6189
2023-03-31,GR,Greece,9.2016
2023-03-31,HK,Hong Kong SAR,-11.9553
2023-03-31,HR,Croatia,1.9112
2023-03-31,HU,Hungary,-11.217
2023-03-31,ID,Indonesia,-3.2063
2023-03-31,IE,Ireland,-2.6437
2023-03-31,IL,Israel,5.7597
2023-03-31,IN,India,-1.745
2023-03-31,IS,Iceland,3.0638
2023-03-31,IT,Italy,-7.2664
2023-03-31,JP,Japan,1.0771
2023-03-31,KR,Korea,-8.5319
2023-03-31,LT,Lithuania,-4.4851
2023-03-31,LU,Luxembourg,-5.6384
2023-03-31,LV,Latvia,-11.5459
2023-03-31,MA,Morocco,-7.7124
2023-03-31,MK,North Macedonia,2.5221
2023-03-31,MT,Malta,0.3032
2023-03-31,MX,Mexico,3.9297
2023-03-31,MY,Malaysia,1.1727
2023-03-31,NL,Netherlands,-6.1378
2023-03-31,NO,Norway,-6.2604
2023-03-31,NZ,New Zealand,-17.1852
2023-03-31,PE,Peru,-7.227
2023-03-31,PH,Philippines,1.6751
2023-03-31,PL,Poland,-10.1443
2023-03-31,PT,Portugal,0.6509
2023-03-31,RO,Romania,-9.3462
2023-03-31,RS,Serbia,-2.4188
2023-03-31,RU,Russia,-6.8846
2023-03-31,SE,Sweden,-16.2762
2023-03-31,SG,Singapore,4.9771
2023-03-31,SI,Slovenia,-0.8661
2023-03-31,SK,Slovakia,-6.6831
2023-03-31,TH,Thailand,0.8289
2023-03-31,TR,Türkiye,57.2461
2023-03-31,US,United States,-2.0428
2023-03-31,XM,Euro area,-6.8738
2023-03-31,XW,World,-3.244
2023-03-31,ZA,South Africa,-4.1088
2023-06-30,4T,Emerging market economies (aggregate),-0.2821
2023-06-30,5R,Advanced economies,-4.7451
2023-06-30,AT,Austria,-10.2056
2023-06-30,AU,Australia,-9.2714
2023-06-30,BE,Belgium,-3.0372
2023-06-30,BG,Bulgaria,0.4893
2023-06-30,BR,Brazil,-0.994
2023-06-30,CA,Canada,-11.953
2023-06-30,CH,Switzerland,0.2447
2023-06-30,CL,Chile,-0.6713
2023-06-30,CN,China,-2.7652
2023-06-30,CO,Colombia,-5.7431
2023-06-30,CY,Cyprus,4.4461
2023-06-30,CZ,Czechia,-12.5606
2023-06-30,DE,Germany,-14.965
2023-06-30,DK,Denmark,-8.9673
2023-06-30,EE,Estonia,-5.6564
2023-06-30,ES,Spain,0.6383
2023-06-30,FI,Finland,-12.2014
2023-06-30,FR,France,-4.2683
2023-06-30,GB,United Kingdom,-6.9328
2023-06-30,GR,Greece,12.0198
2023-06-30,HK,Hong Kong SAR,-10.5075
2023-06-30,HR,Croatia,5.3943
2023-06-30,HU,Hungary,-12.6792
2023-06-30,ID,Indonesia,-1.9818
2023-06-30,IE,Ireland,-3.6627
2023-06-30,IL,Israel,0.4379
2023-06-30,IN,India,-0.8537
2023-06-30,IS,Iceland,-1.3868
2023-06-30,IT,Italy,-6.1846
2023-06-30,JP,Japan,-0.0562
2023-06-30,KR,Korea,-9.7403
2023-06-30,LT,Lithuania,-2.1043
2023-06-30,LU,Luxembourg,-9.1246
2023-06-30,LV,Latvia,-5.6431
2023-06-30,MA,Morocco,-6.102
2023-06-30,MK,North Macedonia,1.6643
2023-06-30,MT,Malta,-0.3186
2023-06-30,MX,Mexico,5.5057
2023-06-30,MY,Malaysia,1.4731
2023-06-30,NL,Netherlands,-9.1749
2023-06-30,NO,Norway,-6.1842
2023-06-30,NZ,New Zealand,-14.0762
2023-06-30,PE,Peru,-5.9478
2023-06-30,PH,Philippines,4.2048
2023-06-30,PL,Poland,-5.4766
2023-06-30,PT,Portugal,4.1905
2023-06-30,RO,Romania,-9.6653
2023-06-30,RS,Serbia,-2.5482
2023-06-30,RU,Russia,-1.8398
2023-06-30,SE,Sweden,-15.0838
2023-06-30,SG,Singapore,2.2401
2023-06-30,SI,Slovenia,-0.6352
2023-06-30,SK,Slovakia,-12.7607
2023-06-30,TH,Thailand,1.7265
2023-06-30,TR,Türkiye,46.3005
2023-06-30,US,United States,-1.7253
2023-06-30,XM,Euro area,-7.1633
2023-06-30,XW,World,-2.4129
2023-06-30,ZA,South Africa,-4.2795
2023-09-30,4T,Emerging market economies (aggregate),-1.3683
2023-09-30,5R,Advanced economies,-3.2276
2023-09-30,AT,Austria,-9.0815
2023-09-30,AU,Australia,-2.7837
2023-09-30,BE,Belgium,-2.4451
2023-09-30,BG,Bulgaria,1.5898
2023-09-30,BR,Brazil,-0.8568
2023-09-30,CA,Canada,-3.8931
2023-09-30,CH,Switzerland,-0.2912
2023-09-30,CL,Chile,2.1773
2023-09-30,CN,China,-3.1151
2023-09-30,CO,Colombia,-2.768
2023-09-30,CY,Cyprus,4.7247
2023-09-30,CZ,Czechia,-10.6943
2023-09-30,DE,Germany,-14.9584
2023-09-30,DK,Denmark,-6.3595
2023-09-30,EE,Estonia,-1.1581
2023-09-30,ES,Spain,1.658
2023-09-30,FI,Finland,-12.9053
2023-09-30,FR,France,-5.9656
2023-09-30,GB,United Kingdom,-7.3078
2023-09-30,GR,Greece,10.2632
2023-09-30,HK,Hong Kong SAR,-10.266
2023-09-30,HR,Croatia,3.3434
2023-09-30,HU,Hungary,-10.1392
2023-09-30,ID,Indonesia,-0.9606
2023-09-30,IE,Ireland,-4.5481
2023-09-30,IL,Israel,-3.8084
2023-09-30,IN,India,-3.6046
2023-09-30,IS,Iceland,-5.1169
2023-09-30,IT,Italy,-3.6312
2023-09-30,JP,Japan,-0.9874
2023-09-30,KR,Korea,-10.1448
2023-09-30,LT,Lithuania,2.8229
2023-09-30,LU,Luxembourg,-17.2529
2023-09-30,LV,Latvia,-1.9387
2023-09-30,MA,Morocco,-4.6038
2023-09-30,MK,North Macedonia,3.2027
2023-09-30,MT,Malta,1.3132
2023-09-30,MX,Mexico,5.5015
2023-09-30,MY,Malaysia,1.293
2023-09-30,NL,Netherlands,-6.1319
2023-09-30,NO,Norway,-5.5404
2023-09-30,NZ,New Zealand,-9.1918
2023-09-30,PE,Peru,-4.1761
2023-09-30,PH,Philippines,1.8863
2023-09-30,PL,Poland,-0.1254
2023-09-30,PT,Portugal,3.9782
2023-09-30,RO,Romania,-3.9686
2023-09-30,RS,Serbia,-1.2908
2023-09-30,RU,Russia,-3.2379
2023-09-30,SE,Sweden,-11.0355
2023-09-30,SG,Singapore,0.2519
2023-09-30,SI,Slovenia,-0.8716
2023-09-30,SK,Slovakia,-11.9171
2023-09-30,TH,Thailand,2.6649
2023-09-30,TR,Türkiye,24.0458
2023-09-30,US,United States,1.0468
2023-09-30,XM,Euro area,-6.7045
2023-09-30,XW,World,-2.2494
2023-09-30,ZA,South Africa,-3.9034
2023-12-31,4T,Emerging market economies (aggregate),-1.2902
2023-12-31,5R,Advanced economies,-1.4743
2023-12-31,AT,Austria,-7.3663
2023-12-31,AU,Australia,3.0692
2023-12-31,BE,Belgium,1.9331
2023-12-31,BG,Bulgaria,4.56
2023-12-31,BR,Brazil,-0.0048
2023-12-31,CA,Canada,-2.6588
2023-12-31,CH,Switzerland,-0.3632
2023-12-31,CL,Chile,2.8237
2023-12-31,CN,China,-3.3968
2023-12-31,CO,Colombia,-4.596
2023-12-31,CY,Cyprus,5.9284
2023-12-31,CZ,Czechia,-7.9791
2023-12-31,DE,Germany,-10.7822
2023-12-31,DK,Denmark,-0.9834
2023-12-31,EE,Estonia,1.4005
2023-12-31,ES,Spain,0.9944
2023-12-31,FI,Finland,-9.09
2023-12-31,FR,France,-7.0537
2023-12-31,GB,United Kingdom,-6.3557
2023-12-31,GR,Greece,8.8719
2023-12-31,HK,Hong Kong SAR,-9.5712
2023-12-31,HR,Croatia,4.5088
2023-12-31,HU,Hungary,-0.3508
2023-12-31,ID,Indonesia,-1.0389
2023-12-31,IE,Ireland,-1.3106
2023-12-31,IL,Israel,-4.8046
2023-12-31,IN,India,-2.2716
2023-12-31,IS,Iceland,-3.3805
2023-12-31,IT,Italy,0.7513
2023-12-31,JP,Japan,-0.8883
2023-12-31,KR,Korea,-8.7184
2023-12-31,LT,Lithuania,6.2103
2023-12-31,LU,Luxembourg,-17.1088
2023-12-31,LV,Latvia,-0.3902
2023-12-31,MA,Morocco,-3.9032
2023-12-31,MK,North Macedonia,3.3348
2023-12-31,MT,Malta,2.9848
2023-12-31,MX,Mexico,5.4083
2023-12-31,MY,Malaysia,2.2114
2023-12-31,NL,Netherlands,-0.6519
2023-12-31,NO,Norway,-4.9883
2023-12-31,NZ,New Zealand,-5.0357
2023-12-31,PE,Peru,-0.7747
2023-12-31,PH,Philippines,-1.0681
2023-12-31,PL,Poland,6.5353
2023-12-31,PT,Portugal,6.0427
2023-12-31,RO,Romania,-3.4782
2023-12-31,RS,Serbia,0.4115
2023-12-31,RU,Russia,-3.6862
2023-12-31,SE,Sweden,-7.9679
2023-12-31,SG,Singapore,2.7035
2023-12-31,SI,Slovenia,1.5321
2023-12-31,SK,Slovakia,-7.3316
2023-12-31,TH,Thailand,3.0725
2023-12-31,TR,Türkiye,15.0801
2023-12-31,US,United States,2.0797
2023-12-31,XM,Euro area,-3.7595
2023-12-31,XW,World,-1.3735
2023-12-31,ZA,South Africa,-4.4243
2024-03-31,4T,Emerging market economies (aggregate),-0.6024
2024-03-31,5R,Advanced economies,-0.666
2024-03-31,AT,Austria,-6.5982
2024-03-31,AU,Australia,5.7289
2024-03-31,BE,Belgium,0.4773
2024-03-31,BG,Bulgaria,12.2166
2024-03-31,BR,Brazil,1.1912
2024-03-31,CA,Canada,-2.0548
2024-03-31,CH,Switzerland,0.3107
2024-03-31,CL,Chile,3.4023
2024-03-31,CN,China,-5.1559
2024-03-31,CO,Colombia,0.0725
2024-03-31,CY,Cyprus,6.1285
2024-03-31,CZ,Czechia,-0.876
2024-03-31,DE,Germany,-7.4926
2024-03-31,DK,Denmark,0.1461
2024-03-31,EE,Estonia,3.4085
2024-03-31,ES,Spain,3.1478
2024-03-31,FI,Finland,-6.6111
2024-03-31,FR,France,-7.3474
2024-03-31,GB,United Kingdom,-4.6943
2024-03-31,GR,Greece,7.4881
2024-03-31,HK,Hong Kong SAR,-13.2111
2024-03-31,HR,Croatia,4.6007
2024-03-31,HU,Hungary,7.992
2024-03-31,ID,Indonesia,-0.8852
2024-03-31,IE,Ireland,2.7604
2024-03-31,IL,Israel,-1.4971
2024-03-31,IN,India,1.7548
2024-03-31,IS,Iceland,0.2569
2024-03-31,IT,Italy,0.6988
2024-03-31,JP,Japan,-0.0495
2024-03-31,KR,Korea,-5.6419
2024-03-31,LT,Lithuania,9.3688
2024-03-31,LU,Luxembourg,-14.0134
2024-03-31,LV,Latvia,2.8961
2024-03-31,MA,Morocco,-1.8121
2024-03-31,MK,North Macedonia,1.0884
2024-03-31,MT,Malta,4.1258
2024-03-31,MX,Mexico,4.8799
2024-03-31,MY,Malaysia,1.8213
2024-03-31,NL,Netherlands,0.6554
2024-03-31,NO,Norway,-3.0688
2024-03-31,NZ,New Zealand,-1.8667
2024-03-31,PE,Peru,-1.5415
2024-03-31,PH,Philippines,3.9833
2024-03-31,PL,Poland,14.5902
2024-03-31,PT,Portugal,4.6793
2024-03-31,RO,Romania,-1.4973
2024-03-31,RS,Serbia,1.4429
2024-03-31,RU,Russia,10.5383
2024-03-31,SE,Sweden,-5.981
2024-03-31,SG,Singapore,1.5896
2024-03-31,SI,Slovenia,3.8395
2024-03-31,SK,Slovakia,-5.9492
2024-03-31,TH,Thailand,1.3912
2024-03-31,TR,Türkiye,-2.0929
2024-03-31,US,United States,1.98
2024-03-31,XM,Euro area,-2.6034
2024-03-31,XW,World,-0.6303
2024-03-31,ZA,South Africa,-4.2067
2024-06-30,4T,Emerging market economies (aggregate),-2.0339
2024-06-30,5R,Advanced economies,-0.102
2024-06-30,AT,Austria,-5.532
2024-06-30,AU,Australia,4.8545
2024-06-30,BE,Belgium,-0.2091
2024-06-30,BG,Bulgaria,12.4134
2024-06-30,BR,Brazil,2.0802
2024-06-30,CA,Canada,-5.3563
2024-06-30,CH,Switzerland,0.0141
2024-06-30,CL,Chile,2.9193
2024-06-30,CN,China,-7.6261
2024-06-30,CO,Colombia,0.4948
2024-06-30,CY,Cyprus,5.1682
2024-06-30,CZ,Czechia,1.6151
2024-06-30,DE,Germany,-4.6966
2024-06-30,DK,Denmark,2.3413
2024-06-30,EE,Estonia,3.8484
2024-06-30,ES,Spain,4.3301
2024-06-30,FI,Finland,-5.892
2024-06-30,FR,France,-6.6156
2024-06-30,GB,United Kingdom,-1.67
2024-06-30,GR,Greece,7.0032
2024-06-30,HK,Hong Kong SAR,-13.8329
2024-06-30,HR,Croatia,6.6445
2024-06-30,HU,Hungary,8.7939
2024-06-30,ID,Indonesia,-0.9937
2024-06-30,IE,Ireland,5.8226
2024-06-30,IL,Israel,1.6427
2024-06-30,IN,India,2.5536
2024-06-30,IS,Iceland,0.2489
2024-06-30,IT,Italy,2.0581
2024-06-30,JP,Japan,0.0697
2024-06-30,KR,Korea,-3.5419
2024-06-30,LT,Lithuania,9.8679
2024-06-30,LU,Luxembourg,-10.3233
2024-06-30,LV,Latvia,-0.1179
2024-06-30,MA,Morocco,-1.0658
2024-06-30,MK,North Macedonia,7.164
2024-06-30,MT,Malta,5.3724
2024-06-30,MX,Mexico,4.3744
2024-06-30,MY,Malaysia,2.1182
2024-06-30,NL,Netherlands,4.6217
2024-06-30,NO,Norway,-1.5218
2024-06-30,NZ,New Zealand,-2.0607
2024-06-30,PE,Peru,-1.755
2024-06-30,PH,Philippines,3.9415
2024-06-30,PL,Poland,14.668
2024-06-30,PT,Portugal,4.9877
2024-06-30,RO,Romania,1.4957
2024-06-30,RS,Serbia,1.7163
2024-06-30,RU,Russia,10.1659
2024-06-30,SE,Sweden,-4.0208
2024-06-30,SG,Singapore,3.1734
2024-06-30,SI,Slovenia,4.513
2024-06-30,SK,Slovakia,1.8573
2024-06-30,TH,Thailand,0.4692
2024-06-30,TR,Türkiye,-13.1121
2024-06-30,US,United States,1.4791
2024-06-30,XM,Euro area,-0.9008
2024-06-30,XW,World,-1.1404
2024-06-30,ZA,South Africa,-4.3225
2024-09-30,4T,Emerging market economies (aggregate),-2.9109
2024-09-30,5R,Advanced economies,0.3809
2024-09-30,AT,Austria,-4.4836
2024-09-30,AU,Australia,4.4556
2024-09-30,BE,Belgium,0.361
2024-09-30,BG,Bulgaria,14.3436
2024-09-30,BR,Brazil,1.8464
2024-09-30,CA,Canada,-5.9413
2024-09-30,CH,Switzerland,0.675
2024-09-30,CL,Chile,2.2712
2024-09-30,CN,China,-9.0289
2024-09-30,CO,Colombia,1.0616
2024-09-30,CY,Cyprus,5.004
2024-09-30,CZ,Czechia,3.7227
2024-09-30,DE,Germany,-2.0937
2024-09-30,DK,Denmark,3.8831
2024-09-30,EE,Estonia,3.1177
2024-09-30,ES,Spain,5.966
2024-09-30,FI,Finland,-2.9629
2024-09-30,FR,France,-5.1319
2024-09-30,GB,United Kingdom,-1.1342
2024-09-30,GR,Greece,5.5224
2024-09-30,HK,Hong Kong SAR,-15.1415
2024-09-30,HR,Croatia,10.6496
2024-09-30,HU,Hungary,9.8103
2024-09-30,ID,Indonesia,-0.5604
2024-09-30,IE,Ireland,8.2508
2024-09-30,IL,Israel,2.6633
2024-09-30,IN,India,2.6121
2024-09-30,IS,Iceland,5.6534
2024-09-30,IT,Italy,2.6867
2024-09-30,JP,Japan,0.4381
2024-09-30,KR,Korea,-2.3315
2024-09-30,LT,Lithuania,8.1303
2024-09-30,LU,Luxembourg,-3.4688
2024-09-30,LV,Latvia,4.2367
2024-09-30,MA,Morocco,-1.6265
2024-09-30,MK,North Macedonia,5.223
2024-09-30,MT,Malta,5.5206
2024-09-30,MX,Mexico,3.9427
2024-09-30,MY,Malaysia,2.3714
2024-09-30,NL,Netherlands,6.5777
2024-09-30,NO,Norway,0.4227
2024-09-30,NZ,New Zealand,-3.0816
2024-09-30,PE,Peru,-1.8652
2024-09-30,PH,Philippines,4.2376
2024-09-30,PL,Poland,9.3
2024-09-30,PT,Portugal,7.4689
2024-09-30,RO,Romania,-0.9939
2024-09-30,RS,Serbia,1.2074
2024-09-30,RU,Russia,8.0479
2024-09-30,SE,Sweden,-1.7833
2024-09-30,SG,Singapore,2.2152
2024-09-30,SI,Slovenia,7.1338
2024-09-30,SK,Slovakia,3.4034
2024-09-30,TH,Thailand,2.4283
2024-09-30,TR,Türkiye,-13.5087
2024-09-30,US,United States,1.0715
2024-09-30,XM,Euro area,0.7515
2024-09-30,XW,World,-1.4014
2024-09-30,ZA,South Africa,-3.482
2024-12-31,4T,Emerging market economies (aggregate),-3.1091
2024-12-31,5R,Advanced economies,0.8219
2024-12-31,AT,Austria,-2.9218
2024-12-31,AU,Australia,3.2824
2024-12-31,BE,Belgium,-0.3543
2024-12-31,BG,Bulgaria,15.9358
2024-12-31,BR,Brazil,1.3134
2024-12-31,CA,Canada,-3.6688
2024-12-31,CH,Switzerland,1.6975
2024-12-31,CL,Chile,2.868
2024-12-31,CN,China,-8.7494
2024-12-31,CO,Colombia,4.6449
2024-12-31,CY,Cyprus,2.9459
2024-12-31,CZ,Czechia,5.4103
2024-12-31,DE,Germany,-0.4115
2024-12-31,DK,Denmark,2.0698
2024-12-31,EE,Estonia,-0.3143
2024-12-31,ES,Spain,8.7873
2024-12-31,FI,Finland,-2.7583
2024-12-31,FR,France,-3.0961
2024-12-31,GB,United Kingdom,-0.0499
2024-12-31,GR,Greece,4.8498
2024-12-31,HK,Hong Kong SAR,-9.3817
2024-12-31,HR,Croatia,7.043
2024-12-31,HU,Hungary,11.8562
2024-12-31,ID,Indonesia,-0.2173
2024-12-31,IE,Ireland,8.2455
2024-12-31,IL,Israel,3.9981
2024-12-31,IN,India,1.1553
2024-12-31,IS,Iceland,3.667
2024-12-31,IT,Italy,3.2828
2024-12-31,JP,Japan,-0.1739
2024-12-31,KR,Korea,-1.7069
2024-12-31,LT,Lithuania,8.454
2024-12-31,LU,Luxembourg,0.4221
2024-12-31,LV,Latvia,4.6237
2024-12-31,MA,Morocco,0.9776
2024-12-31,MK,North Macedonia,6.3039
2024-12-31,MT,Malta,5.0104
2024-12-31,MX,Mexico,4.0256
2024-12-31,MY,Malaysia,2.5772
2024-12-31,NL,Netherlands,6.6926
2024-12-31,NO,Norway,2.3391
2024-12-31,NZ,New Zealand,-3.7319
2024-12-31,PE,Peru,-3.5053
2024-12-31,PH,Philippines,7.0312
2024-12-31,PL,Poland,5.2083
2024-12-31,PT,Portugal,8.7368
2024-12-31,RO,Romania,-0.9765
2024-12-31,RS,Serbia,0.8546
2024-12-31,RU,Russia,7.4482
2024-12-31,SE,Sweden,0.7953
2024-12-31,SG,Singapore,2.4686
2024-12-31,SI,Slovenia,6.3366
2024-12-31,SK,Slovakia,4.7718
2024-12-31,TH,Thailand,1.5627
2024-12-31,TR,Türkiye,-12.3417
2024-12-31,US,United States,0.6944
2024-12-31,XM,Euro area,2.0349
2024-12-31,XW,World,-1.311
2024-12-31,ZA,South Africa,-1.7572
2025-03-31,4T,Emerging market economies (aggregate),-2.6618
2025-03-31,5R,Advanced economies,1.0733
2025-03-31,AT,Austria,-2.6621
2025-03-31,AU,Australia,2.0183
2025-03-31,BE,Belgium,-0.8143
2025-03-31,BG,Bulgaria,10.6993
2025-03-31,BR,Brazil,0.8149
2025-03-31,CA,Canada,-3.6903
2025-03-31,CH,Switzerland,3.7601
2025-03-31,CL,Chile,1.5639
2025-03-31,CN,China,-7.4249
2025-03-31,CO,Colombia,-0.9026
2025-03-31,CY,Cyprus,2.7858
2025-03-31,CZ,Czechia,7.0268
2025-03-31,DE,Germany,1.4783
2025-03-31,DK,Denmark,6.905
2025-03-31,EE,Estonia,0.0893
2025-03-31,ES,Spain,9.3245
2025-03-31,FI,Finland,-2.8262
2025-03-31,FR,France,-0.667
2025-03-31,GB,United Kingdom,1.3569
2025-03-31,GR,Greece,4.8597
2025-03-31,HK,Hong Kong SAR,-8.0107
2025-03-31,HR,Croatia,9.3279
2025-03-31,HU,Hungary,10.698
2025-03-31,ID,Indonesia,0.5081
2025-03-31,IE,Ireland,5.9115
2025-03-31,IL,Israel,2.3171
2025-03-31,IN,India,0.1222
2025-03-31,IS,Iceland,2.6841
2025-03-31,IT,Italy,2.6817
2025-03-31,JP,Japan,0.9551
2025-03-31,KR,Korea,-2.2128
2025-03-31,LT,Lithuania,4.8757
2025-03-31,LU,Luxembourg,-0.6642
2025-03-31,LV,Latvia,2.0119
2025-03-31,MA,Morocco,-1.4995
2025-03-31,MK,North Macedonia,14.6769
2025-03-31,MT,Malta,4.0413
2025-03-31,MX,Mexico,4.2734
2025-03-31,MY,Malaysia,1.9644
2025-03-31,NL,Netherlands,6.9897
2025-03-31,NO,Norway,3.5824
2025-03-31,NZ,New Zealand,-4.3211
2025-03-31,PE,Peru,-0.7789
2025-03-31,PH,Philippines,5.2121
2025-03-31,PL,Poland,1.1048
2025-03-31,PT,Portugal,13.7154
2025-03-31,RO,Romania,0.2388
2025-03-31,RS,Serbia,0.6519
2025-03-31,RU,Russia,6.2956
2025-03-31,SE,Sweden,1.199
2025-03-31,SG,Singapore,2.3112
2025-03-31,SI,Slovenia,4.5184
2025-03-31,SK,Slovakia,8.9637
2025-03-31,TH,Thailand,2.3857
2025-03-31,TR,Türkiye,-5.6309
2025-03-31,US,United States,0.021
2025-03-31,XM,Euro area,3.1054
2025-03-31,XW,World,-0.9515
2025-03-31,ZA,South Africa,-1.2074
2025-06-30,4T,Emerging market economies (aggregate),-2.0075
2025-06-30,5R,Advanced economies,0.6503
2025-06-30,AT,Austria,-3.011
2025-06-30,AU,Australia,1.9261
2025-06-30,BE,Belgium,0.615
2025-06-30,BG,Bulgaria,11.2146
2025-06-30,BR,Brazil,0.1326
2025-06-30,CA,Canada,-4.6025
2025-06-30,CH,Switzerland,4.9506
2025-06-30,CL,Chile,1.9479
2025-06-30,CN,China,-6.3758
2025-06-30,CO,Colombia,4.6382
2025-06-30,CY,Cyprus,4.8267
2025-06-30,CZ,Czechia,7.922
2025-06-30,DE,Germany,1.2131
2025-06-30,DK,Denmark,5.4912
2025-06-30,EE,Estonia,0.7945
2025-06-30,ES,Spain,10.3847
2025-06-30,FI,Finland,-2.0137
2025-06-30,FR,France,-0.181
2025-06-30,GB,United Kingdom,-1.4173
2025-06-30,GR,Greece,5.5425
2025-06-30,HK,Hong Kong SAR,-7.9531
2025-06-30,HR,Croatia,9.0498
2025-06-30,HU,Hungary,12.0471
2025-06-30,ID,Indonesia,-0.8914
2025-06-30,IE,Ireland,5.771
2025-06-30,IL,Israel,-0.6275
2025-06-30,IN,India,0.7341
2025-06-30,IS,Iceland,1.7404
2025-06-30,IT,Italy,2.1917
2025-06-30,JP,Japan,0.0937
2025-06-30,KR,Korea,-1.9026
2025-06-30,LT,Lithuania,4.855
2025-06-30,LU,Luxembourg,2.6107
2025-06-30,LV,Latvia,2.6126
2025-06-30,MA,Morocco,-0.2215
2025-06-30,MK,North Macedonia,15.8655
2025-06-30,MT,Malta,3.1133
2025-06-30,MX,Mexico,4.3083
2025-06-30,MY,Malaysia,1.7354
2025-06-30,NL,Netherlands,5.9342
2025-06-30,NO,Norway,1.6383
2025-06-30,NZ,New Zealand,-3.6784
2025-06-30,PE,Peru,0.5492
2025-06-30,PH,Philippines,6.1108
2025-06-30,PL,Poland,0.2546
2025-06-30,PT,Portugal,14.6653
2025-06-30,RO,Romania,-0.7603
2025-06-30,RS,Serbia,1.1872
2025-06-30,RU,Russia,5.846
2025-06-30,SE,Sweden,0.1804
2025-06-30,SG,Singapore,2.6158
2025-06-30,SI,Slovenia,6.033
2025-06-30,SK,Slovakia,6.9553
2025-06-30,TH,Thailand,3.1889
2025-06-30,TR,Türkiye,-2.5201
2025-06-30,US,United States,-0.4384
2025-06-30,XM,Euro area,3.2206
2025-06-30,XW,World,-0.7833
2025-06-30,ZA,South Africa,0.4063
2025-09-30,4T,Emerging market economies (aggregate),-1.2286
2025-09-30,5R,Advanced economies,0.3499
2025-09-30,AT,Austria,-2.3316
2025-09-30,AU,Australia,1.7936
2025-09-30,BE,Belgium,1.6473
2025-09-30,BG,Bulgaria,9.5154
2025-09-30,BR,Brazil,0.0926
2025-09-30,CA,Canada,-5.0715
2025-09-30,CH,Switzerland,5.0142
2025-09-30,CL,Chile,2.0361
2025-09-30,CN,China,-5.2998
2025-09-30,CO,Colombia,3.0491
2025-09-30,CY,Cyprus,5.9011
2025-09-30,CZ,Czechia,8.1305
2025-09-30,DE,Germany,0.9559
2025-09-30,DK,Denmark,4.0781
2025-09-30,EE,Estonia,-0.4029
2025-09-30,ES,Spain,9.7661
2025-09-30,FI,Finland,-3.102
2025-09-30,FR,France,-0.3
2025-09-30,GB,United Kingdom,-1.6647
2025-09-30,GR,Greece,5.9978
2025-09-30,HK,Hong Kong SAR,-1.8821
2025-09-30,HR,Croatia,8.8926
2025-09-30,HU,Hungary,18.2065
2025-09-30,ID,Indonesia,-1.555
2025-09-30,IE,Ireland,5.2579
2025-09-30,IL,Israel,-2.0766
2025-09-30,IN,India,1.8267
2025-09-30,IS,Iceland,-1.0877
2025-09-30,IT,Italy,2.0799
2025-09-30,JP,Japan,1.3066
2025-09-30,KR,Korea,-1.57
2025-09-30,LT,Lithuania,6.6469
2025-09-30,LU,Luxembourg,-1.473
2025-09-30,LV,Latvia,3.7875
2025-09-30,MA,Morocco,1.6723
2025-09-30,MK,North Macedonia,19.8025
2025-09-30,MT,Malta,3.3416
2025-09-30,MX,Mexico,5.067
2025-09-30,MY,Malaysia,0.9758
2025-09-30,NL,Netherlands,4.8212
2025-09-30,NO,Norway,1.5219
2025-09-30,NZ,New Zealand,-3.4711
2025-09-30,PE,Peru,2.6441
2025-09-30,PH,Philippines,0.486
2025-09-30,PL,Poland,0.8721
2025-09-30,PT,Portugal,14.7
2025-09-30,RO,Romania,-2.5508
2025-09-30,RS,Serbia,1.3505
2025-09-30,RU,Russia,7.1157
2025-09-30,SE,Sweden,-0.6072
2025-09-30,SG,Singapore,4.4374
2025-09-30,SI,Slovenia,4.1692
2025-09-30,SK,Slovakia,8.7342
2025-09-30,TH,Thailand,1.1471
2025-09-30,TR,Türkiye,-0.8425
2025-09-30,US,United States,-1.4122
2025-09-30,XM,Euro area,3.0645
2025-09-30,XW,World,-0.5083
2025-09-30,ZA,South Africa,1.4371
2025-12-31,4T,Emerging market economies (aggregate),-1.3447
2025-12-31,5R,Advanced economies,0.3928
2025-12-31,AT,Austria,-1.7541
2025-12-31,AU,Australia,4.3734
2025-12-31,BE,Belgium,1.2751
2025-12-31,BG,Bulgaria,7.0392
2025-12-31,BR,Brazil,0.6553
2025-12-31,CA,Canada,-5.5064
2025-12-31,CH,Switzerland,3.8781
2025-12-31,CL,Chile,1.402
2025-12-31,CN,China,-6.2713
2025-12-31,CO,Colombia,6.2416
2025-12-31,CY,Cyprus,7.6233
2025-12-31,CZ,Czechia,7.9612
2025-12-31,DE,Germany,0.3874
2025-12-31,DK,Denmark,5.4003
2025-12-31,EE,Estonia,0.9948
2025-12-31,ES,Spain,9.5713
2025-12-31,FI,Finland,-2.5543
2025-12-31,FR,France,0.0715
2025-12-31,GB,United Kingdom,-1.3586
2025-12-31,GR,Greece,6.223
2025-12-31,HK,Hong Kong SAR,1.1568
2025-12-31,HR,Croatia,11.8605
2025-12-31,HU,Hungary,16.736
2025-12-31,ID,Indonesia,-1.9475
2025-12-31,IE,Ireland,3.9299
2025-12-31,IL,Israel,-2.6936
2025-12-31,IN,India,2.9946
2025-12-31,IS,Iceland,-0.4967
2025-12-31,IT,Italy,2.8056
2025-12-31,JP,Japan,2.4318
2025-12-31,KR,Korea,-1.6387
2025-12-31,LT,Lithuania,6.7977
2025-12-31,LU,Luxembourg,-2.9735
2025-12-31,LV,Latvia,6.4773
2025-12-31,MA,Morocco,0.8149
2025-12-31,MK,North Macedonia,19.9526
2025-12-31,MT,Malta,3.5791
2025-12-31,MX,Mexico,5.0514
2025-12-31,MY,Malaysia,1.0531
2025-12-31,NL,Netherlands,3.1217
2025-12-31,NO,Norway,2.793
2025-12-31,NZ,New Zealand,-4.1708
2025-12-31,PE,Peru,4.6278
2025-12-31,PH,Philippines,-0.0837
2025-12-31,PL,Poland,1.7853
2025-12-31,PT,Portugal,16.2754
2025-12-31,RO,Romania,-2.528
2025-12-31,RS,Serbia,2.7634
2025-12-31,RU,Russia,7.1556
2025-12-31,SE,Sweden,0.6899
2025-12-31,SG,Singapore,2.1235
2025-12-31,SI,Slovenia,4.5818
2025-12-31,SK,Slovakia,8.6449
2025-12-31,TH,Thailand,1.1453
2025-12-31,TR,Türkiye,-0.7458
2025-12-31,US,United States,-1.6439
2025-12-31,XM,Euro area,2.9673
2025-12-31,XW,World,-0.5571
2025-12-31,ZA,South Africa,1.8182
2026-03-31,4T,Emerging market economies (aggregate),-2.2136
2026-03-31,5R,Advanced economies,-0.1668
2026-03-31,AT,Austria,-0.0801
2026-03-31,AU,Australia,5.9579
2026-03-31,BE,Belgium,0.5859
2026-03-31,BG,Bulgaria,10.7656
2026-03-31,BR,Brazil,0.9927
2026-03-31,CA,Canada,-6.8094
2026-03-31,CH,Switzerland,4.5464
2026-03-31,CL,Chile,2.4035
2026-03-31,CN,China,-7.0745
2026-03-31,CO,Colombia,6.9844
2026-03-31,CY,Cyprus,6.9349
2026-03-31,CZ,Czechia,8.2802
2026-03-31,DE,Germany,-0.805
2026-03-31,DK,Denmark,7.3625
2026-03-31,EE,Estonia,2.411
2026-03-31,ES,Spain,9.8684
2026-03-31,FI,Finland,-2.5602
2026-03-31,FR,France,-0.8716
2026-03-31,GB,United Kingdom,-1.8774
2026-03-31,GR,Greece,3.4343
2026-03-31,HK,Hong Kong SAR,6.2078
2026-03-31,HR,Croatia,9.9606
2026-03-31,HU,Hungary,6.5326
2026-03-31,ID,Indonesia,-3.1907
2026-03-31,IE,Ireland,3.7269
2026-03-31,IL,Israel,-3.2217
2026-03-31,IN,India,1.0655
2026-03-31,IS,Iceland,-1.9518
2026-03-31,IT,Italy,3.6576
2026-03-31,KR,Korea,-0.2842
2026-03-31,LT,Lithuania,7.7592
2026-03-31,LU,Luxembourg,0.0631
2026-03-31,LV,Latvia,7.2331
2026-03-31,MA,Morocco,0.0449
2026-03-31,MK,North Macedonia,12.5136
2026-03-31,MT,Malta,4.0553
2026-03-31,MX,Mexico,4.3935
2026-03-31,MY,Malaysia,0.4143
2026-03-31,NL,Netherlands,2.5672
2026-03-31,NO,Norway,0.5201
2026-03-31,NZ,New Zealand,-3.7171
2026-03-31,PE,Peru,5.2095
2026-03-31,PH,Philippines,1.6216
2026-03-31,PL,Poland,3.4772
2026-03-31,PT,Portugal,15.1953
2026-03-31,RO,Romania,-1.9996
2026-03-31,RS,Serbia,2.8836
2026-03-31,RU,Russia,7.378
2026-03-31,SE,Sweden,2.1022
2026-03-31,SG,Singapore,1.8977
2026-03-31,SI,Slovenia,6.4608
2026-03-31,SK,Slovakia,9.3233
2026-03-31,TH,Thailand,1.9273
2026-03-31,TR,Türkiye,-3.2835
2026-03-31,US,United States,-1.958
2026-03-31,XM,Euro area,2.5949
2026-03-31,XW,World,-1.2885
2026-03-31,ZA,South Africa,2.6868
2026-06-30,AT,Austria,0.1409
2026-06-30,AU,Australia,4.1564
2026-06-30,BR,Brazil,0.6182
2026-06-30,CA,Canada,-6.7164
2026-06-30,CH,Switzerland,2.9528
2026-06-30,CN,China,-6.9548
2026-06-30,FR,France,-2.8443
2026-06-30,GB,United Kingdom,0.1007
2026-06-30,GR,Greece,0.4507
2026-06-30,HK,Hong Kong SAR,9.9532
2026-06-30,ID,Indonesia,-2.1917
2026-06-30,IE,Ireland,2.3185
2026-06-30,IS,Iceland,-2.3861
2026-06-30,IT,Italy,0.9655
2026-06-30,KR,Korea,-0.4739
2026-06-30,LT,Lithuania,8.368
2026-06-30,LV,Latvia,7.852
2026-06-30,MA,Morocco,-0.1204
2026-06-30,MK,North Macedonia,8.3733
2026-06-30,MX,Mexico,3.2417
2026-06-30,MY,Malaysia,-0.9936
2026-06-30,NO,Norway,1.2916
2026-06-30,RS,Serbia,2.0154
2026-06-30,RU,Russia,8.2865
2026-06-30,SE,Sweden,4.3414
2026-06-30,SG,Singapore,1.0477
2026-06-30,SK,Slovakia,9.5494
2026-06-30,TH,Thailand,-0.338
2026-06-30,TR,Türkiye,-5.4559
2026-06-30,US,United States,-2.6025
2026-06-30,ZA,South Africa,1.2481
