date,country_code,country,price
1947-03-31,IT,Italy,32.0416
1947-06-30,IT,Italy,29.9313
1947-09-30,IT,Italy,27.9126
1947-12-31,IT,Italy,29.1209
1948-03-31,IT,Italy,33.8255
1948-06-30,IT,Italy,34.5082
1948-09-30,IT,Italy,32.5589
1948-12-31,IT,Italy,32.9004
1949-03-31,IT,Italy,33.1631
1949-06-30,IT,Italy,32.9017
1949-09-30,IT,Italy,30.8969
1949-12-31,IT,Italy,30.3238
1950-03-31,IT,Italy,30.5506
1950-06-30,IT,Italy,32.3249
1950-09-30,IT,Italy,33.9838
1950-12-31,IT,Italy,33.8759
1951-03-31,IT,Italy,34.863
1951-06-30,IT,Italy,36.0624
1951-09-30,IT,Italy,35.5275
1951-12-31,IT,Italy,34.9183
1952-03-31,IT,Italy,34.5219
1952-06-30,IT,Italy,34.5371
1952-09-30,IT,Italy,34.6009
1952-12-31,IT,Italy,34.6582
1953-03-31,IT,Italy,34.1968
1953-06-30,IT,Italy,34.7797
1953-09-30,IT,Italy,33.7583
1953-12-31,IT,Italy,34.0667
1954-03-31,IT,Italy,34.5471
1954-06-30,IT,Italy,34.4965
1954-09-30,IT,Italy,34.793
1954-12-31,IT,Italy,35.0667
1955-03-31,IT,Italy,35.1262
1955-03-31,JP,Japan,12.6692
1955-06-30,IT,Italy,34.903
1955-06-30,JP,Japan,13.1017
1955-09-30,IT,Italy,34.6183
1955-09-30,JP,Japan,13.5162
1955-12-31,IT,Italy,34.3342
1955-12-31,JP,Japan,14.1209
1956-03-31,IT,Italy,34.6901
1956-03-31,JP,Japan,14.5956
1956-06-30,IT,Italy,34.6271
1956-06-30,JP,Japan,15.2582
1956-09-30,IT,Italy,34.3503
1956-09-30,JP,Japan,16.1145
1956-12-31,IT,Italy,34.7036
1956-12-31,JP,Japan,17.1265
1957-03-31,IT,Italy,35.1208
1957-03-31,JP,Japan,17.9641
1957-06-30,IT,Italy,35.0605
1957-06-30,JP,Japan,18.7019
1957-09-30,IT,Italy,35.0145
1957-09-30,JP,Japan,19.3991
1957-12-31,IT,Italy,34.9481
1957-12-31,JP,Japan,20.7469
1958-03-31,IT,Italy,34.428
1958-03-31,JP,Japan,22.0887
1958-06-30,IT,Italy,34.4521
1958-06-30,JP,Japan,23.3251
1958-09-30,IT,Italy,34.1616
1958-09-30,JP,Japan,24.4776
1958-12-31,IT,Italy,33.9281
1958-12-31,JP,Japan,25.7191
1959-03-31,IT,Italy,33.8898
1959-03-31,JP,Japan,27.1531
1959-06-30,IT,Italy,34.2552
1959-06-30,JP,Japan,28.6036
1959-09-30,IT,Italy,34.2665
1959-09-30,JP,Japan,29.9476
1959-12-31,IT,Italy,34.759
1959-12-31,JP,Japan,31.2095
1960-03-31,IT,Italy,34.722
1960-03-31,JP,Japan,32.2244
1960-06-30,IT,Italy,34.1662
1960-06-30,JP,Japan,34.3384
1960-09-30,IT,Italy,34.3218
1960-09-30,JP,Japan,36.5425
1960-12-31,IT,Italy,34.5421
1960-12-31,JP,Japan,39.9473
1961-03-31,IT,Italy,34.9532
1961-03-31,JP,Japan,42.6562
1961-06-30,IT,Italy,35.2958
1961-06-30,JP,Japan,45.6993
1961-09-30,IT,Italy,35.4332
1961-09-30,JP,Japan,48.095
1961-12-31,IT,Italy,35.6041
1961-12-31,JP,Japan,48.6227
1962-03-31,IT,Italy,36.0808
1962-03-31,JP,Japan,50.3597
1962-06-30,IT,Italy,36.6647
1962-06-30,JP,Japan,51.5492
1962-06-30,NZ,New Zealand,34.7416
1962-09-30,IT,Italy,36.4155
1962-09-30,JP,Japan,53.0455
1962-09-30,NZ,New Zealand,34.755
1962-12-31,IT,Italy,36.209
1962-12-31,JP,Japan,54.4403
1962-12-31,NZ,New Zealand,34.796
1963-03-31,IT,Italy,37.0355
1963-03-31,JP,Japan,53.8555
1963-03-31,NZ,New Zealand,34.7676
1963-06-30,IT,Italy,36.683
1963-06-30,JP,Japan,54.8477
1963-06-30,NZ,New Zealand,34.8938
1963-09-30,IT,Italy,36.3588
1963-09-30,JP,Japan,56.3143
1963-09-30,NZ,New Zealand,35.1728
1963-12-31,IT,Italy,37.6095
1963-12-31,JP,Japan,57.5581
1963-12-31,NZ,New Zealand,35.3608
1964-03-31,IT,Italy,38.4004
1964-03-31,JP,Japan,59.3575
1964-03-31,NZ,New Zealand,35.4826
1964-06-30,IT,Italy,39.0694
1964-06-30,JP,Japan,60.5881
1964-06-30,NZ,New Zealand,35.4335
1964-09-30,IT,Italy,39.2392
1964-09-30,JP,Japan,62.1276
1964-09-30,NZ,New Zealand,35.4204
1964-12-31,IT,Italy,38.6093
1964-12-31,JP,Japan,62.8076
1964-12-31,NZ,New Zealand,35.6064
1965-03-31,IT,Italy,37.9136
1965-03-31,JP,Japan,63.7924
1965-03-31,NZ,New Zealand,36.2809
1965-06-30,IT,Italy,36.8969
1965-06-30,JP,Japan,63.3097
1965-06-30,NZ,New Zealand,36.9797
1965-09-30,IT,Italy,36.6748
1965-09-30,JP,Japan,64.0813
1965-09-30,NZ,New Zealand,36.7529
1965-12-31,IT,Italy,36.8343
1965-12-31,JP,Japan,63.9828
1965-12-31,NZ,New Zealand,36.9974
1966-03-31,IT,Italy,36.9943
1966-03-31,JP,Japan,64.0486
1966-03-31,NZ,New Zealand,36.995
1966-03-31,ZA,South Africa,54.0544
1966-06-30,IT,Italy,36.9131
1966-06-30,JP,Japan,64.5266
1966-06-30,NZ,New Zealand,37.2649
1966-06-30,ZA,South Africa,54.8087
1966-09-30,IT,Italy,36.4098
1966-09-30,JP,Japan,65.7318
1966-09-30,NZ,New Zealand,37.7749
1966-09-30,ZA,South Africa,53.8077
1966-12-31,IT,Italy,35.8519
1966-12-31,JP,Japan,66.8125
1966-12-31,NZ,New Zealand,38.3156
1966-12-31,ZA,South Africa,55.0679
1967-03-31,IT,Italy,35.8929
1967-03-31,JP,Japan,67.3797
1967-03-31,NZ,New Zealand,37.6125
1967-03-31,ZA,South Africa,60.8335
1967-06-30,IT,Italy,35.2283
1967-06-30,JP,Japan,70.1091
1967-06-30,NZ,New Zealand,36.8413
1967-06-30,ZA,South Africa,62.2096
1967-09-30,IT,Italy,35.6703
1967-09-30,JP,Japan,72.4376
1967-09-30,NZ,New Zealand,36.4404
1967-09-30,ZA,South Africa,63.6716
1967-12-31,IT,Italy,36.7994
1967-12-31,JP,Japan,73.2455
1967-12-31,NZ,New Zealand,36.4071
1967-12-31,ZA,South Africa,63.7444
1968-03-31,IT,Italy,37.8264
1968-03-31,JP,Japan,74.769
1968-03-31,NZ,New Zealand,36.2725
1968-03-31,ZA,South Africa,62.5349
1968-06-30,GB,United Kingdom,22.4852
1968-06-30,IT,Italy,38.9779
1968-06-30,JP,Japan,77.7907
1968-06-30,NZ,New Zealand,36.0116
1968-06-30,ZA,South Africa,62.7126
1968-09-30,GB,United Kingdom,23.0404
1968-09-30,IT,Italy,39.1115
1968-09-30,JP,Japan,80.3417
1968-09-30,NZ,New Zealand,35.8206
1968-09-30,ZA,South Africa,64.5295
1968-12-31,GB,United Kingdom,22.7669
1968-12-31,IT,Italy,38.908
1968-12-31,JP,Japan,82.8427
1968-12-31,NZ,New Zealand,35.5106
1968-12-31,ZA,South Africa,66.53
1969-03-31,GB,United Kingdom,22.3686
1969-03-31,IT,Italy,38.9304
1969-03-31,JP,Japan,86.1974
1969-03-31,NZ,New Zealand,35.6646
1969-03-31,ZA,South Africa,66.9837
1969-06-30,GB,United Kingdom,22.5782
1969-06-30,IT,Italy,39.0848
1969-06-30,JP,Japan,89.664
1969-06-30,NZ,New Zealand,35.6945
1969-06-30,ZA,South Africa,68.2372
1969-09-30,GB,United Kingdom,22.5782
1969-09-30,IT,Italy,39.2687
1969-09-30,JP,Japan,92.2885
1969-09-30,NZ,New Zealand,35.7534
1969-09-30,ZA,South Africa,69.8061
1969-12-31,GB,United Kingdom,22.7808
1969-12-31,IT,Italy,39.3534
1969-12-31,JP,Japan,95.7612
1969-12-31,NZ,New Zealand,36.0193
1969-12-31,ZA,South Africa,70.8602
1970-03-31,AU,Australia,31.1923
1970-03-31,BE,Belgium,41.4544
1970-03-31,CA,Canada,38.1516
1970-03-31,CH,Switzerland,75.5225
1970-03-31,DE,Germany,118.9348
1970-03-31,DK,Denmark,54.458
1970-03-31,FI,Finland,52.7625
1970-03-31,FR,France,40.5276
1970-03-31,GB,United Kingdom,22.4021
1970-03-31,IE,Ireland,34.417
1970-03-31,IT,Italy,39.6903
1970-03-31,JP,Japan,97.5603
1970-03-31,NL,Netherlands,31.3897
1970-03-31,NO,Norway,34.3074
1970-03-31,NZ,New Zealand,35.8672
1970-03-31,SE,Sweden,49.1956
1970-03-31,US,United States,60.5815
1970-03-31,ZA,South Africa,73.8989
1970-06-30,AU,Australia,31.3875
1970-06-30,BE,Belgium,41.3058
1970-06-30,CA,Canada,37.9636
1970-06-30,CH,Switzerland,74.4779
1970-06-30,DE,Germany,123.2036
1970-06-30,DK,Denmark,53.6532
1970-06-30,FI,Finland,53.3714
1970-06-30,FR,France,40.6819
1970-06-30,GB,United Kingdom,21.8572
1970-06-30,IE,Ireland,33.0615
1970-06-30,IT,Italy,39.9392
1970-06-30,JP,Japan,100.5558
1970-06-30,NL,Netherlands,32.4361
1970-06-30,NO,Norway,33.8102
1970-06-30,NZ,New Zealand,36.1207
1970-06-30,SE,Sweden,49.6918
1970-06-30,US,United States,60.0268
1970-06-30,ZA,South Africa,76.2261
1970-09-30,AU,Australia,32.1223
1970-09-30,BE,Belgium,40.5499
1970-09-30,CA,Canada,37.965
1970-09-30,CH,Switzerland,75.8708
1970-09-30,DE,Germany,124.272
1970-09-30,DK,Denmark,52.1524
1970-09-30,FI,Finland,53.3892
1970-09-30,FR,France,41.1838
1970-09-30,GB,United Kingdom,22.7323
1970-09-30,IE,Ireland,34.225
1970-09-30,IT,Italy,39.6163
1970-09-30,JP,Japan,104.764
1970-09-30,NL,Netherlands,32.9525
1970-09-30,NO,Norway,32.9739
1970-09-30,NZ,New Zealand,36.2525
1970-09-30,SE,Sweden,48.9377
1970-09-30,US,United States,60.2947
1970-09-30,ZA,South Africa,77.2565
1970-12-31,AU,Australia,32.5459
1970-12-31,BE,Belgium,38.7781
1970-12-31,CA,Canada,39.2437
1970-12-31,CH,Switzerland,74.4624
1970-12-31,DE,Germany,124.6461
1970-12-31,DK,Denmark,51.3755
1970-12-31,FI,Finland,54.1609
1970-12-31,FR,France,40.635
1970-12-31,GB,United Kingdom,22.2563
1970-12-31,IE,Ireland,35.3989
1970-12-31,IT,Italy,39.4424
1970-12-31,JP,Japan,105.9525
1970-12-31,NL,Netherlands,33.0844
1970-12-31,NO,Norway,32.4014
1970-12-31,NZ,New Zealand,35.7722
1970-12-31,SE,Sweden,49.2641
1970-12-31,US,United States,60.2394
1970-12-31,ZA,South Africa,77.405
1971-03-31,AU,Australia,33.0828
1971-03-31,BE,Belgium,38.785
1971-03-31,CA,Canada,39.3625
1971-03-31,CH,Switzerland,78.1982
1971-03-31,DE,Germany,125.6578
1971-03-31,DK,Denmark,55.96
1971-03-31,ES,Spain,28.7664
1971-03-31,FI,Finland,53.8243
1971-03-31,FR,France,40.0725
1971-03-31,GB,United Kingdom,22.2175
1971-03-31,IE,Ireland,34.343
1971-03-31,IT,Italy,38.433
1971-03-31,JP,Japan,108.3177
1971-03-31,NL,Netherlands,33.2671
1971-03-31,NO,Norway,33.695
1971-03-31,NZ,New Zealand,36.006
1971-03-31,SE,Sweden,47.69
1971-03-31,US,United States,61.4191
1971-03-31,ZA,South Africa,77.6688
1971-06-30,AU,Australia,33.3166
1971-06-30,BE,Belgium,38.8566
1971-06-30,CA,Canada,39.3161
1971-06-30,CH,Switzerland,76.9293
1971-06-30,DE,Germany,129.7677
1971-06-30,DK,Denmark,55.2293
1971-06-30,ES,Spain,29.0746
1971-06-30,FI,Finland,52.0296
1971-06-30,FR,France,40.5362
1971-06-30,GB,United Kingdom,22.0164
1971-06-30,IE,Ireland,33.1863
1971-06-30,IT,Italy,38.8718
1971-06-30,JP,Japan,110.3396
1971-06-30,NL,Netherlands,33.626
1971-06-30,NO,Norway,33.3524
1971-06-30,NZ,New Zealand,36.3061
1971-06-30,SE,Sweden,48.8984
1971-06-30,US,United States,62.4066
1971-06-30,ZA,South Africa,77.3655
1971-09-30,AU,Australia,33.5751
1971-09-30,BE,Belgium,38.7505
1971-09-30,CA,Canada,38.4822
1971-09-30,CH,Switzerland,79.4119
1971-09-30,DE,Germany,130.4602
1971-09-30,DK,Denmark,56.0295
1971-09-30,ES,Spain,29.1015
1971-09-30,FI,Finland,52.4061
1971-09-30,FR,France,41.5987
1971-09-30,GB,United Kingdom,23.0962
1971-09-30,IE,Ireland,35.9344
1971-09-30,IT,Italy,39.4675
1971-09-30,JP,Japan,112.9677
1971-09-30,NL,Netherlands,33.5211
1971-09-30,NO,Norway,33.0166
1971-09-30,NZ,New Zealand,36.3194
1971-09-30,SE,Sweden,48.1675
1971-09-30,US,United States,62.4144
1971-09-30,ZA,South Africa,77.0171
1971-12-31,AU,Australia,34.1541
1971-12-31,BE,Belgium,37.731
1971-12-31,CA,Canada,40.1863
1971-12-31,CH,Switzerland,79.3105
1971-12-31,DE,Germany,129.6777
1971-12-31,DK,Denmark,57.9229
1971-12-31,ES,Spain,28.4677
1971-12-31,FI,Finland,52.3073
1971-12-31,FR,France,41.3927
1971-12-31,GB,United Kingdom,23.8692
1971-12-31,IE,Ireland,37.8999
1971-12-31,IT,Italy,39.4142
1971-12-31,JP,Japan,115.2523
1971-12-31,NL,Netherlands,33.7705
1971-12-31,NO,Norway,32.365
1971-12-31,NZ,New Zealand,36.4042
1971-12-31,SE,Sweden,48.3826
1971-12-31,US,United States,63.6043
1971-12-31,ZA,South Africa,76.7887
1972-03-31,AU,Australia,34.525
1972-03-31,BE,Belgium,38.7616
1972-03-31,CA,Canada,40.5501
1972-03-31,CH,Switzerland,81.0874
1972-03-31,DE,Germany,129.6411
1972-03-31,DK,Denmark,60.712
1972-03-31,ES,Spain,27.6396
1972-03-31,FI,Finland,54.3755
1972-03-31,FR,France,41.1385
1972-03-31,GB,United Kingdom,25.0013
1972-03-31,IE,Ireland,35.7853
1972-03-31,IT,Italy,39.5246
1972-03-31,JP,Japan,118.3913
1972-03-31,NL,Netherlands,34.2949
1972-03-31,NO,Norway,34.174
1972-03-31,NZ,New Zealand,37.0921
1972-03-31,SE,Sweden,48.7572
1972-03-31,US,United States,63.3314
1972-03-31,ZA,South Africa,76.5128
1972-06-30,AU,Australia,34.7481
1972-06-30,BE,Belgium,39.8675
1972-06-30,CA,Canada,40.1764
1972-06-30,CH,Switzerland,85.0797
1972-06-30,DE,Germany,131.3815
1972-06-30,DK,Denmark,62.2179
1972-06-30,ES,Spain,28.3077
1972-06-30,FI,Finland,53.5754
1972-06-30,FR,France,41.8194
1972-06-30,GB,United Kingdom,26.8804
1972-06-30,IE,Ireland,34.581
1972-06-30,IT,Italy,40.2121
1972-06-30,JP,Japan,120.9855
1972-06-30,NL,Netherlands,34.9183
1972-06-30,NO,Norway,36.0099
1972-06-30,NZ,New Zealand,38.1506
1972-06-30,SE,Sweden,49.3422
1972-06-30,US,United States,64.609
1972-06-30,ZA,South Africa,75.4002
1972-09-30,AU,Australia,35.2162
1972-09-30,BE,Belgium,40.5341
1972-09-30,CA,Canada,39.904
1972-09-30,CH,Switzerland,87.8597
1972-09-30,DE,Germany,130.9691
1972-09-30,DK,Denmark,61.6874
1972-09-30,ES,Spain,28.325
1972-09-30,FI,Finland,52.8312
1972-09-30,FR,France,42.8201
1972-09-30,GB,United Kingdom,30.2307
1972-09-30,IE,Ireland,35.524
1972-09-30,IT,Italy,40.4798
1972-09-30,JP,Japan,125.0595
1972-09-30,NL,Netherlands,34.9639
1972-09-30,NO,Norway,35.2451
1972-09-30,NZ,New Zealand,38.9049
1972-09-30,SE,Sweden,48.615
1972-09-30,US,United States,65.2655
1972-09-30,ZA,South Africa,75.9448
1972-12-31,AU,Australia,36.7368
1972-12-31,BE,Belgium,39.7768
1972-12-31,CA,Canada,41.4561
1972-12-31,CH,Switzerland,90.1485
1972-12-31,DE,Germany,129.7638
1972-12-31,DK,Denmark,63.0508
1972-12-31,ES,Spain,28.4089
1972-12-31,FI,Finland,54.6756
1972-12-31,FR,France,42.4637
1972-12-31,GB,United Kingdom,31.7957
1972-12-31,IE,Ireland,36.861
1972-12-31,IT,Italy,39.6708
1972-12-31,JP,Japan,134.7163
1972-12-31,NL,Netherlands,35.8458
1972-12-31,NO,Norway,33.9789
1972-12-31,NZ,New Zealand,40.0818
1972-12-31,SE,Sweden,49.2416
1972-12-31,US,United States,66.0633
1972-12-31,ZA,South Africa,76.7435
1973-03-31,AU,Australia,37.0118
1973-03-31,BE,Belgium,40.6731
1973-03-31,CA,Canada,42.8236
1973-03-31,CH,Switzerland,94.5082
1973-03-31,DE,Germany,128.7788
1973-03-31,DK,Denmark,65.0251
1973-03-31,ES,Spain,30.7038
1973-03-31,FI,Finland,57.46
1973-03-31,FR,France,42.3681
1973-03-31,GB,United Kingdom,35.0153
1973-03-31,IE,Ireland,35.4251
1973-03-31,IT,Italy,39.3672
1973-03-31,JP,Japan,142.1816
1973-03-31,NL,Netherlands,36.4746
1973-03-31,NO,Norway,34.625
1973-03-31,NZ,New Zealand,41.555
1973-03-31,SE,Sweden,49.3591
1973-03-31,US,United States,68.1254
1973-03-31,ZA,South Africa,78.1449
1973-06-30,AU,Australia,37.9137
1973-06-30,BE,Belgium,41.8858
1973-06-30,CA,Canada,44.0906
1973-06-30,CH,Switzerland,92.1571
1973-06-30,DE,Germany,132.117
1973-06-30,DK,Denmark,64.7835
1973-06-30,ES,Spain,29.4368
1973-06-30,FI,Finland,61.7821
1973-06-30,FR,France,43.022
1973-06-30,GB,United Kingdom,35.5857
1973-06-30,IE,Ireland,35.1114
1973-06-30,IT,Italy,40.8009
1973-06-30,JP,Japan,146.4293
1973-06-30,NL,Netherlands,37.6349
1973-06-30,NO,Norway,35.4221
1973-06-30,NZ,New Zealand,43.3975
1973-06-30,SE,Sweden,49.6578
1973-06-30,US,United States,68.2279
1973-06-30,ZA,South Africa,78.6275
1973-09-30,AU,Australia,39.6848
1973-09-30,BE,Belgium,42.8251
1973-09-30,CA,Canada,45.9878
1973-09-30,CH,Switzerland,92.7825
1973-09-30,DE,Germany,132.1275
1973-09-30,DK,Denmark,66.3215
1973-09-30,ES,Spain,30.6332
1973-09-30,FI,Finland,62.3693
1973-09-30,FR,France,44.0655
1973-09-30,GB,United Kingdom,37.1526
1973-09-30,IE,Ireland,34.5333
1973-09-30,IT,Italy,44.3669
1973-09-30,JP,Japan,153.2726
1973-09-30,NL,Netherlands,38.056
1973-09-30,NO,Norway,33.8689
1973-09-30,NZ,New Zealand,45.6123
1973-09-30,SE,Sweden,48.9703
1973-09-30,US,United States,68.4711
1973-09-30,ZA,South Africa,81.6238
1973-12-31,AU,Australia,40.9404
1973-12-31,BE,Belgium,42.4891
1973-12-31,CA,Canada,49.4522
1973-12-31,CH,Switzerland,87.3218
1973-12-31,DE,Germany,129.6601
1973-12-31,DK,Denmark,65.5147
1973-12-31,ES,Spain,31.3532
1973-12-31,FI,Finland,63.7016
1973-12-31,FR,France,43.8135
1973-12-31,GB,United Kingdom,36.1535
1973-12-31,IE,Ireland,34.1746
1973-12-31,IT,Italy,48.5464
1973-12-31,JP,Japan,152.9705
1973-12-31,NL,Netherlands,39.2056
1973-12-31,NO,Norway,31.8685
1973-12-31,NZ,New Zealand,48.7127
1973-12-31,SE,Sweden,48.8977
1973-12-31,US,United States,68.3488
1973-12-31,ZA,South Africa,82.7824
1974-03-31,AU,Australia,42.4843
1974-03-31,BE,Belgium,42.1043
1974-03-31,CA,Canada,53.4267
1974-03-31,CH,Switzerland,85.0777
1974-03-31,DE,Germany,129.3671
1974-03-31,DK,Denmark,63.1571
1974-03-31,ES,Spain,33.8304
1974-03-31,FI,Finland,64.5525
1974-03-31,FR,France,43.3319
1974-03-31,GB,United Kingdom,35.2959
1974-03-31,IE,Ireland,34.8948
1974-03-31,IT,Italy,51.7634
1974-03-31,JP,Japan,145.7927
1974-03-31,NL,Netherlands,40.4109
1974-03-31,NO,Norway,30.7484
1974-03-31,NZ,New Zealand,52.886
1974-03-31,SE,Sweden,48.0612
1974-03-31,US,United States,68.0949
1974-03-31,ZA,South Africa,80.9656
1974-06-30,AU,Australia,42.1429
1974-06-30,BE,Belgium,43.7533
1974-06-30,CA,Canada,53.9518
1974-06-30,CH,Switzerland,84.5949
1974-06-30,DE,Germany,132.5272
1974-06-30,DK,Denmark,58.7706
1974-06-30,ES,Spain,36.0624
1974-06-30,FI,Finland,64.7988
1974-06-30,FR,France,43.5161
1974-06-30,GB,United Kingdom,33.4212
1974-06-30,IE,Ireland,35.2051
1974-06-30,IT,Italy,54.9594
1974-06-30,JP,Japan,140.5443
1974-06-30,NL,Netherlands,41.5468
1974-06-30,NO,Norway,32.4521
1974-06-30,NZ,New Zealand,56.7199
1974-06-30,SE,Sweden,48.6612
1974-06-30,US,United States,67.5127
1974-06-30,ZA,South Africa,79.8487
1974-09-30,AU,Australia,40.607
1974-09-30,BE,Belgium,43.7123
1974-09-30,CA,Canada,51.9164
1974-09-30,CH,Switzerland,83.14
1974-09-30,DE,Germany,132.5333
1974-09-30,DK,Denmark,57.259
1974-09-30,ES,Spain,36.2911
1974-09-30,FI,Finland,62.8777
1974-09-30,FR,France,44.3321
1974-09-30,GB,United Kingdom,33.0149
1974-09-30,IE,Ireland,36.0319
1974-09-30,IT,Italy,56.7338
1974-09-30,JP,Japan,136.7989
1974-09-30,NL,Netherlands,41.918
1974-09-30,NO,Norway,32.8997
1974-09-30,NZ,New Zealand,58.084
1974-09-30,SE,Sweden,48.975
1974-09-30,US,United States,67.2781
1974-09-30,ZA,South Africa,76.7719
1974-12-31,AU,Australia,40.1499
1974-12-31,BE,Belgium,41.8407
1974-12-31,CA,Canada,50.5765
1974-12-31,CH,Switzerland,80.0947
1974-12-31,DE,Germany,130.0095
1974-12-31,DK,Denmark,59.0771
1974-12-31,ES,Spain,34.6338
1974-12-31,FI,Finland,61.8129
1974-12-31,FR,France,43.8659
1974-12-31,GB,United Kingdom,31.9021
1974-12-31,IE,Ireland,37.7014
1974-12-31,IT,Italy,56.3945
1974-12-31,JP,Japan,127.4246
1974-12-31,NL,Netherlands,42.5834
1974-12-31,NO,Norway,33.1335
1974-12-31,NZ,New Zealand,57.7949
1974-12-31,SE,Sweden,49.5873
1974-12-31,US,United States,65.7233
1974-12-31,ZA,South Africa,74.6626
1975-03-31,AU,Australia,39.4901
1975-03-31,BE,Belgium,43.4163
1975-03-31,CA,Canada,52.294
1975-03-31,CH,Switzerland,75.9912
1975-03-31,DE,Germany,127.9296
1975-03-31,DK,Denmark,62.2889
1975-03-31,ES,Spain,33.2605
1975-03-31,FI,Finland,58.6465
1975-03-31,FR,France,42.8257
1975-03-31,GB,United Kingdom,30.6332
1975-03-31,IE,Ireland,37.0935
1975-03-31,IT,Italy,56.1601
1975-03-31,JP,Japan,121.1116
1975-03-31,KR,Korea,63.2454
1975-03-31,NL,Netherlands,42.5981
1975-03-31,NO,Norway,32.7558
1975-03-31,NZ,New Zealand,56.3127
1975-03-31,SE,Sweden,50.8904
1975-03-31,US,United States,66.2679
1975-03-31,XM,Euro area,59.047
1975-03-31,ZA,South Africa,77.3303
1975-06-30,AU,Australia,39.6713
1975-06-30,BE,Belgium,43.7321
1975-06-30,CA,Canada,52.7434
1975-06-30,CH,Switzerland,74.1282
1975-06-30,DE,Germany,127.334
1975-06-30,DK,Denmark,63.0248
1975-06-30,ES,Spain,33.2896
1975-06-30,FI,Finland,56.5814
1975-06-30,FR,France,43.3518
1975-06-30,GB,United Kingdom,28.7833
1975-06-30,IE,Ireland,36.8866
1975-06-30,IT,Italy,55.559
1975-06-30,JP,Japan,118.2046
1975-06-30,KR,Korea,65.3155
1975-06-30,NL,Netherlands,43.2334
1975-06-30,NO,Norway,33.4978
1975-06-30,NZ,New Zealand,54.159
1975-06-30,SE,Sweden,52.5908
1975-06-30,US,United States,67.132
1975-06-30,XM,Euro area,58.8353
1975-06-30,ZA,South Africa,76.3911
1975-09-30,AU,Australia,40.4964
1975-09-30,BE,Belgium,43.9738
1975-09-30,CA,Canada,52.6905
1975-09-30,CH,Switzerland,72.9317
1975-09-30,DE,Germany,126.4136
1975-09-30,DK,Denmark,65.1038
1975-09-30,ES,Spain,32.4866
1975-09-30,FI,Finland,55.0971
1975-09-30,FR,France,44.5407
1975-09-30,GB,United Kingdom,28.4791
1975-09-30,IE,Ireland,39.7915
1975-09-30,IT,Italy,56.1328
1975-09-30,JP,Japan,117.391
1975-09-30,KR,Korea,67.5565
1975-09-30,NL,Netherlands,43.9607
1975-09-30,NO,Norway,31.9047
1975-09-30,NZ,New Zealand,52.9702
1975-09-30,SE,Sweden,52.8282
1975-09-30,US,United States,66.9068
1975-09-30,XM,Euro area,58.7083
1975-09-30,ZA,South Africa,74.2297
1975-12-31,AU,Australia,39.4723
1975-12-31,BE,Belgium,44.3568
1975-12-31,CA,Canada,53.7542
1975-12-31,CH,Switzerland,72.1464
1975-12-31,DE,Germany,125.1653
1975-12-31,DK,Denmark,65.4537
1975-12-31,ES,Spain,32.2657
1975-12-31,FI,Finland,55.1125
1975-12-31,FR,France,44.6343
1975-12-31,GB,United Kingdom,27.8205
1975-12-31,IE,Ireland,40.5487
1975-12-31,IT,Italy,56.5669
1975-12-31,JP,Japan,114.9299
1975-12-31,KR,Korea,69.3299
1975-12-31,NL,Netherlands,45.1529
1975-12-31,NO,Norway,30.6758
1975-12-31,NZ,New Zealand,52.0048
1975-12-31,SE,Sweden,53.4291
1975-12-31,US,United States,67.0835
1975-12-31,XM,Euro area,58.2549
1975-12-31,ZA,South Africa,74.3792
1976-03-31,AU,Australia,39.971
1976-03-31,BE,Belgium,47.8512
1976-03-31,CA,Canada,55.267
1976-03-31,CH,Switzerland,70.2002
1976-03-31,DE,Germany,123.3973
1976-03-31,DK,Denmark,65.5621
1976-03-31,ES,Spain,31.7175
1976-03-31,FI,Finland,53.7914
1976-03-31,FR,France,44.5973
1976-03-31,GB,United Kingdom,27.5557
1976-03-31,IE,Ireland,39.634
1976-03-31,IT,Italy,56.3911
1976-03-31,JP,Japan,112.815
1976-03-31,KR,Korea,69.9413
1976-03-31,NL,Netherlands,46.5362
1976-03-31,NO,Norway,28.7099
1976-03-31,NZ,New Zealand,50.902
1976-03-31,SE,Sweden,53.6858
1976-03-31,US,United States,64.6535
1976-03-31,XM,Euro area,58.0185
1976-03-31,ZA,South Africa,74.2431
1976-06-30,AU,Australia,39.8772
1976-06-30,BE,Belgium,47.9316
1976-06-30,CA,Canada,55.1091
1976-06-30,CH,Switzerland,70.7175
1976-06-30,DE,Germany,124.0868
1976-06-30,DK,Denmark,63.752
1976-06-30,ES,Spain,32.7189
1976-06-30,FI,Finland,52.2849
1976-06-30,FR,France,45.8814
1976-06-30,GB,United Kingdom,27.3978
1976-06-30,IE,Ireland,37.7188
1976-06-30,IT,Italy,55.2887
1976-06-30,JP,Japan,110.1944
1976-06-30,KR,Korea,71.258
1976-06-30,NL,Netherlands,50.0399
1976-06-30,NO,Norway,31.4366
1976-06-30,NZ,New Zealand,49.6648
1976-06-30,SE,Sweden,55.2017
1976-06-30,US,United States,65.9234
1976-06-30,XM,Euro area,59.3593
1976-06-30,ZA,South Africa,73.2815
1976-09-30,AU,Australia,38.8458
1976-09-30,BE,Belgium,49.0982
1976-09-30,CA,Canada,54.3905
1976-09-30,CH,Switzerland,69.67
1976-09-30,DE,Germany,124.4031
1976-09-30,DK,Denmark,64.0414
1976-09-30,ES,Spain,33.4075
1976-09-30,FI,Finland,51.8552
1976-09-30,FR,France,47.4711
1976-09-30,GB,United Kingdom,27.2985
1976-09-30,IE,Ireland,39.2078
1976-09-30,IT,Italy,56.2653
1976-09-30,JP,Japan,109.8645
1976-09-30,KR,Korea,74.1879
1976-09-30,NL,Netherlands,52.9049
1976-09-30,NO,Norway,30.9821
1976-09-30,NZ,New Zealand,48.6454
1976-09-30,SE,Sweden,57.4901
1976-09-30,US,United States,66.5148
1976-09-30,XM,Euro area,60.4643
1976-09-30,ZA,South Africa,71.1685
1976-12-31,AU,Australia,37.883
1976-12-31,BE,Belgium,49.8681
1976-12-31,CA,Canada,55.6481
1976-12-31,CH,Switzerland,71.5122
1976-12-31,DE,Germany,125.4301
1976-12-31,DK,Denmark,64.2343
1976-12-31,ES,Spain,33.0871
1976-12-31,FI,Finland,51.13
1976-12-31,FR,France,47.4099
1976-12-31,GB,United Kingdom,26.6431
1976-12-31,IE,Ireland,41.4585
1976-12-31,IT,Italy,54.944
1976-12-31,JP,Japan,108.4061
1976-12-31,KR,Korea,76.5816
1976-12-31,NL,Netherlands,55.5065
1976-12-31,NO,Norway,30.4456
1976-12-31,NZ,New Zealand,48.1255
1976-12-31,SE,Sweden,56.2037
1976-12-31,US,United States,68.4443
1976-12-31,XM,Euro area,60.1208
1976-12-31,ZA,South Africa,69.9001
1977-03-31,AU,Australia,37.9861
1977-03-31,BE,Belgium,51.1814
1977-03-31,CA,Canada,54.9948
1977-03-31,CH,Switzerland,71.2028
1977-03-31,DE,Germany,124.2546
1977-03-31,DK,Denmark,63.7765
1977-03-31,ES,Spain,34.3154
1977-03-31,FI,Finland,49.1484
1977-03-31,FR,France,47.5641
1977-03-31,GB,United Kingdom,25.4994
1977-03-31,IE,Ireland,39.5224
1977-03-31,IT,Italy,54.2628
1977-03-31,JP,Japan,107.2107
1977-03-31,KR,Korea,80.458
1977-03-31,NL,Netherlands,61.2825
1977-03-31,NO,Norway,33.3763
1977-03-31,NZ,New Zealand,47.9561
1977-03-31,SE,Sweden,56.9221
1977-03-31,US,United States,70.0936
1977-03-31,XM,Euro area,59.848
1977-03-31,ZA,South Africa,68.2158
1977-06-30,AU,Australia,38.0235
1977-06-30,BE,Belgium,51.8951
1977-06-30,CA,Canada,53.8094
1977-06-30,CH,Switzerland,71.7333
1977-06-30,DE,Germany,125.8292
1977-06-30,DK,Denmark,65.7038
1977-06-30,ES,Spain,35.9542
1977-06-30,FI,Finland,48.6279
1977-06-30,FR,France,48.2174
1977-06-30,GB,United Kingdom,24.939
1977-06-30,IE,Ireland,39.4252
1977-06-30,IT,Italy,53.1626
1977-06-30,JP,Japan,105.5022
1977-06-30,KR,Korea,83.9795
1977-06-30,NL,Netherlands,68.2979
1977-06-30,NO,Norway,33.9453
1977-06-30,NZ,New Zealand,46.7652
1977-06-30,SE,Sweden,58.0462
1977-06-30,US,United States,71.7899
1977-06-30,XM,Euro area,60.6275
1977-06-30,ZA,South Africa,66.7565
1977-09-30,AU,Australia,37.4213
1977-09-30,BE,Belgium,53.2998
1977-09-30,CA,Canada,52.5147
1977-09-30,CH,Switzerland,72.9028
1977-09-30,DE,Germany,127.2739
1977-09-30,DK,Denmark,66.5192
1977-09-30,ES,Spain,35.8954
1977-09-30,FI,Finland,46.8701
1977-09-30,FR,France,49.594
1977-09-30,GB,United Kingdom,25.1831
1977-09-30,IE,Ireland,43.1858
1977-09-30,IT,Italy,52.6733
1977-09-30,JP,Japan,106.1643
1977-09-30,KR,Korea,90.4017
1977-09-30,NL,Netherlands,68.4368
1977-09-30,NO,Norway,33.5721
1977-09-30,NZ,New Zealand,45.4302
1977-09-30,SE,Sweden,57.704
1977-09-30,US,United States,73.3146
1977-09-30,XM,Euro area,61.4778
1977-09-30,ZA,South Africa,65.3033
1977-12-31,AU,Australia,37.2177
1977-12-31,BE,Belgium,55.3072
1977-12-31,CA,Canada,52.9206
1977-12-31,CH,Switzerland,72.4949
1977-12-31,DE,Germany,128.196
1977-12-31,DK,Denmark,66.5288
1977-12-31,ES,Spain,37.466
1977-12-31,FI,Finland,46.1571
1977-12-31,FR,France,49.6726
1977-12-31,GB,United Kingdom,25.7525
1977-12-31,IE,Ireland,43.7731
1977-12-31,IT,Italy,51.8297
1977-12-31,JP,Japan,106.5193
1977-12-31,KR,Korea,98.8043
1977-12-31,NL,Netherlands,68.9423
1977-12-31,NO,Norway,32.9232
1977-12-31,NZ,New Zealand,43.7843
1977-12-31,SE,Sweden,57.9199
1977-12-31,US,United States,74.6068
1977-12-31,XM,Euro area,61.9196
1977-12-31,ZA,South Africa,64.3765
1978-03-31,AU,Australia,37.69
1978-03-31,BE,Belgium,55.3406
1978-03-31,CA,Canada,51.6946
1978-03-31,CH,Switzerland,71.5633
1978-03-31,DE,Germany,128.8973
1978-03-31,DK,Denmark,67.9487
1978-03-31,ES,Spain,39.3393
1978-03-31,FI,Finland,46.6722
1978-03-31,FR,France,49.3929
1978-03-31,GB,United Kingdom,25.8652
1978-03-31,IE,Ireland,47.6764
1978-03-31,IT,Italy,51.9197
1978-03-31,JP,Japan,107.2414
1978-03-31,KR,Korea,107.8071
1978-03-31,NL,Netherlands,70.4504
1978-03-31,NO,Norway,34.272
1978-03-31,NZ,New Zealand,43.0097
1978-03-31,SE,Sweden,56.4101
1978-03-31,US,United States,76.4717
1978-03-31,XM,Euro area,62.4697
1978-03-31,ZA,South Africa,63.7113
1978-06-30,AU,Australia,36.8026
1978-06-30,BE,Belgium,55.8259
1978-06-30,CA,Canada,51.9821
1978-06-30,CH,Switzerland,73.0315
1978-06-30,DE,Germany,130.8149
1978-06-30,DK,Denmark,69.5093
1978-06-30,ES,Spain,40.579
1978-06-30,FI,Finland,46.5439
1978-06-30,FR,France,49.5789
1978-06-30,GB,United Kingdom,26.5132
1978-06-30,IE,Ireland,49.6052
1978-06-30,IT,Italy,53.2262
1978-06-30,JP,Japan,106.7721
1978-06-30,KR,Korea,115.6556
1978-06-30,NL,Netherlands,73.5088
1978-06-30,NO,Norway,34.6271
1978-06-30,NZ,New Zealand,42.1455
1978-06-30,SE,Sweden,59.1847
1978-06-30,US,United States,77.1107
1978-06-30,XM,Euro area,63.0283
1978-06-30,ZA,South Africa,62.3785
1978-09-30,AU,Australia,36.335
1978-09-30,BE,Belgium,57.6118
1978-09-30,CA,Canada,50.6367
1978-09-30,CH,Switzerland,74.1995
1978-09-30,DE,Germany,133.4302
1978-09-30,DK,Denmark,70.4103
1978-09-30,ES,Spain,40.0967
1978-09-30,FI,Finland,45.2491
1978-09-30,FR,France,50.3036
1978-09-30,GB,United Kingdom,27.8041
1978-09-30,IE,Ireland,51.5257
1978-09-30,IT,Italy,55.2625
1978-09-30,JP,Japan,107.6637
1978-09-30,KR,Korea,119.1279
1978-09-30,NL,Netherlands,67.3564
1978-09-30,NO,Norway,34.3331
1978-09-30,NZ,New Zealand,41.5227
1978-09-30,SE,Sweden,61.5005
1978-09-30,US,United States,78.4192
1978-09-30,XM,Euro area,63.7577
1978-09-30,ZA,South Africa,60.7378
1978-12-31,AU,Australia,35.9167
1978-12-31,BE,Belgium,57.5787
1978-12-31,CA,Canada,52.1436
1978-12-31,CH,Switzerland,76.6145
1978-12-31,DE,Germany,135.028
1978-12-31,DK,Denmark,69.0952
1978-12-31,ES,Spain,39.4187
1978-12-31,FI,Finland,45.0615
1978-12-31,FR,France,50.1276
1978-12-31,GB,United Kingdom,29.474
1978-12-31,IE,Ireland,50.6519
1978-12-31,IT,Italy,56.3811
1978-12-31,JP,Japan,109.5652
1978-12-31,KR,Korea,118.0957
1978-12-31,NL,Netherlands,66.8118
1978-12-31,NO,Norway,34.8581
1978-12-31,NZ,New Zealand,40.9328
1978-12-31,SE,Sweden,60.52
1978-12-31,US,United States,79.077
1978-12-31,XM,Euro area,64.4994
1978-12-31,ZA,South Africa,61.4111
1979-03-31,AU,Australia,37.2083
1979-03-31,BE,Belgium,58.6445
1979-03-31,CA,Canada,52.7925
1979-03-31,CH,Switzerland,76.462
1979-03-31,DE,Germany,135.4804
1979-03-31,DK,Denmark,70.1033
1979-03-31,ES,Spain,38.1441
1979-03-31,FI,Finland,44.7595
1979-03-31,FR,France,49.7528
1979-03-31,GB,United Kingdom,30.2661
1979-03-31,IE,Ireland,52.209
1979-03-31,IT,Italy,56.5618
1979-03-31,JP,Japan,111.9597
1979-03-31,KR,Korea,117.2637
1979-03-31,NL,Netherlands,65.4615
1979-03-31,NO,Norway,35.8351
1979-03-31,NZ,New Zealand,40.7832
1979-03-31,SE,Sweden,60.0054
1979-03-31,US,United States,80.6015
1979-03-31,XM,Euro area,65.7732
1979-03-31,ZA,South Africa,61.4528
1979-06-30,AU,Australia,38.5322
1979-06-30,BE,Belgium,58.6626
1979-06-30,CA,Canada,52.4942
1979-06-30,CH,Switzerland,75.2096
1979-06-30,DE,Germany,138.9936
1979-06-30,DK,Denmark,71.4678
1979-06-30,ES,Spain,36.7888
1979-06-30,FI,Finland,44.3599
1979-06-30,FR,France,50.3953
1979-06-30,GB,United Kingdom,31.7191
1979-06-30,IE,Ireland,55.1355
1979-06-30,IT,Italy,56.465
1979-06-30,JP,Japan,112.3251
1979-06-30,KR,Korea,116.7916
1979-06-30,NL,Netherlands,64.9775
1979-06-30,NO,Norway,35.7548
1979-06-30,NZ,New Zealand,39.5248
1979-06-30,SE,Sweden,62.1986
1979-06-30,US,United States,81.3914
1979-06-30,XM,Euro area,66.5733
1979-06-30,ZA,South Africa,61.8577
1979-09-30,AU,Australia,38.4706
1979-09-30,BE,Belgium,59.4665
1979-09-30,CA,Canada,51.2621
1979-09-30,CH,Switzerland,77.1885
1979-09-30,DE,Germany,139.8806
1979-09-30,DK,Denmark,69.0848
1979-09-30,ES,Spain,35.9106
1979-09-30,FI,Finland,44.4273
1979-09-30,FR,France,51.6533
1979-09-30,GB,United Kingdom,32.161
1979-09-30,IE,Ireland,54.6641
1979-09-30,IT,Italy,56.5656
1979-09-30,JP,Japan,114.3686
1979-09-30,KR,Korea,113.5081
1979-09-30,NL,Netherlands,62.6737
1979-09-30,NO,Norway,34.9738
1979-09-30,NZ,New Zealand,38.0533
1979-09-30,SE,Sweden,63.071
1979-09-30,US,United States,81.6661
1979-09-30,XM,Euro area,66.3913
1979-09-30,ZA,South Africa,60.6783
1979-12-31,AU,Australia,38.008
1979-12-31,BE,Belgium,58.2092
1979-12-31,CA,Canada,52.3214
1979-12-31,CH,Switzerland,79.0975
1979-12-31,DE,Germany,139.383
1979-12-31,DK,Denmark,67.2099
1979-12-31,ES,Spain,34.4458
1979-12-31,FI,Finland,45.2991
1979-12-31,FR,France,52.0478
1979-12-31,GB,United Kingdom,33.2873
1979-12-31,HK,Hong Kong SAR,46.7371
1979-12-31,IE,Ireland,52.4997
1979-12-31,IT,Italy,55.9702
1979-12-31,JP,Japan,116.2045
1979-12-31,KR,Korea,107.9644
1979-12-31,NL,Netherlands,60.0249
1979-12-31,NO,Norway,34.6768
1979-12-31,NZ,New Zealand,37.1259
1979-12-31,SE,Sweden,60.7379
1979-12-31,US,United States,82.226
1979-12-31,XM,Euro area,64.9745
1979-12-31,ZA,South Africa,61.6089
1980-03-31,AU,Australia,37.9972
1980-03-31,BE,Belgium,58.4512
1980-03-31,CA,Canada,51.9589
1980-03-31,CH,Switzerland,81.7222
1980-03-31,DE,Germany,139.295
1980-03-31,DK,Denmark,64.3854
1980-03-31,ES,Spain,34.3024
1980-03-31,FI,Finland,46.2756
1980-03-31,FR,France,52.158
1980-03-31,GB,United Kingdom,33.7363
1980-03-31,HK,Hong Kong SAR,49.4687
1980-03-31,IE,Ireland,54.0816
1980-03-31,IT,Italy,56.3133
1980-03-31,JP,Japan,117.6076
1980-03-31,KR,Korea,104.396
1980-03-31,NL,Netherlands,58.303
1980-03-31,NO,Norway,32.85
1980-03-31,NZ,New Zealand,36.5163
1980-03-31,SE,Sweden,56.8713
1980-03-31,US,United States,80.873
1980-03-31,XM,Euro area,64.0169
1980-03-31,ZA,South Africa,62.9059
1980-06-30,AU,Australia,38.8424
1980-06-30,BE,Belgium,56.5301
1980-06-30,CA,Canada,52.6125
1980-06-30,CH,Switzerland,79.4083
1980-06-30,DE,Germany,140.4303
1980-06-30,DK,Denmark,60.6039
1980-06-30,ES,Spain,33.9299
1980-06-30,FI,Finland,45.8355
1980-06-30,FR,France,53.5381
1980-06-30,GB,United Kingdom,33.1916
1980-06-30,HK,Hong Kong SAR,48.7067
1980-06-30,IE,Ireland,51.6343
1980-06-30,IT,Italy,60.0916
1980-06-30,JP,Japan,117.6874
1980-06-30,KR,Korea,100.8951
1980-06-30,NL,Netherlands,56.6135
1980-06-30,NO,Norway,34.2488
1980-06-30,NZ,New Zealand,36.1813
1980-06-30,SE,Sweden,56.756
1980-06-30,US,United States,79.0056
1980-06-30,XM,Euro area,65.032
1980-06-30,ZA,South Africa,65.0337
1980-09-30,AU,Australia,39.4072
1980-09-30,BE,Belgium,55.2732
1980-09-30,CA,Canada,53.2591
1980-09-30,CH,Switzerland,80.1797
1980-09-30,DE,Germany,141.3255
1980-09-30,DK,Denmark,59.9629
1980-09-30,ES,Spain,32.5873
1980-09-30,FI,Finland,46.4099
1980-09-30,FR,France,55.0968
1980-09-30,GB,United Kingdom,33.795
1980-09-30,HK,Hong Kong SAR,51.8077
1980-09-30,IE,Ireland,54.6462
1980-09-30,IT,Italy,64.2218
1980-09-30,JP,Japan,120.201
1980-09-30,KR,Korea,96.9292
1980-09-30,NL,Netherlands,51.973
1980-09-30,NO,Norway,35.4795
1980-09-30,NZ,New Zealand,36.0835
1980-09-30,SE,Sweden,56.216
1980-09-30,US,United States,80.0701
1980-09-30,XM,Euro area,67.0879
1980-09-30,ZA,South Africa,68.0262
1980-12-31,AU,Australia,39.8965
1980-12-31,BE,Belgium,52.0156
1980-12-31,CA,Canada,55.1066
1980-12-31,CH,Switzerland,81.0207
1980-12-31,DE,Germany,142.5041
1980-12-31,DK,Denmark,58.8905
1980-12-31,ES,Spain,31.189
1980-12-31,FI,Finland,45.3786
1980-12-31,FR,France,54.3837
1980-12-31,GB,United Kingdom,33.3522
1980-12-31,HK,Hong Kong SAR,56.1242
1980-12-31,IE,Ireland,55.5643
1980-12-31,IT,Italy,66.776
1980-12-31,JP,Japan,121.8709
1980-12-31,KR,Korea,93.5771
1980-12-31,NL,Netherlands,51.1352
1980-12-31,NO,Norway,36.5635
1980-12-31,NZ,New Zealand,35.916
1980-12-31,SE,Sweden,52.5268
1980-12-31,US,United States,79.6738
1980-12-31,XM,Euro area,68.0758
1980-12-31,ZA,South Africa,70.9909
1981-03-31,AU,Australia,41.4264
1981-03-31,BE,Belgium,50.6767
1981-03-31,CA,Canada,55.3188
1981-03-31,CH,Switzerland,82.4006
1981-03-31,DE,Germany,141.4196
1981-03-31,DK,Denmark,57.0529
1981-03-31,ES,Spain,30.8494
1981-03-31,FI,Finland,46.8744
1981-03-31,FR,France,53.3241
1981-03-31,GB,United Kingdom,32.543
1981-03-31,HK,Hong Kong SAR,58.4935
1981-03-31,IE,Ireland,53.0217
1981-03-31,IS,Iceland,76.1792
1981-03-31,IT,Italy,69.5032
1981-03-31,JP,Japan,123.9269
1981-03-31,KR,Korea,90.4369
1981-03-31,NL,Netherlands,50.4905
1981-03-31,NO,Norway,37.2297
1981-03-31,NZ,New Zealand,36.2751
1981-03-31,SE,Sweden,50.8857
1981-03-31,US,United States,79.0499
1981-03-31,XM,Euro area,68.7315
1981-03-31,ZA,South Africa,75.1478
1981-06-30,AU,Australia,41.8558
1981-06-30,BE,Belgium,49.6494
1981-06-30,CA,Canada,54.1451
1981-06-30,CH,Switzerland,83.597
1981-06-30,DE,Germany,143.3298
1981-06-30,DK,Denmark,52.522
1981-06-30,ES,Spain,30.8749
1981-06-30,FI,Finland,46.4688
1981-06-30,FR,France,53.1682
1981-06-30,GB,United Kingdom,31.9136
1981-06-30,HK,Hong Kong SAR,56.8727
1981-06-30,IE,Ireland,51.42
1981-06-30,IS,Iceland,77.3903
1981-06-30,IT,Italy,70.8139
1981-06-30,JP,Japan,124.8335
1981-06-30,KR,Korea,87.6141
1981-06-30,NL,Netherlands,47.5681
1981-06-30,NO,Norway,39.5595
1981-06-30,NZ,New Zealand,37.8907
1981-06-30,SE,Sweden,50.1777
1981-06-30,US,United States,78.209
1981-06-30,XM,Euro area,68.9263
1981-06-30,ZA,South Africa,79.7653
1981-09-30,AU,Australia,40.2973
1981-09-30,BE,Belgium,48.3085
1981-09-30,CA,Canada,53.9036
1981-09-30,CH,Switzerland,82.2877
1981-09-30,DE,Germany,142.5402
1981-09-30,DK,Denmark,49.4172
1981-09-30,ES,Spain,29.5539
1981-09-30,FI,Finland,47.4478
1981-09-30,FR,France,53.0275
1981-09-30,GB,United Kingdom,31.7888
1981-09-30,HK,Hong Kong SAR,55.2378
1981-09-30,IE,Ireland,52.1416
1981-09-30,IS,Iceland,85.9555
1981-09-30,IT,Italy,71.7623
1981-09-30,JP,Japan,127.3896
1981-09-30,KR,Korea,86.495
1981-09-30,NL,Netherlands,44.5644
1981-09-30,NO,Norway,40.7671
1981-09-30,NZ,New Zealand,39.2264
1981-09-30,SE,Sweden,48.594
1981-09-30,US,United States,76.769
1981-09-30,XM,Euro area,67.4994
1981-09-30,ZA,South Africa,81.7603
1981-12-31,AU,Australia,40.4942
1981-12-31,BE,Belgium,46.6541
1981-12-31,CA,Canada,53.3638
1981-12-31,CH,Switzerland,83.1065
1981-12-31,DE,Germany,140.0098
1981-12-31,DK,Denmark,49.2058
1981-12-31,ES,Spain,27.915
1981-12-31,FI,Finland,47.5052
1981-12-31,FR,France,51.4439
1981-12-31,GB,United Kingdom,30.6135
1981-12-31,HK,Hong Kong SAR,52.7462
1981-12-31,IE,Ireland,50.615
1981-12-31,IS,Iceland,85.0832
1981-12-31,IT,Italy,70.0278
1981-12-31,JP,Japan,128.4394
1981-12-31,KR,Korea,85.4189
1981-12-31,NL,Netherlands,41.1546
1981-12-31,NO,Norway,41.7923
1981-12-31,NZ,New Zealand,40.8414
1981-12-31,SE,Sweden,46.8321
1981-12-31,US,United States,76.6179
1981-12-31,XM,Euro area,65.6354
1981-12-31,ZA,South Africa,83.6625
1982-03-31,AU,Australia,39.329
1982-03-31,BE,Belgium,44.2983
1982-03-31,CA,Canada,49.9355
1982-03-31,CH,Switzerland,84.4697
1982-03-31,DE,Germany,138.4887
1982-03-31,DK,Denmark,47.7774
1982-03-31,ES,Spain,27.4445
1982-03-31,FI,Finland,50.0752
1982-03-31,FR,France,49.8113
1982-03-31,GB,United Kingdom,29.5418
1982-03-31,HK,Hong Kong SAR,48.099
1982-03-31,IE,Ireland,49.3182
1982-03-31,IS,Iceland,92.8386
1982-03-31,IT,Italy,68.4639
1982-03-31,JP,Japan,131.0153
1982-03-31,KR,Korea,84.6293
1982-03-31,NL,Netherlands,39.4526
1982-03-31,NO,Norway,42.7693
1982-03-31,NZ,New Zealand,42.9518
1982-03-31,SE,Sweden,45.9727
1982-03-31,US,United States,76.2604
1982-03-31,XM,Euro area,64.5881
1982-03-31,ZA,South Africa,84.9409
1982-06-30,AU,Australia,39.6127
1982-06-30,BE,Belgium,42.9756
1982-06-30,CA,Canada,46.4056
1982-06-30,CH,Switzerland,82.1543
1982-06-30,DE,Germany,136.7914
1982-06-30,DK,Denmark,47.0698
1982-06-30,ES,Spain,26.9601
1982-06-30,FI,Finland,50.0515
1982-06-30,FR,France,49.4073
1982-06-30,GB,United Kingdom,29.8007
1982-06-30,HK,Hong Kong SAR,45.2061
1982-06-30,IE,Ireland,47.2624
1982-06-30,IS,Iceland,96.8299
1982-06-30,IT,Italy,68.4454
1982-06-30,JP,Japan,131.7225
1982-06-30,KR,Korea,84.0715
1982-06-30,NL,Netherlands,38.7071
1982-06-30,NO,Norway,44.6039
1982-06-30,NZ,New Zealand,44.3346
1982-06-30,SE,Sweden,46.349
1982-06-30,US,United States,75.2953
1982-06-30,XM,Euro area,63.8352
1982-06-30,ZA,South Africa,84.2189
1982-09-30,AU,Australia,37.5919
1982-09-30,BE,Belgium,43.6336
1982-09-30,CA,Canada,44.5756
1982-09-30,CH,Switzerland,81.076
1982-09-30,DE,Germany,135.3009
1982-09-30,DK,Denmark,44.8579
1982-09-30,ES,Spain,26.5021
1982-09-30,FI,Finland,50.7769
1982-09-30,FR,France,50.3074
1982-09-30,GB,United Kingdom,30.3091
1982-09-30,HK,Hong Kong SAR,42.0218
1982-09-30,IE,Ireland,47.7163
1982-09-30,IS,Iceland,100.9022
1982-09-30,IT,Italy,67.591
1982-09-30,JP,Japan,133.188
1982-09-30,KR,Korea,85.7079
1982-09-30,NL,Netherlands,38.6752
1982-09-30,NO,Norway,43.9715
1982-09-30,NZ,New Zealand,43.7685
1982-09-30,SE,Sweden,46.1081
1982-09-30,US,United States,73.9712
1982-09-30,XM,Euro area,63.6157
1982-09-30,ZA,South Africa,84.139
1982-12-31,AU,Australia,36.3729
1982-12-31,BE,Belgium,42.0661
1982-12-31,CA,Canada,44.8387
1982-12-31,CH,Switzerland,81.5824
1982-12-31,DE,Germany,133.4894
1982-12-31,DK,Denmark,44.8065
1982-12-31,ES,Spain,26.6355
1982-12-31,FI,Finland,52.765
1982-12-31,FR,France,49.356
1982-12-31,GB,United Kingdom,30.3591
1982-12-31,HK,Hong Kong SAR,38.9144
1982-12-31,IE,Ireland,47.6414
1982-12-31,IS,Iceland,90.5201
1982-12-31,IT,Italy,66.1506
1982-12-31,JP,Japan,133.6616
1982-12-31,KR,Korea,89.3816
1982-12-31,NL,Netherlands,37.406
1982-12-31,NO,Norway,43.6599
1982-12-31,NZ,New Zealand,43.5644
1982-12-31,SE,Sweden,44.4561
1982-12-31,US,United States,74.2969
1982-12-31,XM,Euro area,62.7238
1982-12-31,ZA,South Africa,83.4377
1983-03-31,AU,Australia,36.5442
1983-03-31,BE,Belgium,40.5788
1983-03-31,CA,Canada,47.5674
1983-03-31,CH,Switzerland,81.9373
1983-03-31,DE,Germany,132.6041
1983-03-31,DK,Denmark,48.2405
1983-03-31,ES,Spain,28.4539
1983-03-31,FI,Finland,56.0589
1983-03-31,FR,France,47.8582
1983-03-31,GB,United Kingdom,31.0843
1983-03-31,HK,Hong Kong SAR,36.1342
1983-03-31,IE,Ireland,45.8775
1983-03-31,IS,Iceland,85.3419
1983-03-31,IT,Italy,65.0089
1983-03-31,JP,Japan,135.7633
1983-03-31,KR,Korea,93.5724
1983-03-31,NL,Netherlands,37.8628
1983-03-31,NO,Norway,42.8262
1983-03-31,NZ,New Zealand,43.8117
1983-03-31,SE,Sweden,42.9358
1983-03-31,US,United States,75.1373
1983-03-31,XM,Euro area,62.3242
1983-03-31,ZA,South Africa,86.0778
1983-06-30,AU,Australia,37.0336
1983-06-30,BE,Belgium,39.7957
1983-06-30,CA,Canada,46.9074
1983-06-30,CH,Switzerland,82.6361
1983-06-30,DE,Germany,133.0407
1983-06-30,DK,Denmark,53.5527
1983-06-30,ES,Spain,29.0511
1983-06-30,FI,Finland,55.7419
1983-06-30,FR,France,47.6388
1983-06-30,GB,United Kingdom,31.6272
1983-06-30,HK,Hong Kong SAR,35.3897
1983-06-30,IE,Ireland,43.3539
1983-06-30,IS,Iceland,76.4185
1983-06-30,IT,Italy,64.1829
1983-06-30,JP,Japan,135.4852
1983-06-30,KR,Korea,97.1609
1983-06-30,NL,Netherlands,39.0133
1983-06-30,NO,Norway,42.1163
1983-06-30,NZ,New Zealand,44.1963
1983-06-30,SE,Sweden,42.7483
1983-06-30,US,United States,75.1719
1983-06-30,XM,Euro area,62.0546
1983-06-30,ZA,South Africa,88.8528
1983-09-30,AU,Australia,36.1734
1983-09-30,BE,Belgium,39.2537
1983-09-30,CA,Canada,45.5728
1983-09-30,CH,Switzerland,84.5624
1983-09-30,DE,Germany,131.98
1983-09-30,DK,Denmark,53.6407
1983-09-30,ES,Spain,28.8653
1983-09-30,FI,Finland,56.9857
1983-09-30,FR,France,48.2154
1983-09-30,GB,United Kingdom,32.5969
1983-09-30,HK,Hong Kong SAR,33.4094
1983-09-30,IE,Ireland,44.3393
1983-09-30,IS,Iceland,72.6737
1983-09-30,IT,Italy,63.5233
1983-09-30,JP,Japan,137.1138
1983-09-30,KR,Korea,100.2863
1983-09-30,NL,Netherlands,38.7019
1983-09-30,NO,Norway,42.342
1983-09-30,NZ,New Zealand,44.9249
1983-09-30,SE,Sweden,42.0049
1983-09-30,US,United States,75.314
1983-09-30,XM,Euro area,62.0349
1983-09-30,ZA,South Africa,91.0017
1983-12-31,AU,Australia,36.9697
1983-12-31,BE,Belgium,38.4197
1983-12-31,CA,Canada,45.323
1983-12-31,CH,Switzerland,85.0102
1983-12-31,DE,Germany,130.2099
1983-12-31,DK,Denmark,54.0678
1983-12-31,ES,Spain,28.0194
1983-12-31,FI,Finland,58.4812
1983-12-31,FR,France,47.2709
1983-12-31,GB,United Kingdom,32.4895
1983-12-31,HK,Hong Kong SAR,30.4542
1983-12-31,IE,Ireland,42.3052
1983-12-31,IS,Iceland,73.3264
1983-12-31,IT,Italy,61.8888
1983-12-31,JP,Japan,136.7871
1983-12-31,KR,Korea,102.9344
1983-12-31,NL,Netherlands,37.165
1983-12-31,NO,Norway,42.7962
1983-12-31,NZ,New Zealand,45.9607
1983-12-31,SE,Sweden,41.4371
1983-12-31,US,United States,75.597
1983-12-31,XM,Euro area,60.5431
1983-12-31,ZA,South Africa,94.1021
1984-03-31,AU,Australia,38.3508
1984-03-31,BE,Belgium,38.1929
1984-03-31,CA,Canada,44.7485
1984-03-31,CH,Switzerland,85.3714
1984-03-31,DE,Germany,127.8209
1984-03-31,DK,Denmark,56.3018
1984-03-31,ES,Spain,28.0552
1984-03-31,FI,Finland,60.061
1984-03-31,FR,France,46.1065
1984-03-31,GB,United Kingdom,32.6668
1984-03-31,HK,Hong Kong SAR,30.8242
1984-03-31,IE,Ireland,42.023
1984-03-31,IS,Iceland,76.81
1984-03-31,IT,Italy,60.461
1984-03-31,JP,Japan,137.3425
1984-03-31,KR,Korea,105.8568
1984-03-31,NL,Netherlands,37.0742
1984-03-31,NO,Norway,43.0763
1984-03-31,NZ,New Zealand,47.2505
1984-03-31,SE,Sweden,40.4511
1984-03-31,US,United States,75.6279
1984-03-31,XM,Euro area,59.3991
1984-03-31,ZA,South Africa,94.1988
1984-06-30,AU,Australia,39.1422
1984-06-30,BE,Belgium,37.8842
1984-06-30,CA,Canada,44.6323
1984-06-30,CH,Switzerland,86.675
1984-06-30,DE,Germany,126.7251
1984-06-30,DK,Denmark,56.4806
1984-06-30,ES,Spain,28.0244
1984-06-30,FI,Finland,59.0777
1984-06-30,FR,France,46.0352
1984-06-30,GB,United Kingdom,32.981
1984-06-30,HK,Hong Kong SAR,30.4892
1984-06-30,IE,Ireland,40.5572
1984-06-30,IS,Iceland,79.3028
1984-06-30,IT,Italy,59.3282
1984-06-30,JP,Japan,137.163
1984-06-30,KR,Korea,108.5365
1984-06-30,NL,Netherlands,36.8267
1984-06-30,NO,Norway,43.7359
1984-06-30,NZ,New Zealand,47.7757
1984-06-30,SE,Sweden,40.9584
1984-06-30,US,United States,75.8184
1984-06-30,XM,Euro area,58.8307
1984-06-30,ZA,South Africa,90.4399
1984-09-30,AU,Australia,40.2757
1984-09-30,BE,Belgium,38.15
1984-09-30,CA,Canada,43.447
1984-09-30,CH,Switzerland,86.5251
1984-09-30,DE,Germany,125.9502
1984-09-30,DK,Denmark,56.5401
1984-09-30,ES,Spain,27.3666
1984-09-30,FI,Finland,59.5336
1984-09-30,FR,France,46.4432
1984-09-30,GB,United Kingdom,34.0785
1984-09-30,HK,Hong Kong SAR,28.66
1984-09-30,IE,Ireland,41.7938
1984-09-30,IS,Iceland,79.5199
1984-09-30,IT,Italy,58.6769
1984-09-30,JP,Japan,138.2951
1984-09-30,KR,Korea,110.3563
1984-09-30,NL,Netherlands,36.9456
1984-09-30,NO,Norway,43.7018
1984-09-30,NZ,New Zealand,47.6779
1984-09-30,SE,Sweden,40.953
1984-09-30,US,United States,76.1123
1984-09-30,XM,Euro area,58.6718
1984-09-30,ZA,South Africa,86.8565
1984-12-31,AU,Australia,39.6222
1984-12-31,BE,Belgium,37.3569
1984-12-31,CA,Canada,43.6519
1984-12-31,CH,Switzerland,86.2174
1984-12-31,DE,Germany,124.5522
1984-12-31,DK,Denmark,58.1672
1984-12-31,ES,Spain,27.1556
1984-12-31,FI,Finland,59.2043
1984-12-31,FR,France,45.6928
1984-12-31,GB,United Kingdom,34.2286
1984-12-31,HK,Hong Kong SAR,28.8352
1984-12-31,IE,Ireland,41.161
1984-12-31,IS,Iceland,75.8301
1984-12-31,IT,Italy,57.5027
1984-12-31,JP,Japan,137.5504
1984-12-31,KR,Korea,111.326
1984-12-31,NL,Netherlands,36.0535
1984-12-31,NO,Norway,42.8714
1984-12-31,NZ,New Zealand,47.4922
1984-12-31,SE,Sweden,40.1387
1984-12-31,US,United States,76.0895
1984-12-31,XM,Euro area,57.7005
1984-12-31,ZA,South Africa,81.6722
1985-03-31,AU,Australia,41.0848
1985-03-31,BE,Belgium,36.7639
1985-03-31,CA,Canada,44.0646
1985-03-31,CH,Switzerland,89.2213
1985-03-31,DE,Germany,122.8752
1985-03-31,DK,Denmark,59.7513
1985-03-31,ES,Spain,27.8873
1985-03-31,FI,Finland,59.9125
1985-03-31,FR,France,44.6795
1985-03-31,GB,United Kingdom,33.8829
1985-03-31,HK,Hong Kong SAR,29.7875
1985-03-31,IE,Ireland,40.1448
1985-03-31,IS,Iceland,71.5466
1985-03-31,IT,Italy,56.2061
1985-03-31,JP,Japan,138.2354
1985-03-31,KR,Korea,112.3358
1985-03-31,NL,Netherlands,35.9638
1985-03-31,NO,Norway,42.0104
1985-03-31,NZ,New Zealand,47.0924
1985-03-31,SE,Sweden,39.4409
1985-03-31,US,United States,76.4984
1985-03-31,XM,Euro area,56.8509
1985-03-31,ZA,South Africa,76.0232
1985-06-30,AU,Australia,40.541
1985-06-30,BE,Belgium,35.9506
1985-06-30,CA,Canada,44.5627
1985-06-30,CH,Switzerland,86.8513
1985-06-30,DE,Germany,121.7517
1985-06-30,DK,Denmark,61.548
1985-06-30,ES,Spain,28.052
1985-06-30,FI,Finland,58.9614
1985-06-30,FR,France,44.6343
1985-06-30,GB,United Kingdom,34.2402
1985-06-30,HK,Hong Kong SAR,30.9546
1985-06-30,IE,Ireland,39.3252
1985-06-30,IS,Iceland,71.4286
1985-06-30,IT,Italy,55.1719
1985-06-30,JP,Japan,137.7697
1985-06-30,KR,Korea,113.3542
1985-06-30,NL,Netherlands,36.3066
1985-06-30,NO,Norway,42.2098
1985-06-30,NZ,New Zealand,46.538
1985-06-30,SE,Sweden,39.6942
1985-06-30,US,United States,77.2496
1985-06-30,XM,Euro area,56.3634
1985-06-30,ZA,South Africa,71.1241
1985-09-30,AU,Australia,40.5517
1985-09-30,BE,Belgium,37.1346
1985-09-30,CA,Canada,44.358
1985-09-30,CH,Switzerland,87.7627
1985-09-30,DE,Germany,122.3859
1985-09-30,DK,Denmark,65.9927
1985-09-30,ES,Spain,28.0615
1985-09-30,FI,Finland,58.3898
1985-09-30,FR,France,45.4202
1985-09-30,GB,United Kingdom,34.86
1985-09-30,HK,Hong Kong SAR,32.5727
1985-09-30,IE,Ireland,40.3109
1985-09-30,IS,Iceland,66.5223
1985-09-30,IT,Italy,54.9084
1985-09-30,JP,Japan,138.2955
1985-09-30,KR,Korea,114.357
1985-09-30,NL,Netherlands,35.8377
1985-09-30,NO,Norway,43.3999
1985-09-30,NZ,New Zealand,47.0503
1985-09-30,SE,Sweden,39.6862
1985-09-30,US,United States,77.3598
1985-09-30,XM,Euro area,56.9035
1985-09-30,ZA,South Africa,68.0786
1985-12-31,AU,Australia,40.3391
1985-12-31,BE,Belgium,36.8293
1985-12-31,CA,Canada,45.8775
1985-12-31,CH,Switzerland,86.7709
1985-12-31,DE,Germany,122.1211
1985-12-31,DK,Denmark,67.0299
1985-12-31,ES,Spain,27.8208
1985-12-31,FI,Finland,58.6128
1985-12-31,FR,France,45.1123
1985-12-31,GB,United Kingdom,35.7687
1985-12-31,HK,Hong Kong SAR,33.509
1985-12-31,IE,Ireland,41.1574
1985-12-31,IS,Iceland,65.151
1985-12-31,IT,Italy,53.9675
1985-12-31,JP,Japan,138.5016
1985-12-31,KR,Korea,115.3228
1985-12-31,NL,Netherlands,35.7912
1985-12-31,NO,Norway,45.456
1985-12-31,NZ,New Zealand,47.4513
1985-12-31,SE,Sweden,38.8112
1985-12-31,US,United States,78.1557
1985-12-31,XM,Euro area,56.5783
1985-12-31,ZA,South Africa,65.1333
1986-03-31,AU,Australia,40.2975
1986-03-31,BE,Belgium,36.7893
1986-03-31,CA,Canada,47.9237
1986-03-31,CH,Switzerland,89.7949
1986-03-31,DE,Germany,121.7679
1986-03-31,DK,Denmark,70.8523
1986-03-31,ES,Spain,27.7048
1986-03-31,FI,Finland,59.9064
1986-03-31,FR,France,44.9418
1986-03-31,GB,United Kingdom,36.3567
1986-03-31,HK,Hong Kong SAR,33.4486
1986-03-31,IE,Ireland,39.6688
1986-03-31,IS,Iceland,60.2917
1986-03-31,IT,Italy,53.5283
1986-03-31,JP,Japan,139.1354
1986-03-31,KR,Korea,120.9882
1986-03-31,NL,Netherlands,36.8465
1986-03-31,NO,Norway,48.2646
1986-03-31,NZ,New Zealand,47.3267
1986-03-31,SE,Sweden,38.7904
1986-03-31,US,United States,79.5645
1986-03-31,XM,Euro area,56.2071
1986-03-31,ZA,South Africa,60.8073
1986-06-30,AU,Australia,40.7234
1986-06-30,BE,Belgium,37.1941
1986-06-30,CA,Canada,49.9282
1986-06-30,CH,Switzerland,86.9044
1986-06-30,DE,Germany,122.8449
1986-06-30,DK,Denmark,68.8701
1986-06-30,ES,Spain,28.6833
1986-06-30,FI,Finland,59.1142
1986-06-30,FR,France,45.5238
1986-06-30,GB,United Kingdom,37.4374
1986-06-30,HK,Hong Kong SAR,33.3308
1986-06-30,IE,Ireland,39.2517
1986-06-30,IS,Iceland,61.4409
1986-06-30,IT,Italy,53.5006
1986-06-30,JP,Japan,139.7316
1986-06-30,KR,Korea,119.0011
1986-06-30,NL,Netherlands,37.4075
1986-06-30,NO,Norway,51.7814
1986-06-30,NZ,New Zealand,46.7187
1986-06-30,SE,Sweden,39.2845
1986-06-30,US,United States,81.285
1986-06-30,XM,Euro area,56.7791
1986-06-30,ZA,South Africa,57.8231
1986-09-30,AT,Austria,56.8446
1986-09-30,AU,Australia,38.5895
1986-09-30,BE,Belgium,39.0556
1986-09-30,CA,Canada,50.191
1986-09-30,CH,Switzerland,88.5298
1986-09-30,DE,Germany,123.2364
1986-09-30,DK,Denmark,67.0397
1986-09-30,ES,Spain,29.8958
1986-09-30,FI,Finland,59.2434
1986-09-30,FR,France,46.5754
1986-09-30,GB,United Kingdom,38.9169
1986-09-30,HK,Hong Kong SAR,34.6061
1986-09-30,IE,Ireland,41.1104
1986-09-30,IS,Iceland,64.0197
1986-09-30,IT,Italy,53.625
1986-09-30,JP,Japan,141.455
1986-09-30,KR,Korea,117.7578
1986-09-30,NL,Netherlands,38.3978
1986-09-30,NO,Norway,54.0476
1986-09-30,NZ,New Zealand,46.2232
1986-09-30,SE,Sweden,40.1473
1986-09-30,US,United States,82.5699
1986-09-30,XM,Euro area,57.6677
1986-09-30,ZA,South Africa,55.0132
1986-12-31,AT,Austria,53.7156
1986-12-31,AU,Australia,37.9594
1986-12-31,BE,Belgium,38.508
1986-12-31,CA,Canada,53.1148
1986-12-31,CH,Switzerland,87.438
1986-12-31,DE,Germany,123.0557
1986-12-31,DK,Denmark,67.3053
1986-12-31,ES,Spain,32.1549
1986-12-31,FI,Finland,60.2936
1986-12-31,FR,France,46.5019
1986-12-31,GB,United Kingdom,39.7446
1986-12-31,HK,Hong Kong SAR,36.0542
1986-12-31,IE,Ireland,40.4525
1986-12-31,IS,Iceland,66.8747
1986-12-31,IT,Italy,53.2894
1986-12-31,JP,Japan,143.6212
1986-12-31,KR,Korea,118.035
1986-12-31,NL,Netherlands,37.9732
1986-12-31,NO,Norway,55.4297
1986-12-31,NZ,New Zealand,43.3105
1986-12-31,SE,Sweden,40.7645
1986-12-31,US,United States,83.4011
1986-12-31,XM,Euro area,57.9126
1986-12-31,ZA,South Africa,53.1884
1987-03-31,AT,Austria,58.0007
1987-03-31,AU,Australia,37.6293
1987-03-31,BE,Belgium,39.2817
1987-03-31,CA,Canada,57.0478
1987-03-31,CH,Switzerland,88.6985
1987-03-31,DE,Germany,121.7648
1987-03-31,DK,Denmark,62.546
1987-03-31,ES,Spain,35.9609
1987-03-31,FI,Finland,61.0267
1987-03-31,FR,France,46.0143
1987-03-31,GB,United Kingdom,40.6258
1987-03-31,HK,Hong Kong SAR,38.5722
1987-03-31,IE,Ireland,38.9997
1987-03-31,IS,Iceland,70.0435
1987-03-31,IT,Italy,53.2695
1987-03-31,JP,Japan,146.5671
1987-03-31,KR,Korea,116.3609
1987-03-31,NL,Netherlands,39.2927
1987-03-31,NO,Norway,59.426
1987-03-31,NZ,New Zealand,44.733
1987-03-31,SE,Sweden,41.9071
1987-03-31,US,United States,85.1953
1987-03-31,XM,Euro area,58.6043
1987-03-31,ZA,South Africa,53.0271
1987-06-30,AT,Austria,63.1117
1987-06-30,AU,Australia,37.499
1987-06-30,BE,Belgium,39.0439
1987-06-30,CA,Canada,55.5643
1987-06-30,CH,Switzerland,89.9715
1987-06-30,DE,Germany,121.3406
1987-06-30,DK,Denmark,61.4719
1987-06-30,ES,Spain,38.0249
1987-06-30,FI,Finland,62.3387
1987-06-30,FR,France,46.9218
1987-06-30,GB,United Kingdom,41.9247
1987-06-30,HK,Hong Kong SAR,40.1813
1987-06-30,IE,Ireland,37.4637
1987-06-30,IS,Iceland,71.1995
1987-06-30,IT,Italy,53.7474
1987-06-30,JP,Japan,149.3309
1987-06-30,KR,Korea,113.8963
1987-06-30,NL,Netherlands,40.0558
1987-06-30,NO,Norway,59.6417
1987-06-30,NZ,New Zealand,45.4731
1987-06-30,SE,Sweden,42.7085
1987-06-30,US,United States,85.9604
1987-06-30,XM,Euro area,59.2265
1987-06-30,ZA,South Africa,53.2628
1987-09-30,AT,Austria,55.316
1987-09-30,AU,Australia,37.5088
1987-09-30,BE,Belgium,40.1987
1987-09-30,CA,Canada,54.9735
1987-09-30,CH,Switzerland,89.8331
1987-09-30,DE,Germany,121.4214
1987-09-30,DK,Denmark,60.6093
1987-09-30,ES,Spain,39.5371
1987-09-30,FI,Finland,64.0978
1987-09-30,FR,France,48.559
1987-09-30,GB,United Kingdom,43.9109
1987-09-30,HK,Hong Kong SAR,41.0479
1987-09-30,IE,Ireland,39.7572
1987-09-30,IS,Iceland,73.0881
1987-09-30,IT,Italy,54.3835
1987-09-30,JP,Japan,154.0943
1987-09-30,KR,Korea,114.37
1987-09-30,NL,Netherlands,39.786
1987-09-30,NO,Norway,59.3307
1987-09-30,NZ,New Zealand,46.9391
1987-09-30,SE,Sweden,43.2904
1987-09-30,US,United States,86.8433
1987-09-30,XM,Euro area,59.7624
1987-09-30,ZA,South Africa,53.4174
1987-12-31,AT,Austria,60.6391
1987-12-31,AU,Australia,38.6216
1987-12-31,BE,Belgium,40.2524
1987-12-31,CA,Canada,57.5943
1987-12-31,CH,Switzerland,88.7837
1987-12-31,DE,Germany,121.7521
1987-12-31,DK,Denmark,59.3719
1987-12-31,ES,Spain,41.5583
1987-12-31,FI,Finland,67.8768
1987-12-31,FR,France,48.8297
1987-12-31,GB,United Kingdom,46.0931
1987-12-31,HK,Hong Kong SAR,40.5984
1987-12-31,IE,Ireland,41.8167
1987-12-31,IS,Iceland,75.6409
1987-12-31,IT,Italy,54.6012
1987-12-31,JP,Japan,155.2468
1987-12-31,KR,Korea,118.7792
1987-12-31,NL,Netherlands,39.7187
1987-12-31,NO,Norway,59.0191
1987-12-31,NZ,New Zealand,48.0986
1987-12-31,SE,Sweden,44.2934
1987-12-31,US,United States,87.8666
1987-12-31,XM,Euro area,60.9479
1987-12-31,ZA,South Africa,54.0435
1988-03-31,AT,Austria,57.4351
1988-03-31,AU,Australia,39.6329
1988-03-31,BE,Belgium,40.9167
1988-03-31,CA,Canada,62.3874
1988-03-31,CH,Switzerland,89.9866
1988-03-31,CO,Colombia,105.4707
1988-03-31,DE,Germany,121.1222
1988-03-31,DK,Denmark,59.4494
1988-03-31,ES,Spain,43.8542
1988-03-31,FI,Finland,75.0082
1988-03-31,FR,France,49.1136
1988-03-31,GB,United Kingdom,47.8229
1988-03-31,HK,Hong Kong SAR,41.498
1988-03-31,IE,Ireland,40.6746
1988-03-31,IS,Iceland,78.2255
1988-03-31,IT,Italy,55.4889
1988-03-31,JP,Japan,157.6389
1988-03-31,KR,Korea,120.6676
1988-03-31,MY,Malaysia,59.4685
1988-03-31,NL,Netherlands,40.1883
1988-03-31,NO,Norway,58.3734
1988-03-31,NZ,New Zealand,48.624
1988-03-31,PT,Portugal,98.1084
1988-03-31,SE,Sweden,45.9724
1988-03-31,US,United States,88.693
1988-03-31,XM,Euro area,61.4304
1988-03-31,ZA,South Africa,54.6909
1988-06-30,AT,Austria,61.3832
1988-06-30,AU,Australia,41.05
1988-06-30,BE,Belgium,41.9249
1988-06-30,CA,Canada,62.9101
1988-06-30,CH,Switzerland,90.3576
1988-06-30,CO,Colombia,94.133
1988-06-30,DE,Germany,121.9064
1988-06-30,DK,Denmark,58.4437
1988-06-30,ES,Spain,46.1538
1988-06-30,FI,Finland,77.7643
1988-06-30,FR,France,50.4844
1988-06-30,GB,United Kingdom,49.7582
1988-06-30,HK,Hong Kong SAR,43.9373
1988-06-30,IE,Ireland,39.5331
1988-06-30,IS,Iceland,78.0144
1988-06-30,IT,Italy,57.3051
1988-06-30,JP,Japan,158.1411
1988-06-30,KR,Korea,124.8719
1988-06-30,MY,Malaysia,59.6089
1988-06-30,NL,Netherlands,41.5108
1988-06-30,NO,Norway,56.8961
1988-06-30,NZ,New Zealand,49.6367
1988-06-30,PT,Portugal,100.3036
1988-06-30,SE,Sweden,47.0713
1988-06-30,US,United States,89.7742
1988-06-30,XM,Euro area,62.6587
1988-06-30,ZA,South Africa,54.223
1988-09-30,AT,Austria,72.356
1988-09-30,AU,Australia,44.214
1988-09-30,BE,Belgium,43.1933
1988-09-30,CA,Canada,62.8579
1988-09-30,CH,Switzerland,93.2098
1988-09-30,CO,Colombia,107.3123
1988-09-30,DE,Germany,122.6417
1988-09-30,DK,Denmark,59.255
1988-09-30,ES,Spain,46.6867
1988-09-30,FI,Finland,83.5849
1988-09-30,FR,France,52.5793
1988-09-30,GB,United Kingdom,55.854
1988-09-30,HK,Hong Kong SAR,46.0922
1988-09-30,IE,Ireland,41.8823
1988-09-30,IS,Iceland,72.554
1988-09-30,IT,Italy,59.077
1988-09-30,JP,Japan,159.4712
1988-09-30,KR,Korea,127.6467
1988-09-30,MY,Malaysia,60.7906
1988-09-30,NL,Netherlands,41.7005
1988-09-30,NO,Norway,54.6596
1988-09-30,NZ,New Zealand,49.5199
1988-09-30,PT,Portugal,102.5845
1988-09-30,SE,Sweden,49.3424
1988-09-30,US,United States,91.0591
1988-09-30,XM,Euro area,64.2428
1988-09-30,ZA,South Africa,54.609
1988-12-31,AT,Austria,67.8542
1988-12-31,AU,Australia,47.6842
1988-12-31,BE,Belgium,43.5247
1988-12-31,CA,Canada,67.4369
1988-12-31,CH,Switzerland,96.7877
1988-12-31,CO,Colombia,102.7689
1988-12-31,DE,Germany,122.2853
1988-12-31,DK,Denmark,58.9204
1988-12-31,ES,Spain,48.2432
1988-12-31,FI,Finland,90.803
1988-12-31,FR,France,53.1424
1988-12-31,GB,United Kingdom,58.6518
1988-12-31,HK,Hong Kong SAR,48.4309
1988-12-31,IE,Ireland,43.0356
1988-12-31,IS,Iceland,79.0725
1988-12-31,IT,Italy,60.151
1988-12-31,JP,Japan,160.9673
1988-12-31,KR,Korea,126.6101
1988-12-31,MY,Malaysia,60.9699
1988-12-31,NL,Netherlands,41.5381
1988-12-31,NO,Norway,52.0722
1988-12-31,NZ,New Zealand,49.237
1988-12-31,PT,Portugal,104.2693
1988-12-31,SE,Sweden,49.826
1988-12-31,US,United States,92.4311
1988-12-31,XM,Euro area,64.9161
1988-12-31,ZA,South Africa,54.6495
1989-03-31,AT,Austria,69.0073
1989-03-31,AU,Australia,51.0595
1989-03-31,BE,Belgium,45.2419
1989-03-31,CA,Canada,73.2964
1989-03-31,CH,Switzerland,97.2675
1989-03-31,CO,Colombia,108.6763
1989-03-31,DE,Germany,121.3797
1989-03-31,DK,Denmark,57.6355
1989-03-31,ES,Spain,51.069
1989-03-31,FI,Finland,96.2187
1989-03-31,FR,France,53.533
1989-03-31,GB,United Kingdom,59.3094
1989-03-31,HK,Hong Kong SAR,52.5368
1989-03-31,IE,Ireland,43.8583
1989-03-31,IS,Iceland,76.7491
1989-03-31,IT,Italy,61.2555
1989-03-31,JP,Japan,164.4341
1989-03-31,KR,Korea,129.9422
1989-03-31,MY,Malaysia,61.289
1989-03-31,NL,Netherlands,42.5248
1989-03-31,NO,Norway,48.53
1989-03-31,NZ,New Zealand,49.9426
1989-03-31,PT,Portugal,103.8915
1989-03-31,SE,Sweden,51.9259
1989-03-31,US,United States,93.3486
1989-03-31,XM,Euro area,66.1698
1989-03-31,ZA,South Africa,54.4292
1989-06-30,AT,Austria,71.5987
1989-06-30,AU,Australia,50.7986
1989-06-30,BE,Belgium,45.9275
1989-06-30,CA,Canada,65.8368
1989-06-30,CH,Switzerland,95.2412
1989-06-30,CO,Colombia,109.0533
1989-06-30,DE,Germany,121.3958
1989-06-30,DK,Denmark,56.7861
1989-06-30,ES,Spain,53.1738
1989-06-30,FI,Finland,95.734
1989-06-30,FR,France,54.8312
1989-06-30,GB,United Kingdom,60.0922
1989-06-30,HK,Hong Kong SAR,52.7303
1989-06-30,IE,Ireland,41.7458
1989-06-30,IS,Iceland,76.2586
1989-06-30,IT,Italy,63.2821
1989-06-30,JP,Japan,164.4299
1989-06-30,KR,Korea,137.446
1989-06-30,MY,Malaysia,61.3345
1989-06-30,NL,Netherlands,43.6569
1989-06-30,NO,Norway,46.7367
1989-06-30,NZ,New Zealand,49.808
1989-06-30,PT,Portugal,104.3845
1989-06-30,SE,Sweden,53.3888
1989-06-30,US,United States,93.2257
1989-06-30,XM,Euro area,67.0962
1989-06-30,ZA,South Africa,54.668
1989-09-30,AT,Austria,78.2551
1989-09-30,AU,Australia,49.6517
1989-09-30,BE,Belgium,47.3004
1989-09-30,CA,Canada,66.436
1989-09-30,CH,Switzerland,96.4349
1989-09-30,CO,Colombia,107.3127
1989-09-30,DE,Germany,122.9781
1989-09-30,DK,Denmark,55.4161
1989-09-30,ES,Spain,54.2848
1989-09-30,FI,Finland,93.9318
1989-09-30,FR,France,56.8681
1989-09-30,GB,United Kingdom,61.7694
1989-09-30,HK,Hong Kong SAR,49.6587
1989-09-30,IE,Ireland,44.5895
1989-09-30,IS,Iceland,72.9979
1989-09-30,IT,Italy,65.6756
1989-09-30,JP,Japan,167.9783
1989-09-30,KR,Korea,136.0966
1989-09-30,MY,Malaysia,61.1665
1989-09-30,NL,Netherlands,44.0385
1989-09-30,NO,Norway,44.6807
1989-09-30,NZ,New Zealand,49.0315
1989-09-30,PT,Portugal,108.4565
1989-09-30,SE,Sweden,54.9491
1989-09-30,US,United States,93.7343
1989-09-30,XM,Euro area,68.763
1989-09-30,ZA,South Africa,54.7484
1989-12-31,AT,Austria,79.6683
1989-12-31,AU,Australia,48.8948
1989-12-31,BE,Belgium,48.7573
1989-12-31,CA,Canada,69.7457
1989-12-31,CH,Switzerland,99.9709
1989-12-31,CO,Colombia,108.0451
1989-12-31,DE,Germany,124.1551
1989-12-31,DK,Denmark,53.8902
1989-12-31,ES,Spain,54.9793
1989-12-31,FI,Finland,90.4099
1989-12-31,FR,France,57.073
1989-12-31,GB,United Kingdom,59.6248
1989-12-31,HK,Hong Kong SAR,51.514
1989-12-31,IE,Ireland,47.1771
1989-12-31,IS,Iceland,72.4149
1989-12-31,IT,Italy,67.1563
1989-12-31,JP,Japan,173.3369
1989-12-31,KR,Korea,136.1695
1989-12-31,MY,Malaysia,60.491
1989-12-31,NL,Netherlands,43.7873
1989-12-31,NO,Norway,43.2461
1989-12-31,NZ,New Zealand,49.2873
1989-12-31,PT,Portugal,109.3134
1989-12-31,SE,Sweden,54.2844
1989-12-31,US,United States,94.0425
1989-12-31,XM,Euro area,69.6281
1989-12-31,ZA,South Africa,54.2694
1990-03-31,AT,Austria,79.7529
1990-03-31,AU,Australia,48.3067
1990-03-31,BE,Belgium,49.9768
1990-03-31,CA,Canada,67.5219
1990-03-31,CH,Switzerland,100.0489
1990-03-31,CO,Colombia,110.5274
1990-03-31,DE,Germany,126.2463
1990-03-31,DK,Denmark,51.5128
1990-03-31,ES,Spain,57.5401
1990-03-31,FI,Finland,86.4822
1990-03-31,FR,France,56.8686
1990-03-31,GB,United Kingdom,57.686
1990-03-31,HK,Hong Kong SAR,51.9807
1990-03-31,IE,Ireland,48.3906
1990-03-31,IS,Iceland,73.2206
1990-03-31,IT,Italy,68.4659
1990-03-31,JP,Japan,179.0806
1990-03-31,KR,Korea,139.3814
1990-03-31,MY,Malaysia,60.445
1990-03-31,NL,Netherlands,43.5777
1990-03-31,NO,Norway,43.2952
1990-03-31,NZ,New Zealand,49.8821
1990-03-31,PT,Portugal,106.8881
1990-03-31,SE,Sweden,55.0779
1990-03-31,US,United States,93.709
1990-03-31,XM,Euro area,71.2092
1990-03-31,ZA,South Africa,54.6259
1990-06-30,AT,Austria,89.1512
1990-06-30,AU,Australia,47.9791
1990-06-30,BE,Belgium,49.4919
1990-06-30,CA,Canada,62.4101
1990-06-30,CH,Switzerland,100.5195
1990-06-30,CO,Colombia,103.0221
1990-06-30,DE,Germany,129.1848
1990-06-30,DK,Denmark,51.3605
1990-06-30,ES,Spain,58.062
1990-06-30,FI,Finland,85.5553
1990-06-30,FR,France,58.0301
1990-06-30,GB,United Kingdom,55.4711
1990-06-30,HK,Hong Kong SAR,51.3767
1990-06-30,IE,Ireland,46.6309
1990-06-30,IS,Iceland,72.9271
1990-06-30,IT,Italy,70.367
1990-06-30,JP,Japan,182.9743
1990-06-30,KR,Korea,145.2228
1990-06-30,MY,Malaysia,60.0092
1990-06-30,NL,Netherlands,44.6372
1990-06-30,NO,Norway,43.4043
1990-06-30,NZ,New Zealand,49.5267
1990-06-30,PT,Portugal,106.8401
1990-06-30,SE,Sweden,54.7251
1990-06-30,US,United States,92.882
1990-06-30,XM,Euro area,72.6751
1990-06-30,ZA,South Africa,55.3943
1990-09-30,AT,Austria,97.3175
1990-09-30,AU,Australia,47.1819
1990-09-30,BE,Belgium,50.3957
1990-09-30,CA,Canada,62.1317
1990-09-30,CH,Switzerland,99.1
1990-09-30,CO,Colombia,106.4938
1990-09-30,DE,Germany,130.2448
1990-09-30,DK,Denmark,49.7313
1990-09-30,ES,Spain,57.9249
1990-09-30,FI,Finland,83.3857
1990-09-30,FR,France,59.726
1990-09-30,GB,United Kingdom,55.642
1990-09-30,HK,Hong Kong SAR,52.0918
1990-09-30,IE,Ireland,49.3878
1990-09-30,IS,Iceland,72.675
1990-09-30,IT,Italy,71.5164
1990-09-30,JP,Japan,188.6272
1990-09-30,KR,Korea,146.3523
1990-09-30,MY,Malaysia,60.6285
1990-09-30,NL,Netherlands,42.958
1990-09-30,NO,Norway,42.1035
1990-09-30,NZ,New Zealand,49.1325
1990-09-30,PT,Portugal,108.3979
1990-09-30,SE,Sweden,54.7382
1990-09-30,US,United States,91.0782
1990-09-30,XM,Euro area,74.2264
1990-09-30,ZA,South Africa,54.9376
1990-12-31,AT,Austria,98.3367
1990-12-31,AU,Australia,46.2588
1990-12-31,BE,Belgium,50.3604
1990-12-31,CA,Canada,61.7145
1990-12-31,CH,Switzerland,95.0529
1990-12-31,CO,Colombia,104.4153
1990-12-31,DE,Germany,129.4247
1990-12-31,DK,Denmark,48.9393
1990-12-31,ES,Spain,57.9086
1990-12-31,FI,Finland,79.8515
1990-12-31,FR,France,59.3541
1990-12-31,GB,United Kingdom,53.7632
1990-12-31,HK,Hong Kong SAR,52.8624
1990-12-31,IE,Ireland,48.155
1990-12-31,IS,Iceland,74.4541
1990-12-31,IT,Italy,73.1735
1990-12-31,JP,Japan,187.9932
1990-12-31,KR,Korea,151.088
1990-12-31,MY,Malaysia,65.3035
1990-12-31,NL,Netherlands,42.1424
1990-12-31,NO,Norway,40.2278
1990-12-31,NZ,New Zealand,48.3236
1990-12-31,PT,Portugal,109.0516
1990-12-31,SE,Sweden,52.9788
1990-12-31,US,United States,89.2183
1990-12-31,XM,Euro area,74.1533
1990-12-31,ZA,South Africa,53.8996
1991-03-31,AT,Austria,99.9353
1991-03-31,AU,Australia,46.3026
1991-03-31,BE,Belgium,50.3452
1991-03-31,CA,Canada,62.8823
1991-03-31,CH,Switzerland,93.5594
1991-03-31,CO,Colombia,97.7619
1991-03-31,DE,Germany,129.7501
1991-03-31,DK,Denmark,49.9357
1991-03-31,ES,Spain,60.3904
1991-03-31,FI,Finland,73.202
1991-03-31,FR,France,58.9515
1991-03-31,GB,United Kingdom,52.8275
1991-03-31,HK,Hong Kong SAR,53.8771
1991-03-31,IE,Ireland,48.3524
1991-03-31,IS,Iceland,76.1539
1991-03-31,IT,Italy,75.7114
1991-03-31,JP,Japan,189.2874
1991-03-31,KR,Korea,149.2413
1991-03-31,MY,Malaysia,69.6306
1991-03-31,NL,Netherlands,42.5631
1991-03-31,NO,Norway,39.1596
1991-03-31,NZ,New Zealand,47.1767
1991-03-31,PT,Portugal,111.6844
1991-03-31,SE,Sweden,54.2101
1991-03-31,TH,Thailand,100.7297
1991-03-31,US,United States,87.8254
1991-03-31,XM,Euro area,74.9516
1991-03-31,ZA,South Africa,53.7539
1991-06-30,AT,Austria,105.3285
1991-06-30,AU,Australia,46.7659
1991-06-30,BE,Belgium,49.4545
1991-06-30,CA,Canada,64.6421
1991-06-30,CH,Switzerland,94.3471
1991-06-30,CO,Colombia,100.1857
1991-06-30,DE,Germany,131.4477
1991-06-30,DK,Denmark,50.0568
1991-06-30,ES,Spain,62.3807
1991-06-30,FI,Finland,71.3968
1991-06-30,FR,France,59.694
1991-06-30,GB,United Kingdom,50.3691
1991-06-30,HK,Hong Kong SAR,58.8724
1991-06-30,IE,Ireland,45.4217
1991-06-30,IS,Iceland,77.1713
1991-06-30,IT,Italy,77.3915
1991-06-30,JP,Japan,187.1335
1991-06-30,KR,Korea,151.2834
1991-06-30,MY,Malaysia,74.1098
1991-06-30,NL,Netherlands,43.4081
1991-06-30,NO,Norway,38.7529
1991-06-30,NZ,New Zealand,46.6435
1991-06-30,PT,Portugal,114.3311
1991-06-30,SE,Sweden,53.0438
1991-06-30,TH,Thailand,110.4898
1991-06-30,US,United States,87.9297
1991-06-30,XM,Euro area,75.8979
1991-06-30,ZA,South Africa,53.9969
1991-09-30,AT,Austria,108.3189
1991-09-30,AU,Australia,47.9201
1991-09-30,BE,Belgium,51.0304
1991-09-30,CA,Canada,60.6376
1991-09-30,CH,Switzerland,98.1665
1991-09-30,CO,Colombia,95.8095
1991-09-30,DE,Germany,130.3459
1991-09-30,DK,Denmark,49.6938
1991-09-30,ES,Spain,62.5481
1991-09-30,FI,Finland,68.1183
1991-09-30,FR,France,60.6157
1991-09-30,GB,United Kingdom,50.8766
1991-09-30,HK,Hong Kong SAR,67.7936
1991-09-30,IE,Ireland,47.6269
1991-09-30,IS,Iceland,75.937
1991-09-30,IT,Italy,77.6338
1991-09-30,JP,Japan,186.8857
1991-09-30,KR,Korea,146.7395
1991-09-30,MY,Malaysia,75.9167
1991-09-30,NL,Netherlands,42.9111
1991-09-30,NO,Norway,38.0918
1991-09-30,NZ,New Zealand,46.8753
1991-09-30,PT,Portugal,116.0656
1991-09-30,SE,Sweden,53.1651
1991-09-30,TH,Thailand,111.2072
1991-09-30,US,United States,86.9682
1991-09-30,XM,Euro area,76.5483
1991-09-30,ZA,South Africa,54.1139
1991-12-31,AT,Austria,111.9793
1991-12-31,AU,Australia,47.4709
1991-12-31,BE,Belgium,51.4148
1991-12-31,CA,Canada,61.4683
1991-12-31,CH,Switzerland,94.717
1991-12-31,CO,Colombia,98.4008
1991-12-31,DE,Germany,129.0533
1991-12-31,DK,Denmark,49.6384
1991-12-31,ES,Spain,64.3599
1991-12-31,FI,Finland,64.0195
1991-12-31,FR,France,59.2441
1991-12-31,GB,United Kingdom,49.913
1991-12-31,HK,Hong Kong SAR,74.2993
1991-12-31,IE,Ireland,49.0862
1991-12-31,IS,Iceland,74.7564
1991-12-31,IT,Italy,78.4035
1991-12-31,JP,Japan,182.6059
1991-12-31,KR,Korea,140.7537
1991-12-31,MY,Malaysia,76.6738
1991-12-31,NL,Netherlands,43.4063
1991-12-31,NO,Norway,37.2037
1991-12-31,NZ,New Zealand,46.6662
1991-12-31,PT,Portugal,118.2938
1991-12-31,SE,Sweden,51.9921
1991-12-31,TH,Thailand,116.229
1991-12-31,US,United States,86.0929
1991-12-31,XM,Euro area,76.9061
1991-12-31,ZA,South Africa,53.3176
1992-03-31,AT,Austria,117.6322
1992-03-31,AU,Australia,47.1548
1992-03-31,BE,Belgium,51.9205
1992-03-31,CA,Canada,62.2387
1992-03-31,CH,Switzerland,93.1069
1992-03-31,CO,Colombia,93.7317
1992-03-31,DE,Germany,129.2736
1992-03-31,DK,Denmark,49.199
1992-03-31,ES,Spain,60.1016
1992-03-31,FI,Finland,61.503
1992-03-31,FR,France,57.323
1992-03-31,GB,United Kingdom,48.9364
1992-03-31,HK,Hong Kong SAR,78.625
1992-03-31,HU,Hungary,110.8006
1992-03-31,IE,Ireland,48.495
1992-03-31,IS,Iceland,76.2321
1992-03-31,IT,Italy,82.159
1992-03-31,JP,Japan,181.1383
1992-03-31,KR,Korea,134.9463
1992-03-31,MY,Malaysia,77.9957
1992-03-31,NL,Netherlands,45.0713
1992-03-31,NO,Norway,36.0919
1992-03-31,NZ,New Zealand,46.2331
1992-03-31,PT,Portugal,119.4124
1992-03-31,SE,Sweden,49.5514
1992-03-31,TH,Thailand,119.0734
1992-03-31,US,United States,85.6671
1992-03-31,XM,Euro area,76.6738
1992-03-31,ZA,South Africa,51.8948
1992-06-30,AT,Austria,122.2887
1992-06-30,AU,Australia,47.4293
1992-06-30,BE,Belgium,52.8797
1992-06-30,CA,Canada,62.3972
1992-06-30,CH,Switzerland,91.8668
1992-06-30,CO,Colombia,92.4512
1992-06-30,DE,Germany,130.0583
1992-06-30,DK,Denmark,48.6916
1992-06-30,ES,Spain,58.4326
1992-06-30,FI,Finland,57.7322
1992-06-30,FR,France,56.7308
1992-06-30,GB,United Kingdom,46.8502
1992-06-30,HK,Hong Kong SAR,83.4938
1992-06-30,HU,Hungary,108.2974
1992-06-30,IE,Ireland,46.4466
1992-06-30,IS,Iceland,75.6117
1992-06-30,IT,Italy,84.4711
1992-06-30,JP,Japan,176.4918
1992-06-30,KR,Korea,129.7787
1992-06-30,MY,Malaysia,79.5328
1992-06-30,NL,Netherlands,43.7834
1992-06-30,NO,Norway,35.8898
1992-06-30,NZ,New Zealand,46.785
1992-06-30,PT,Portugal,119.5569
1992-06-30,SE,Sweden,48.3384
1992-06-30,TH,Thailand,118.8753
1992-06-30,US,United States,84.8245
1992-06-30,XM,Euro area,76.7692
1992-06-30,ZA,South Africa,49.4724
1992-09-30,AT,Austria,116.4785
1992-09-30,AU,Australia,47.4244
1992-09-30,BE,Belgium,53.0083
1992-09-30,CA,Canada,62.2764
1992-09-30,CH,Switzerland,89.4036
1992-09-30,CO,Colombia,91.2823
1992-09-30,DE,Germany,130.7718
1992-09-30,DK,Denmark,47.763
1992-09-30,ES,Spain,57.5153
1992-09-30,FI,Finland,53.6071
1992-09-30,FR,France,57.2946
1992-09-30,GB,United Kingdom,47.0971
1992-09-30,HK,Hong Kong SAR,83.8409
1992-09-30,HU,Hungary,105.6261
1992-09-30,IE,Ireland,48.1206
1992-09-30,IS,Iceland,76.3067
1992-09-30,IT,Italy,85.4829
1992-09-30,JP,Japan,175.0344
1992-09-30,KR,Korea,126.503
1992-09-30,MY,Malaysia,79.8925
1992-09-30,NL,Netherlands,46.1801
1992-09-30,NO,Norway,36.0015
1992-09-30,NZ,New Zealand,46.9211
1992-09-30,PT,Portugal,117.5701
1992-09-30,SE,Sweden,46.7897
1992-09-30,TH,Thailand,118.145
1992-09-30,US,United States,84.0434
1992-09-30,XM,Euro area,77.2133
1992-09-30,ZA,South Africa,47.7558
1992-12-31,AT,Austria,118.3286
1992-12-31,AU,Australia,47.6609
1992-12-31,BE,Belgium,52.8144
1992-12-31,CA,Canada,63.3468
1992-12-31,CH,Switzerland,88.7001
1992-12-31,CO,Colombia,91.303
1992-12-31,DE,Germany,130.7086
1992-12-31,DK,Denmark,46.411
1992-12-31,ES,Spain,56.6352
1992-12-31,FI,Finland,50.3588
1992-12-31,FR,France,56.1139
1992-12-31,GB,United Kingdom,45.0021
1992-12-31,HK,Hong Kong SAR,79.3728
1992-12-31,HU,Hungary,99.4047
1992-12-31,IE,Ireland,48.1186
1992-12-31,IS,Iceland,76.2543
1992-12-31,IT,Italy,85.3763
1992-12-31,JP,Japan,172.1937
1992-12-31,KR,Korea,126.2521
1992-12-31,MY,Malaysia,79.8994
1992-12-31,NL,Netherlands,45.9171
1992-12-31,NO,Norway,34.9028
1992-12-31,NZ,New Zealand,46.8502
1992-12-31,PT,Portugal,116.2626
1992-12-31,SE,Sweden,43.2594
1992-12-31,TH,Thailand,122.7913
1992-12-31,US,United States,83.7006
1992-12-31,XM,Euro area,76.7475
1992-12-31,ZA,South Africa,48.2822
1993-03-31,AT,Austria,112.8886
1993-03-31,AU,Australia,47.6677
1993-03-31,BE,Belgium,52.5815
1993-03-31,CA,Canada,63.4415
1993-03-31,CH,Switzerland,87.3587
1993-03-31,CO,Colombia,90.3503
1993-03-31,DE,Germany,129.3562
1993-03-31,DK,Denmark,45.8229
1993-03-31,ES,Spain,55.4446
1993-03-31,FI,Finland,49.0698
1993-03-31,FR,France,54.7771
1993-03-31,GB,United Kingdom,45.211
1993-03-31,HK,Hong Kong SAR,77.0225
1993-03-31,HU,Hungary,94.718
1993-03-31,IE,Ireland,46.478
1993-03-31,IS,Iceland,74.8125
1993-03-31,IT,Italy,85.2163
1993-03-31,JP,Japan,169.975
1993-03-31,KR,Korea,123.4864
1993-03-31,MY,Malaysia,80.0609
1993-03-31,NL,Netherlands,46.5628
1993-03-31,NO,Norway,33.3185
1993-03-31,NZ,New Zealand,47.3032
1993-03-31,PT,Portugal,113.6272
1993-03-31,SE,Sweden,40.1102
1993-03-31,TH,Thailand,124.6228
1993-03-31,US,United States,83.2428
1993-03-31,XM,Euro area,75.7408
1993-03-31,ZA,South Africa,48.1469
1993-06-30,AT,Austria,116.6126
1993-06-30,AU,Australia,47.8097
1993-06-30,BE,Belgium,53.8572
1993-06-30,CA,Canada,63.3176
1993-06-30,CH,Switzerland,88.685
1993-06-30,CO,Colombia,91.3887
1993-06-30,DE,Germany,129.6901
1993-06-30,DK,Denmark,45.1653
1993-06-30,ES,Spain,55.7463
1993-06-30,FI,Finland,49.1284
1993-06-30,FR,France,54.692
1993-06-30,GB,United Kingdom,44.6809
1993-06-30,HK,Hong Kong SAR,80.5585
1993-06-30,HU,Hungary,97.5213
1993-06-30,IE,Ireland,46.8031
1993-06-30,IS,Iceland,74.477
1993-06-30,IT,Italy,84.8821
1993-06-30,JP,Japan,166.9541
1993-06-30,KR,Korea,119.9985
1993-06-30,MY,Malaysia,80.2231
1993-06-30,NL,Netherlands,47.3468
1993-06-30,NO,Norway,34.6568
1993-06-30,NZ,New Zealand,47.4568
1993-06-30,PT,Portugal,113.3106
1993-06-30,SE,Sweden,39.8982
1993-06-30,TH,Thailand,129.2606
1993-06-30,US,United States,83.0156
1993-06-30,XM,Euro area,76.0346
1993-06-30,ZA,South Africa,46.6123
1993-09-30,AT,Austria,113.8097
1993-09-30,AU,Australia,47.6294
1993-09-30,BE,Belgium,53.8906
1993-09-30,CA,Canada,61.6801
1993-09-30,CH,Switzerland,86.2478
1993-09-30,CO,Colombia,94.5623
1993-09-30,DE,Germany,129.9942
1993-09-30,DK,Denmark,47.2031
1993-09-30,ES,Spain,55.5001
1993-09-30,FI,Finland,49.6464
1993-09-30,FR,France,55.5114
1993-09-30,GB,United Kingdom,45.5559
1993-09-30,HK,Hong Kong SAR,85.3006
1993-09-30,HU,Hungary,91.4844
1993-09-30,IE,Ireland,48.6655
1993-09-30,IS,Iceland,70.7819
1993-09-30,IT,Italy,84.8586
1993-09-30,JP,Japan,164.8038
1993-09-30,KR,Korea,117.5276
1993-09-30,MY,Malaysia,80.3288
1993-09-30,NL,Netherlands,48.1662
1993-09-30,NO,Norway,36.005
1993-09-30,NZ,New Zealand,48.1174
1993-09-30,PT,Portugal,111.32
1993-09-30,SE,Sweden,39.7213
1993-09-30,TH,Thailand,127.7047
1993-09-30,US,United States,83.2737
1993-09-30,XM,Euro area,76.4454
1993-09-30,ZA,South Africa,46.8555
1993-12-31,AT,Austria,116.4649
1993-12-31,AU,Australia,47.9836
1993-12-31,BE,Belgium,55.526
1993-12-31,CA,Canada,62.1264
1993-12-31,CH,Switzerland,85.7917
1993-12-31,CO,Colombia,96.7623
1993-12-31,DE,Germany,130.7803
1993-12-31,DK,Denmark,49.6915
1993-12-31,ES,Spain,54.9087
1993-12-31,FI,Finland,51.2431
1993-12-31,FR,France,54.5886
1993-12-31,GB,United Kingdom,44.6032
1993-12-31,HK,Hong Kong SAR,83.3913
1993-12-31,HU,Hungary,95.017
1993-12-31,IE,Ireland,47.7003
1993-12-31,IS,Iceland,70.6854
1993-12-31,IT,Italy,83.1202
1993-12-31,JP,Japan,164.1406
1993-12-31,KR,Korea,115.7619
1993-12-31,MY,Malaysia,80.6792
1993-12-31,NL,Netherlands,48.8589
1993-12-31,NO,Norway,37.0138
1993-12-31,NZ,New Zealand,49.1213
1993-12-31,PT,Portugal,110.1156
1993-12-31,SE,Sweden,39.8477
1993-12-31,TH,Thailand,127.538
1993-12-31,US,United States,83.4582
1993-12-31,XM,Euro area,76.0523
1993-12-31,ZA,South Africa,47.158
1994-03-31,AT,Austria,115.2935
1994-03-31,AU,Australia,48.3416
1994-03-31,BE,Belgium,55.1847
1994-03-31,CA,Canada,65.273
1994-03-31,CH,Switzerland,86.9598
1994-03-31,CO,Colombia,98.5739
1994-03-31,DE,Germany,130.4561
1994-03-31,DK,Denmark,52.3855
1994-03-31,ES,Spain,53.588
1994-03-31,FI,Finland,52.5158
1994-03-31,FR,France,53.5559
1994-03-31,GB,United Kingdom,45.0347
1994-03-31,HK,Hong Kong SAR,94.6147
1994-03-31,HU,Hungary,92.8171
1994-03-31,IE,Ireland,49.0626
1994-03-31,IL,Israel,89.4355
1994-03-31,IS,Iceland,72.5238
1994-03-31,IT,Italy,81.6284
1994-03-31,JP,Japan,163.0278
1994-03-31,KR,Korea,112.5638
1994-03-31,MY,Malaysia,81.8204
1994-03-31,NL,Netherlands,50.3459
1994-03-31,NO,Norway,38.0704
1994-03-31,NZ,New Zealand,51.8931
1994-03-31,PT,Portugal,109.0356
1994-03-31,SE,Sweden,40.3666
1994-03-31,TH,Thailand,119.567
1994-03-31,US,United States,83.1858
1994-03-31,XM,Euro area,75.3454
1994-03-31,ZA,South Africa,47.4171
1994-06-30,AT,Austria,112.5801
1994-06-30,AU,Australia,48.5653
1994-06-30,BE,Belgium,55.7222
1994-06-30,CA,Canada,64.9563
1994-06-30,CH,Switzerland,86.1212
1994-06-30,CO,Colombia,96.4849
1994-06-30,DE,Germany,131.4258
1994-06-30,DK,Denmark,51.9393
1994-06-30,ES,Spain,53.3346
1994-06-30,FI,Finland,52.9629
1994-06-30,FR,France,53.7316
1994-06-30,GB,United Kingdom,44.9705
1994-06-30,HK,Hong Kong SAR,95.1972
1994-06-30,HU,Hungary,97.6786
1994-06-30,IE,Ireland,46.9505
1994-06-30,IL,Israel,91.0901
1994-06-30,IS,Iceland,72.254
1994-06-30,IT,Italy,80.1801
1994-06-30,JP,Japan,161.5448
1994-06-30,KR,Korea,110.8342
1994-06-30,MY,Malaysia,81.6056
1994-06-30,NL,Netherlands,50.6412
1994-06-30,NO,Norway,38.9324
1994-06-30,NZ,New Zealand,53.4157
1994-06-30,PT,Portugal,107.9887
1994-06-30,SE,Sweden,41.1183
1994-06-30,TH,Thailand,121.6122
1994-06-30,US,United States,83.1331
1994-06-30,XM,Euro area,75.2841
1994-06-30,ZA,South Africa,48.3918
1994-09-30,AT,Austria,111.4081
1994-09-30,AU,Australia,49.0024
1994-09-30,BE,Belgium,56.7165
1994-09-30,CA,Canada,63.5844
1994-09-30,CH,Switzerland,85.6567
1994-09-30,CO,Colombia,101.7543
1994-09-30,DE,Germany,131.845
1994-09-30,DK,Denmark,51.0143
1994-09-30,ES,Spain,53.4018
1994-09-30,FI,Finland,51.9567
1994-09-30,FR,France,54.6188
1994-09-30,GB,United Kingdom,45.8391
1994-09-30,HK,Hong Kong SAR,92.4175
1994-09-30,HU,Hungary,99.8134
1994-09-30,IE,Ireland,47.4503
1994-09-30,IL,Israel,91.8241
1994-09-30,IS,Iceland,69.9234
1994-09-30,IT,Italy,80.2481
1994-09-30,JP,Japan,161.3155
1994-09-30,KR,Korea,108.8422
1994-09-30,MY,Malaysia,83.6989
1994-09-30,NL,Netherlands,52.1505
1994-09-30,NO,Norway,40.3591
1994-09-30,NZ,New Zealand,54.3737
1994-09-30,PT,Portugal,108.7156
1994-09-30,SE,Sweden,41.3862
1994-09-30,TH,Thailand,119.4043
1994-09-30,US,United States,82.8033
1994-09-30,XM,Euro area,75.7193
1994-09-30,ZA,South Africa,48.0589
1994-12-31,AT,Austria,108.9489
1994-12-31,AU,Australia,48.3902
1994-12-31,BE,Belgium,56.7447
1994-12-31,CA,Canada,64.1443
1994-12-31,CH,Switzerland,84.8359
1994-12-31,CO,Colombia,106.4087
1994-12-31,DE,Germany,131.707
1994-12-31,DK,Denmark,51.4751
1994-12-31,ES,Spain,52.7786
1994-12-31,FI,Finland,51.2897
1994-12-31,FR,France,53.6951
1994-12-31,GB,United Kingdom,45.3946
1994-12-31,HK,Hong Kong SAR,88.6915
1994-12-31,HU,Hungary,93.9999
1994-12-31,IE,Ireland,50.102
1994-12-31,IL,Israel,91.6689
1994-12-31,IS,Iceland,70.1511
1994-12-31,IT,Italy,78.8481
1994-12-31,JP,Japan,159.9354
1994-12-31,KR,Korea,109.0887
1994-12-31,MY,Malaysia,87.4594
1994-12-31,NL,Netherlands,51.2416
1994-12-31,NO,Norway,39.9815
1994-12-31,NZ,New Zealand,54.7464
1994-12-31,PT,Portugal,109.1617
1994-12-31,SE,Sweden,40.4736
1994-12-31,TH,Thailand,122.9769
1994-12-31,US,United States,82.7783
1994-12-31,XM,Euro area,75.1914
1994-12-31,ZA,South Africa,47.8931
1995-03-31,AT,Austria,109.8643
1995-03-31,AU,Australia,48.0623
1995-03-31,BE,Belgium,56.8971
1995-03-31,CA,Canada,61.7928
1995-03-31,CH,Switzerland,84.1993
1995-03-31,CO,Colombia,103.8103
1995-03-31,DE,Germany,130.7782
1995-03-31,DK,Denmark,52.4014
1995-03-31,ES,Spain,52.6157
1995-03-31,FI,Finland,50.8489
1995-03-31,FR,France,52.2119
1995-03-31,GB,United Kingdom,44.6225
1995-03-31,HK,Hong Kong SAR,85.3621
1995-03-31,HU,Hungary,87.7519
1995-03-31,IE,Ireland,50.9566
1995-03-31,IL,Israel,93.0596
1995-03-31,IS,Iceland,68.1937
1995-03-31,IT,Italy,77.2233
1995-03-31,JP,Japan,160.1741
1995-03-31,KR,Korea,107.2004
1995-03-31,MY,Malaysia,91.2764
1995-03-31,NL,Netherlands,51.7848
1995-03-31,NO,Norway,39.8047
1995-03-31,NZ,New Zealand,55.1691
1995-03-31,PT,Portugal,106.7627
1995-03-31,SE,Sweden,40.2296
1995-03-31,TH,Thailand,121.6051
1995-03-31,US,United States,82.3907
1995-03-31,XM,Euro area,74.5387
1995-03-31,ZA,South Africa,47.8033
1995-06-30,AT,Austria,107.5501
1995-06-30,AU,Australia,47.1066
1995-06-30,BE,Belgium,57.1331
1995-06-30,CA,Canada,59.7398
1995-06-30,CH,Switzerland,84.3743
1995-06-30,CO,Colombia,106.5521
1995-06-30,DE,Germany,130.8824
1995-06-30,DK,Denmark,53.839
1995-06-30,ES,Spain,52.6697
1995-06-30,FI,Finland,50.1685
1995-06-30,FR,France,52.338
1995-06-30,GB,United Kingdom,44.4852
1995-06-30,HK,Hong Kong SAR,82.164
1995-06-30,HU,Hungary,83.2679
1995-06-30,IE,Ireland,48.5718
1995-06-30,IL,Israel,93.6967
1995-06-30,IS,Iceland,68.0804
1995-06-30,IT,Italy,76.642
1995-06-30,JP,Japan,159.2493
1995-06-30,KR,Korea,105.6617
1995-06-30,MY,Malaysia,94.5331
1995-06-30,NL,Netherlands,52.2239
1995-06-30,NO,Norway,41.1151
1995-06-30,NZ,New Zealand,55.601
1995-06-30,PT,Portugal,105.7721
1995-06-30,SE,Sweden,40.4533
1995-06-30,TH,Thailand,120.9566
1995-06-30,US,United States,82.1882
1995-06-30,XM,Euro area,74.4138
1995-06-30,ZA,South Africa,47.5295
1995-09-30,AT,Austria,112.4676
1995-09-30,AU,Australia,46.6309
1995-09-30,BE,Belgium,58.3604
1995-09-30,CA,Canada,60.1995
1995-09-30,CH,Switzerland,83.9141
1995-09-30,CO,Colombia,108.5631
1995-09-30,DE,Germany,130.0103
1995-09-30,DK,Denmark,55.2102
1995-09-30,ES,Spain,52.8
1995-09-30,FI,Finland,49.1508
1995-09-30,FR,France,53.1395
1995-09-30,GB,United Kingdom,44.7979
1995-09-30,HK,Hong Kong SAR,76.343
1995-09-30,HU,Hungary,80.3028
1995-09-30,IE,Ireland,50.4068
1995-09-30,IL,Israel,96.1206
1995-09-30,IS,Iceland,67.531
1995-09-30,IT,Italy,76.7587
1995-09-30,JP,Japan,158.9376
1995-09-30,KR,Korea,104.6483
1995-09-30,MY,Malaysia,97.2568
1995-09-30,NL,Netherlands,53.374
1995-09-30,NO,Norway,41.7447
1995-09-30,NZ,New Zealand,57.0492
1995-09-30,PT,Portugal,105.71
1995-09-30,SE,Sweden,40.0166
1995-09-30,TH,Thailand,122.4247
1995-09-30,US,United States,82.568
1995-09-30,XM,Euro area,75.147
1995-09-30,ZA,South Africa,47.3368
1995-12-31,AT,Austria,104.5597
1995-12-31,AU,Australia,46.1914
1995-12-31,BE,Belgium,58.7242
1995-12-31,CA,Canada,60.2732
1995-12-31,CH,Switzerland,82.5038
1995-12-31,CO,Colombia,111.1171
1995-12-31,DE,Germany,129.8385
1995-12-31,DK,Denmark,56.4905
1995-12-31,ES,Spain,52.527
1995-12-31,FI,Finland,49.0316
1995-12-31,FR,France,52.1724
1995-12-31,GB,United Kingdom,43.9394
1995-12-31,HK,Hong Kong SAR,73.9584
1995-12-31,HU,Hungary,78.4839
1995-12-31,IE,Ireland,52.357
1995-12-31,IL,Israel,97.8219
1995-12-31,IS,Iceland,64.7954
1995-12-31,IT,Italy,76.6561
1995-12-31,JP,Japan,158.2523
1995-12-31,KR,Korea,104.2335
1995-12-31,MY,Malaysia,99.5428
1995-12-31,NL,Netherlands,53.8837
1995-12-31,NO,Norway,42.1938
1995-12-31,NZ,New Zealand,57.9252
1995-12-31,PT,Portugal,105.4952
1995-12-31,SE,Sweden,39.1717
1995-12-31,TH,Thailand,121.3197
1995-12-31,US,United States,82.5957
1995-12-31,XM,Euro area,74.7293
1995-12-31,ZA,South Africa,47.1537
1996-03-31,AT,Austria,109.8908
1996-03-31,AU,Australia,45.9176
1996-03-31,BE,Belgium,56.8866
1996-03-31,CA,Canada,59.296
1996-03-31,CH,Switzerland,81.1819
1996-03-31,CO,Colombia,108.6621
1996-03-31,DE,Germany,128.1854
1996-03-31,DK,Denmark,57.0843
1996-03-31,ES,Spain,52.0894
1996-03-31,FI,Finland,49.6973
1996-03-31,FR,France,51.5646
1996-03-31,GB,United Kingdom,44.3374
1996-03-31,HK,Hong Kong SAR,77.7028
1996-03-31,HU,Hungary,75.7937
1996-03-31,IE,Ireland,52.3524
1996-03-31,IL,Israel,99.5987
1996-03-31,IS,Iceland,65.4869
1996-03-31,IT,Italy,76.5571
1996-03-31,JP,Japan,157.8737
1996-03-31,KR,Korea,102.6178
1996-03-31,MY,Malaysia,102.0515
1996-03-31,NL,Netherlands,54.8274
1996-03-31,NO,Norway,42.6657
1996-03-31,NZ,New Zealand,60.3463
1996-03-31,PT,Portugal,104.9154
1996-03-31,SE,Sweden,39.4432
1996-03-31,TH,Thailand,118.9136
1996-03-31,US,United States,82.5472
1996-03-31,XM,Euro area,74.4814
1996-03-31,ZA,South Africa,46.7308
1996-06-30,AT,Austria,110.5489
1996-06-30,AU,Australia,46.178
1996-06-30,BE,Belgium,57.5492
1996-06-30,CA,Canada,60.0922
1996-06-30,CH,Switzerland,81.4825
1996-06-30,CO,Colombia,106.9537
1996-06-30,DE,Germany,127.2073
1996-06-30,DK,Denmark,57.944
1996-06-30,ES,Spain,51.8888
1996-06-30,FI,Finland,51.2153
1996-06-30,FR,France,51.17
1996-06-30,GB,United Kingdom,43.9222
1996-06-30,HK,Hong Kong SAR,79.2879
1996-06-30,HU,Hungary,74.088
1996-06-30,IE,Ireland,52.871
1996-06-30,IL,Israel,100.6018
1996-06-30,IS,Iceland,66.246
1996-06-30,IT,Italy,76.0834
1996-06-30,JP,Japan,156.0605
1996-06-30,KR,Korea,101.2867
1996-06-30,MY,Malaysia,104.2324
1996-06-30,NL,Netherlands,55.9943
1996-06-30,NO,Norway,44.2678
1996-06-30,NZ,New Zealand,60.8245
1996-06-30,PT,Portugal,104.3003
1996-06-30,SE,Sweden,39.7066
1996-06-30,TH,Thailand,121.4587
1996-06-30,US,United States,82.3152
1996-06-30,XM,Euro area,74.3474
1996-06-30,ZA,South Africa,46.218
1996-09-30,AT,Austria,105.4895
1996-09-30,AU,Australia,46.2231
1996-09-30,BE,Belgium,58.3451
1996-09-30,CA,Canada,59.1753
1996-09-30,CH,Switzerland,82.0097
1996-09-30,CO,Colombia,104.5413
1996-09-30,DE,Germany,126.4526
1996-09-30,DK,Denmark,59.5245
1996-09-30,ES,Spain,51.68
1996-09-30,FI,Finland,52.9083
1996-09-30,FR,France,52.5365
1996-09-30,GB,United Kingdom,45.6036
1996-09-30,HK,Hong Kong SAR,80.7938
1996-09-30,HU,Hungary,77.8136
1996-09-30,IE,Ireland,58.4691
1996-09-30,IL,Israel,97.7943
1996-09-30,IS,Iceland,65.2191
1996-09-30,IT,Italy,76.7995
1996-09-30,JP,Japan,155.5911
1996-09-30,KR,Korea,100.3669
1996-09-30,MY,Malaysia,105.4416
1996-09-30,NL,Netherlands,57.6829
1996-09-30,NO,Norway,44.8804
1996-09-30,NZ,New Zealand,60.5611
1996-09-30,PT,Portugal,103.9789
1996-09-30,SE,Sweden,40.6049
1996-09-30,TH,Thailand,114.6968
1996-09-30,US,United States,82.3413
1996-09-30,XM,Euro area,75.2492
1996-09-30,ZA,South Africa,45.4314
1996-12-31,AT,Austria,103.0202
1996-12-31,AU,Australia,46.2622
1996-12-31,BE,Belgium,58.5612
1996-12-31,CA,Canada,59.16
1996-12-31,CH,Switzerland,79.353
1996-12-31,CO,Colombia,102.195
1996-12-31,DE,Germany,125.531
1996-12-31,DK,Denmark,61.5737
1996-12-31,ES,Spain,51.5202
1996-12-31,FI,Finland,54.9882
1996-12-31,FR,France,52.3193
1996-12-31,GB,United Kingdom,46.0974
1996-12-31,HK,Hong Kong SAR,87.2769
1996-12-31,HU,Hungary,78.5747
1996-12-31,IE,Ireland,58.8918
1996-12-31,IL,Israel,98.9589
1996-12-31,IS,Iceland,66.376
1996-12-31,IT,Italy,77.2126
1996-12-31,JP,Japan,154.6957
1996-12-31,KR,Korea,100.5523
1996-12-31,MY,Malaysia,105.7314
1996-12-31,NL,Netherlands,58.856
1996-12-31,NO,Norway,45.6302
1996-12-31,NZ,New Zealand,61.0504
1996-12-31,PT,Portugal,104.4445
1996-12-31,SE,Sweden,40.5676
1996-12-31,TH,Thailand,114.1365
1996-12-31,US,United States,82.2711
1996-12-31,XM,Euro area,75.1373
1996-12-31,ZA,South Africa,44.8673
1997-03-31,AT,Austria,107.083
1997-03-31,AU,Australia,46.5979
1997-03-31,BE,Belgium,55.9468
1997-03-31,CA,Canada,59.5255
1997-03-31,CH,Switzerland,79.1583
1997-03-31,CO,Colombia,98.9769
1997-03-31,DE,Germany,123.7082
1997-03-31,DK,Denmark,62.9843
1997-03-31,ES,Spain,51.3839
1997-03-31,FI,Finland,58.8661
1997-03-31,FR,France,49.5867
1997-03-31,GB,United Kingdom,46.7203
1997-03-31,GR,Greece,62.9963
1997-03-31,HK,Hong Kong SAR,102.9375
1997-03-31,HR,Croatia,73.9269
1997-03-31,HU,Hungary,74.2788
1997-03-31,IE,Ireland,59.116
1997-03-31,IL,Israel,99.6854
1997-03-31,IS,Iceland,65.7186
1997-03-31,IT,Italy,77.954
1997-03-31,JP,Japan,154.6418
1997-03-31,KR,Korea,100.9495
1997-03-31,MY,Malaysia,106.3274
1997-03-31,NL,Netherlands,60.18
1997-03-31,NO,Norway,45.9011
1997-03-31,NZ,New Zealand,63.3309
1997-03-31,PT,Portugal,104.5821
1997-03-31,SE,Sweden,41.2527
1997-03-31,TH,Thailand,116.7252
1997-03-31,US,United States,82.3838
1997-03-31,XM,Euro area,74.1775
1997-03-31,ZA,South Africa,44.211
1997-06-30,AT,Austria,104.7304
1997-06-30,AU,Australia,47.3151
1997-06-30,BE,Belgium,58.1348
1997-06-30,CA,Canada,60.8449
1997-06-30,CH,Switzerland,78.7782
1997-06-30,CO,Colombia,98.1293
1997-06-30,DE,Germany,122.9023
1997-06-30,DK,Denmark,64.0803
1997-06-30,ES,Spain,51.7113
1997-06-30,FI,Finland,60.3542
1997-06-30,FR,France,51.9416
1997-06-30,GB,United Kingdom,47.2236
1997-06-30,GR,Greece,62.6313
1997-06-30,HK,Hong Kong SAR,110.4558
1997-06-30,HR,Croatia,73.4298
1997-06-30,HU,Hungary,74.3033
1997-06-30,IE,Ireland,61.8684
1997-06-30,IL,Israel,99.9908
1997-06-30,IS,Iceland,66.487
1997-06-30,IT,Italy,77.7114
1997-06-30,JP,Japan,150.9906
1997-06-30,KR,Korea,100.5107
1997-06-30,MY,Malaysia,106.365
1997-06-30,NL,Netherlands,61.4869
1997-06-30,NO,Norway,48.9657
1997-06-30,NZ,New Zealand,63.8819
1997-06-30,PT,Portugal,104.9554
1997-06-30,SE,Sweden,42.4289
1997-06-30,TH,Thailand,122.4342
1997-06-30,US,United States,82.8918
1997-06-30,XM,Euro area,75.1637
1997-06-30,ZA,South Africa,44.7302
1997-09-30,AT,Austria,109.4069
1997-09-30,AU,Australia,48.3662
1997-09-30,BE,Belgium,59.3927
1997-09-30,CA,Canada,59.6296
1997-09-30,CH,Switzerland,79.3993
1997-09-30,CO,Colombia,97.5918
1997-09-30,DE,Germany,121.3856
1997-09-30,DK,Denmark,65.119
1997-09-30,ES,Spain,51.6253
1997-09-30,FI,Finland,61.0102
1997-09-30,FR,France,51.8688
1997-09-30,GB,United Kingdom,49.4273
1997-09-30,GR,Greece,64.4501
1997-09-30,HK,Hong Kong SAR,110.5733
1997-09-30,HR,Croatia,76.342
1997-09-30,HU,Hungary,73.5646
1997-09-30,IE,Ireland,66.1736
1997-09-30,IL,Israel,99.8032
1997-09-30,IS,Iceland,65.4399
1997-09-30,IT,Italy,77.605
1997-09-30,JP,Japan,150.5128
1997-09-30,KR,Korea,99.5678
1997-09-30,MY,Malaysia,103.6548
1997-09-30,NL,Netherlands,62.8475
1997-09-30,NO,Norway,49.2458
1997-09-30,NZ,New Zealand,63.7843
1997-09-30,PT,Portugal,106.3663
1997-09-30,SE,Sweden,43.1798
1997-09-30,TH,Thailand,119.1955
1997-09-30,US,United States,83.5865
1997-09-30,XM,Euro area,75.5089
1997-09-30,ZA,South Africa,46.2983
1997-12-31,AT,Austria,105.0843
1997-12-31,AU,Australia,49.1841
1997-12-31,BE,Belgium,59.6166
1997-12-31,CA,Canada,59.5975
1997-12-31,CH,Switzerland,78.1887
1997-12-31,CO,Colombia,99.0927
1997-12-31,DE,Germany,121.0479
1997-12-31,DK,Denmark,65.5702
1997-12-31,ES,Spain,51.6715
1997-12-31,FI,Finland,62.1853
1997-12-31,FR,France,51.7213
1997-12-31,GB,United Kingdom,48.8649
1997-12-31,GR,Greece,66.2785
1997-12-31,HK,Hong Kong SAR,104.9255
1997-12-31,HR,Croatia,77.4404
1997-12-31,HU,Hungary,70.6099
1997-12-31,IE,Ireland,70.583
1997-12-31,IL,Israel,98.1227
1997-12-31,IS,Iceland,66.3405
1997-12-31,IT,Italy,77.4738
1997-12-31,JP,Japan,149.6708
1997-12-31,KR,Korea,98.0765
1997-12-31,MY,Malaysia,98.3005
1997-12-31,NL,Netherlands,63.7584
1997-12-31,NO,Norway,49.6088
1997-12-31,NZ,New Zealand,63.4901
1997-12-31,PT,Portugal,107.073
1997-12-31,SE,Sweden,42.9343
1997-12-31,TH,Thailand,114.8816
1997-12-31,US,United States,84.5077
1997-12-31,XM,Euro area,75.6316
1997-12-31,ZA,South Africa,48.3946
1998-03-31,AT,Austria,103.1422
1998-03-31,AU,Australia,50.2701
1998-03-31,BE,Belgium,60.1885
1998-03-31,BG,Bulgaria,63.5282
1998-03-31,CA,Canada,58.7171
1998-03-31,CH,Switzerland,78.536
1998-03-31,CO,Colombia,96.9935
1998-03-31,DE,Germany,120.2755
1998-03-31,DK,Denmark,66.6992
1998-03-31,ES,Spain,51.6892
1998-03-31,FI,Finland,63.9831
1998-03-31,FR,France,50.4481
1998-03-31,GB,United Kingdom,50.1831
1998-03-31,GR,Greece,69.0261
1998-03-31,HK,Hong Kong SAR,89.506
1998-03-31,HR,Croatia,77.5482
1998-03-31,HU,Hungary,65.4945
1998-03-31,IE,Ireland,73.2591
1998-03-31,IL,Israel,98.6734
1998-03-31,IS,Iceland,68.2667
1998-03-31,IT,Italy,75.8973
1998-03-31,JP,Japan,149.6255
1998-03-31,KR,Korea,90.4875
1998-03-31,MY,Malaysia,94.3536
1998-03-31,NL,Netherlands,65.032
1998-03-31,NO,Norway,51.1941
1998-03-31,NZ,New Zealand,62.6609
1998-03-31,PE,Peru,82.0315
1998-03-31,PT,Portugal,106.9345
1998-03-31,SE,Sweden,44.6972
1998-03-31,SG,Singapore,87.6438
1998-03-31,TH,Thailand,115.8309
1998-03-31,US,United States,85.9656
1998-03-31,XM,Euro area,75.0993
1998-03-31,ZA,South Africa,49.3013
1998-06-30,AT,Austria,98.8659
1998-06-30,AU,Australia,51.068
1998-06-30,BE,Belgium,60.0356
1998-06-30,BG,Bulgaria,68.1064
1998-06-30,CA,Canada,59.072
1998-06-30,CH,Switzerland,77.9994
1998-06-30,CO,Colombia,92.8248
1998-06-30,DE,Germany,120.2632
1998-06-30,DK,Denmark,68.9034
1998-06-30,ES,Spain,52.664
1998-06-30,FI,Finland,65.1546
1998-06-30,FR,France,51.434
1998-06-30,GB,United Kingdom,52.296
1998-06-30,GR,Greece,69.0181
1998-06-30,HK,Hong Kong SAR,79.0146
1998-06-30,HR,Croatia,75.9987
1998-06-30,HU,Hungary,63.8528
1998-06-30,IE,Ireland,73.8475
1998-06-30,IL,Israel,97.8239
1998-06-30,IS,Iceland,68.924
1998-06-30,IT,Italy,76.3191
1998-06-30,JP,Japan,148.2079
1998-06-30,KR,Korea,83.8583
1998-06-30,MY,Malaysia,89.7754
1998-06-30,NL,Netherlands,66.2003
1998-06-30,NO,Norway,54.135
1998-06-30,NZ,New Zealand,61.279
1998-06-30,PE,Peru,76.8365
1998-06-30,PT,Portugal,106.8859
1998-06-30,SE,Sweden,46.0303
1998-06-30,SG,Singapore,80.7296
1998-06-30,TH,Thailand,101.9462
1998-06-30,US,United States,86.6557
1998-06-30,XM,Euro area,75.6306
1998-06-30,ZA,South Africa,49.5748
1998-09-30,AT,Austria,101.9975
1998-09-30,AU,Australia,50.9264
1998-09-30,BE,Belgium,62.664
1998-09-30,BG,Bulgaria,66.799
1998-09-30,CA,Canada,57.8359
1998-09-30,CH,Switzerland,78.5795
1998-09-30,CO,Colombia,91.0492
1998-09-30,DE,Germany,119.7382
1998-09-30,DK,Denmark,69.7706
1998-09-30,ES,Spain,53.3723
1998-09-30,FI,Finland,66.8504
1998-09-30,FR,France,52.7835
1998-09-30,GB,United Kingdom,54.5952
1998-09-30,GR,Greece,70.3825
1998-09-30,HK,Hong Kong SAR,65.7476
1998-09-30,HR,Croatia,76.2725
1998-09-30,HU,Hungary,67.0218
1998-09-30,IE,Ireland,76.8782
1998-09-30,IL,Israel,96.8564
1998-09-30,IS,Iceland,71.1912
1998-09-30,IT,Italy,76.3298
1998-09-30,JP,Japan,148.2496
1998-09-30,KR,Korea,81.9914
1998-09-30,MY,Malaysia,86.6356
1998-09-30,NL,Netherlands,68.2649
1998-09-30,NO,Norway,53.4571
1998-09-30,NZ,New Zealand,61.0478
1998-09-30,PE,Peru,79.4818
1998-09-30,PT,Portugal,107.8665
1998-09-30,SE,Sweden,47.5622
1998-09-30,SG,Singapore,70.2694
1998-09-30,TH,Thailand,106.1408
1998-09-30,US,United States,87.8434
1998-09-30,XM,Euro area,76.647
1998-09-30,ZA,South Africa,48.8539
1998-12-31,AT,Austria,97.9225
1998-12-31,AU,Australia,51.5475
1998-12-31,BE,Belgium,62.6984
1998-12-31,BG,Bulgaria,65.8515
1998-12-31,CA,Canada,58.5525
1998-12-31,CH,Switzerland,78.3601
1998-12-31,CO,Colombia,88.5562
1998-12-31,DE,Germany,120.2751
1998-12-31,DK,Denmark,70.514
1998-12-31,ES,Spain,54.353
1998-12-31,FI,Finland,67.4903
1998-12-31,FR,France,52.8162
1998-12-31,GB,United Kingdom,53.9888
1998-12-31,GR,Greece,71.4137
1998-12-31,HK,Hong Kong SAR,65.0424
1998-12-31,HR,Croatia,74.8672
1998-12-31,HU,Hungary,67.0191
1998-12-31,IE,Ireland,83.7978
1998-12-31,IL,Israel,97.8951
1998-12-31,IS,Iceland,70.7505
1998-12-31,IT,Italy,76.1171
1998-12-31,JP,Japan,145.5502
1998-12-31,KR,Korea,80.7011
1998-12-31,LT,Lithuania,47.2815
1998-12-31,MY,Malaysia,86.0594
1998-12-31,NL,Netherlands,69.6305
1998-12-31,NO,Norway,51.6792
1998-12-31,NZ,New Zealand,61.8163
1998-12-31,PE,Peru,83.209
1998-12-31,PT,Portugal,109.0497
1998-12-31,SE,Sweden,48.1688
1998-12-31,SG,Singapore,64.2896
1998-12-31,TH,Thailand,105.3558
1998-12-31,US,United States,89.1988
1998-12-31,XM,Euro area,77.2279
1998-12-31,ZA,South Africa,47.9733
1999-03-31,AT,Austria,98.1887
1999-03-31,AU,Australia,52.5037
1999-03-31,BE,Belgium,63.6484
1999-03-31,BG,Bulgaria,65.2406
1999-03-31,CA,Canada,58.7194
1999-03-31,CH,Switzerland,78.9725
1999-03-31,CO,Colombia,84.6328
1999-03-31,DE,Germany,120.0224
1999-03-31,DK,Denmark,71.2499
1999-03-31,ES,Spain,55.6092
1999-03-31,FI,Finland,68.5548
1999-03-31,FR,France,52.7726
1999-03-31,GB,United Kingdom,54.3911
1999-03-31,GR,Greece,72.8594
1999-03-31,HK,Hong Kong SAR,66.8824
1999-03-31,HR,Croatia,73.0962
1999-03-31,HU,Hungary,67.5872
1999-03-31,IE,Ireland,87.2232
1999-03-31,IL,Israel,97.8991
1999-03-31,IS,Iceland,74.7772
1999-03-31,IT,Italy,75.6743
1999-03-31,JP,Japan,145.7909
1999-03-31,KR,Korea,81.9548
1999-03-31,LT,Lithuania,50.1232
1999-03-31,MY,Malaysia,83.6236
1999-03-31,NL,Netherlands,71.7694
1999-03-31,NO,Norway,53.211
1999-03-31,NZ,New Zealand,63.0056
1999-03-31,PE,Peru,94.6678
1999-03-31,PT,Portugal,112.472
1999-03-31,SE,Sweden,48.8317
1999-03-31,SG,Singapore,67.7159
1999-03-31,TH,Thailand,104.3964
1999-03-31,US,United States,90.2249
1999-03-31,XM,Euro area,77.6572
1999-03-31,ZA,South Africa,47.5026
1999-06-30,AT,Austria,98.0992
1999-06-30,AU,Australia,53.4634
1999-06-30,BE,Belgium,64.4869
1999-06-30,BG,Bulgaria,68.3368
1999-06-30,CA,Canada,60.36
1999-06-30,CH,Switzerland,78.6856
1999-06-30,CO,Colombia,83.0758
1999-06-30,DE,Germany,119.3726
1999-06-30,DK,Denmark,71.5564
1999-06-30,ES,Spain,57.0727
1999-06-30,FI,Finland,69.6683
1999-06-30,FR,France,53.6762
1999-06-30,GB,United Kingdom,56.1057
1999-06-30,GR,Greece,73.1085
1999-06-30,HK,Hong Kong SAR,67.506
1999-06-30,HR,Croatia,74.0134
1999-06-30,HU,Hungary,71.6779
1999-06-30,IE,Ireland,84.447
1999-06-30,IL,Israel,96.9303
1999-06-30,IS,Iceland,78.2289
1999-06-30,IT,Italy,75.7214
1999-06-30,JP,Japan,144.1469
1999-06-30,KR,Korea,82.2382
1999-06-30,LT,Lithuania,43.5652
1999-06-30,MY,Malaysia,83.8401
1999-06-30,NL,Netherlands,74.2779
1999-06-30,NO,Norway,57.1238
1999-06-30,NZ,New Zealand,63.3535
1999-06-30,PE,Peru,86.953
1999-06-30,PT,Portugal,113.3474
1999-06-30,SE,Sweden,50.4488
1999-06-30,SG,Singapore,75.5448
1999-06-30,TH,Thailand,83.2223
1999-06-30,US,United States,91.1214
1999-06-30,XM,Euro area,78.2447
1999-06-30,ZA,South Africa,48.44
1999-09-30,AT,Austria,97.5141
1999-09-30,AU,Australia,53.9683
1999-09-30,BE,Belgium,66.6874
1999-09-30,BG,Bulgaria,63.6677
1999-09-30,CA,Canada,59.4283
1999-09-30,CH,Switzerland,78.1298
1999-09-30,CO,Colombia,79.8315
1999-09-30,DE,Germany,118.9959
1999-09-30,DK,Denmark,72.5124
1999-09-30,ES,Spain,58.1653
1999-09-30,FI,Finland,72.136
1999-09-30,FR,France,56.1736
1999-09-30,GB,United Kingdom,59.5301
1999-09-30,GR,Greece,75.126
1999-09-30,HK,Hong Kong SAR,67.2553
1999-09-30,HR,Croatia,73.8615
1999-09-30,HU,Hungary,74.8558
1999-09-30,IE,Ireland,92.228
1999-09-30,IL,Israel,97.0151
1999-09-30,IS,Iceland,80.7836
1999-09-30,IT,Italy,75.7529
1999-09-30,JP,Japan,143.3141
1999-09-30,KR,Korea,83.1499
1999-09-30,LT,Lithuania,40.9181
1999-09-30,MY,Malaysia,85.1091
1999-09-30,NL,Netherlands,77.9217
1999-09-30,NO,Norway,58.3494
1999-09-30,NZ,New Zealand,63.0089
1999-09-30,PE,Peru,86.9342
1999-09-30,PT,Portugal,116.1262
1999-09-30,SE,Sweden,51.9741
1999-09-30,SG,Singapore,81.4938
1999-09-30,TH,Thailand,101.29
1999-09-30,US,United States,92.3409
1999-09-30,XM,Euro area,79.8224
1999-09-30,ZA,South Africa,48.9701
1999-12-31,AT,Austria,95.833
1999-12-31,AU,Australia,55.4509
1999-12-31,BE,Belgium,65.2944
1999-12-31,BG,Bulgaria,62.6885
1999-12-31,CA,Canada,60.0764
1999-12-31,CH,Switzerland,77.6927
1999-12-31,CO,Colombia,80.7564
1999-12-31,DE,Germany,119.1512
1999-12-31,DK,Denmark,72.0651
1999-12-31,ES,Spain,57.9525
1999-12-31,FI,Finland,73.3415
1999-12-31,FR,France,55.944
1999-12-31,GB,United Kingdom,60.8495
1999-12-31,GR,Greece,75.8307
1999-12-31,HK,Hong Kong SAR,64.5391
1999-12-31,HR,Croatia,74.2854
1999-12-31,HU,Hungary,76.6216
1999-12-31,IE,Ireland,95.3226
1999-12-31,IL,Israel,95.653
1999-12-31,IS,Iceland,82.0024
1999-12-31,IT,Italy,75.6721
1999-12-31,JP,Japan,141.9173
1999-12-31,KR,Korea,82.6876
1999-12-31,LT,Lithuania,40.0353
1999-12-31,MY,Malaysia,86.3331
1999-12-31,NL,Netherlands,80.9223
1999-12-31,NO,Norway,59.7783
1999-12-31,NZ,New Zealand,62.9112
1999-12-31,PE,Peru,90.0048
1999-12-31,PT,Portugal,116.6654
1999-12-31,SE,Sweden,51.7254
1999-12-31,SG,Singapore,85.7859
1999-12-31,TH,Thailand,97.1816
1999-12-31,US,United States,93.7427
1999-12-31,XM,Euro area,80.0083
1999-12-31,ZA,South Africa,50.2121
2000-03-31,AT,Austria,98.225
2000-03-31,AU,Australia,55.9705
2000-03-31,BE,Belgium,66.7303
2000-03-31,BG,Bulgaria,59.6436
2000-03-31,CA,Canada,60.0711
2000-03-31,CH,Switzerland,77.5241
2000-03-31,CO,Colombia,77.4521
2000-03-31,DE,Germany,118.7667
2000-03-31,DK,Denmark,72.6435
2000-03-31,ES,Spain,59.2987
2000-03-31,FI,Finland,73.7169
2000-03-31,FR,France,57.0587
2000-03-31,GB,United Kingdom,62.6002
2000-03-31,GR,Greece,77.6642
2000-03-31,HK,Hong Kong SAR,66.4739
2000-03-31,HR,Croatia,74.4614
2000-03-31,HU,Hungary,82.1241
2000-03-31,IE,Ireland,94.446
2000-03-31,IL,Israel,92.3658
2000-03-31,IS,Iceland,85.0683
2000-03-31,IT,Italy,76.2672
2000-03-31,JP,Japan,141.4368
2000-03-31,KR,Korea,82.5624
2000-03-31,LT,Lithuania,41.2683
2000-03-31,MK,North Macedonia,72.7104
2000-03-31,MY,Malaysia,86.2324
2000-03-31,NL,Netherlands,84.0759
2000-03-31,NO,Norway,62.6612
2000-03-31,NZ,New Zealand,62.5862
2000-03-31,PE,Peru,83.508
2000-03-31,PT,Portugal,118.641
2000-03-31,RS,Serbia,135.2788
2000-03-31,SE,Sweden,53.3734
2000-03-31,SG,Singapore,87.8241
2000-03-31,TH,Thailand,96.8028
2000-03-31,US,United States,95.1086
2000-03-31,XM,Euro area,80.8498
2000-03-31,ZA,South Africa,56.8608
2000-06-30,AT,Austria,95.9308
2000-06-30,AU,Australia,56.859
2000-06-30,BE,Belgium,66.4127
2000-06-30,BG,Bulgaria,60.2867
2000-06-30,CA,Canada,60.7041
2000-06-30,CH,Switzerland,77.1689
2000-06-30,CO,Colombia,76.6706
2000-06-30,DE,Germany,118.8579
2000-06-30,DK,Denmark,73.7756
2000-06-30,ES,Spain,60.3933
2000-06-30,FI,Finland,73.9011
2000-06-30,FR,France,58.404
2000-06-30,GB,United Kingdom,65.4699
2000-06-30,GR,Greece,78.1938
2000-06-30,HK,Hong Kong SAR,62.1616
2000-06-30,HR,Croatia,71.6659
2000-06-30,HU,Hungary,88.8316
2000-06-30,IE,Ireland,94.0316
2000-06-30,IL,Israel,92.6793
2000-06-30,IS,Iceland,88.0508
2000-06-30,IT,Italy,76.3714
2000-06-30,JP,Japan,139.7093
2000-06-30,KR,Korea,82.9657
2000-06-30,LT,Lithuania,38.9794
2000-06-30,MK,North Macedonia,72.7365
2000-06-30,MY,Malaysia,88.6618
2000-06-30,NL,Netherlands,86.339
2000-06-30,NO,Norway,66.3602
2000-06-30,NZ,New Zealand,61.9752
2000-06-30,PE,Peru,84.2299
2000-06-30,PT,Portugal,119.5677
2000-06-30,RS,Serbia,144.82
2000-06-30,SE,Sweden,55.5566
2000-06-30,SG,Singapore,89.257
2000-06-30,TH,Thailand,100.0271
2000-06-30,US,United States,96.5305
2000-06-30,XM,Euro area,81.6016
2000-06-30,ZA,South Africa,55.1623
2000-09-30,AT,Austria,93.6677
2000-09-30,AU,Australia,54.738
2000-09-30,BE,Belgium,66.8442
2000-09-30,BG,Bulgaria,58.8242
2000-09-30,CA,Canada,60.0071
2000-09-30,CH,Switzerland,77.3603
2000-09-30,CO,Colombia,74.4333
2000-09-30,DE,Germany,118.0871
2000-09-30,DK,Denmark,75.4098
2000-09-30,ES,Spain,60.4701
2000-09-30,FI,Finland,72.1031
2000-09-30,FR,France,60.2041
2000-09-30,GB,United Kingdom,66.793
2000-09-30,GR,Greece,80.8527
2000-09-30,HK,Hong Kong SAR,60.6452
2000-09-30,HR,Croatia,66.5811
2000-09-30,HU,Hungary,92.2015
2000-09-30,IE,Ireland,97.1681
2000-09-30,IL,Israel,90.5467
2000-09-30,IS,Iceland,88.1217
2000-09-30,IT,Italy,76.9541
2000-09-30,JP,Japan,138.6249
2000-09-30,KR,Korea,81.8358
2000-09-30,LT,Lithuania,36.784
2000-09-30,MK,North Macedonia,77.6958
2000-09-30,MY,Malaysia,89.1301
2000-09-30,NL,Netherlands,89.4398
2000-09-30,NO,Norway,64.2064
2000-09-30,NZ,New Zealand,60.6617
2000-09-30,PE,Peru,81.3035
2000-09-30,PT,Portugal,120.3228
2000-09-30,RS,Serbia,141.296
2000-09-30,SE,Sweden,57.502
2000-09-30,SG,Singapore,86.0276
2000-09-30,TH,Thailand,96.4476
2000-09-30,US,United States,97.8412
2000-09-30,XM,Euro area,82.4629
2000-09-30,ZA,South Africa,53.0929
2000-12-31,AT,Austria,92.7535
2000-12-31,AU,Australia,55.854
2000-12-31,BE,Belgium,67.4507
2000-12-31,BG,Bulgaria,55.1297
2000-12-31,CA,Canada,60.2182
2000-12-31,CH,Switzerland,75.3845
2000-12-31,CO,Colombia,72.8012
2000-12-31,DE,Germany,117.7555
2000-12-31,DK,Denmark,75.5324
2000-12-31,ES,Spain,60.028
2000-12-31,FI,Finland,70.5686
2000-12-31,FR,France,59.7176
2000-12-31,GB,United Kingdom,68.2863
2000-12-31,GR,Greece,81.5257
2000-12-31,HK,Hong Kong SAR,58.4462
2000-12-31,HR,Croatia,64.0297
2000-12-31,HU,Hungary,91.1393
2000-12-31,IE,Ireland,101.8325
2000-12-31,IL,Israel,89.1643
2000-12-31,IS,Iceland,88.7598
2000-12-31,IT,Italy,77.2929
2000-12-31,JP,Japan,137.2833
2000-12-31,KR,Korea,81.2111
2000-12-31,LT,Lithuania,39.0223
2000-12-31,MK,North Macedonia,82.3463
2000-12-31,MY,Malaysia,88.8271
2000-12-31,NL,Netherlands,90.6848
2000-12-31,NO,Norway,63.6649
2000-12-31,NZ,New Zealand,59.8065
2000-12-31,PE,Peru,81.1037
2000-12-31,PT,Portugal,122.0173
2000-12-31,RS,Serbia,101.6898
2000-12-31,SE,Sweden,57.304
2000-12-31,SG,Singapore,83.2556
2000-12-31,TH,Thailand,98.6081
2000-12-31,US,United States,99.5262
2000-12-31,XM,Euro area,82.4795
2000-12-31,ZA,South Africa,52.0142
2001-03-31,AT,Austria,96.5043
2001-03-31,AU,Australia,56.4773
2001-03-31,BE,Belgium,68.3166
2001-03-31,BG,Bulgaria,55.4615
2001-03-31,BR,Brazil,52.2932
2001-03-31,CA,Canada,59.9294
2001-03-31,CH,Switzerland,76.9639
2001-03-31,CO,Colombia,75.1025
2001-03-31,DE,Germany,117.0161
2001-03-31,DK,Denmark,76.6097
2001-03-31,ES,Spain,62.0721
2001-03-31,FI,Finland,70.4617
2001-03-31,FR,France,60.4561
2001-03-31,GB,United Kingdom,68.3648
2001-03-31,GR,Greece,85.6593
2001-03-31,HK,Hong Kong SAR,56.7564
2001-03-31,HR,Croatia,70.8153
2001-03-31,HU,Hungary,93.3512
2001-03-31,IE,Ireland,102.0875
2001-03-31,IL,Israel,89.0052
2001-03-31,IS,Iceland,88.594
2001-03-31,IT,Italy,77.5318
2001-03-31,JP,Japan,136.2003
2001-03-31,KR,Korea,79.6216
2001-03-31,LT,Lithuania,44.0536
2001-03-31,MK,North Macedonia,83.2068
2001-03-31,MY,Malaysia,87.3048
2001-03-31,NL,Netherlands,91.966
2001-03-31,NO,Norway,64.8992
2001-03-31,NZ,New Zealand,60.7455
2001-03-31,PE,Peru,72.3135
2001-03-31,PT,Portugal,121.9411
2001-03-31,RS,Serbia,93.3871
2001-03-31,RU,Russia,34.9443
2001-03-31,SE,Sweden,58.9102
2001-03-31,SG,Singapore,79.533
2001-03-31,TH,Thailand,99.5398
2001-03-31,US,United States,100.9381
2001-03-31,XM,Euro area,83.3674
2001-03-31,ZA,South Africa,51.7569
2001-06-30,AT,Austria,91.521
2001-06-30,AU,Australia,58.0085
2001-06-30,BE,Belgium,67.8228
2001-06-30,BG,Bulgaria,54.6812
2001-06-30,BR,Brazil,51.6642
2001-06-30,CA,Canada,61.4651
2001-06-30,CH,Switzerland,76.1047
2001-06-30,CO,Colombia,72.6822
2001-06-30,DE,Germany,116.0348
2001-06-30,DK,Denmark,76.6161
2001-06-30,ES,Spain,63.3977
2001-06-30,FI,Finland,70.1493
2001-06-30,FR,France,61.5398
2001-06-30,GB,United Kingdom,69.7913
2001-06-30,GR,Greece,86.7088
2001-06-30,HK,Hong Kong SAR,56.8153
2001-06-30,HR,Croatia,70.224
2001-06-30,HU,Hungary,94.9606
2001-06-30,IE,Ireland,100.0874
2001-06-30,IL,Israel,86.6806
2001-06-30,IS,Iceland,87.9385
2001-06-30,IT,Italy,77.8368
2001-06-30,JP,Japan,134.7128
2001-06-30,KR,Korea,80.2316
2001-06-30,LT,Lithuania,39.3691
2001-06-30,MK,North Macedonia,79.8044
2001-06-30,MY,Malaysia,87.9271
2001-06-30,NL,Netherlands,92.8529
2001-06-30,NO,Norway,66.9065
2001-06-30,NZ,New Zealand,60.4549
2001-06-30,PE,Peru,80.3404
2001-06-30,PT,Portugal,121.5486
2001-06-30,RS,Serbia,80.8734
2001-06-30,RU,Russia,34.9994
2001-06-30,SE,Sweden,58.6388
2001-06-30,SG,Singapore,78.9313
2001-06-30,TH,Thailand,95.2134
2001-06-30,US,United States,101.6604
2001-06-30,XM,Euro area,83.3473
2001-06-30,ZA,South Africa,52.0621
2001-09-30,AT,Austria,94.9971
2001-09-30,AU,Australia,60.8651
2001-09-30,BE,Belgium,68.7814
2001-09-30,BG,Bulgaria,55.3555
2001-09-30,BR,Brazil,50.5641
2001-09-30,CA,Canada,61.5748
2001-09-30,CH,Switzerland,76.1835
2001-09-30,CO,Colombia,71.6121
2001-09-30,DE,Germany,115.7494
2001-09-30,DK,Denmark,77.5662
2001-09-30,ES,Spain,64.2984
2001-09-30,FI,Finland,69.8858
2001-09-30,FR,France,63.2224
2001-09-30,GB,United Kingdom,72.246
2001-09-30,GR,Greece,89.5565
2001-09-30,HK,Hong Kong SAR,55.1769
2001-09-30,HR,Croatia,64.3965
2001-09-30,HU,Hungary,99.0393
2001-09-30,IE,Ireland,98.0257
2001-09-30,IL,Israel,86.3694
2001-09-30,IS,Iceland,86.3241
2001-09-30,IT,Italy,79.2379
2001-09-30,JP,Japan,133.4111
2001-09-30,KR,Korea,82.8913
2001-09-30,LT,Lithuania,43.0297
2001-09-30,MK,North Macedonia,78.8469
2001-09-30,MY,Malaysia,88.8306
2001-09-30,NL,Netherlands,94.6541
2001-09-30,NO,Norway,67.6203
2001-09-30,NZ,New Zealand,60.6367
2001-09-30,PE,Peru,72.3589
2001-09-30,PT,Portugal,121.374
2001-09-30,RS,Serbia,76.5236
2001-09-30,RU,Russia,36.7184
2001-09-30,SE,Sweden,59.6424
2001-09-30,SG,Singapore,76.5625
2001-09-30,TH,Thailand,93.457
2001-09-30,US,United States,103.4626
2001-09-30,XM,Euro area,84.6039
2001-09-30,ZA,South Africa,53.5547
2001-12-31,AT,Austria,90.8049
2001-12-31,AU,Australia,62.5715
2001-12-31,BE,Belgium,68.6908
2001-12-31,BG,Bulgaria,52.9168
2001-12-31,BR,Brazil,49.6993
2001-12-31,CA,Canada,62.9571
2001-12-31,CH,Switzerland,77.3664
2001-12-31,CO,Colombia,74.2719
2001-12-31,DE,Germany,115.3014
2001-12-31,DK,Denmark,76.6819
2001-12-31,ES,Spain,64.9253
2001-12-31,FI,Finland,70.1546
2001-12-31,FR,France,63.4302
2001-12-31,GB,United Kingdom,70.7516
2001-12-31,GR,Greece,90.2583
2001-12-31,HK,Hong Kong SAR,52.3583
2001-12-31,HR,Croatia,66.0549
2001-12-31,HU,Hungary,101.2241
2001-12-31,IE,Ireland,98.4494
2001-12-31,IL,Israel,86.1305
2001-12-31,IS,Iceland,85.9045
2001-12-31,IT,Italy,81.0923
2001-12-31,JP,Japan,132.1278
2001-12-31,KR,Korea,85.3712
2001-12-31,LT,Lithuania,50.6582
2001-12-31,MK,North Macedonia,79.1336
2001-12-31,MY,Malaysia,88.4325
2001-12-31,NL,Netherlands,94.9562
2001-12-31,NO,Norway,67.2258
2001-12-31,NZ,New Zealand,61.3206
2001-12-31,PE,Peru,75.3653
2001-12-31,PT,Portugal,120.3989
2001-12-31,RS,Serbia,73.263
2001-12-31,RU,Russia,39.0206
2001-12-31,SE,Sweden,58.5646
2001-12-31,SG,Singapore,73.6625
2001-12-31,TH,Thailand,96.4576
2001-12-31,US,United States,105.4717
2001-12-31,XM,Euro area,84.7509
2001-12-31,ZA,South Africa,55.2159
2002-03-31,AT,Austria,93.2512
2002-03-31,AU,Australia,64.3675
2002-03-31,BE,Belgium,69.7482
2002-03-31,BG,Bulgaria,50.8226
2002-03-31,BR,Brazil,49.0636
2002-03-31,CA,Canada,65.2743
2002-03-31,CH,Switzerland,77.4153
2002-03-31,CL,Chile,73.3761
2002-03-31,CO,Colombia,69.2689
2002-03-31,CY,Cyprus,55.2744
2002-03-31,DE,Germany,114.1562
2002-03-31,DK,Denmark,77.1297
2002-03-31,ES,Spain,68.4998
2002-03-31,FI,Finland,72.4405
2002-03-31,FR,France,63.5753
2002-03-31,GB,United Kingdom,73.1235
2002-03-31,GR,Greece,93.9116
2002-03-31,HK,Hong Kong SAR,53.0788
2002-03-31,HR,Croatia,69.124
2002-03-31,HU,Hungary,101.0969
2002-03-31,ID,Indonesia,139.3968
2002-03-31,IE,Ireland,101.1838
2002-03-31,IL,Israel,89.3963
2002-03-31,IS,Iceland,85.677
2002-03-31,IT,Italy,85.0153
2002-03-31,JP,Japan,131.2432
2002-03-31,KR,Korea,89.44
2002-03-31,LT,Lithuania,42.9479
2002-03-31,MK,North Macedonia,81.4599
2002-03-31,MY,Malaysia,87.5764
2002-03-31,NL,Netherlands,95.3911
2002-03-31,NO,Norway,69.0274
2002-03-31,NZ,New Zealand,63.3968
2002-03-31,PE,Peru,72.2726
2002-03-31,PT,Portugal,119.9736
2002-03-31,RS,Serbia,72.1121
2002-03-31,RU,Russia,39.7923
2002-03-31,SE,Sweden,59.435
2002-03-31,SG,Singapore,72.9214
2002-03-31,TH,Thailand,96.2443
2002-03-31,US,United States,106.9985
2002-03-31,XM,Euro area,86.0174
2002-03-31,ZA,South Africa,55.1726
2002-06-30,AT,Austria,90.9862
2002-06-30,AU,Australia,67.7106
2002-06-30,BE,Belgium,70.8455
2002-06-30,BG,Bulgaria,52.0313
2002-06-30,BR,Brazil,48.6079
2002-06-30,CA,Canada,66.8429
2002-06-30,CH,Switzerland,75.8487
2002-06-30,CL,Chile,76.1783
2002-06-30,CO,Colombia,70.1552
2002-06-30,CY,Cyprus,54.1254
2002-06-30,DE,Germany,113.8046
2002-06-30,DK,Denmark,77.7927
2002-06-30,ES,Spain,71.1717
2002-06-30,FI,Finland,74.1908
2002-06-30,FR,France,65.2558
2002-06-30,GB,United Kingdom,78.4119
2002-06-30,GR,Greece,96.7616
2002-06-30,HK,Hong Kong SAR,52.1556
2002-06-30,HR,Croatia,68.0803
2002-06-30,HU,Hungary,104.9496
2002-06-30,ID,Indonesia,140.2587
2002-06-30,IE,Ireland,100.3197
2002-06-30,IL,Israel,88.3567
2002-06-30,IS,Iceland,85.7108
2002-06-30,IT,Italy,86.1718
2002-06-30,JP,Japan,128.8859
2002-06-30,KR,Korea,91.7566
2002-06-30,LT,Lithuania,45.1837
2002-06-30,MK,North Macedonia,85.4474
2002-06-30,MY,Malaysia,88.5303
2002-06-30,NL,Netherlands,95.7928
2002-06-30,NO,Norway,71.0336
2002-06-30,NZ,New Zealand,64.2664
2002-06-30,PE,Peru,73.1475
2002-06-30,PT,Portugal,118.3063
2002-06-30,RS,Serbia,69.9859
2002-06-30,RU,Russia,41.129
2002-06-30,SE,Sweden,60.5527
2002-06-30,SG,Singapore,72.1551
2002-06-30,TH,Thailand,96.4321
2002-06-30,US,United States,108.6063
2002-06-30,XM,Euro area,86.8409
2002-06-30,ZA,South Africa,54.9222
2002-09-30,AT,Austria,93.9129
2002-09-30,AU,Australia,70.0589
2002-09-30,BE,Belgium,72.4755
2002-09-30,BG,Bulgaria,53.9968
2002-09-30,BR,Brazil,48.0813
2002-09-30,CA,Canada,65.5781
2002-09-30,CH,Switzerland,76.6151
2002-09-30,CL,Chile,76.9415
2002-09-30,CO,Colombia,68.6528
2002-09-30,CY,Cyprus,57.1872
2002-09-30,DE,Germany,113.3968
2002-09-30,DK,Denmark,78.2651
2002-09-30,ES,Spain,73.0196
2002-09-30,FI,Finland,75.1355
2002-09-30,FR,France,67.7319
2002-09-30,GB,United Kingdom,83.6274
2002-09-30,GR,Greece,98.0545
2002-09-30,HK,Hong Kong SAR,49.8731
2002-09-30,HR,Croatia,72.2745
2002-09-30,HU,Hungary,109.5736
2002-09-30,ID,Indonesia,139.9494
2002-09-30,IE,Ireland,104.5917
2002-09-30,IL,Israel,85.2873
2002-09-30,IS,Iceland,88.0763
2002-09-30,IT,Italy,86.7991
2002-09-30,JP,Japan,127.3178
2002-09-30,KR,Korea,94.5626
2002-09-30,LT,Lithuania,50.8573
2002-09-30,MK,North Macedonia,92.2955
2002-09-30,MY,Malaysia,89.734
2002-09-30,NL,Netherlands,97.2005
2002-09-30,NO,Norway,68.7774
2002-09-30,NZ,New Zealand,65.9802
2002-09-30,PE,Peru,84.955
2002-09-30,PT,Portugal,117.3409
2002-09-30,RS,Serbia,65.5127
2002-09-30,RU,Russia,42.5727
2002-09-30,SE,Sweden,62.8342
2002-09-30,SG,Singapore,72.5028
2002-09-30,TH,Thailand,96.2862
2002-09-30,US,United States,110.9152
2002-09-30,XM,Euro area,88.4049
2002-09-30,ZA,South Africa,55.088
2002-12-31,AT,Austria,91.1541
2002-12-31,AU,Australia,72.1318
2002-12-31,BE,Belgium,73.334
2002-12-31,BG,Bulgaria,53.3412
2002-12-31,BR,Brazil,46.6898
2002-12-31,CA,Canada,67.3256
2002-12-31,CH,Switzerland,76.2198
2002-12-31,CL,Chile,76.4799
2002-12-31,CO,Colombia,67.6337
2002-12-31,CY,Cyprus,56.5158
2002-12-31,DE,Germany,112.9731
2002-12-31,DK,Denmark,77.81
2002-12-31,ES,Spain,73.2835
2002-12-31,FI,Finland,75.0823
2002-12-31,FR,France,68.1369
2002-12-31,GB,United Kingdom,87.2864
2002-12-31,GR,Greece,98.2402
2002-12-31,HK,Hong Kong SAR,47.5878
2002-12-31,HR,Croatia,72.2599
2002-12-31,HU,Hungary,109.5191
2002-12-31,ID,Indonesia,137.5584
2002-12-31,IE,Ireland,107.275
2002-12-31,IL,Israel,83.8816
2002-12-31,IS,Iceland,89.4245
2002-12-31,IT,Italy,86.8562
2002-12-31,JP,Japan,125.3192
2002-12-31,KR,Korea,96.6922
2002-12-31,LT,Lithuania,50.7228
2002-12-31,MK,North Macedonia,88.1889
2002-12-31,MY,Malaysia,91.0691
2002-12-31,NL,Netherlands,96.7853
2002-12-31,NO,Norway,67.568
2002-12-31,NZ,New Zealand,68.0284
2002-12-31,PE,Peru,73.0858
2002-12-31,PT,Portugal,115.9919
2002-12-31,RS,Serbia,69.8321
2002-12-31,RU,Russia,43.2173
2002-12-31,SE,Sweden,62.5783
2002-12-31,SG,Singapore,72.2312
2002-12-31,TH,Thailand,95.7114
2002-12-31,US,United States,112.8035
2002-12-31,XM,Euro area,88.4205
2002-12-31,ZA,South Africa,55.6842
2003-03-31,AT,Austria,92.1509
2003-03-31,AU,Australia,73.1176
2003-03-31,BE,Belgium,73.7269
2003-03-31,BG,Bulgaria,53.1002
2003-03-31,BR,Brazil,45.0948
2003-03-31,CA,Canada,67.8586
2003-03-31,CH,Switzerland,75.8607
2003-03-31,CL,Chile,76.0585
2003-03-31,CO,Colombia,64.4571
2003-03-31,CY,Cyprus,55.1552
2003-03-31,DE,Germany,111.6944
2003-03-31,DK,Denmark,76.8291
2003-03-31,ES,Spain,77.191
2003-03-31,FI,Finland,76.0083
2003-03-31,FR,France,68.8809
2003-03-31,GB,United Kingdom,88.8708
2003-03-31,GR,Greece,99.4764
2003-03-31,HK,Hong Kong SAR,46.0408
2003-03-31,HR,Croatia,77.7523
2003-03-31,HU,Hungary,116.1906
2003-03-31,ID,Indonesia,137.5344
2003-03-31,IE,Ireland,108.5709
2003-03-31,IL,Israel,82.9986
2003-03-31,IS,Iceland,92.1014
2003-03-31,IT,Italy,88.1102
2003-03-31,JP,Japan,123.8505
2003-03-31,KR,Korea,95.6242
2003-03-31,LT,Lithuania,60.8715
2003-03-31,MK,North Macedonia,91.3433
2003-03-31,MY,Malaysia,90.5492
2003-03-31,NL,Netherlands,97.0962
2003-03-31,NO,Norway,67.1435
2003-03-31,NZ,New Zealand,71.5063
2003-03-31,PE,Peru,61.6596
2003-03-31,PT,Portugal,115.9562
2003-03-31,RS,Serbia,82.2187
2003-03-31,RU,Russia,44.0181
2003-03-31,SE,Sweden,62.3074
2003-03-31,SG,Singapore,71.3811
2003-03-31,TH,Thailand,96.3721
2003-03-31,US,United States,113.9441
2003-03-31,XM,Euro area,89.2046
2003-03-31,ZA,South Africa,57.2383
2003-06-30,AT,Austria,91.0898
2003-06-30,AU,Australia,77.0624
2003-06-30,BE,Belgium,74.3877
2003-06-30,BG,Bulgaria,55.7058
2003-06-30,BR,Brazil,45.3973
2003-06-30,CA,Canada,70.2072
2003-06-30,CH,Switzerland,77.387
2003-06-30,CL,Chile,76.9067
2003-06-30,CO,Colombia,65.5379
2003-06-30,CY,Cyprus,54.9203
2003-06-30,DE,Germany,111.3735
2003-06-30,DK,Denmark,78.0981
2003-06-30,ES,Spain,81.1501
2003-06-30,FI,Finland,77.4593
2003-06-30,FR,France,71.2389
2003-06-30,GB,United Kingdom,91.0411
2003-06-30,GR,Greece,97.071
2003-06-30,HK,Hong Kong SAR,44.2881
2003-06-30,HR,Croatia,79.8639
2003-06-30,HU,Hungary,120.9302
2003-06-30,ID,Indonesia,139.124
2003-06-30,IE,Ireland,109.2534
2003-06-30,IL,Israel,79.8832
2003-06-30,IS,Iceland,93.8129
2003-06-30,IT,Italy,88.6542
2003-06-30,JP,Japan,121.2342
2003-06-30,KR,Korea,97.85
2003-06-30,LT,Lithuania,54.336
2003-06-30,MK,North Macedonia,89.7742
2003-06-30,MY,Malaysia,90.2849
2003-06-30,NL,Netherlands,97.4103
2003-06-30,NO,Norway,68.7825
2003-06-30,NZ,New Zealand,73.9845
2003-06-30,PE,Peru,66.4881
2003-06-30,PT,Portugal,115.3351
2003-06-30,RS,Serbia,87.2521
2003-06-30,RU,Russia,43.9647
2003-06-30,SE,Sweden,63.6361
2003-06-30,SG,Singapore,71.0823
2003-06-30,TH,Thailand,96.0188
2003-06-30,US,United States,115.9668
2003-06-30,XM,Euro area,90.235
2003-06-30,ZA,South Africa,59.6389
2003-09-30,AT,Austria,89.9799
2003-09-30,AU,Australia,81.1368
2003-09-30,BE,Belgium,75.9785
2003-09-30,BG,Bulgaria,59.7611
2003-09-30,BR,Brazil,46.7499
2003-09-30,CA,Canada,71.4171
2003-09-30,CH,Switzerland,78.505
2003-09-30,CL,Chile,77.5641
2003-09-30,CO,Colombia,64.8676
2003-09-30,CY,Cyprus,56.7429
2003-09-30,DE,Germany,110.5217
2003-09-30,DK,Denmark,79.5938
2003-09-30,ES,Spain,83.4938
2003-09-30,FI,Finland,79.3683
2003-09-30,FR,France,74.0757
2003-09-30,GB,United Kingdom,93.3812
2003-09-30,GR,Greece,99.1389
2003-09-30,HK,Hong Kong SAR,44.7492
2003-09-30,HR,Croatia,80.6503
2003-09-30,HU,Hungary,123.0054
2003-09-30,ID,Indonesia,140.0263
2003-09-30,IE,Ireland,114.7832
2003-09-30,IL,Israel,81.3031
2003-09-30,IS,Iceland,98.4575
2003-09-30,IT,Italy,89.8358
2003-09-30,JP,Japan,119.3609
2003-09-30,KR,Korea,99.2905
2003-09-30,LT,Lithuania,56.5124
2003-09-30,MK,North Macedonia,87.6504
2003-09-30,MY,Malaysia,93.1243
2003-09-30,NL,Netherlands,97.9999
2003-09-30,NO,Norway,68.8293
2003-09-30,NZ,New Zealand,78.5999
2003-09-30,PE,Peru,62.9137
2003-09-30,PT,Portugal,115.6688
2003-09-30,RS,Serbia,86.2972
2003-09-30,RU,Russia,45.2821
2003-09-30,SE,Sweden,65.2609
2003-09-30,SG,Singapore,70.5029
2003-09-30,TH,Thailand,97.3427
2003-09-30,US,United States,118.7627
2003-09-30,XM,Euro area,91.6704
2003-09-30,ZA,South Africa,63.2956
2003-12-31,AT,Austria,92.0972
2003-12-31,AU,Australia,83.7524
2003-12-31,BE,Belgium,77.2544
2003-12-31,BG,Bulgaria,61.6813
2003-12-31,BR,Brazil,47.8521
2003-12-31,CA,Canada,73.3939
2003-12-31,CH,Switzerland,78.2749
2003-12-31,CL,Chile,79.1847
2003-12-31,CO,Colombia,67.5564
2003-12-31,CY,Cyprus,56.7277
2003-12-31,DE,Germany,109.7931
2003-12-31,DK,Denmark,79.7826
2003-12-31,ES,Spain,84.5629
2003-12-31,FI,Finland,80.2739
2003-12-31,FR,France,74.8182
2003-12-31,GB,United Kingdom,94.767
2003-12-31,GR,Greece,98.3198
2003-12-31,HK,Hong Kong SAR,48.1525
2003-12-31,HR,Croatia,85.8023
2003-12-31,HU,Hungary,126.8422
2003-12-31,ID,Indonesia,138.1515
2003-12-31,IE,Ireland,119.5605
2003-12-31,IL,Israel,80.739
2003-12-31,IS,Iceland,97.9941
2003-12-31,IT,Italy,89.9728
2003-12-31,JP,Japan,117.6824
2003-12-31,KR,Korea,99.5683
2003-12-31,LT,Lithuania,61.2366
2003-12-31,MK,North Macedonia,91.6985
2003-12-31,MY,Malaysia,93.296
2003-12-31,NL,Netherlands,98.7768
2003-12-31,NO,Norway,69.3732
2003-12-31,NZ,New Zealand,83.3074
2003-12-31,PE,Peru,64.1743
2003-12-31,PT,Portugal,114.7504
2003-12-31,RS,Serbia,87.5001
2003-12-31,RU,Russia,46.4162
2003-12-31,SE,Sweden,65.5782
2003-12-31,SG,Singapore,70.2815
2003-12-31,TH,Thailand,99.2363
2003-12-31,US,United States,122.6182
2003-12-31,XM,Euro area,92.14
2003-12-31,ZA,South Africa,69.1874
2004-03-31,AT,Austria,84.6138
2004-03-31,AU,Australia,82.6694
2004-03-31,BE,Belgium,78.8499
2004-03-31,BG,Bulgaria,67.1528
2004-03-31,BR,Brazil,48.5753
2004-03-31,CA,Canada,74.2536
2004-03-31,CH,Switzerland,79.6968
2004-03-31,CL,Chile,79.9123
2004-03-31,CO,Colombia,65.9784
2004-03-31,CY,Cyprus,64.8656
2004-03-31,DE,Germany,108.3843
2004-03-31,DK,Denmark,82.0509
2004-03-31,ES,Spain,89.4165
2004-03-31,FI,Finland,82.4163
2004-03-31,FR,France,76.8636
2004-03-31,GB,United Kingdom,95.7034
2004-03-31,GR,Greece,97.8569
2004-03-31,HK,Hong Kong SAR,55.004
2004-03-31,HR,Croatia,86.4467
2004-03-31,HU,Hungary,119.5205
2004-03-31,ID,Indonesia,137.0134
2004-03-31,IE,Ireland,118.9152
2004-03-31,IL,Israel,81.5751
2004-03-31,IS,Iceland,97.8401
2004-03-31,IT,Italy,90.3938
2004-03-31,JP,Japan,116.0883
2004-03-31,KR,Korea,97.2455
2004-03-31,LT,Lithuania,66.7891
2004-03-31,MK,North Macedonia,89.8667
2004-03-31,MY,Malaysia,94.4143
2004-03-31,NL,Netherlands,99.8504
2004-03-31,NO,Norway,74.3718
2004-03-31,NZ,New Zealand,86.7023
2004-03-31,PE,Peru,70.6295
2004-03-31,PT,Portugal,114.8302
2004-03-31,RS,Serbia,92.4387
2004-03-31,RU,Russia,49.8843
2004-03-31,SE,Sweden,67.0624
2004-03-31,SG,Singapore,69.3922
2004-03-31,TH,Thailand,99.0763
2004-03-31,US,United States,125.6409
2004-03-31,XM,Euro area,92.9566
2004-03-31,ZA,South Africa,74.4389
2004-06-30,AT,Austria,88.3421
2004-06-30,AU,Australia,81.4775
2004-06-30,BE,Belgium,78.465
2004-06-30,BG,Bulgaria,75.3928
2004-06-30,BR,Brazil,49.2367
2004-06-30,CA,Canada,76.8199
2004-06-30,CH,Switzerland,79.4525
2004-06-30,CL,Chile,81.4256
2004-06-30,CO,Colombia,66.9103
2004-06-30,CY,Cyprus,66.2619
2004-06-30,DE,Germany,108.0694
2004-06-30,DK,Denmark,85.0496
2004-06-30,ES,Spain,92.3764
2004-06-30,FI,Finland,84.2862
2004-06-30,FR,France,79.2413
2004-06-30,GB,United Kingdom,100.5703
2004-06-30,GR,Greece,96.3905
2004-06-30,HK,Hong Kong SAR,57.6652
2004-06-30,HR,Croatia,88.815
2004-06-30,HU,Hungary,122.4251
2004-06-30,ID,Indonesia,136.0705
2004-06-30,IE,Ireland,118.7867
2004-06-30,IL,Israel,81.9587
2004-06-30,IS,Iceland,101.928
2004-06-30,IT,Italy,91.5247
2004-06-30,JP,Japan,114.005
2004-06-30,KR,Korea,96.8
2004-06-30,LT,Lithuania,62.3952
2004-06-30,MK,North Macedonia,89.0342
2004-06-30,MY,Malaysia,94.2931
2004-06-30,NL,Netherlands,100.0612
2004-06-30,NO,Norway,75.1386
2004-06-30,NZ,New Zealand,87.5397
2004-06-30,PE,Peru,70.7924
2004-06-30,PT,Portugal,113.1658
2004-06-30,RS,Serbia,91.9171
2004-06-30,RU,Russia,51.3486
2004-06-30,SE,Sweden,69.5405
2004-06-30,SG,Singapore,69.1607
2004-06-30,TH,Thailand,99.1584
2004-06-30,US,United States,128.7742
2004-06-30,XM,Euro area,93.9099
2004-06-30,ZA,South Africa,79.2118
2004-09-30,AT,Austria,88.3771
2004-09-30,AU,Australia,81.1441
2004-09-30,BE,Belgium,80.9843
2004-09-30,BG,Bulgaria,84.6499
2004-09-30,BR,Brazil,49.3874
2004-09-30,CA,Canada,74.8714
2004-09-30,CH,Switzerland,81.4282
2004-09-30,CL,Chile,82.4665
2004-09-30,CO,Colombia,67.015
2004-09-30,CY,Cyprus,68.6454
2004-09-30,DE,Germany,107.4243
2004-09-30,DK,Denmark,87.9923
2004-09-30,ES,Spain,94.3984
2004-09-30,FI,Finland,84.2241
2004-09-30,FR,France,82.9563
2004-09-30,GB,United Kingdom,104.9708
2004-09-30,GR,Greece,98.6319
2004-09-30,HK,Hong Kong SAR,58.2613
2004-09-30,HR,Croatia,92.2739
2004-09-30,HU,Hungary,125.4482
2004-09-30,ID,Indonesia,135.8428
2004-09-30,IE,Ireland,123.7792
2004-09-30,IL,Israel,81.1549
2004-09-30,IS,Iceland,103.76
2004-09-30,IT,Italy,93.5259
2004-09-30,JP,Japan,112.241
2004-09-30,KR,Korea,94.9415
2004-09-30,LT,Lithuania,70.3567
2004-09-30,MK,North Macedonia,90.8137
2004-09-30,MY,Malaysia,94.0624
2004-09-30,NL,Netherlands,101.3591
2004-09-30,NO,Norway,75.3297
2004-09-30,NZ,New Zealand,88.7819
2004-09-30,PE,Peru,67.8024
2004-09-30,PT,Portugal,113.5673
2004-09-30,RS,Serbia,87.8847
2004-09-30,RU,Russia,52.6266
2004-09-30,SE,Sweden,71.267
2004-09-30,SG,Singapore,69.1843
2004-09-30,TH,Thailand,98.9962
2004-09-30,US,United States,132.7005
2004-09-30,XM,Euro area,95.7769
2004-09-30,ZA,South Africa,84.3512
2004-12-31,AT,Austria,89.6419
2004-12-31,AU,Australia,81.8966
2004-12-31,BE,Belgium,82.4761
2004-12-31,BG,Bulgaria,92.7819
2004-12-31,BR,Brazil,49.6375
2004-12-31,CA,Canada,77.3993
2004-12-31,CH,Switzerland,81.161
2004-12-31,CL,Chile,83.9202
2004-12-31,CO,Colombia,71.0374
2004-12-31,CY,Cyprus,69.6985
2004-12-31,DE,Germany,106.7541
2004-12-31,DK,Denmark,89.7013
2004-12-31,ES,Spain,95.8504
2004-12-31,FI,Finland,84.4207
2004-12-31,FR,France,84.5335
2004-12-31,GB,United Kingdom,104.9453
2004-12-31,GR,Greece,98.861
2004-12-31,HK,Hong Kong SAR,62.0508
2004-12-31,HR,Croatia,97.1349
2004-12-31,HU,Hungary,123.0764
2004-12-31,ID,Indonesia,134.3467
2004-12-31,IE,Ireland,129.5681
2004-12-31,IL,Israel,79.1729
2004-12-31,IS,Iceland,107.1251
2004-12-31,IT,Italy,94.754
2004-12-31,JP,Japan,110.3812
2004-12-31,KR,Korea,94.0975
2004-12-31,LT,Lithuania,78.1934
2004-12-31,MK,North Macedonia,91.6281
2004-12-31,MY,Malaysia,93.6078
2004-12-31,NL,Netherlands,101.4041
2004-12-31,NO,Norway,75.7918
2004-12-31,NZ,New Zealand,91.1836
2004-12-31,PE,Peru,63.2392
2004-12-31,PT,Portugal,112.5906
2004-12-31,RS,Serbia,87.9877
2004-12-31,RU,Russia,53.3664
2004-12-31,SE,Sweden,71.8125
2004-12-31,SG,Singapore,69.7321
2004-12-31,TH,Thailand,101.6038
2004-12-31,US,United States,136.8734
2004-12-31,XM,Euro area,96.5507
2004-12-31,ZA,South Africa,90.6099
2005-03-31,AT,Austria,89.2814
2005-03-31,AU,Australia,81.2375
2005-03-31,BE,Belgium,85.6401
2005-03-31,BG,Bulgaria,100.1842
2005-03-31,BR,Brazil,49.6388
2005-03-31,CA,Canada,79.9412
2005-03-31,CH,Switzerland,82.3469
2005-03-31,CL,Chile,82.3429
2005-03-31,CO,Colombia,68.9412
2005-03-31,CY,Cyprus,70.6359
2005-03-31,DE,Germany,106.2822
2005-03-31,DK,Denmark,93.5359
2005-03-31,EE,Estonia,101.9719
2005-03-31,ES,Spain,100.2121
2005-03-31,FI,Finland,86.2767
2005-03-31,FR,France,87.0175
2005-03-31,GB,United Kingdom,102.6092
2005-03-31,GR,Greece,101.9492
2005-03-31,HK,Hong Kong SAR,66.9475
2005-03-31,HR,Croatia,95.2984
2005-03-31,HU,Hungary,120.7547
2005-03-31,ID,Indonesia,132.0823
2005-03-31,IE,Ireland,129.4423
2005-03-31,IL,Israel,79.4363
2005-03-31,IS,Iceland,116.3139
2005-03-31,IT,Italy,96.0749
2005-03-31,JP,Japan,109.7712
2005-03-31,KR,Korea,92.4869
2005-03-31,LT,Lithuania,93.9311
2005-03-31,MK,North Macedonia,88.0672
2005-03-31,MT,Malta,71.0195
2005-03-31,MX,Mexico,90.9971
2005-03-31,MY,Malaysia,93.8836
2005-03-31,NL,Netherlands,102.0106
2005-03-31,NO,Norway,78.9834
2005-03-31,NZ,New Zealand,94.9854
2005-03-31,PE,Peru,68.7127
2005-03-31,PT,Portugal,112.6422
2005-03-31,RS,Serbia,90.5808
2005-03-31,RU,Russia,55.4741
2005-03-31,SE,Sweden,72.5265
2005-03-31,SG,Singapore,70.5878
2005-03-31,TH,Thailand,104.1274
2005-03-31,US,United States,141.6201
2005-03-31,XM,Euro area,98.0364
2005-03-31,ZA,South Africa,96.648
2005-06-30,AT,Austria,89.8423
2005-06-30,AU,Australia,81.319
2005-06-30,BE,Belgium,86.6113
2005-06-30,BG,Bulgaria,103.6713
2005-06-30,BR,Brazil,49.7173
2005-06-30,CA,Canada,81.2524
2005-06-30,CH,Switzerland,82.0405
2005-06-30,CL,Chile,84.9689
2005-06-30,CN,China,87.95
2005-06-30,CO,Colombia,69.7178
2005-06-30,CY,Cyprus,71.6126
2005-06-30,DE,Germany,105.3522
2005-06-30,DK,Denmark,97.3017
2005-06-30,EE,Estonia,113.3599
2005-06-30,ES,Spain,101.9419
2005-06-30,FI,Finland,88.4327
2005-06-30,FR,France,89.9172
2005-06-30,GB,United Kingdom,104.4599
2005-06-30,GR,Greece,103.0645
2005-06-30,HK,Hong Kong SAR,70.1139
2005-06-30,HR,Croatia,98.746
2005-06-30,HU,Hungary,121.4988
2005-06-30,ID,Indonesia,131.0152
2005-06-30,IE,Ireland,130.5077
2005-06-30,IL,Israel,80.3426
2005-06-30,IS,Iceland,127.3459
2005-06-30,IT,Italy,97.1818
2005-06-30,JP,Japan,108.3629
2005-06-30,KR,Korea,93.5092
2005-06-30,LT,Lithuania,86.7
2005-06-30,MK,North Macedonia,91.1303
2005-06-30,MT,Malta,69.9685
2005-06-30,MX,Mexico,93.6178
2005-06-30,MY,Malaysia,94.633
2005-06-30,NL,Netherlands,102.3204
2005-06-30,NO,Norway,80.2962
2005-06-30,NZ,New Zealand,96.8058
2005-06-30,PE,Peru,60.905
2005-06-30,PT,Portugal,113.0449
2005-06-30,RS,Serbia,91.7851
2005-06-30,RU,Russia,55.3353
2005-06-30,SE,Sweden,74.5834
2005-06-30,SG,Singapore,70.752
2005-06-30,TH,Thailand,103.1178
2005-06-30,US,United States,145.2797
2005-06-30,XM,Euro area,98.6898
2005-06-30,ZA,South Africa,100.4241
2005-09-30,AT,Austria,89.6269
2005-09-30,AU,Australia,80.4072
2005-09-30,BE,Belgium,88.8244
2005-09-30,BG,Bulgaria,106.6706
2005-09-30,BR,Brazil,50.4354
2005-09-30,CA,Canada,81.9448
2005-09-30,CH,Switzerland,83.744
2005-09-30,CL,Chile,85.2856
2005-09-30,CN,China,89.5356
2005-09-30,CO,Colombia,70.3366
2005-09-30,CY,Cyprus,72.7588
2005-09-30,DE,Germany,104.374
2005-09-30,DK,Denmark,104.5557
2005-09-30,EE,Estonia,118.0817
2005-09-30,ES,Spain,103.5203
2005-09-30,FI,Finland,89.8781
2005-09-30,FR,France,93.8134
2005-09-30,GB,United Kingdom,106.582
2005-09-30,GR,Greece,106.5434
2005-09-30,HK,Hong Kong SAR,69.1528
2005-09-30,HR,Croatia,100.4572
2005-09-30,HU,Hungary,123.6852
2005-09-30,ID,Indonesia,129.5311
2005-09-30,IE,Ireland,134.5564
2005-09-30,IL,Israel,80.2233
2005-09-30,IS,Iceland,133.1535
2005-09-30,IT,Italy,98.4817
2005-09-30,JP,Japan,107.2807
2005-09-30,KR,Korea,94.7652
2005-09-30,LT,Lithuania,96.7408
2005-09-30,MK,North Macedonia,88.6037
2005-09-30,MT,Malta,76.1043
2005-09-30,MX,Mexico,94.9561
2005-09-30,MY,Malaysia,93.4079
2005-09-30,NL,Netherlands,103.4629
2005-09-30,NO,Norway,80.8472
2005-09-30,NZ,New Zealand,98.7459
2005-09-30,PE,Peru,60.587
2005-09-30,PT,Portugal,114.6915
2005-09-30,RS,Serbia,92.6089
2005-09-30,RU,Russia,56.8652
2005-09-30,SE,Sweden,77.4308
2005-09-30,SG,Singapore,71.0848
2005-09-30,TH,Thailand,102.2338
2005-09-30,US,United States,148.5142
2005-09-30,XM,Euro area,100.2645
2005-09-30,ZA,South Africa,103.7293
2005-12-31,AT,Austria,91.5684
2005-12-31,AU,Australia,81.5461
2005-12-31,BE,Belgium,90.7473
2005-12-31,BG,Bulgaria,105.8346
2005-12-31,BR,Brazil,50.832
2005-12-31,CA,Canada,82.9798
2005-12-31,CH,Switzerland,83.657
2005-12-31,CL,Chile,86.788
2005-12-31,CN,China,89.7334
2005-12-31,CO,Colombia,71.29
2005-12-31,CY,Cyprus,72.2423
2005-12-31,DE,Germany,104.1981
2005-12-31,DK,Denmark,110.9691
2005-12-31,EE,Estonia,132.8971
2005-12-31,ES,Spain,104.3448
2005-12-31,FI,Finland,91.641
2005-12-31,FR,France,95.3826
2005-12-31,GB,United Kingdom,106.2747
2005-12-31,GR,Greece,107.9165
2005-12-31,HK,Hong Kong SAR,66.2491
2005-12-31,HR,Croatia,104.1438
2005-12-31,HU,Hungary,122.3663
2005-12-31,ID,Indonesia,119.6483
2005-12-31,IE,Ireland,139.5555
2005-12-31,IL,Israel,80.2861
2005-12-31,IS,Iceland,135.3743
2005-12-31,IT,Italy,99.0297
2005-12-31,JP,Japan,106.4187
2005-12-31,KR,Korea,94.9964
2005-12-31,LT,Lithuania,124.8241
2005-12-31,MK,North Macedonia,89.5677
2005-12-31,MT,Malta,72.0779
2005-12-31,MX,Mexico,93.5916
2005-12-31,MY,Malaysia,92.9996
2005-12-31,NL,Netherlands,103.6307
2005-12-31,NO,Norway,80.4443
2005-12-31,NZ,New Zealand,101.865
2005-12-31,PE,Peru,65.8661
2005-12-31,PT,Portugal,113.7137
2005-12-31,RS,Serbia,89.4007
2005-12-31,RU,Russia,59.2754
2005-12-31,SE,Sweden,79.0146
2005-12-31,SG,Singapore,71.6863
2005-12-31,TH,Thailand,102.8036
2005-12-31,US,United States,151.8552
2005-12-31,XM,Euro area,100.9679
2005-12-31,ZA,South Africa,107.9282
2006-03-31,AT,Austria,92.3388
2006-03-31,AU,Australia,81.7318
2006-03-31,BE,Belgium,92.2248
2006-03-31,BG,Bulgaria,106.7172
2006-03-31,BR,Brazil,51.4558
2006-03-31,CA,Canada,85.735
2006-03-31,CH,Switzerland,85.4987
2006-03-31,CL,Chile,85.1405
2006-03-31,CN,China,88.5259
2006-03-31,CO,Colombia,71.7036
2006-03-31,CY,Cyprus,76.355
2006-03-31,DE,Germany,102.6332
2006-03-31,DK,Denmark,118.5903
2006-03-31,EE,Estonia,148.7464
2006-03-31,ES,Spain,105.2591
2006-03-31,FI,Finland,92.4941
2006-03-31,FR,France,97.278
2006-03-31,GB,United Kingdom,107.075
2006-03-31,GR,Greece,112.0074
2006-03-31,HK,Hong Kong SAR,67.086
2006-03-31,HR,Croatia,106.5203
2006-03-31,HU,Hungary,123.2488
2006-03-31,ID,Indonesia,119.9825
2006-03-31,IE,Ireland,141.4267
2006-03-31,IL,Israel,80.9015
2006-03-31,IS,Iceland,138.9603
2006-03-31,IT,Italy,99.6091
2006-03-31,JP,Japan,105.6809
2006-03-31,KR,Korea,94.9783
2006-03-31,LT,Lithuania,129.7766
2006-03-31,LV,Latvia,149.2465
2006-03-31,MK,North Macedonia,87.9283
2006-03-31,MT,Malta,76.0515
2006-03-31,MX,Mexico,94.3061
2006-03-31,MY,Malaysia,92.628
2006-03-31,NL,Netherlands,105.0727
2006-03-31,NO,Norway,85.2433
2006-03-31,NZ,New Zealand,103.2014
2006-03-31,PE,Peru,65.424
2006-03-31,PT,Portugal,113.3309
2006-03-31,RS,Serbia,85.3742
2006-03-31,RU,Russia,65.6798
2006-03-31,SE,Sweden,82.0326
2006-03-31,SG,Singapore,72.9557
2006-03-31,SK,Slovakia,82.1598
2006-03-31,TH,Thailand,103.3837
2006-03-31,US,United States,153.8751
2006-03-31,XM,Euro area,101.8694
2006-03-31,ZA,South Africa,111.0067
2006-06-30,AT,Austria,92.2863
2006-06-30,AU,Australia,83.3813
2006-06-30,BE,Belgium,93.9116
2006-06-30,BG,Bulgaria,107.2808
2006-06-30,BR,Brazil,52.7069
2006-06-30,CA,Canada,88.764
2006-06-30,CH,Switzerland,86.03
2006-06-30,CL,Chile,87.0726
2006-06-30,CN,China,90.6989
2006-06-30,CO,Colombia,75.1259
2006-06-30,CY,Cyprus,79.5674
2006-06-30,DE,Germany,103.5386
2006-06-30,DK,Denmark,124.3608
2006-06-30,EE,Estonia,161.3083
2006-06-30,ES,Spain,107.4001
2006-06-30,FI,Finland,93.5944
2006-06-30,FR,France,99.2571
2006-06-30,GB,United Kingdom,109.5565
2006-06-30,GR,Greece,113.0191
2006-06-30,HK,Hong Kong SAR,67.7824
2006-06-30,HR,Croatia,107.183
2006-06-30,HU,Hungary,122.5229
2006-06-30,ID,Indonesia,119.601
2006-06-30,IE,Ireland,144.2815
2006-06-30,IL,Israel,78.5326
2006-06-30,IS,Iceland,139.3912
2006-06-30,IT,Italy,100.7552
2006-06-30,JP,Japan,104.6568
2006-06-30,KR,Korea,96.5792
2006-06-30,LT,Lithuania,129.3636
2006-06-30,LV,Latvia,161.701
2006-06-30,MK,North Macedonia,84.1708
2006-06-30,MT,Malta,82.7126
2006-06-30,MX,Mexico,96.7634
2006-06-30,MY,Malaysia,92.1291
2006-06-30,NL,Netherlands,105.3394
2006-06-30,NO,Norway,88.3193
2006-06-30,NZ,New Zealand,102.5568
2006-06-30,PE,Peru,62.3645
2006-06-30,PT,Portugal,112.1167
2006-06-30,RS,Serbia,82.515
2006-06-30,RU,Russia,70.7032
2006-06-30,SE,Sweden,83.3404
2006-06-30,SG,Singapore,74.1722
2006-06-30,SK,Slovakia,84.8408
2006-06-30,TH,Thailand,102.0381
2006-06-30,US,United States,150.2306
2006-06-30,XM,Euro area,102.9087
2006-06-30,ZA,South Africa,113.2771
2006-09-30,AT,Austria,92.7767
2006-09-30,AU,Australia,84.1496
2006-09-30,BE,Belgium,96.2827
2006-09-30,BG,Bulgaria,113.9964
2006-09-30,BR,Brazil,54.4306
2006-09-30,CA,Canada,90.9982
2006-09-30,CH,Switzerland,87.2887
2006-09-30,CL,Chile,87.5669
2006-09-30,CN,China,92.4696
2006-09-30,CO,Colombia,77.0024
2006-09-30,CY,Cyprus,81.3354
2006-09-30,DE,Germany,104.4304
2006-09-30,DK,Denmark,126.6679
2006-09-30,EE,Estonia,170.2938
2006-09-30,ES,Spain,111.2363
2006-09-30,FI,Finland,94.0572
2006-09-30,FR,France,102.2034
2006-09-30,GB,United Kingdom,112.2072
2006-09-30,GR,Greece,115.5599
2006-09-30,HK,Hong Kong SAR,67.0214
2006-09-30,HR,Croatia,110.4629
2006-09-30,HU,Hungary,123.9562
2006-09-30,ID,Indonesia,118.8713
2006-09-30,IE,Ireland,151.2045
2006-09-30,IL,Israel,78.3654
2006-09-30,IS,Iceland,137.2669
2006-09-30,IT,Italy,102.0345
2006-09-30,JP,Japan,103.8373
2006-09-30,KR,Korea,96.9455
2006-09-30,LT,Lithuania,141.4716
2006-09-30,LV,Latvia,176.2668
2006-09-30,MK,North Macedonia,86.349
2006-09-30,MT,Malta,85.9433
2006-09-30,MX,Mexico,97.3767
2006-09-30,MY,Malaysia,92.0585
2006-09-30,NL,Netherlands,106.4634
2006-09-30,NO,Norway,91.1279
2006-09-30,NZ,New Zealand,104.2144
2006-09-30,PE,Peru,57.159
2006-09-30,PT,Portugal,112.2114
2006-09-30,RS,Serbia,84.1313
2006-09-30,RU,Russia,80.0548
2006-09-30,SE,Sweden,85.4745
2006-09-30,SG,Singapore,75.9058
2006-09-30,SK,Slovakia,86.7919
2006-09-30,TH,Thailand,101.019
2006-09-30,US,United States,148.3129
2006-09-30,XM,Euro area,104.9817
2006-09-30,ZA,South Africa,114.5269
2006-12-31,AT,Austria,92.3875
2006-12-31,AU,Australia,85.752
2006-12-31,BE,Belgium,97.1506
2006-12-31,BG,Bulgaria,117.0833
2006-12-31,BR,Brazil,56.014
2006-12-31,CA,Canada,91.8116
2006-12-31,CH,Switzerland,90.8936
2006-12-31,CL,Chile,88.7704
2006-12-31,CN,China,92.4653
2006-12-31,CO,Colombia,78.1203
2006-12-31,CY,Cyprus,85.2321
2006-12-31,DE,Germany,103.0161
2006-12-31,DK,Denmark,125.2493
2006-12-31,EE,Estonia,187.2086
2006-12-31,ES,Spain,113.4054
2006-12-31,FI,Finland,95.0055
2006-12-31,FR,France,103.1574
2006-12-31,GB,United Kingdom,113.5805
2006-12-31,GR,Greece,118.6806
2006-12-31,HK,Hong Kong SAR,67.134
2006-12-31,HR,Croatia,117.4349
2006-12-31,HU,Hungary,121.7149
2006-12-31,ID,Indonesia,117.3973
2006-12-31,IE,Ireland,153.235
2006-12-31,IL,Israel,77.3276
2006-12-31,IS,Iceland,136.2136
2006-12-31,IT,Italy,102.7197
2006-12-31,JP,Japan,103.8826
2006-12-31,KR,Korea,101.6474
2006-12-31,LT,Lithuania,154.6283
2006-12-31,LV,Latvia,188.6409
2006-12-31,MK,North Macedonia,82.3985
2006-12-31,MT,Malta,91.979
2006-12-31,MX,Mexico,96.1317
2006-12-31,MY,Malaysia,94.4684
2006-12-31,NL,Netherlands,107.4426
2006-12-31,NO,Norway,91.5228
2006-12-31,NZ,New Zealand,108.107
2006-12-31,PE,Peru,60.7773
2006-12-31,PT,Portugal,111.8902
2006-12-31,RS,Serbia,83.8056
2006-12-31,RU,Russia,89.7713
2006-12-31,SE,Sweden,85.5521
2006-12-31,SG,Singapore,78.5163
2006-12-31,SK,Slovakia,91.3624
2006-12-31,TH,Thailand,101.9894
2006-12-31,US,United States,149.542
2006-12-31,XM,Euro area,105.4538
2006-12-31,ZA,South Africa,117.1958
2007-03-31,AT,Austria,94.4685
2007-03-31,AU,Australia,86.4323
2007-03-31,BE,Belgium,98.8093
2007-03-31,BG,Bulgaria,124.3143
2007-03-31,BR,Brazil,57.5619
2007-03-31,CA,Canada,93.8311
2007-03-31,CH,Switzerland,92.6534
2007-03-31,CL,Chile,89.3411
2007-03-31,CN,China,90.7212
2007-03-31,CO,Colombia,81.1447
2007-03-31,CY,Cyprus,91.4446
2007-03-31,DE,Germany,101.7374
2007-03-31,DK,Denmark,125.1232
2007-03-31,EE,Estonia,189.9637
2007-03-31,ES,Spain,116.2666
2007-03-31,FI,Finland,96.581
2007-03-31,FR,France,103.7874
2007-03-31,GB,United Kingdom,115.0923
2007-03-31,GR,Greece,118.5487
2007-03-31,HK,Hong Kong SAR,69.5867
2007-03-31,HR,Croatia,119.8125
2007-03-31,HU,Hungary,120.2196
2007-03-31,ID,Indonesia,114.8509
2007-03-31,IE,Ireland,154.3365
2007-03-31,IL,Israel,77.1126
2007-03-31,IS,Iceland,138.1524
2007-03-31,IT,Italy,103.6484
2007-03-31,JP,Japan,104.1732
2007-03-31,KR,Korea,104.2519
2007-03-31,LT,Lithuania,159.8084
2007-03-31,LU,Luxembourg,97.393
2007-03-31,LV,Latvia,207.4508
2007-03-31,MA,Morocco,102.5642
2007-03-31,MK,North Macedonia,86.34
2007-03-31,MT,Malta,97.8099
2007-03-31,MX,Mexico,97.3447
2007-03-31,MY,Malaysia,94.6202
2007-03-31,NL,Netherlands,108.3441
2007-03-31,NO,Norway,98.2514
2007-03-31,NZ,New Zealand,112.047
2007-03-31,PE,Peru,58.5583
2007-03-31,PT,Portugal,112.2079
2007-03-31,RS,Serbia,81.2945
2007-03-31,RU,Russia,99.3765
2007-03-31,SE,Sweden,88.7449
2007-03-31,SG,Singapore,83.0921
2007-03-31,SI,Slovenia,110.1611
2007-03-31,SK,Slovakia,97.3882
2007-03-31,TH,Thailand,101.1902
2007-03-31,US,United States,146.6137
2007-03-31,XM,Euro area,106.3338
2007-03-31,ZA,South Africa,120.0798
2007-06-30,AT,Austria,95.3571
2007-06-30,AU,Australia,89.2004
2007-06-30,BE,Belgium,100.25
2007-06-30,BG,Bulgaria,130.2969
2007-06-30,BR,Brazil,59.5324
2007-06-30,CA,Canada,96.4194
2007-06-30,CH,Switzerland,92.8921
2007-06-30,CL,Chile,91.8119
2007-06-30,CN,China,92.6815
2007-06-30,CO,Colombia,82.5751
2007-06-30,CY,Cyprus,96.8305
2007-06-30,DE,Germany,100.7472
2007-06-30,DK,Denmark,125.6244
2007-06-30,EE,Estonia,198.3038
2007-06-30,ES,Spain,117.046
2007-06-30,FI,Finland,97.1242
2007-06-30,FR,France,104.4927
2007-06-30,GB,United Kingdom,118.3291
2007-06-30,GR,Greece,117.6459
2007-06-30,HK,Hong Kong SAR,71.9708
2007-06-30,HR,Croatia,122.8078
2007-06-30,HU,Hungary,120.7286
2007-06-30,ID,Indonesia,115.228
2007-06-30,IE,Ireland,151.9434
2007-06-30,IL,Israel,77.0885
2007-06-30,IS,Iceland,143.4231
2007-06-30,IT,Italy,104.1689
2007-06-30,JP,Japan,103.5418
2007-06-30,KR,Korea,103.6103
2007-06-30,LT,Lithuania,163.5946
2007-06-30,LU,Luxembourg,96.9773
2007-06-30,LV,Latvia,208.0166
2007-06-30,MA,Morocco,103.3111
2007-06-30,MK,North Macedonia,85.6836
2007-06-30,MT,Malta,101.3022
2007-06-30,MX,Mexico,100.2313
2007-06-30,MY,Malaysia,94.7816
2007-06-30,NL,Netherlands,107.9332
2007-06-30,NO,Norway,101.3663
2007-06-30,NZ,New Zealand,114.0587
2007-06-30,PE,Peru,61.8216
2007-06-30,PT,Portugal,109.8147
2007-06-30,RS,Serbia,79.875
2007-06-30,RU,Russia,100.6498
2007-06-30,SE,Sweden,93.131
2007-06-30,SG,Singapore,88.7066
2007-06-30,SI,Slovenia,109.5943
2007-06-30,SK,Slovakia,103.8402
2007-06-30,TH,Thailand,100.396
2007-06-30,US,United States,139.5574
2007-06-30,XM,Euro area,106.1807
2007-06-30,ZA,South Africa,122.6164
2007-09-30,AT,Austria,95.7832
2007-09-30,AU,Australia,91.7497
2007-09-30,BE,Belgium,101.7298
2007-09-30,BG,Bulgaria,134.0179
2007-09-30,BR,Brazil,61.7716
2007-09-30,CA,Canada,98.4359
2007-09-30,CH,Switzerland,92.8752
2007-09-30,CL,Chile,91.6928
2007-09-30,CN,China,93.1592
2007-09-30,CO,Colombia,83.3659
2007-09-30,CY,Cyprus,99.451
2007-09-30,DE,Germany,100.7906
2007-09-30,DK,Denmark,126.2958
2007-09-30,EE,Estonia,188.6369
2007-09-30,ES,Spain,118.6799
2007-09-30,FI,Finland,97.2057
2007-09-30,FR,France,106.6754
2007-09-30,GB,United Kingdom,121.7
2007-09-30,GR,Greece,119.5312
2007-09-30,HK,Hong Kong SAR,73.9884
2007-09-30,HR,Croatia,124.8
2007-09-30,HU,Hungary,124.7018
2007-09-30,ID,Indonesia,113.6946
2007-09-30,IE,Ireland,150.4122
2007-09-30,IL,Israel,77.8908
2007-09-30,IS,Iceland,148.8989
2007-09-30,IT,Italy,104.9904
2007-09-30,JP,Japan,103.2362
2007-09-30,KR,Korea,103.514
2007-09-30,LT,Lithuania,171.3557
2007-09-30,LU,Luxembourg,100.9119
2007-09-30,LV,Latvia,218.0392
2007-09-30,MA,Morocco,103.2776
2007-09-30,MK,North Macedonia,83.6214
2007-09-30,MT,Malta,102.1216
2007-09-30,MX,Mexico,101.27
2007-09-30,MY,Malaysia,95.2767
2007-09-30,NL,Netherlands,110.4959
2007-09-30,NO,Norway,101.3339
2007-09-30,NZ,New Zealand,113.9456
2007-09-30,PE,Peru,62.5463
2007-09-30,PT,Portugal,111.0656
2007-09-30,RS,Serbia,80.112
2007-09-30,RU,Russia,102.4334
2007-09-30,SE,Sweden,96.2708
2007-09-30,SG,Singapore,93.9598
2007-09-30,SI,Slovenia,112.1826
2007-09-30,SK,Slovakia,112.3149
2007-09-30,TH,Thailand,102.0568
2007-09-30,US,United States,135.3667
2007-09-30,XM,Euro area,107.5809
2007-09-30,ZA,South Africa,123.3989
2007-12-31,4T,Emerging market economies (aggregate),95.6404
2007-12-31,5R,Advanced economies,113.1101
2007-12-31,AT,Austria,93.1338
2007-12-31,AU,Australia,94.3487
2007-12-31,BE,Belgium,100.9165
2007-12-31,BG,Bulgaria,140.1778
2007-12-31,BR,Brazil,64.1669
2007-12-31,CA,Canada,98.7641
2007-12-31,CH,Switzerland,92.531
2007-12-31,CL,Chile,90.3683
2007-12-31,CN,China,94.4012
2007-12-31,CO,Colombia,85.3511
2007-12-31,CY,Cyprus,100.5375
2007-12-31,DE,Germany,100.1115
2007-12-31,DK,Denmark,122.5962
2007-12-31,EE,Estonia,180.5511
2007-12-31,ES,Spain,115.3141
2007-12-31,FI,Finland,96.6636
2007-12-31,FR,France,106.2879
2007-12-31,GB,United Kingdom,120.4231
2007-12-31,GR,Greece,117.2875
2007-12-31,HK,Hong Kong SAR,78.7419
2007-12-31,HR,Croatia,121.245
2007-12-31,HU,Hungary,123.5352
2007-12-31,ID,Indonesia,111.92
2007-12-31,IE,Ireland,148.2679
2007-12-31,IL,Israel,76.5474
2007-12-31,IS,Iceland,149.1064
2007-12-31,IT,Italy,104.8048
2007-12-31,JP,Japan,102.5571
2007-12-31,KR,Korea,103.5106
2007-12-31,LT,Lithuania,168.749
2007-12-31,LU,Luxembourg,98.9728
2007-12-31,LV,Latvia,204.4388
2007-12-31,MA,Morocco,106.8907
2007-12-31,MK,North Macedonia,87.5016
2007-12-31,MT,Malta,101.2162
2007-12-31,MX,Mexico,99.5035
2007-12-31,MY,Malaysia,95.0927
2007-12-31,NL,Netherlands,111.0265
2007-12-31,NO,Norway,97.101
2007-12-31,NZ,New Zealand,112.7904
2007-12-31,PE,Peru,68.5049
2007-12-31,PT,Portugal,108.0204
2007-12-31,RS,Serbia,80.4624
2007-12-31,RU,Russia,103.8981
2007-12-31,SE,Sweden,91.9679
2007-12-31,SG,Singapore,98.7721
2007-12-31,SI,Slovenia,115.1689
2007-12-31,SK,Slovakia,119.512
2007-12-31,TH,Thailand,100.4803
2007-12-31,US,United States,130.1178
2007-12-31,XM,Euro area,106.5132
2007-12-31,XW,World,105.4057
2007-12-31,ZA,South Africa,121.4091
2008-03-31,4T,Emerging market economies (aggregate),94.9143
2008-03-31,5R,Advanced economies,111.0277
2008-03-31,AT,Austria,93.1433
2008-03-31,AU,Australia,93.5121
2008-03-31,BE,Belgium,100.2148
2008-03-31,BG,Bulgaria,144.3116
2008-03-31,BR,Brazil,66.4537
2008-03-31,CA,Canada,99.9306
2008-03-31,CH,Switzerland,93.5607
2008-03-31,CL,Chile,91.2852
2008-03-31,CN,China,91.8193
2008-03-31,CO,Colombia,88.7791
2008-03-31,CY,Cyprus,109.3745
2008-03-31,CZ,Czechia,105.4167
2008-03-31,DE,Germany,101.6117
2008-03-31,DK,Denmark,119.311
2008-03-31,EE,Estonia,168.9261
2008-03-31,ES,Spain,114.5458
2008-03-31,FI,Finland,96.0783
2008-03-31,FR,France,104.9277
2008-03-31,GB,United Kingdom,116.5328
2008-03-31,GR,Greece,116.9994
2008-03-31,HK,Hong Kong SAR,86.1734
2008-03-31,HR,Croatia,117.8227
2008-03-31,HU,Hungary,119.0797
2008-03-31,ID,Indonesia,109.0932
2008-03-31,IE,Ireland,143.8638
2008-03-31,IL,Israel,77.806
2008-03-31,IS,Iceland,147.0111
2008-03-31,IT,Italy,104.3323
2008-03-31,JP,Japan,102.3993
2008-03-31,KR,Korea,103.1352
2008-03-31,LT,Lithuania,168.6804
2008-03-31,LU,Luxembourg,97.7947
2008-03-31,LV,Latvia,207.9118
2008-03-31,MA,Morocco,102.4851
2008-03-31,MK,North Macedonia,88.0516
2008-03-31,MT,Malta,110.0876
2008-03-31,MX,Mexico,99.5793
2008-03-31,MY,Malaysia,96.2474
2008-03-31,NL,Netherlands,110.1883
2008-03-31,NO,Norway,98.341
2008-03-31,NZ,New Zealand,111.3629
2008-03-31,PE,Peru,65.5528
2008-03-31,PH,Philippines,107.833
2008-03-31,PT,Portugal,103.4428
2008-03-31,RS,Serbia,82.0664
2008-03-31,RU,Russia,109.8381
2008-03-31,SE,Sweden,92.0599
2008-03-31,SG,Singapore,101.1445
2008-03-31,SI,Slovenia,115.5772
2008-03-31,SK,Slovakia,124.8626
2008-03-31,TH,Thailand,91.1224
2008-03-31,US,United States,123.6564
2008-03-31,XM,Euro area,106.6946
2008-03-31,XW,World,103.9316
2008-03-31,ZA,South Africa,116.0704
2008-06-30,4T,Emerging market economies (aggregate),95.1829
2008-06-30,5R,Advanced economies,107.532
2008-06-30,AT,Austria,91.1409
2008-06-30,AU,Australia,91.3627
2008-06-30,BE,Belgium,99.8087
2008-06-30,BG,Bulgaria,149.8759
2008-06-30,BR,Brazil,68.8236
2008-06-30,CA,Canada,98.653
2008-06-30,CH,Switzerland,93.365
2008-06-30,CL,Chile,92.6964
2008-06-30,CN,China,92.6727
2008-06-30,CO,Colombia,89.6107
2008-06-30,CY,Cyprus,110.1619
2008-06-30,CZ,Czechia,108.9481
2008-06-30,DE,Germany,101.9611
2008-06-30,DK,Denmark,118.0701
2008-06-30,EE,Estonia,160.2789
2008-06-30,ES,Spain,111.5989
2008-06-30,FI,Finland,95.5926
2008-06-30,FR,France,103.8913
2008-06-30,GB,United Kingdom,113.534
2008-06-30,GR,Greece,114.2616
2008-06-30,HK,Hong Kong SAR,85.4493
2008-06-30,HR,Croatia,116.1069
2008-06-30,HU,Hungary,118.4445
2008-06-30,ID,Indonesia,106.5868
2008-06-30,IE,Ireland,137.4005
2008-06-30,IL,Israel,78.1707
2008-06-30,IS,Iceland,136.9271
2008-06-30,IT,Italy,104.1912
2008-06-30,JP,Japan,100.8702
2008-06-30,KR,Korea,103.1623
2008-06-30,LT,Lithuania,169.4625
2008-06-30,LU,Luxembourg,98.9133
2008-06-30,LV,Latvia,196.5539
2008-06-30,MA,Morocco,100.687
2008-06-30,MK,North Macedonia,93.458
2008-06-30,MT,Malta,104.2015
2008-06-30,MX,Mexico,101.52
2008-06-30,MY,Malaysia,94.2039
2008-06-30,NL,Netherlands,108.802
2008-06-30,NO,Norway,99.3761
2008-06-30,NZ,New Zealand,104.767
2008-06-30,PE,Peru,73.9181
2008-06-30,PH,Philippines,109.6433
2008-06-30,PT,Portugal,101.9414
2008-06-30,RS,Serbia,83.7913
2008-06-30,RU,Russia,110.8672
2008-06-30,SE,Sweden,92.3242
2008-06-30,SG,Singapore,99.1069
2008-06-30,SI,Slovenia,112.3541
2008-06-30,SK,Slovakia,127.7819
2008-06-30,TH,Thailand,90.9242
2008-06-30,US,United States,115.5033
2008-06-30,XM,Euro area,105.4996
2008-06-30,XW,World,102.1179
2008-06-30,ZA,South Africa,110.3885
2008-09-30,4T,Emerging market economies (aggregate),95.4647
2008-09-30,5R,Advanced economies,104.4617
2008-09-30,AT,Austria,92.5826
2008-09-30,AU,Australia,88.3054
2008-09-30,BE,Belgium,100.5061
2008-09-30,BG,Bulgaria,151.3199
2008-09-30,BR,Brazil,71.5108
2008-09-30,CA,Canada,95.6078
2008-09-30,CH,Switzerland,94.5564
2008-09-30,CL,Chile,91.8075
2008-09-30,CN,China,93.3268
2008-09-30,CO,Colombia,89.8999
2008-09-30,CY,Cyprus,110.3764
2008-09-30,CZ,Czechia,109.7997
2008-09-30,DE,Germany,100.6432
2008-09-30,DK,Denmark,114.7922
2008-09-30,EE,Estonia,157.5516
2008-09-30,ES,Spain,109.8405
2008-09-30,FI,Finland,93.7007
2008-09-30,FR,France,103.924
2008-09-30,GB,United Kingdom,107.8233
2008-09-30,GR,Greece,115.9146
2008-09-30,HK,Hong Kong SAR,83.7555
2008-09-30,HR,Croatia,117.2625
2008-09-30,HU,Hungary,118.5797
2008-09-30,ID,Indonesia,102.817
2008-09-30,IE,Ireland,132.7688
2008-09-30,IL,Israel,80.3115
2008-09-30,IS,Iceland,131.9747
2008-09-30,IT,Italy,103.6205
2008-09-30,JP,Japan,99.253
2008-09-30,KR,Korea,103.031
2008-09-30,LT,Lithuania,164.1781
2008-09-30,LU,Luxembourg,98.2116
2008-09-30,LV,Latvia,181.2314
2008-09-30,MA,Morocco,101.0589
2008-09-30,MK,North Macedonia,95.891
2008-09-30,MT,Malta,109.3771
2008-09-30,MX,Mexico,102.6049
2008-09-30,MY,Malaysia,92.247
2008-09-30,NL,Netherlands,109.7196
2008-09-30,NO,Norway,94.7176
2008-09-30,NZ,New Zealand,101.2158
2008-09-30,PE,Peru,81.8715
2008-09-30,PH,Philippines,106.7644
2008-09-30,PT,Portugal,99.3541
2008-09-30,RS,Serbia,89.7353
2008-09-30,RU,Russia,113.1404
2008-09-30,SE,Sweden,91.0373
2008-09-30,SG,Singapore,95.4672
2008-09-30,SI,Slovenia,113.8741
2008-09-30,SK,Slovakia,120.8157
2008-09-30,TH,Thailand,95.349
2008-09-30,US,United States,109.1411
2008-09-30,XM,Euro area,105.01
2008-09-30,XW,World,100.5185
2008-09-30,ZA,South Africa,104.832
2008-12-31,4T,Emerging market economies (aggregate),95.2274
2008-12-31,5R,Advanced economies,102.3228
2008-12-31,AT,Austria,94.0576
2008-12-31,AU,Australia,87.3864
2008-12-31,BE,Belgium,100.6476
2008-12-31,BG,Bulgaria,143.3516
2008-12-31,BR,Brazil,74.7332
2008-12-31,CA,Canada,93.3232
2008-12-31,CH,Switzerland,95.8141
2008-12-31,CL,Chile,91.9196
2008-12-31,CN,China,93.6743
2008-12-31,CO,Colombia,91.2194
2008-12-31,CY,Cyprus,106.499
2008-12-31,CZ,Czechia,109.8357
2008-12-31,DE,Germany,101.9472
2008-12-31,DK,Denmark,106.0496
2008-12-31,EE,Estonia,134.0197
2008-12-31,ES,Spain,106.6645
2008-12-31,FI,Finland,90.1113
2008-12-31,FR,France,100.9884
2008-12-31,GB,United Kingdom,100.587
2008-12-31,GR,Greece,114.6558
2008-12-31,HK,Hong Kong SAR,73.4021
2008-12-31,HR,Croatia,114.718
2008-12-31,HU,Hungary,116.4921
2008-12-31,ID,Indonesia,101.9431
2008-12-31,IE,Ireland,127.1434
2008-12-31,IL,Israel,81.0544
2008-12-31,IS,Iceland,123.9092
2008-12-31,IT,Italy,102.4912
2008-12-31,JP,Japan,98.9443
2008-12-31,KR,Korea,102.9575
2008-12-31,LT,Lithuania,150.4658
2008-12-31,LU,Luxembourg,99.1056
2008-12-31,LV,Latvia,150.0473
2008-12-31,MA,Morocco,100.5941
2008-12-31,MK,North Macedonia,102.4948
2008-12-31,MT,Malta,105.3649
2008-12-31,MX,Mexico,101.3082
2008-12-31,MY,Malaysia,91.9938
2008-12-31,NL,Netherlands,107.8659
2008-12-31,NO,Norway,87.2793
2008-12-31,NZ,New Zealand,99.3679
2008-12-31,PE,Peru,82.4275
2008-12-31,PH,Philippines,107.0321
2008-12-31,PT,Portugal,98.1981
2008-12-31,RS,Serbia,93.4292
2008-12-31,RU,Russia,109.3202
2008-12-31,SE,Sweden,86.4637
2008-12-31,SG,Singapore,89.0192
2008-12-31,SI,Slovenia,111.2456
2008-12-31,SK,Slovakia,115.1511
2008-12-31,TH,Thailand,101.5101
2008-12-31,US,United States,106.5468
2008-12-31,XM,Euro area,103.7409
2008-12-31,XW,World,99.2
2008-12-31,ZA,South Africa,103.9673
2009-03-31,4T,Emerging market economies (aggregate),94.3724
2009-03-31,5R,Advanced economies,100.5001
2009-03-31,AT,Austria,96.2518
2009-03-31,AU,Australia,87.09
2009-03-31,BE,Belgium,99.5764
2009-03-31,BG,Bulgaria,126.2118
2009-03-31,BR,Brazil,78.0717
2009-03-31,CA,Canada,90.6825
2009-03-31,CH,Switzerland,97.4681
2009-03-31,CL,Chile,88.6448
2009-03-31,CN,China,92.2225
2009-03-31,CO,Colombia,92.8266
2009-03-31,CY,Cyprus,103.8864
2009-03-31,CZ,Czechia,106.1096
2009-03-31,DE,Germany,101.7013
2009-03-31,DK,Denmark,98.9754
2009-03-31,EE,Estonia,106.5547
2009-03-31,ES,Spain,105.5572
2009-03-31,FI,Finland,92.6986
2009-03-31,FR,France,97.6312
2009-03-31,GB,United Kingdom,95.7192
2009-03-31,GR,Greece,111.4224
2009-03-31,HK,Hong Kong SAR,73.2217
2009-03-31,HR,Croatia,112.7704
2009-03-31,HU,Hungary,114.5563
2009-03-31,ID,Indonesia,102.2484
2009-03-31,IE,Ireland,121.8602
2009-03-31,IL,Israel,83.1214
2009-03-31,IN,India,88.9013
2009-03-31,IS,Iceland,111.6234
2009-03-31,IT,Italy,103.0513
2009-03-31,JP,Japan,98.2514
2009-03-31,KR,Korea,100.798
2009-03-31,LT,Lithuania,117.0787
2009-03-31,LU,Luxembourg,97.4303
2009-03-31,LV,Latvia,119.982
2009-03-31,MA,Morocco,101.2616
2009-03-31,MK,North Macedonia,99.334
2009-03-31,MT,Malta,102.9388
2009-03-31,MX,Mexico,101.2684
2009-03-31,MY,Malaysia,93.3274
2009-03-31,NL,Netherlands,106.2747
2009-03-31,NO,Norway,91.0152
2009-03-31,NZ,New Zealand,98.4173
2009-03-31,PE,Peru,79.7936
2009-03-31,PH,Philippines,105.4092
2009-03-31,PT,Portugal,100.0325
2009-03-31,RO,Romania,119.3204
2009-03-31,RS,Serbia,96.3338
2009-03-31,RU,Russia,106.8099
2009-03-31,SE,Sweden,90.1272
2009-03-31,SG,Singapore,77.2445
2009-03-31,SI,Slovenia,104.7806
2009-03-31,SK,Slovakia,107.5304
2009-03-31,TH,Thailand,100.1807
2009-03-31,US,United States,103.9754
2009-03-31,XM,Euro area,102.7677
2009-03-31,XW,World,97.8047
2009-03-31,ZA,South Africa,102.1721
2009-06-30,4T,Emerging market economies (aggregate),94.8813
2009-06-30,5R,Advanced economies,99.4582
2009-06-30,AT,Austria,96.1505
2009-06-30,AU,Australia,90.2606
2009-06-30,BE,Belgium,98.8441
2009-06-30,BG,Bulgaria,113.7887
2009-06-30,BR,Brazil,81.6836
2009-06-30,CA,Canada,91.9593
2009-06-30,CH,Switzerland,96.0579
2009-06-30,CL,Chile,91.1138
2009-06-30,CN,China,93.6717
2009-06-30,CO,Colombia,94.5778
2009-06-30,CY,Cyprus,102.6155
2009-06-30,CZ,Czechia,102.6646
2009-06-30,DE,Germany,100.1994
2009-06-30,DK,Denmark,99.3594
2009-06-30,EE,Estonia,100.2697
2009-06-30,ES,Spain,103.826
2009-06-30,FI,Finland,94.172
2009-06-30,FR,France,95.7699
2009-06-30,GB,United Kingdom,95.8899
2009-06-30,GR,Greece,110.6971
2009-06-30,HK,Hong Kong SAR,79.4908
2009-06-30,HR,Croatia,107.5896
2009-06-30,HU,Hungary,108.3564
2009-06-30,ID,Indonesia,102.9899
2009-06-30,IE,Ireland,115.048
2009-06-30,IL,Israel,85.1964
2009-06-30,IN,India,91.8104
2009-06-30,IS,Iceland,109.494
2009-06-30,IT,Italy,102.4191
2009-06-30,JP,Japan,96.7657
2009-06-30,KR,Korea,99.841
2009-06-30,LT,Lithuania,111.0942
2009-06-30,LU,Luxembourg,97.0966
2009-06-30,LV,Latvia,108.4
2009-06-30,MA,Morocco,101.3484
2009-06-30,MK,North Macedonia,100.693
2009-06-30,MT,Malta,99.7784
2009-06-30,MX,Mexico,101.8548
2009-06-30,MY,Malaysia,95.3437
2009-06-30,NL,Netherlands,102.0973
2009-06-30,NO,Norway,94.8622
2009-06-30,NZ,New Zealand,99.6446
2009-06-30,PE,Peru,79.6834
2009-06-30,PH,Philippines,104.437
2009-06-30,PT,Portugal,100.2994
2009-06-30,RO,Romania,112.8518
2009-06-30,RS,Serbia,96.1195
2009-06-30,RU,Russia,99.0476
2009-06-30,SE,Sweden,92.5323
2009-06-30,SG,Singapore,74.2987
2009-06-30,SI,Slovenia,101.0607
2009-06-30,SK,Slovakia,102.6798
2009-06-30,TH,Thailand,99.3666
2009-06-30,US,United States,102.8638
2009-06-30,XM,Euro area,100.634
2009-06-30,XW,World,97.4446
2009-06-30,ZA,South Africa,99.5847
2009-09-30,4T,Emerging market economies (aggregate),95.9718
2009-09-30,5R,Advanced economies,100.2229
2009-09-30,AT,Austria,95.491
2009-09-30,AU,Australia,93.1827
2009-09-30,BE,Belgium,101.2324
2009-09-30,BG,Bulgaria,109.6709
2009-09-30,BR,Brazil,85.9268
2009-09-30,CA,Canada,95.0574
2009-09-30,CH,Switzerland,96.5535
2009-09-30,CL,Chile,95.7428
2009-09-30,CN,China,95.6501
2009-09-30,CO,Colombia,95.7345
2009-09-30,CY,Cyprus,104.2532
2009-09-30,CZ,Czechia,102.4194
2009-09-30,DE,Germany,99.9698
2009-09-30,DK,Denmark,100.0836
2009-09-30,EE,Estonia,92.0611
2009-09-30,ES,Spain,103.321
2009-09-30,FI,Finland,95.8643
2009-09-30,FR,France,97.3453
2009-09-30,GB,United Kingdom,99.0275
2009-09-30,GR,Greece,109.2424
2009-09-30,HK,Hong Kong SAR,87.2121
2009-09-30,HR,Croatia,106.5025
2009-09-30,HU,Hungary,104.9886
2009-09-30,ID,Indonesia,102.1505
2009-09-30,IE,Ireland,111.3268
2009-09-30,IL,Israel,88.2404
2009-09-30,IN,India,93.1466
2009-09-30,IS,Iceland,105.4194
2009-09-30,IT,Italy,102.3253
2009-09-30,JP,Japan,98.4539
2009-09-30,KR,Korea,100.1653
2009-09-30,LT,Lithuania,107.0514
2009-09-30,LU,Luxembourg,95.9245
2009-09-30,LV,Latvia,108.6525
2009-09-30,MA,Morocco,100.5604
2009-09-30,MK,North Macedonia,99.5553
2009-09-30,MT,Malta,101.6525
2009-09-30,MX,Mexico,101.4754
2009-09-30,MY,Malaysia,96.265
2009-09-30,NL,Netherlands,102.1052
2009-09-30,NO,Norway,96.6016
2009-09-30,NZ,New Zealand,100.5998
2009-09-30,PE,Peru,86.8411
2009-09-30,PH,Philippines,102.3312
2009-09-30,PT,Portugal,101.0305
2009-09-30,RO,Romania,112.767
2009-09-30,RS,Serbia,96.5402
2009-09-30,RU,Russia,95.3373
2009-09-30,SE,Sweden,95.2079
2009-09-30,SG,Singapore,85.2601
2009-09-30,SI,Slovenia,99.7705
2009-09-30,SK,Slovakia,107.3366
2009-09-30,TH,Thailand,100.5075
2009-09-30,US,United States,102.4873
2009-09-30,XM,Euro area,100.8942
2009-09-30,XW,World,98.3511
2009-09-30,ZA,South Africa,98.2914
2009-12-31,4T,Emerging market economies (aggregate),96.973
2009-12-31,5R,Advanced economies,100.5729
2009-12-31,AT,Austria,95.5922
2009-12-31,AU,Australia,97.812
2009-12-31,BE,Belgium,100.0917
2009-12-31,BG,Bulgaria,106.4132
2009-12-31,BR,Brazil,90.3367
2009-12-31,CA,Canada,97.6834
2009-12-31,CH,Switzerland,96.3008
2009-12-31,CL,Chile,100.5696
2009-12-31,CN,China,97.3105
2009-12-31,CO,Colombia,97.3574
2009-12-31,CY,Cyprus,103.6233
2009-12-31,CZ,Czechia,101.9253
2009-12-31,DE,Germany,100.2548
2009-12-31,DK,Denmark,99.5807
2009-12-31,EE,Estonia,90.8472
2009-12-31,ES,Spain,101.8515
2009-12-31,FI,Finland,98.0933
2009-12-31,FR,France,97.3771
2009-12-31,GB,United Kingdom,100.1791
2009-12-31,GR,Greece,107.9627
2009-12-31,HK,Hong Kong SAR,88.8877
2009-12-31,HR,Croatia,104.6427
2009-12-31,HU,Hungary,102.0464
2009-12-31,ID,Indonesia,101.6649
2009-12-31,IE,Ireland,109.3506
2009-12-31,IL,Israel,92.5261
2009-12-31,IN,India,94.6526
2009-12-31,IS,Iceland,104.5676
2009-12-31,IT,Italy,101.5593
2009-12-31,JP,Japan,98.0915
2009-12-31,KR,Korea,101.2001
2009-12-31,LT,Lithuania,102.259
2009-12-31,LU,Luxembourg,97.6402
2009-12-31,LV,Latvia,107.1816
2009-12-31,MA,Morocco,101.7691
2009-12-31,MK,North Macedonia,96.2377
2009-12-31,MT,Malta,97.6591
2009-12-31,MX,Mexico,100.1913
2009-12-31,MY,Malaysia,96.8476
2009-12-31,NL,Netherlands,101.7482
2009-12-31,NO,Norway,96.0625
2009-12-31,NZ,New Zealand,102.7142
2009-12-31,PE,Peru,87.9023
2009-12-31,PH,Philippines,100.7028
2009-12-31,PT,Portugal,101.1587
2009-12-31,RO,Romania,114.9363
2009-12-31,RS,Serbia,97.5271
2009-12-31,RU,Russia,93.7268
2009-12-31,SE,Sweden,97.2089
2009-12-31,SG,Singapore,91.2281
2009-12-31,SI,Slovenia,101.0742
2009-12-31,SK,Slovakia,101.8102
2009-12-31,TH,Thailand,102.1225
2009-12-31,US,United States,102.8724
2009-12-31,XM,Euro area,100.3744
2009-12-31,XW,World,98.9841
2009-12-31,ZA,South Africa,99.3525
2010-03-31,4T,Emerging market economies (aggregate),98.4109
2010-03-31,5R,Advanced economies,100.3628
2010-03-31,AT,Austria,100.2743
2010-03-31,AU,Australia,99.9381
2010-03-31,BE,Belgium,99.4178
2010-03-31,BG,Bulgaria,102.5253
2010-03-31,BR,Brazil,93.9314
2010-03-31,CA,Canada,100.2438
2010-03-31,CH,Switzerland,98.3523
2010-03-31,CL,Chile,97.1334
2010-03-31,CN,China,98.4735
2010-03-31,CO,Colombia,98.0262
2010-03-31,CY,Cyprus,101.9884
2010-03-31,CZ,Czechia,100.4567
2010-03-31,DE,Germany,99.1917
2010-03-31,DK,Denmark,99.1755
2010-03-31,EE,Estonia,100.4538
2010-03-31,ES,Spain,101.3047
2010-03-31,FI,Finland,99.6096
2010-03-31,FR,France,97.5617
2010-03-31,GB,United Kingdom,99.7592
2010-03-31,GR,Greece,106.2279
2010-03-31,HK,Hong Kong SAR,93.4491
2010-03-31,HR,Croatia,102.0403
2010-03-31,HU,Hungary,102.6162
2010-03-31,ID,Indonesia,101.1526
2010-03-31,IE,Ireland,106.1786
2010-03-31,IL,Israel,96.7735
2010-03-31,IN,India,96.2271
2010-03-31,IS,Iceland,99.2311
2010-03-31,IT,Italy,99.6007
2010-03-31,JP,Japan,99.4615
2010-03-31,KR,Korea,100.496
2010-03-31,LT,Lithuania,99.1508
2010-03-31,LU,Luxembourg,101.2398
2010-03-31,LV,Latvia,98.8298
2010-03-31,MA,Morocco,100.5604
2010-03-31,MK,North Macedonia,100.5479
2010-03-31,MT,Malta,101.8945
2010-03-31,MX,Mexico,98.8179
2010-03-31,MY,Malaysia,96.8586
2010-03-31,NL,Netherlands,101.0205
2010-03-31,NO,Norway,97.8654
2010-03-31,NZ,New Zealand,102.4238
2010-03-31,PE,Peru,95.7671
2010-03-31,PH,Philippines,99.6264
2010-03-31,PL,Poland,100.0602
2010-03-31,PT,Portugal,101.7049
2010-03-31,RO,Romania,106.346
2010-03-31,RS,Serbia,99.0219
2010-03-31,RU,Russia,101.6916
2010-03-31,SE,Sweden,98.6638
2010-03-31,SG,Singapore,95.7487
2010-03-31,SI,Slovenia,101.6633
2010-03-31,SK,Slovakia,101.2206
2010-03-31,TH,Thailand,99.1453
2010-03-31,TR,Türkiye,98.667
2010-03-31,US,United States,101.523
2010-03-31,XM,Euro area,100.0367
2010-03-31,XW,World,99.5065
2010-03-31,ZA,South Africa,100.2246
2010-06-30,4T,Emerging market economies (aggregate),100.1214
2010-06-30,5R,Advanced economies,100.3855
2010-06-30,AT,Austria,99.4891
2010-06-30,AU,Australia,101.2793
2010-06-30,BE,Belgium,99.2191
2010-06-30,BG,Bulgaria,100.8548
2010-06-30,BR,Brazil,97.7445
2010-06-30,CA,Canada,101.3371
2010-06-30,CH,Switzerland,98.3984
2010-06-30,CL,Chile,100.5626
2010-06-30,CN,China,100.8828
2010-06-30,CO,Colombia,98.9996
2010-06-30,CY,Cyprus,100.1073
2010-06-30,CZ,Czechia,100.0198
2010-06-30,DE,Germany,99.7786
2010-06-30,DK,Denmark,100.3199
2010-06-30,EE,Estonia,99.7083
2010-06-30,ES,Spain,101.2222
2010-06-30,FI,Finland,99.7036
2010-06-30,FR,France,98.6502
2010-06-30,GB,United Kingdom,100.3242
2010-06-30,GR,Greece,100.3345
2010-06-30,HK,Hong Kong SAR,96.7947
2010-06-30,HR,Croatia,99.7197
2010-06-30,HU,Hungary,100.3191
2010-06-30,ID,Indonesia,101.5211
2010-06-30,IE,Ireland,101.8253
2010-06-30,IL,Israel,98.926
2010-06-30,IN,India,99.1165
2010-06-30,IS,Iceland,100.439
2010-06-30,IT,Italy,99.963
2010-06-30,JP,Japan,99.5107
2010-06-30,KR,Korea,100.3475
2010-06-30,LT,Lithuania,100.5949
2010-06-30,LU,Luxembourg,98.6689
2010-06-30,LV,Latvia,98.0037
2010-06-30,MA,Morocco,100.037
2010-06-30,MK,North Macedonia,100.0549
2010-06-30,MT,Malta,100.0096
2010-06-30,MX,Mexico,99.9587
2010-06-30,MY,Malaysia,99.8799
2010-06-30,NL,Netherlands,99.7221
2010-06-30,NO,Norway,100.9327
2010-06-30,NZ,New Zealand,101.1164
2010-06-30,PE,Peru,99.4244
2010-06-30,PH,Philippines,99.6697
2010-06-30,PL,Poland,100.2784
2010-06-30,PT,Portugal,100.721
2010-06-30,RO,Romania,103.9016
2010-06-30,RS,Serbia,99.7649
2010-06-30,RU,Russia,100.5569
2010-06-30,SE,Sweden,99.3746
2010-06-30,SG,Singapore,99.6304
2010-06-30,SI,Slovenia,100.0209
2010-06-30,SK,Slovakia,100.1314
2010-06-30,TH,Thailand,98.8895
2010-06-30,TR,Türkiye,99.5758
2010-06-30,US,United States,101.3626
2010-06-30,XM,Euro area,99.6549
2010-06-30,XW,World,100.2723
2010-06-30,ZA,South Africa,100.0647
2010-09-30,4T,Emerging market economies (aggregate),101.0213
2010-09-30,5R,Advanced economies,100.029
2010-09-30,AT,Austria,99.7202
2010-09-30,AU,Australia,99.3003
2010-09-30,BE,Belgium,101.0517
2010-09-30,BG,Bulgaria,99.7693
2010-09-30,BR,Brazil,102.5244
2010-09-30,CA,Canada,99.7146
2010-09-30,CH,Switzerland,101.1494
2010-09-30,CL,Chile,100.8188
2010-09-30,CN,China,100.6863
2010-09-30,CO,Colombia,99.5459
2010-09-30,CY,Cyprus,100.056
2010-09-30,CZ,Czechia,99.6389
2010-09-30,DE,Germany,100.5221
2010-09-30,DK,Denmark,100.9274
2010-09-30,EE,Estonia,102.494
2010-09-30,ES,Spain,99.6098
2010-09-30,FI,Finland,100.9742
2010-09-30,FR,France,101.4766
2010-09-30,GB,United Kingdom,101.5186
2010-09-30,GR,Greece,98.1406
2010-09-30,HK,Hong Kong SAR,104.0607
2010-09-30,HR,Croatia,99.2804
2010-09-30,HU,Hungary,99.7525
2010-09-30,ID,Indonesia,99.0352
2010-09-30,IE,Ireland,98.2932
2010-09-30,IL,Israel,100.8584
2010-09-30,IN,India,103.5176
2010-09-30,IS,Iceland,99.9924
2010-09-30,IT,Italy,100.2962
2010-09-30,JP,Japan,100.702
2010-09-30,KR,Korea,99.5085
2010-09-30,LT,Lithuania,99.6718
2010-09-30,LU,Luxembourg,99.7187
2010-09-30,LV,Latvia,100.3691
2010-09-30,MA,Morocco,100.3821
2010-09-30,MK,North Macedonia,98.6578
2010-09-30,MT,Malta,103.4537
2010-09-30,MX,Mexico,100.8718
2010-09-30,MY,Malaysia,100.7967
2010-09-30,NL,Netherlands,100.1248
2010-09-30,NO,Norway,101.1657
2010-09-30,NZ,New Zealand,99.4213
2010-09-30,PE,Peru,101.4599
2010-09-30,PH,Philippines,100.3991
2010-09-30,PL,Poland,100.356
2010-09-30,PT,Portugal,99.6654
2010-09-30,RO,Romania,96.647
2010-09-30,RS,Serbia,101.647
2010-09-30,RU,Russia,99.5132
2010-09-30,SE,Sweden,100.8317
2010-09-30,SG,Singapore,101.3332
2010-09-30,SI,Slovenia,99.0862
2010-09-30,SK,Slovakia,99.4036
2010-09-30,TH,Thailand,100.9973
2010-09-30,TR,Türkiye,101.303
2010-09-30,US,United States,99.1354
2010-09-30,XM,Euro area,100.4512
2010-09-30,XW,World,100.4637
2010-09-30,ZA,South Africa,99.393
2010-12-31,4T,Emerging market economies (aggregate),100.4463
2010-12-31,5R,Advanced economies,99.2227
2010-12-31,AT,Austria,100.5169
2010-12-31,AU,Australia,99.4926
2010-12-31,BE,Belgium,100.2996
2010-12-31,BG,Bulgaria,96.93
2010-12-31,BR,Brazil,105.5821
2010-12-31,CA,Canada,98.7219
2010-12-31,CH,Switzerland,102.1077
2010-12-31,CL,Chile,101.436
2010-12-31,CN,China,99.9567
2010-12-31,CO,Colombia,103.3987
2010-12-31,CY,Cyprus,97.9136
2010-12-31,CZ,Czechia,99.8877
2010-12-31,DE,Germany,100.5002
2010-12-31,DK,Denmark,99.5703
2010-12-31,EE,Estonia,97.3936
2010-12-31,ES,Spain,97.9174
2010-12-31,FI,Finland,99.7142
2010-12-31,FR,France,102.287
2010-12-31,GB,United Kingdom,98.4106
2010-12-31,GR,Greece,95.5631
2010-12-31,HK,Hong Kong SAR,105.6681
2010-12-31,HR,Croatia,98.9759
2010-12-31,HU,Hungary,97.3738
2010-12-31,ID,Indonesia,98.3973
2010-12-31,IE,Ireland,93.8037
2010-12-31,IL,Israel,103.327
2010-12-31,IN,India,100.9531
2010-12-31,IS,Iceland,100.3274
2010-12-31,IT,Italy,100.1353
2010-12-31,JP,Japan,100.3305
2010-12-31,KR,Korea,99.6593
2010-12-31,LT,Lithuania,100.5699
2010-12-31,LU,Luxembourg,100.3841
2010-12-31,LV,Latvia,102.7619
2010-12-31,MA,Morocco,99.0352
2010-12-31,MK,North Macedonia,100.7336
2010-12-31,MT,Malta,94.7469
2010-12-31,MX,Mexico,100.3425
2010-12-31,MY,Malaysia,102.4224
2010-12-31,NL,Netherlands,99.1458
2010-12-31,NO,Norway,100.032
2010-12-31,NZ,New Zealand,97.1478
2010-12-31,PE,Peru,103.2882
2010-12-31,PH,Philippines,100.2939
2010-12-31,PL,Poland,99.3129
2010-12-31,PT,Portugal,97.9522
2010-12-31,RO,Romania,93.5556
2010-12-31,RS,Serbia,99.5331
2010-12-31,RU,Russia,98.3305
2010-12-31,SE,Sweden,101.1073
2010-12-31,SG,Singapore,103.1571
2010-12-31,SI,Slovenia,99.2599
2010-12-31,SK,Slovakia,99.2526
2010-12-31,TH,Thailand,100.9464
2010-12-31,TR,Türkiye,100.4339
2010-12-31,US,United States,97.9948
2010-12-31,XM,Euro area,99.8593
2010-12-31,XW,World,99.7575
2010-12-31,ZA,South Africa,100.3209
2011-03-31,4T,Emerging market economies (aggregate),98.4344
2011-03-31,5R,Advanced economies,97.9249
2011-03-31,AT,Austria,101.9272
2011-03-31,AU,Australia,97.1266
2011-03-31,BE,Belgium,99.7994
2011-03-31,BG,Bulgaria,92.9265
2011-03-31,BR,Brazil,107.8365
2011-03-31,CA,Canada,100.5969
2011-03-31,CH,Switzerland,104.8042
2011-03-31,CL,Chile,103.5488
2011-03-31,CN,China,99.1316
2011-03-31,CO,Colombia,101.0418
2011-03-31,CY,Cyprus,97.3315
2011-03-31,CZ,Czechia,98.922
2011-03-31,DE,Germany,100.2425
2011-03-31,DK,Denmark,97.4216
2011-03-31,EE,Estonia,101.6175
2011-03-31,ES,Spain,94.4118
2011-03-31,FI,Finland,99.7136
2011-03-31,FR,France,102.1842
2011-03-31,GB,United Kingdom,95.2008
2011-03-31,GR,Greece,95.9735
2011-03-31,HK,Hong Kong SAR,111.9423
2011-03-31,HR,Croatia,96.9109
2011-03-31,HU,Hungary,95.3703
2011-03-31,ID,Indonesia,98.9325
2011-03-31,IE,Ireland,88.8813
2011-03-31,IL,Israel,106.2648
2011-03-31,IN,India,104.84
2011-03-31,IS,Iceland,100.6151
2011-03-31,IT,Italy,98.5792
2011-03-31,JP,Japan,100.8485
2011-03-31,KR,Korea,99.5193
2011-03-31,LT,Lithuania,103.5065
2011-03-31,LU,Luxembourg,98.8526
2011-03-31,LV,Latvia,105.3841
2011-03-31,MA,Morocco,99.3751
2011-03-31,MK,North Macedonia,93.3492
2011-03-31,MT,Malta,96.3358
2011-03-31,MX,Mexico,100.8657
2011-03-31,MY,Malaysia,103.1552
2011-03-31,NL,Netherlands,98.6844
2011-03-31,NO,Norway,104.6642
2011-03-31,NZ,New Zealand,96.62
2011-03-31,PE,Peru,110.8822
2011-03-31,PH,Philippines,99.2431
2011-03-31,PL,Poland,97.3713
2011-03-31,PT,Portugal,95.9584
2011-03-31,RO,Romania,87.7159
2011-03-31,RS,Serbia,94.4648
2011-03-31,RU,Russia,72.6385
2011-03-31,SE,Sweden,101.308
2011-03-31,SG,Singapore,103.5468
2011-03-31,SI,Slovenia,104.0426
2011-03-31,SK,Slovakia,96.9183
2011-03-31,TH,Thailand,100.7552
2011-03-31,TR,Türkiye,102.3472
2011-03-31,US,United States,95.1037
2011-03-31,XM,Euro area,99.1654
2011-03-31,XW,World,98.1429
2011-03-31,ZA,South Africa,99.7537
2011-06-30,4T,Emerging market economies (aggregate),99.7593
2011-06-30,5R,Advanced economies,97.1823
2011-06-30,AT,Austria,97.6322
2011-06-30,AU,Australia,95.5829
2011-06-30,BE,Belgium,99.3982
2011-06-30,BG,Bulgaria,90.677
2011-06-30,BR,Brazil,110.176
2011-06-30,CA,Canada,102.5685
2011-06-30,CH,Switzerland,105.7762
2011-06-30,CL,Chile,108.2745
2011-06-30,CN,China,99.3216
2011-06-30,CO,Colombia,104.2289
2011-06-30,CY,Cyprus,93.902
2011-06-30,CZ,Czechia,98.8113
2011-06-30,DE,Germany,99.9615
2011-06-30,DK,Denmark,98.368
2011-06-30,EE,Estonia,103.0792
2011-06-30,ES,Spain,91.7002
2011-06-30,FI,Finland,100.5882
2011-06-30,FR,France,103.0302
2011-06-30,GB,United Kingdom,94.3417
2011-06-30,GR,Greece,91.965
2011-06-30,HK,Hong Kong SAR,116.7599
2011-06-30,HR,Croatia,97.3608
2011-06-30,HU,Hungary,93.1647
2011-06-30,ID,Indonesia,100.2263
2011-06-30,IE,Ireland,83.1854
2011-06-30,IL,Israel,107.4339
2011-06-30,IN,India,111.0931
2011-06-30,IS,Iceland,100.7408
2011-06-30,IT,Italy,99.6639
2011-06-30,JP,Japan,100.1425
2011-06-30,KR,Korea,101.1053
2011-06-30,LT,Lithuania,102.0304
2011-06-30,LU,Luxembourg,99.904
2011-06-30,LV,Latvia,105.0205
2011-06-30,MA,Morocco,100.7712
2011-06-30,MK,North Macedonia,94.1225
2011-06-30,MT,Malta,96.7825
2011-06-30,MX,Mexico,102.7014
2011-06-30,MY,Malaysia,105.1153
2011-06-30,NL,Netherlands,95.9653
2011-06-30,NO,Norway,106.8253
2011-06-30,NZ,New Zealand,96.1673
2011-06-30,PE,Peru,115.2551
2011-06-30,PH,Philippines,100.638
2011-06-30,PL,Poland,96.6407
2011-06-30,PT,Portugal,92.6174
2011-06-30,RO,Romania,84.955
2011-06-30,RS,Serbia,88.7036
2011-06-30,RU,Russia,72.3559
2011-06-30,SE,Sweden,100.1964
2011-06-30,SG,Singapore,104.812
2011-06-30,SI,Slovenia,101.4805
2011-06-30,SK,Slovakia,94.4914
2011-06-30,TH,Thailand,100.8653
2011-06-30,TR,Türkiye,102.6424
2011-06-30,US,United States,93.9871
2011-06-30,XM,Euro area,97.9984
2011-06-30,XW,World,98.3215
2011-06-30,ZA,South Africa,98.5159
2011-09-30,4T,Emerging market economies (aggregate),99.9025
2011-09-30,5R,Advanced economies,97.4608
2011-09-30,AT,Austria,102.1369
2011-09-30,AU,Australia,93.341
2011-09-30,BE,Belgium,100.9206
2011-09-30,BG,Bulgaria,90.6567
2011-09-30,BR,Brazil,113.229
2011-09-30,CA,Canada,103.7585
2011-09-30,CH,Switzerland,109.0989
2011-09-30,CL,Chile,110.3611
2011-09-30,CN,China,98.4485
2011-09-30,CO,Colombia,106.0687
2011-09-30,CY,Cyprus,93.4722
2011-09-30,CZ,Czechia,98.0862
2011-09-30,DE,Germany,100.7799
2011-09-30,DK,Denmark,95.1744
2011-09-30,EE,Estonia,103.997
2011-09-30,ES,Spain,88.8457
2011-09-30,FI,Finland,100.007
2011-09-30,FR,France,105.2395
2011-09-30,GB,United Kingdom,95.0732
2011-09-30,GR,Greece,91.314
2011-09-30,HK,Hong Kong SAR,117.4072
2011-09-30,HR,Croatia,98.7282
2011-09-30,HU,Hungary,92.3521
2011-09-30,ID,Indonesia,98.9294
2011-09-30,IE,Ireland,78.1243
2011-09-30,IL,Israel,107.4002
2011-09-30,IN,India,112.4555
2011-09-30,IS,Iceland,101.3284
2011-09-30,IT,Italy,98.7089
2011-09-30,JP,Japan,100.7769
2011-09-30,KR,Korea,101.4969
2011-09-30,LT,Lithuania,101.8796
2011-09-30,LU,Luxembourg,99.8819
2011-09-30,LV,Latvia,108.5171
2011-09-30,MA,Morocco,99.4569
2011-09-30,MK,North Macedonia,95.9108
2011-09-30,MT,Malta,97.365
2011-09-30,MX,Mexico,103.3862
2011-09-30,MY,Malaysia,107.0821
2011-09-30,NL,Netherlands,95.1071
2011-09-30,NO,Norway,107.9518
2011-09-30,NZ,New Zealand,97.0456
2011-09-30,PE,Peru,120.6692
2011-09-30,PH,Philippines,101.1119
2011-09-30,PL,Poland,95.9228
2011-09-30,PT,Portugal,91.3233
2011-09-30,RO,Romania,80.8815
2011-09-30,RS,Serbia,85.1457
2011-09-30,RU,Russia,72.99
2011-09-30,SE,Sweden,99.8542
2011-09-30,SG,Singapore,104.1597
2011-09-30,SI,Slovenia,99.8907
2011-09-30,SK,Slovakia,94.8343
2011-09-30,TH,Thailand,99.3122
2011-09-30,TR,Türkiye,103.4895
2011-09-30,US,United States,93.9733
2011-09-30,XM,Euro area,98.5138
2011-09-30,XW,World,98.5404
2011-09-30,ZA,South Africa,98.1729
2011-12-31,4T,Emerging market economies (aggregate),100.2856
2011-12-31,5R,Advanced economies,96.4926
2011-12-31,AT,Austria,101.9875
2011-12-31,AU,Australia,92.5957
2011-12-31,BE,Belgium,100.0634
2011-12-31,BG,Bulgaria,88.5087
2011-12-31,BR,Brazil,115.0546
2011-12-31,CA,Canada,103.6103
2011-12-31,CH,Switzerland,109.4121
2011-12-31,CL,Chile,112.0833
2011-12-31,CN,China,97.6907
2011-12-31,CO,Colombia,106.9366
2011-12-31,CY,Cyprus,89.8505
2011-12-31,CZ,Czechia,96.7592
2011-12-31,DE,Germany,100.4089
2011-12-31,DK,Denmark,91.6288
2011-12-31,EE,Estonia,104.5753
2011-12-31,ES,Spain,83.1443
2011-12-31,FI,Finland,98.7642
2011-12-31,FR,France,103.5555
2011-12-31,GB,United Kingdom,92.7574
2011-12-31,GR,Greece,86.8191
2011-12-31,HK,Hong Kong SAR,112.1547
2011-12-31,HR,Croatia,98.5041
2011-12-31,HU,Hungary,90.8245
2011-12-31,ID,Indonesia,99.2897
2011-12-31,IE,Ireland,73.4192
2011-12-31,IL,Israel,106.2311
2011-12-31,IN,India,116.5977
2011-12-31,IS,Iceland,103.0339
2011-12-31,IT,Italy,97.4101
2011-12-31,JP,Japan,99.6435
2011-12-31,KR,Korea,102.6014
2011-12-31,LT,Lithuania,102.0871
2011-12-31,LU,Luxembourg,102.3335
2011-12-31,LV,Latvia,104.3155
2011-12-31,MA,Morocco,99.1749
2011-12-31,MK,North Macedonia,95.6285
2011-12-31,MT,Malta,93.7474
2011-12-31,MX,Mexico,102.2768
2011-12-31,MY,Malaysia,110.3737
2011-12-31,NL,Netherlands,93.3928
2011-12-31,NO,Norway,107.0115
2011-12-31,NZ,New Zealand,97.5604
2011-12-31,PE,Peru,119.0424
2011-12-31,PH,Philippines,102.3436
2011-12-31,PL,Poland,94.199
2011-12-31,PT,Portugal,87.2133
2011-12-31,RO,Romania,77.91
2011-12-31,RS,Serbia,83.2574
2011-12-31,RU,Russia,74.1185
2011-12-31,SE,Sweden,97.2135
2011-12-31,SG,Singapore,103.4993
2011-12-31,SI,Slovenia,98.2071
2011-12-31,SK,Slovakia,92.7851
2011-12-31,TH,Thailand,100.8094
2011-12-31,TR,Türkiye,100.3786
2011-12-31,US,United States,94.0255
2011-12-31,XM,Euro area,96.4064
2011-12-31,XW,World,98.1678
2011-12-31,ZA,South Africa,98.2947
2012-03-31,4T,Emerging market economies (aggregate),101.0295
2012-03-31,5R,Advanced economies,96.3073
2012-03-31,AT,Austria,110.004
2012-03-31,AU,Australia,93.1009
2012-03-31,BE,Belgium,99.463
2012-03-31,BG,Bulgaria,87.6692
2012-03-31,BR,Brazil,116.4024
2012-03-31,CA,Canada,105.4697
2012-03-31,CH,Switzerland,112.3744
2012-03-31,CL,Chile,112.0303
2012-03-31,CN,China,95.6192
2012-03-31,CO,Colombia,108.3627
2012-03-31,CY,Cyprus,89.5897
2012-03-31,CZ,Czechia,93.9432
2012-03-31,DE,Germany,100.75
2012-03-31,DK,Denmark,90.4621
2012-03-31,EE,Estonia,104.4173
2012-03-31,ES,Spain,79.4731
2012-03-31,FI,Finland,99.3059
2012-03-31,FR,France,101.6241
2012-03-31,GB,United Kingdom,91.5258
2012-03-31,GR,Greece,84.1442
2012-03-31,HK,Hong Kong SAR,112.5497
2012-03-31,HR,Croatia,97.5597
2012-03-31,HU,Hungary,88.8187
2012-03-31,ID,Indonesia,98.8626
2012-03-31,IE,Ireland,69.9288
2012-03-31,IL,Israel,106.6785
2012-03-31,IN,India,122.6886
2012-03-31,IS,Iceland,101.4786
2012-03-31,IT,Italy,96.0388
2012-03-31,JP,Japan,99.9908
2012-03-31,KR,Korea,102.2067
2012-03-31,LT,Lithuania,100.8438
2012-03-31,LU,Luxembourg,100.4434
2012-03-31,LV,Latvia,104.4769
2012-03-31,MA,Morocco,99.6147
2012-03-31,MK,North Macedonia,93.42
2012-03-31,MT,Malta,96.3495
2012-03-31,MX,Mexico,101.0428
2012-03-31,MY,Malaysia,113.6479
2012-03-31,NL,Netherlands,91.0997
2012-03-31,NO,Norway,110.3369
2012-03-31,NZ,New Zealand,98.0829
2012-03-31,PE,Peru,127.0881
2012-03-31,PH,Philippines,106.1227
2012-03-31,PL,Poland,91.3859
2012-03-31,PT,Portugal,85.1954
2012-03-31,RO,Romania,79.2848
2012-03-31,RS,Serbia,84.2782
2012-03-31,RU,Russia,78.6479
2012-03-31,SE,Sweden,98.5415
2012-03-31,SG,Singapore,102.119
2012-03-31,SI,Slovenia,94.3244
2012-03-31,SK,Slovakia,90.4342
2012-03-31,TH,Thailand,101.3053
2012-03-31,TR,Türkiye,101.8611
2012-03-31,US,United States,94.0725
2012-03-31,XM,Euro area,95.6017
2012-03-31,XW,World,98.3988
2012-03-31,ZA,South Africa,98.4155
2012-06-30,4T,Emerging market economies (aggregate),101.8752
2012-06-30,5R,Advanced economies,96.5374
2012-06-30,AT,Austria,110.3612
2012-06-30,AU,Australia,92.9908
2012-06-30,BE,Belgium,99.3698
2012-06-30,BG,Bulgaria,87.8001
2012-06-30,BR,Brazil,117.8142
2012-06-30,CA,Canada,106.9303
2012-06-30,CH,Switzerland,113.2281
2012-06-30,CL,Chile,115.111
2012-06-30,CN,China,95.5014
2012-06-30,CO,Colombia,110.7407
2012-06-30,CY,Cyprus,86.1851
2012-06-30,CZ,Czechia,93.691
2012-06-30,DE,Germany,101.5903
2012-06-30,DK,Denmark,91.1081
2012-06-30,EE,Estonia,106.7227
2012-06-30,ES,Spain,75.5791
2012-06-30,FI,Finland,99.554
2012-06-30,FR,France,100.8152
2012-06-30,GB,United Kingdom,92.5006
2012-06-30,GR,Greece,80.7683
2012-06-30,HK,Hong Kong SAR,121.9704
2012-06-30,HR,Croatia,93.5072
2012-06-30,HU,Hungary,84.5113
2012-06-30,ID,Indonesia,99.5703
2012-06-30,IE,Ireland,67.7156
2012-06-30,IL,Israel,106.9501
2012-06-30,IN,India,126.9924
2012-06-30,IS,Iceland,102.5608
2012-06-30,IT,Italy,94.3629
2012-06-30,JP,Japan,98.8846
2012-06-30,KR,Korea,102.2854
2012-06-30,LT,Lithuania,98.4013
2012-06-30,LU,Luxembourg,101.3862
2012-06-30,LV,Latvia,104.8022
2012-06-30,MA,Morocco,100.524
2012-06-30,MK,North Macedonia,90.6919
2012-06-30,MT,Malta,93.4589
2012-06-30,MX,Mexico,101.9097
2012-06-30,MY,Malaysia,117.2523
2012-06-30,NL,Netherlands,88.5681
2012-06-30,NO,Norway,113.7067
2012-06-30,NZ,New Zealand,98.9006
2012-06-30,PE,Peru,132.9462
2012-06-30,PH,Philippines,106.3843
2012-06-30,PL,Poland,89.6766
2012-06-30,PT,Portugal,82.6273
2012-06-30,RO,Romania,77.9943
2012-06-30,RS,Serbia,82.6326
2012-06-30,RU,Russia,79.6741
2012-06-30,SE,Sweden,99.5016
2012-06-30,SG,Singapore,101.4925
2012-06-30,SI,Slovenia,93.3799
2012-06-30,SK,Slovakia,88.9704
2012-06-30,TH,Thailand,99.5548
2012-06-30,TR,Türkiye,103.5139
2012-06-30,US,United States,95.7196
2012-06-30,XM,Euro area,94.0401
2012-06-30,XW,World,98.9032
2012-06-30,ZA,South Africa,97.6157
2012-09-30,4T,Emerging market economies (aggregate),102.2576
2012-09-30,5R,Advanced economies,97.1718
2012-09-30,AT,Austria,111.6306
2012-09-30,AU,Australia,91.5583
2012-09-30,BE,Belgium,100.0835
2012-09-30,BG,Bulgaria,86.3464
2012-09-30,BR,Brazil,119.3066
2012-09-30,CA,Canada,106.1453
2012-09-30,CH,Switzerland,115.5615
2012-09-30,CL,Chile,117.7152
2012-09-30,CN,China,95.5394
2012-09-30,CO,Colombia,112.0701
2012-09-30,CY,Cyprus,86.0557
2012-09-30,CZ,Czechia,93.4915
2012-09-30,DE,Germany,101.2097
2012-09-30,DK,Denmark,91.2597
2012-09-30,EE,Estonia,108.6414
2012-09-30,ES,Spain,72.5425
2012-09-30,FI,Finland,99.3595
2012-09-30,FR,France,101.5626
2012-09-30,GB,United Kingdom,93.1725
2012-09-30,GR,Greece,78.7745
2012-09-30,HK,Hong Kong SAR,130.1397
2012-09-30,HR,Croatia,92.8876
2012-09-30,HU,Hungary,83.7142
2012-09-30,ID,Indonesia,99.1251
2012-09-30,IE,Ireland,68.4153
2012-09-30,IL,Israel,108.244
2012-09-30,IN,India,128.4417
2012-09-30,IS,Iceland,103.5338
2012-09-30,IT,Italy,92.2508
2012-09-30,JP,Japan,99.7401
2012-09-30,KR,Korea,101.7513
2012-09-30,LT,Lithuania,99.03
2012-09-30,LU,Luxembourg,101.527
2012-09-30,LV,Latvia,108.0324
2012-09-30,MA,Morocco,98.5771
2012-09-30,MK,North Macedonia,89.657
2012-09-30,MT,Malta,100.1393
2012-09-30,MX,Mexico,101.6888
2012-09-30,MY,Malaysia,119.6158
2012-09-30,NL,Netherlands,84.6906
2012-09-30,NO,Norway,115.134
2012-09-30,NZ,New Zealand,100.6002
2012-09-30,PE,Peru,135.7141
2012-09-30,PH,Philippines,105.8356
2012-09-30,PL,Poland,88.8494
2012-09-30,PT,Portugal,81.9349
2012-09-30,RO,Romania,73.9069
2012-09-30,RS,Serbia,79.8598
2012-09-30,RU,Russia,80.0997
2012-09-30,SE,Sweden,101.0545
2012-09-30,SG,Singapore,101.1846
2012-09-30,SI,Slovenia,91.3153
2012-09-30,SK,Slovakia,89.2593
2012-09-30,TH,Thailand,99.1888
2012-09-30,TR,Türkiye,106.4763
2012-09-30,US,United States,97.4222
2012-09-30,XM,Euro area,93.5615
2012-09-30,XW,World,99.4256
2012-09-30,ZA,South Africa,97.5113
2012-12-31,4T,Emerging market economies (aggregate),103.4403
2012-12-31,5R,Advanced economies,97.4186
2012-12-31,AT,Austria,110.584
2012-12-31,AU,Australia,93.331
2012-12-31,BE,Belgium,99.3677
2012-12-31,BG,Bulgaria,83.85
2012-12-31,BR,Brazil,119.9238
2012-12-31,CA,Canada,104.773
2012-12-31,CH,Switzerland,115.8559
2012-12-31,CL,Chile,121.1595
2012-12-31,CN,China,95.3053
2012-12-31,CO,Colombia,114.4274
2012-12-31,CY,Cyprus,84.4816
2012-12-31,CZ,Czechia,93.3623
2012-12-31,DE,Germany,101.7357
2012-12-31,DK,Denmark,90.7728
2012-12-31,EE,Estonia,106.7123
2012-12-31,ES,Spain,70.3756
2012-12-31,FI,Finland,99.3284
2012-12-31,FR,France,99.8752
2012-12-31,GB,United Kingdom,91.2587
2012-12-31,GR,Greece,74.8793
2012-12-31,HK,Hong Kong SAR,134.033
2012-12-31,HR,Croatia,88.6447
2012-12-31,HU,Hungary,81.7287
2012-12-31,ID,Indonesia,102.0747
2012-12-31,IE,Ireland,69.1535
2012-12-31,IL,Israel,111.8568
2012-12-31,IN,India,135.9487
2012-12-31,IS,Iceland,103.279
2012-12-31,IT,Italy,90.3461
2012-12-31,JP,Japan,99.4835
2012-12-31,KR,Korea,101.1592
2012-12-31,LT,Lithuania,98.0465
2012-12-31,LU,Luxembourg,103.6023
2012-12-31,LV,Latvia,108.8796
2012-12-31,MA,Morocco,98.1502
2012-12-31,MK,North Macedonia,86.9928
2012-12-31,MT,Malta,96.5995
2012-12-31,MX,Mexico,100.9679
2012-12-31,MY,Malaysia,124.5337
2012-12-31,NL,Netherlands,84.5512
2012-12-31,NO,Norway,113.0817
2012-12-31,NZ,New Zealand,102.867
2012-12-31,PE,Peru,138.4365
2012-12-31,PH,Philippines,107.3184
2012-12-31,PL,Poland,87.4183
2012-12-31,PT,Portugal,82.0756
2012-12-31,RO,Romania,73.5773
2012-12-31,RS,Serbia,74.6439
2012-12-31,RU,Russia,81.2636
2012-12-31,SE,Sweden,100.8576
2012-12-31,SG,Singapore,102.2908
2012-12-31,SI,Slovenia,87.2739
2012-12-31,SK,Slovakia,87.0081
2012-12-31,TH,Thailand,102.5606
2012-12-31,TR,Türkiye,104.4463
2012-12-31,US,United States,99.5394
2012-12-31,XM,Euro area,92.2722
2012-12-31,XW,World,100.0889
2012-12-31,ZA,South Africa,97.4363
2013-03-31,4T,Emerging market economies (aggregate),103.8572
2013-03-31,5R,Advanced economies,97.8695
2013-03-31,AT,Austria,112.5848
2013-03-31,AU,Australia,93.6518
2013-03-31,BE,Belgium,99.616
2013-03-31,BG,Bulgaria,82.7272
2013-03-31,BR,Brazil,120.0411
2013-03-31,CA,Canada,105.4775
2013-03-31,CH,Switzerland,118.303
2013-03-31,CL,Chile,122.7235
2013-03-31,CN,China,95.1768
2013-03-31,CO,Colombia,116.0741
2013-03-31,CY,Cyprus,83.6732
2013-03-31,CZ,Czechia,91.9821
2013-03-31,DE,Germany,102.2951
2013-03-31,DK,Denmark,91.8369
2013-03-31,EE,Estonia,108.6563
2013-03-31,ES,Spain,67.5127
2013-03-31,FI,Finland,99.5126
2013-03-31,FR,France,98.5396
2013-03-31,GB,United Kingdom,90.276
2013-03-31,GR,Greece,74.4672
2013-03-31,HK,Hong Kong SAR,139.2015
2013-03-31,HR,Croatia,88.064
2013-03-31,HU,Hungary,81.2453
2013-03-31,ID,Indonesia,105.0269
2013-03-31,IE,Ireland,67.0866
2013-03-31,IL,Israel,115.4078
2013-03-31,IN,India,140.2135
2013-03-31,IS,Iceland,101.7246
2013-03-31,IT,Italy,87.5266
2013-03-31,JP,Japan,100.1945
2013-03-31,KR,Korea,100.1824
2013-03-31,LT,Lithuania,98.5787
2013-03-31,LU,Luxembourg,103.6475
2013-03-31,LV,Latvia,109.1119
2013-03-31,MA,Morocco,97.4628
2013-03-31,MK,North Macedonia,85.3382
2013-03-31,MT,Malta,95.3111
2013-03-31,MX,Mexico,101.1349
2013-03-31,MY,Malaysia,124.2961
2013-03-31,NL,Netherlands,81.6936
2013-03-31,NO,Norway,115.8481
2013-03-31,NZ,New Zealand,104.7769
2013-03-31,PE,Peru,147.379
2013-03-31,PH,Philippines,110.7215
2013-03-31,PL,Poland,84.91
2013-03-31,PT,Portugal,81.1782
2013-03-31,RO,Romania,74.349
2013-03-31,RS,Serbia,71.1626
2013-03-31,RU,Russia,78.3961
2013-03-31,SE,Sweden,102.6996
2013-03-31,SG,Singapore,101.6618
2013-03-31,SI,Slovenia,88.2034
2013-03-31,SK,Slovakia,88.5206
2013-03-31,TH,Thailand,103.7089
2013-03-31,TR,Türkiye,105.3111
2013-03-31,US,United States,101.4154
2013-03-31,XM,Euro area,91.2285
2013-03-31,XW,World,100.5242
2013-03-31,ZA,South Africa,97.7648
2013-06-30,4T,Emerging market economies (aggregate),105.3803
2013-06-30,5R,Advanced economies,98.705
2013-06-30,AT,Austria,113.4433
2013-06-30,AU,Australia,95.6504
2013-06-30,BE,Belgium,99.7773
2013-06-30,BG,Bulgaria,83.9646
2013-06-30,BR,Brazil,120.9585
2013-06-30,CA,Canada,107.0699
2013-06-30,CH,Switzerland,118.6777
2013-06-30,CL,Chile,126.2033
2013-06-30,CN,China,98.2806
2013-06-30,CO,Colombia,119.0873
2013-06-30,CY,Cyprus,81.6985
2013-06-30,CZ,Czechia,92.3822
2013-06-30,DE,Germany,103.1172
2013-06-30,DK,Denmark,94.8014
2013-06-30,EE,Estonia,111.6681
2013-06-30,ES,Spain,66.4125
2013-06-30,FI,Finland,99.3096
2013-06-30,FR,France,97.9136
2013-06-30,GB,United Kingdom,91.4474
2013-06-30,GR,Greece,71.4453
2013-06-30,HK,Hong Kong SAR,139.8101
2013-06-30,HR,Croatia,87.1411
2013-06-30,HU,Hungary,81.1249
2013-06-30,ID,Indonesia,106.2543
2013-06-30,IE,Ireland,66.7638
2013-06-30,IL,Israel,115.577
2013-06-30,IN,India,138.5209
2013-06-30,IS,Iceland,104.0839
2013-06-30,IT,Italy,87.0357
2013-06-30,JP,Japan,100.8628
2013-06-30,KR,Korea,100.2427
2013-06-30,LT,Lithuania,99.506
2013-06-30,LU,Luxembourg,104.2066
2013-06-30,LV,Latvia,113.0954
2013-06-30,MA,Morocco,97.811
2013-06-30,MK,North Macedonia,84.0794
2013-06-30,MT,Malta,92.5035
2013-06-30,MX,Mexico,102.533
2013-06-30,MY,Malaysia,128.4005
2013-06-30,NL,Netherlands,79.2639
2013-06-30,NO,Norway,117.8773
2013-06-30,NZ,New Zealand,106.8315
2013-06-30,PE,Peru,148.5212
2013-06-30,PH,Philippines,114.0867
2013-06-30,PL,Poland,84.3725
2013-06-30,PT,Portugal,80.0329
2013-06-30,RO,Romania,73.3235
2013-06-30,RS,Serbia,69.2056
2013-06-30,RU,Russia,78.0333
2013-06-30,SE,Sweden,104.3059
2013-06-30,SG,Singapore,103.9846
2013-06-30,SI,Slovenia,87.7128
2013-06-30,SK,Slovakia,88.5436
2013-06-30,TH,Thailand,104.732
2013-06-30,TR,Türkiye,107.501
2013-06-30,US,United States,103.5086
2013-06-30,XM,Euro area,90.4981
2013-06-30,XW,World,101.6702
2013-06-30,ZA,South Africa,98.0389
2013-09-30,4T,Emerging market economies (aggregate),106.2448
2013-09-30,5R,Advanced economies,99.9253
2013-09-30,AT,Austria,114.7339
2013-09-30,AU,Australia,96.8231
2013-09-30,BE,Belgium,100.6686
2013-09-30,BG,Bulgaria,84.2326
2013-09-30,BR,Brazil,122.7083
2013-09-30,CA,Canada,107.4486
2013-09-30,CH,Switzerland,119.1094
2013-09-30,CL,Chile,125.807
2013-09-30,CN,China,100.0011
2013-09-30,CO,Colombia,120.7358
2013-09-30,CY,Cyprus,80.7006
2013-09-30,CZ,Czechia,92.5292
2013-09-30,DE,Germany,103.2994
2013-09-30,DK,Denmark,94.9483
2013-09-30,EE,Estonia,117.3956
2013-09-30,ES,Spain,67.0802
2013-09-30,FI,Finland,99.206
2013-09-30,FR,France,98.7157
2013-09-30,GB,United Kingdom,93.3982
2013-09-30,GR,Greece,71.4849
2013-09-30,HK,Hong Kong SAR,143.4171
2013-09-30,HR,Croatia,87.7193
2013-09-30,HU,Hungary,81.4416
2013-09-30,ID,Indonesia,104.1581
2013-09-30,IE,Ireland,70.5928
2013-09-30,IL,Israel,116.6329
2013-09-30,IN,India,138.0677
2013-09-30,IS,Iceland,105.5261
2013-09-30,IT,Italy,85.3755
2013-09-30,JP,Japan,101.3393
2013-09-30,KR,Korea,99.7659
2013-09-30,LT,Lithuania,98.2404
2013-09-30,LU,Luxembourg,105.5084
2013-09-30,LV,Latvia,115.1767
2013-09-30,MA,Morocco,97.1678
2013-09-30,MK,North Macedonia,85.3224
2013-09-30,MT,Malta,97.1165
2013-09-30,MX,Mexico,103.9157
2013-09-30,MY,Malaysia,132.6014
2013-09-30,NL,Netherlands,79.3424
2013-09-30,NO,Norway,115.2866
2013-09-30,NZ,New Zealand,109.1498
2013-09-30,PE,Peru,148.1684
2013-09-30,PH,Philippines,117.0171
2013-09-30,PL,Poland,84.2124
2013-09-30,PT,Portugal,80.8274
2013-09-30,RO,Romania,72.2607
2013-09-30,RS,Serbia,70.0846
2013-09-30,RU,Russia,77.2286
2013-09-30,SE,Sweden,106.15
2013-09-30,SG,Singapore,103.2293
2013-09-30,SI,Slovenia,82.5666
2013-09-30,SK,Slovakia,88.2275
2013-09-30,TH,Thailand,106.8426
2013-09-30,TR,Türkiye,109.4455
2013-09-30,US,United States,105.7026
2013-09-30,XM,Euro area,91.1689
2013-09-30,XW,World,102.7295
2013-09-30,ZA,South Africa,98.3588
2013-12-31,4T,Emerging market economies (aggregate),106.7099
2013-12-31,5R,Advanced economies,100.4668
2013-12-31,AT,Austria,113.4531
2013-12-31,AU,Australia,99.9481
2013-12-31,BE,Belgium,99.6875
2013-12-31,BG,Bulgaria,84.0452
2013-12-31,BR,Brazil,123.1759
2013-12-31,CA,Canada,108.0217
2013-12-31,CH,Switzerland,120.3503
2013-12-31,CL,Chile,129.1589
2013-12-31,CN,China,101.0089
2013-12-31,CO,Colombia,122.3961
2013-12-31,CY,Cyprus,78.8814
2013-12-31,CZ,Czechia,92.3901
2013-12-31,DE,Germany,102.7198
2013-12-31,DK,Denmark,93.5197
2013-12-31,EE,Estonia,121.5297
2013-12-31,ES,Spain,65.8635
2013-12-31,FI,Finland,98.27
2013-12-31,FR,France,97.7071
2013-12-31,GB,United Kingdom,93.283
2013-12-31,GR,Greece,69.1792
2013-12-31,HK,Hong Kong SAR,139.49
2013-12-31,HR,Croatia,86.8266
2013-12-31,HU,Hungary,80.5554
2013-12-31,ID,Indonesia,105.3673
2013-12-31,IE,Ireland,72.8341
2013-12-31,IL,Israel,118.3694
2013-12-31,IN,India,137.5208
2013-12-31,IS,Iceland,108.1333
2013-12-31,IT,Italy,84.5014
2013-12-31,JP,Japan,100.8312
2013-12-31,KR,Korea,100.2022
2013-12-31,LT,Lithuania,100.5723
2013-12-31,LU,Luxembourg,106.6065
2013-12-31,LV,Latvia,118.2334
2013-12-31,MA,Morocco,97.9265
2013-12-31,MK,North Macedonia,83.8898
2013-12-31,MT,Malta,94.953
2013-12-31,MX,Mexico,103.1217
2013-12-31,MY,Malaysia,132.2503
2013-12-31,NL,Netherlands,79.562
2013-12-31,NO,Norway,111.6774
2013-12-31,NZ,New Zealand,110.2959
2013-12-31,PE,Peru,147.2723
2013-12-31,PH,Philippines,119.5822
2013-12-31,PL,Poland,84.1985
2013-12-31,PT,Portugal,82.6605
2013-12-31,RO,Romania,72.3209
2013-12-31,RS,Serbia,71.7322
2013-12-31,RU,Russia,76.5472
2013-12-31,SE,Sweden,107.6241
2013-12-31,SG,Singapore,101.392
2013-12-31,SI,Slovenia,82.5442
2013-12-31,SK,Slovakia,88.4142
2013-12-31,TH,Thailand,109.2643
2013-12-31,TR,Türkiye,109.218
2013-12-31,US,United States,108.035
2013-12-31,XM,Euro area,90.2889
2013-12-31,XW,World,103.2362
2013-12-31,ZA,South Africa,99.3883
2014-03-31,4T,Emerging market economies (aggregate),107.3364
2014-03-31,5R,Advanced economies,101.0451
2014-03-31,AT,Austria,115.3871
2014-03-31,AU,Australia,100.7728
2014-03-31,BE,Belgium,98.186
2014-03-31,BG,Bulgaria,85.3077
2014-03-31,BR,Brazil,123.0558
2014-03-31,CA,Canada,109.3543
2014-03-31,CH,Switzerland,121.1145
2014-03-31,CL,Chile,130.2571
2014-03-31,CN,China,100.7569
2014-03-31,CO,Colombia,124.4179
2014-03-31,CY,Cyprus,77.7729
2014-03-31,CZ,Czechia,93.1979
2014-03-31,DE,Germany,103.4158
2014-03-31,DK,Denmark,94.5897
2014-03-31,EE,Estonia,126.8905
2014-03-31,ES,Spain,66.421
2014-03-31,FI,Finland,98.0197
2014-03-31,FR,France,96.4032
2014-03-31,GB,United Kingdom,94.5354
2014-03-31,GR,Greece,68.6038
2014-03-31,HK,Hong Kong SAR,137.4699
2014-03-31,HR,Croatia,86.5623
2014-03-31,HU,Hungary,81.9807
2014-03-31,ID,Indonesia,105.1854
2014-03-31,IE,Ireland,73.9763
2014-03-31,IL,Israel,122.6067
2014-03-31,IN,India,145.5673
2014-03-31,IS,Iceland,108.9339
2014-03-31,IT,Italy,83.3349
2014-03-31,JP,Japan,101.7511
2014-03-31,KR,Korea,99.8539
2014-03-31,LT,Lithuania,102.2244
2014-03-31,LU,Luxembourg,105.0696
2014-03-31,LV,Latvia,120.1364
2014-03-31,MA,Morocco,97.8544
2014-03-31,MK,North Macedonia,83.0986
2014-03-31,MT,Malta,95.8503
2014-03-31,MX,Mexico,102.6296
2014-03-31,MY,Malaysia,132.4189
2014-03-31,NL,Netherlands,79.7998
2014-03-31,NO,Norway,113.7542
2014-03-31,NZ,New Zealand,111.0691
2014-03-31,PE,Peru,152.3553
2014-03-31,PH,Philippines,121.1723
2014-03-31,PL,Poland,83.6926
2014-03-31,PT,Portugal,84.5556
2014-03-31,RO,Romania,71.3844
2014-03-31,RS,Serbia,73.0603
2014-03-31,RU,Russia,74.3407
2014-03-31,SE,Sweden,111.5503
2014-03-31,SG,Singapore,99.929
2014-03-31,SI,Slovenia,81.9431
2014-03-31,SK,Slovakia,88.2042
2014-03-31,TH,Thailand,110.2955
2014-03-31,TR,Türkiye,109.0294
2014-03-31,US,United States,108.6124
2014-03-31,XM,Euro area,90.5641
2014-03-31,XW,World,103.8361
2014-03-31,ZA,South Africa,99.6185
2014-06-30,4T,Emerging market economies (aggregate),108.1394
2014-06-30,5R,Advanced economies,100.9128
2014-06-30,AT,Austria,116.8502
2014-06-30,AU,Australia,102.1976
2014-06-30,BE,Belgium,98.4335
2014-06-30,BG,Bulgaria,85.9851
2014-06-30,BR,Brazil,122.4608
2014-06-30,CA,Canada,110.5261
2014-06-30,CH,Switzerland,121.9796
2014-06-30,CL,Chile,133.1782
2014-06-30,CN,China,101.245
2014-06-30,CO,Colombia,124.3525
2014-06-30,CY,Cyprus,75.2704
2014-06-30,CZ,Czechia,93.8901
2014-06-30,DE,Germany,105.3804
2014-06-30,DK,Denmark,97.8681
2014-06-30,EE,Estonia,127.8623
2014-06-30,ES,Spain,66.8282
2014-06-30,FI,Finland,98.1881
2014-06-30,FR,France,96.1621
2014-06-30,GB,United Kingdom,97.1421
2014-06-30,GR,Greece,66.5535
2014-06-30,HK,Hong Kong SAR,138.4453
2014-06-30,HR,Croatia,86.7659
2014-06-30,HU,Hungary,83.5557
2014-06-30,ID,Indonesia,106.5637
2014-06-30,IE,Ireland,77.5017
2014-06-30,IL,Israel,123.5232
2014-06-30,IN,India,148.8004
2014-06-30,IS,Iceland,110.2886
2014-06-30,IT,Italy,82.359
2014-06-30,JP,Japan,98.8185
2014-06-30,KR,Korea,100.0261
2014-06-30,LT,Lithuania,105.8603
2014-06-30,LU,Luxembourg,108.3917
2014-06-30,LV,Latvia,121.1055
2014-06-30,MA,Morocco,98.3319
2014-06-30,MK,North Macedonia,84.9884
2014-06-30,MT,Malta,95.3312
2014-06-30,MX,Mexico,103.1446
2014-06-30,MY,Malaysia,136.8289
2014-06-30,NL,Netherlands,79.4832
2014-06-30,NO,Norway,117.3742
2014-06-30,NZ,New Zealand,111.8857
2014-06-30,PE,Peru,156.972
2014-06-30,PH,Philippines,123.3626
2014-06-30,PL,Poland,85.5115
2014-06-30,PT,Portugal,85.0555
2014-06-30,RO,Romania,70.4676
2014-06-30,RS,Serbia,73.3724
2014-06-30,RU,Russia,73.348
2014-06-30,SE,Sweden,113.3263
2014-06-30,SG,Singapore,98.9428
2014-06-30,SI,Slovenia,78.6179
2014-06-30,SK,Slovakia,89.5284
2014-06-30,TH,Thailand,113.0618
2014-06-30,TR,Türkiye,109.8643
2014-06-30,US,United States,108.0628
2014-06-30,XM,Euro area,90.6937
2014-06-30,XW,World,104.1334
2014-06-30,ZA,South Africa,99.4507
2014-09-30,4T,Emerging market economies (aggregate),107.0876
2014-09-30,5R,Advanced economies,101.9887
2014-09-30,AT,Austria,115.5822
2014-09-30,AU,Australia,102.9928
2014-09-30,BE,Belgium,99.9309
2014-09-30,BG,Bulgaria,86.4035
2014-09-30,BR,Brazil,122.6648
2014-09-30,CA,Canada,111.1027
2014-09-30,CH,Switzerland,122.1865
2014-09-30,CL,Chile,140.8392
2014-09-30,CN,China,98.5642
2014-09-30,CO,Colombia,126.5622
2014-09-30,CY,Cyprus,74.4816
2014-09-30,CZ,Czechia,94.5124
2014-09-30,DE,Germany,105.4355
2014-09-30,DK,Denmark,97.418
2014-09-30,EE,Estonia,133.6735
2014-09-30,ES,Spain,67.478
2014-09-30,FI,Finland,97.6227
2014-09-30,FR,France,97.0841
2014-09-30,GB,United Kingdom,100.228
2014-09-30,GR,Greece,66.976
2014-09-30,HK,Hong Kong SAR,145.5168
2014-09-30,HR,Croatia,86.3124
2014-09-30,HU,Hungary,85.2208
2014-09-30,ID,Indonesia,106.3295
2014-09-30,IE,Ireland,83.8631
2014-09-30,IL,Israel,122.731
2014-09-30,IN,India,147.5988
2014-09-30,IS,Iceland,112.2468
2014-09-30,IT,Italy,81.4949
2014-09-30,JP,Japan,99.0919
2014-09-30,KR,Korea,100.157
2014-09-30,LT,Lithuania,108.0633
2014-09-30,LU,Luxembourg,110.0903
2014-09-30,LV,Latvia,126.3902
2014-09-30,MA,Morocco,97.2072
2014-09-30,MK,North Macedonia,87.7627
2014-09-30,MT,Malta,97.2716
2014-09-30,MX,Mexico,103.1213
2014-09-30,MY,Malaysia,140.1055
2014-09-30,NL,Netherlands,79.6215
2014-09-30,NO,Norway,116.7837
2014-09-30,NZ,New Zealand,113.2593
2014-09-30,PE,Peru,148.508
2014-09-30,PH,Philippines,124.8826
2014-09-30,PL,Poland,85.3756
2014-09-30,PT,Portugal,85.2627
2014-09-30,RO,Romania,70.0283
2014-09-30,RS,Serbia,72.2708
2014-09-30,RU,Russia,72.8418
2014-09-30,SE,Sweden,117.3196
2014-09-30,SG,Singapore,98.2196
2014-09-30,SI,Slovenia,78.3415
2014-09-30,SK,Slovakia,89.5296
2014-09-30,TH,Thailand,114.0466
2014-09-30,TR,Türkiye,112.9886
2014-09-30,US,United States,109.3533
2014-09-30,XM,Euro area,91.595
2014-09-30,XW,World,104.2359
2014-09-30,ZA,South Africa,99.2013
2014-12-31,4T,Emerging market economies (aggregate),106.7344
2014-12-31,5R,Advanced economies,102.8121
2014-12-31,AT,Austria,114.5825
2014-12-31,AU,Australia,104.8923
2014-12-31,BE,Belgium,100.499
2014-12-31,BG,Bulgaria,86.9575
2014-12-31,BR,Brazil,121.4491
2014-12-31,CA,Canada,111.8501
2014-12-31,CH,Switzerland,123.9519
2014-12-31,CL,Chile,140.9161
2014-12-31,CN,China,95.9506
2014-12-31,CO,Colombia,126.9137
2014-12-31,CY,Cyprus,73.063
2014-12-31,CZ,Czechia,95.4245
2014-12-31,DE,Germany,105.6971
2014-12-31,DK,Denmark,97.0781
2014-12-31,EE,Estonia,134.3949
2014-12-31,ES,Spain,67.3608
2014-12-31,FI,Finland,96.9687
2014-12-31,FR,France,95.3513
2014-12-31,GB,United Kingdom,100.3097
2014-12-31,GR,Greece,66.5695
2014-12-31,HK,Hong Kong SAR,148.6109
2014-12-31,HR,Croatia,85.4929
2014-12-31,HU,Hungary,87.9572
2014-12-31,ID,Indonesia,105.1779
2014-12-31,IE,Ireland,87.1173
2014-12-31,IL,Israel,124.4194
2014-12-31,IN,India,154.4816
2014-12-31,IS,Iceland,113.2962
2014-12-31,IT,Italy,80.3853
2014-12-31,JP,Japan,98.84
2014-12-31,KR,Korea,101.3078
2014-12-31,LT,Lithuania,105.8582
2014-12-31,LU,Luxembourg,112.1051
2014-12-31,LV,Latvia,112.2662
2014-12-31,MA,Morocco,96.7245
2014-12-31,MK,North Macedonia,82.9658
2014-12-31,MT,Malta,99.6558
2014-12-31,MX,Mexico,102.785
2014-12-31,MY,Malaysia,139.7949
2014-12-31,NL,Netherlands,80.4589
2014-12-31,NO,Norway,115.7383
2014-12-31,NZ,New Zealand,117.3017
2014-12-31,PE,Peru,148.4147
2014-12-31,PH,Philippines,127.9389
2014-12-31,PL,Poland,85.8768
2014-12-31,PT,Portugal,84.57
2014-12-31,RO,Romania,71.4725
2014-12-31,RS,Serbia,73.4091
2014-12-31,RU,Russia,71.8413
2014-12-31,SE,Sweden,119.0773
2014-12-31,SG,Singapore,97.3157
2014-12-31,SI,Slovenia,78.9997
2014-12-31,SK,Slovakia,91.3638
2014-12-31,TH,Thailand,119.0853
2014-12-31,TR,Türkiye,113.9361
2014-12-31,US,United States,111.923
2014-12-31,XM,Euro area,90.9369
2014-12-31,XW,World,104.5147
2014-12-31,ZA,South Africa,100.2094
2015-03-31,4T,Emerging market economies (aggregate),106.3072
2015-03-31,5R,Advanced economies,104.4557
2015-03-31,AT,Austria,118.5001
2015-03-31,AU,Australia,106.3492
2015-03-31,BE,Belgium,99.1763
2015-03-31,BG,Bulgaria,87.6871
2015-03-31,BR,Brazil,117.7052
2015-03-31,CA,Canada,114.9237
2015-03-31,CH,Switzerland,126.2383
2015-03-31,CL,Chile,141.5536
2015-03-31,CN,China,93.7689
2015-03-31,CO,Colombia,128.6041
2015-03-31,CY,Cyprus,73.9266
2015-03-31,CZ,Czechia,96.3803
2015-03-31,DE,Germany,107.7566
2015-03-31,DK,Denmark,97.6591
2015-03-31,EE,Estonia,138.3905
2015-03-31,ES,Spain,68.1482
2015-03-31,FI,Finland,97.5839
2015-03-31,FR,France,94.8173
2015-03-31,GB,United Kingdom,100.7165
2015-03-31,GR,Greece,67.3849
2015-03-31,HK,Hong Kong SAR,156.0895
2015-03-31,HR,Croatia,85.4151
2015-03-31,HU,Hungary,90.4769
2015-03-31,ID,Indonesia,104.9153
2015-03-31,IE,Ireland,87.4601
2015-03-31,IL,Israel,128.6822
2015-03-31,IN,India,162.4629
2015-03-31,IS,Iceland,117.9009
2015-03-31,IT,Italy,78.7696
2015-03-31,JP,Japan,101.7813
2015-03-31,KR,Korea,101.3552
2015-03-31,LT,Lithuania,108.4739
2015-03-31,LU,Luxembourg,112.4804
2015-03-31,LV,Latvia,112.341
2015-03-31,MA,Morocco,95.9532
2015-03-31,MK,North Macedonia,85.0783
2015-03-31,MT,Malta,97.6957
2015-03-31,MX,Mexico,103.875
2015-03-31,MY,Malaysia,143.6448
2015-03-31,NL,Netherlands,81.6362
2015-03-31,NO,Norway,119.6771
2015-03-31,NZ,New Zealand,121.203
2015-03-31,PE,Peru,147.3179
2015-03-31,PH,Philippines,131.356
2015-03-31,PL,Poland,86.4142
2015-03-31,PT,Portugal,85.3095
2015-03-31,RO,Romania,73.1635
2015-03-31,RS,Serbia,76.5816
2015-03-31,RU,Russia,67.1665
2015-03-31,SE,Sweden,124.6825
2015-03-31,SG,Singapore,96.407
2015-03-31,SI,Slovenia,81.137
2015-03-31,SK,Slovakia,93.1833
2015-03-31,TH,Thailand,122.2406
2015-03-31,TR,Türkiye,116.9929
2015-03-31,US,United States,113.9591
2015-03-31,XM,Euro area,91.8444
2015-03-31,XW,World,105.1823
2015-03-31,ZA,South Africa,101.5567
2015-06-30,4T,Emerging market economies (aggregate),106.26
2015-06-30,5R,Advanced economies,104.6803
2015-06-30,AT,Austria,117.3639
2015-06-30,AU,Australia,110.524
2015-06-30,BE,Belgium,99.6713
2015-06-30,BG,Bulgaria,87.969
2015-06-30,BR,Brazil,114.1392
2015-06-30,CA,Canada,117.4469
2015-06-30,CH,Switzerland,125.5674
2015-06-30,CL,Chile,145.1211
2015-06-30,CN,China,93.8242
2015-06-30,CO,Colombia,131.365
2015-06-30,CY,Cyprus,73.0083
2015-06-30,CZ,Czechia,96.7559
2015-06-30,DE,Germany,109.003
2015-06-30,DK,Denmark,102.7608
2015-06-30,EE,Estonia,141.3513
2015-06-30,ES,Spain,69.6862
2015-06-30,FI,Finland,98.2704
2015-06-30,FR,France,94.0629
2015-06-30,GB,United Kingdom,102.3749
2015-06-30,GR,Greece,64.6323
2015-06-30,HK,Hong Kong SAR,162.5425
2015-06-30,HR,Croatia,83.0038
2015-06-30,HU,Hungary,94.0054
2015-06-30,ID,Indonesia,105.4536
2015-06-30,IE,Ireland,88.6005
2015-06-30,IL,Israel,130.0986
2015-06-30,IN,India,162.1712
2015-06-30,IS,Iceland,117.1453
2015-06-30,IT,Italy,78.4718
2015-06-30,JP,Japan,100.7661
2015-06-30,KR,Korea,102.4084
2015-06-30,LT,Lithuania,110.2941
2015-06-30,LU,Luxembourg,113.5927
2015-06-30,LV,Latvia,114.5347
2015-06-30,MA,Morocco,96.3258
2015-06-30,MK,North Macedonia,84.7468
2015-06-30,MT,Malta,97.5624
2015-06-30,MX,Mexico,107.8755
2015-06-30,MY,Malaysia,143.4652
2015-06-30,NL,Netherlands,81.2001
2015-06-30,NO,Norway,122.3799
2015-06-30,NZ,New Zealand,124.8561
2015-06-30,PE,Peru,143.3556
2015-06-30,PH,Philippines,134.4341
2015-06-30,PL,Poland,87.1799
2015-06-30,PT,Portugal,86.9344
2015-06-30,RO,Romania,72.5727
2015-06-30,RS,Serbia,76.0408
2015-06-30,RU,Russia,65.22
2015-06-30,SE,Sweden,128.2946
2015-06-30,SG,Singapore,95.7053
2015-06-30,SI,Slovenia,81.9587
2015-06-30,SK,Slovakia,94.5621
2015-06-30,TH,Thailand,122.1398
2015-06-30,TR,Türkiye,118.8821
2015-06-30,US,United States,113.9163
2015-06-30,XM,Euro area,91.577
2015-06-30,XW,World,105.2774
2015-06-30,ZA,South Africa,100.9063
2015-09-30,4T,Emerging market economies (aggregate),106.0076
2015-09-30,5R,Advanced economies,106.0979
2015-09-30,AT,Austria,119.1789
2015-09-30,AU,Australia,112.3364
2015-09-30,BE,Belgium,101.8188
2015-09-30,BG,Bulgaria,88.1981
2015-09-30,BR,Brazil,111.5488
2015-09-30,CA,Canada,119.1831
2015-09-30,CH,Switzerland,126.5734
2015-09-30,CL,Chile,150.4979
2015-09-30,CN,China,93.8338
2015-09-30,CO,Colombia,131.5695
2015-09-30,CY,Cyprus,73.8514
2015-09-30,CZ,Czechia,98.0755
2015-09-30,DE,Germany,109.3101
2015-09-30,DK,Denmark,105.5044
2015-09-30,EE,Estonia,139.6696
2015-09-30,ES,Spain,70.7975
2015-09-30,FI,Finland,98.2035
2015-09-30,FR,France,95.6784
2015-09-30,GB,United Kingdom,105.5383
2015-09-30,GR,Greece,64.2259
2015-09-30,HK,Hong Kong SAR,165.7412
2015-09-30,HR,Croatia,84.2649
2015-09-30,HU,Hungary,98.4927
2015-09-30,ID,Indonesia,104.7136
2015-09-30,IE,Ireland,91.3004
2015-09-30,IL,Israel,131.6413
2015-09-30,IN,India,160.681
2015-09-30,IS,Iceland,118.0521
2015-09-30,IT,Italy,79.1509
2015-09-30,JP,Japan,101.8062
2015-09-30,KR,Korea,103.4131
2015-09-30,LT,Lithuania,112.81
2015-09-30,LU,Luxembourg,115.5247
2015-09-30,LV,Latvia,116.4959
2015-09-30,MA,Morocco,95.5016
2015-09-30,MK,North Macedonia,84.9595
2015-09-30,MT,Malta,104.3609
2015-09-30,MX,Mexico,110.8657
2015-09-30,MY,Malaysia,145.443
2015-09-30,NL,Netherlands,82.3533
2015-09-30,NO,Norway,121.5065
2015-09-30,NZ,New Zealand,130.242
2015-09-30,PE,Peru,141.1768
2015-09-30,PH,Philippines,137.4626
2015-09-30,PL,Poland,87.7838
2015-09-30,PT,Portugal,87.5273
2015-09-30,RO,Romania,73.5028
2015-09-30,RS,Serbia,73.6151
2015-09-30,RU,Russia,63.079
2015-09-30,SE,Sweden,133.2372
2015-09-30,SG,Singapore,94.6465
2015-09-30,SI,Slovenia,79.5012
2015-09-30,SK,Slovakia,94.9441
2015-09-30,TH,Thailand,121.4245
2015-09-30,TR,Türkiye,121.5902
2015-09-30,US,United States,115.2323
2015-09-30,XM,Euro area,92.842
2015-09-30,XW,World,105.8984
2015-09-30,ZA,South Africa,100.5541
2015-12-31,4T,Emerging market economies (aggregate),105.9005
2015-12-31,5R,Advanced economies,107.0155
2015-12-31,AT,Austria,122.3724
2015-12-31,AU,Australia,112.0752
2015-12-31,BE,Belgium,101.3075
2015-12-31,BG,Bulgaria,90.8788
2015-12-31,BR,Brazil,108.3145
2015-12-31,CA,Canada,120.847
2015-12-31,CH,Switzerland,127.1708
2015-12-31,CL,Chile,153.5574
2015-12-31,CN,China,94.2591
2015-12-31,CO,Colombia,128.7504
2015-12-31,CY,Cyprus,73.0045
2015-12-31,CZ,Czechia,99.6105
2015-12-31,DE,Germany,111.3915
2015-12-31,DK,Denmark,105.8237
2015-12-31,EE,Estonia,141.9979
2015-12-31,ES,Spain,70.4543
2015-12-31,FI,Finland,97.5787
2015-12-31,FR,France,95.164
2015-12-31,GB,United Kingdom,106.7322
2015-12-31,GR,Greece,63.5543
2015-12-31,HK,Hong Kong SAR,155.5354
2015-12-31,HR,Croatia,84.4935
2015-12-31,HU,Hungary,100.3886
2015-12-31,ID,Indonesia,104.9789
2015-12-31,IE,Ireland,93.2067
2015-12-31,IL,Israel,135.068
2015-12-31,IN,India,161.0488
2015-12-31,IS,Iceland,121.1667
2015-12-31,IT,Italy,78.6162
2015-12-31,JP,Japan,100.5834
2015-12-31,KR,Korea,104.7438
2015-12-31,LT,Lithuania,109.7368
2015-12-31,LU,Luxembourg,115.3232
2015-12-31,LV,Latvia,119.5856
2015-12-31,MA,Morocco,96.0721
2015-12-31,MK,North Macedonia,84.1974
2015-12-31,MT,Malta,106.6045
2015-12-31,MX,Mexico,110.7715
2015-12-31,MY,Malaysia,145.0749
2015-12-31,NL,Netherlands,83.4322
2015-12-31,NO,Norway,118.0211
2015-12-31,NZ,New Zealand,131.9997
2015-12-31,PE,Peru,137.1429
2015-12-31,PH,Philippines,140.3737
2015-12-31,PL,Poland,87.4397
2015-12-31,PT,Portugal,88.31
2015-12-31,RO,Romania,73.8276
2015-12-31,RS,Serbia,73.1088
2015-12-31,RU,Russia,60.8107
2015-12-31,SE,Sweden,135.794
2015-12-31,SG,Singapore,94.4284
2015-12-31,SI,Slovenia,79.5184
2015-12-31,SK,Slovakia,96.2355
2015-12-31,TH,Thailand,127.1941
2015-12-31,TR,Türkiye,121.8402
2015-12-31,US,United States,117.4726
2015-12-31,XM,Euro area,93.1932
2015-12-31,XW,World,106.3231
2015-12-31,ZA,South Africa,101.9824
2016-03-31,4T,Emerging market economies (aggregate),105.6998
2016-03-31,5R,Advanced economies,108.6846
2016-03-31,AT,Austria,126.8528
2016-03-31,AU,Australia,112.1271
2016-03-31,BE,Belgium,99.8489
2016-03-31,BG,Bulgaria,92.3212
2016-03-31,BR,Brazil,104.3545
2016-03-31,CA,Canada,126.8984
2016-03-31,CH,Switzerland,129.2835
2016-03-31,CL,Chile,151.8916
2016-03-31,CN,China,94.9072
2016-03-31,CO,Colombia,131.6043
2016-03-31,CY,Cyprus,74.321
2016-03-31,CZ,Czechia,100.5191
2016-03-31,DE,Germany,114.1666
2016-03-31,DK,Denmark,102.4171
2016-03-31,EE,Estonia,141.7709
2016-03-31,ES,Spain,72.9057
2016-03-31,FI,Finland,98.627
2016-03-31,FR,France,95.1382
2016-03-31,GB,United Kingdom,108.4225
2016-03-31,GR,Greece,65.0473
2016-03-31,HK,Hong Kong SAR,144.2406
2016-03-31,HR,Croatia,86.6368
2016-03-31,HU,Hungary,105.398
2016-03-31,ID,Indonesia,104.7312
2016-03-31,IE,Ireland,94.1976
2016-03-31,IL,Israel,139.0704
2016-03-31,IN,India,159.3198
2016-03-31,IS,Iceland,123.3989
2016-03-31,IT,Italy,78.9359
2016-03-31,JP,Japan,103.3903
2016-03-31,KR,Korea,104.6392
2016-03-31,LT,Lithuania,111.0294
2016-03-31,LU,Luxembourg,117.776
2016-03-31,LV,Latvia,120.8166
2016-03-31,MA,Morocco,95.5494
2016-03-31,MK,North Macedonia,87.0733
2016-03-31,MT,Malta,102.3987
2016-03-31,MX,Mexico,110.8209
2016-03-31,MY,Malaysia,148.9231
2016-03-31,NL,Netherlands,84.7278
2016-03-31,NO,Norway,121.3255
2016-03-31,NZ,New Zealand,136.5858
2016-03-31,PE,Peru,133.0081
2016-03-31,PH,Philippines,144.8195
2016-03-31,PL,Poland,88.1373
2016-03-31,PT,Portugal,90.7367
2016-03-31,RO,Romania,77.3609
2016-03-31,RS,Serbia,74.2884
2016-03-31,RU,Russia,58.431
2016-03-31,SE,Sweden,137.4791
2016-03-31,SG,Singapore,93.9503
2016-03-31,SI,Slovenia,82.3895
2016-03-31,SK,Slovakia,98.3903
2016-03-31,TH,Thailand,128.92
2016-03-31,TR,Türkiye,123.1461
2016-03-31,US,United States,118.813
2016-03-31,XM,Euro area,95.0339
2016-03-31,XW,World,107.0751
2016-03-31,ZA,South Africa,100.9714
2016-06-30,4T,Emerging market economies (aggregate),107.2715
2016-06-30,5R,Advanced economies,109.1816
2016-06-30,AT,Austria,127.7763
2016-06-30,AU,Australia,113.8625
2016-06-30,BE,Belgium,99.8454
2016-06-30,BG,Bulgaria,95.4179
2016-06-30,BR,Brazil,101.6998
2016-06-30,CA,Canada,133.3705
2016-06-30,CH,Switzerland,127.0608
2016-06-30,CL,Chile,149.6453
2016-06-30,CN,China,97.1635
2016-06-30,CO,Colombia,131.1739
2016-06-30,CY,Cyprus,73.4364
2016-06-30,CZ,Czechia,102.0939
2016-06-30,DE,Germany,116.3282
2016-06-30,DK,Denmark,106.8335
2016-06-30,EE,Estonia,144.9237
2016-06-30,ES,Spain,73.0651
2016-06-30,FI,Finland,99.1163
2016-06-30,FR,France,94.7361
2016-06-30,GB,United Kingdom,110.1801
2016-06-30,GR,Greece,63.5975
2016-06-30,HK,Hong Kong SAR,145.7869
2016-06-30,HR,Croatia,85.5875
2016-06-30,HU,Hungary,106.6991
2016-06-30,ID,Indonesia,105.3797
2016-06-30,IE,Ireland,94.0526
2016-06-30,IL,Israel,140.8346
2016-06-30,IN,India,164.81
2016-06-30,IS,Iceland,124.5525
2016-06-30,IT,Italy,79.3276
2016-06-30,JP,Japan,104.1065
2016-06-30,KR,Korea,104.608
2016-06-30,LT,Lithuania,113.2206
2016-06-30,LU,Luxembourg,120.1081
2016-06-30,LV,Latvia,126.3123
2016-06-30,MA,Morocco,95.1333
2016-06-30,MK,North Macedonia,86.0548
2016-06-30,MT,Malta,103.5953
2016-06-30,MX,Mexico,113.3785
2016-06-30,MY,Malaysia,150.781
2016-06-30,NL,Netherlands,85.0854
2016-06-30,NO,Norway,124.8275
2016-06-30,NZ,New Zealand,143.2079
2016-06-30,PE,Peru,134.594
2016-06-30,PH,Philippines,150.6483
2016-06-30,PL,Poland,88.455
2016-06-30,PT,Portugal,91.9925
2016-06-30,RO,Romania,79.6426
2016-06-30,RS,Serbia,78.9242
2016-06-30,RU,Russia,57.0877
2016-06-30,SE,Sweden,138.283
2016-06-30,SG,Singapore,93.7797
2016-06-30,SI,Slovenia,82.5297
2016-06-30,SK,Slovakia,100.8297
2016-06-30,TH,Thailand,128.7875
2016-06-30,TR,Türkiye,125.3962
2016-06-30,US,United States,118.7577
2016-06-30,XM,Euro area,95.1252
2016-06-30,XW,World,108.102
2016-06-30,ZA,South Africa,99.7454
2016-09-30,4T,Emerging market economies (aggregate),107.9754
2016-09-30,5R,Advanced economies,110.483
2016-09-30,AT,Austria,127.0245
2016-09-30,AU,Australia,114.7686
2016-09-30,BE,Belgium,101.8267
2016-09-30,BG,Bulgaria,96.2956
2016-09-30,BR,Brazil,99.6335
2016-09-30,CA,Canada,137.2583
2016-09-30,CH,Switzerland,126.7096
2016-09-30,CL,Chile,150.5975
2016-09-30,CN,China,99.1101
2016-09-30,CO,Colombia,132.56
2016-09-30,CY,Cyprus,73.1868
2016-09-30,CZ,Czechia,104.4584
2016-09-30,DE,Germany,117.7027
2016-09-30,DK,Denmark,110.4838
2016-09-30,EE,Estonia,149.3299
2016-09-30,ES,Spain,73.7846
2016-09-30,FI,Finland,99.3825
2016-09-30,FR,France,96.8278
2016-09-30,GB,United Kingdom,111.8814
2016-09-30,GR,Greece,63.7566
2016-09-30,HK,Hong Kong SAR,151.94
2016-09-30,HR,Croatia,86.8311
2016-09-30,HU,Hungary,109.9867
2016-09-30,ID,Indonesia,104.4301
2016-09-30,IE,Ireland,98.0032
2016-09-30,IL,Israel,143.2157
2016-09-30,IN,India,164.3757
2016-09-30,IS,Iceland,131.5219
2016-09-30,IT,Italy,79.1638
2016-09-30,JP,Japan,104.1186
2016-09-30,KR,Korea,104.7684
2016-09-30,LT,Lithuania,117.9662
2016-09-30,LU,Luxembourg,121.9881
2016-09-30,LV,Latvia,127.4901
2016-09-30,MA,Morocco,97.1066
2016-09-30,MK,North Macedonia,85.3445
2016-09-30,MT,Malta,108.4657
2016-09-30,MX,Mexico,114.4312
2016-09-30,MY,Malaysia,153.2999
2016-09-30,NL,Netherlands,86.9312
2016-09-30,NO,Norway,126.0382
2016-09-30,NZ,New Zealand,147.9502
2016-09-30,PE,Peru,135.0849
2016-09-30,PH,Philippines,147.0285
2016-09-30,PL,Poland,90.3456
2016-09-30,PT,Portugal,93.5679
2016-09-30,RO,Romania,79.0976
2016-09-30,RS,Serbia,87.0145
2016-09-30,RU,Russia,55.9319
2016-09-30,SE,Sweden,141.2079
2016-09-30,SG,Singapore,92.0725
2016-09-30,SI,Slovenia,83.3321
2016-09-30,SK,Slovakia,102.7787
2016-09-30,TH,Thailand,126.8303
2016-09-30,TR,Türkiye,126.6356
2016-09-30,US,United States,120.0051
2016-09-30,XM,Euro area,96.657
2016-09-30,XW,World,109.1083
2016-09-30,ZA,South Africa,99.4722
2016-12-31,4T,Emerging market economies (aggregate),109.0805
2016-12-31,5R,Advanced economies,111.0732
2016-12-31,AT,Austria,126.2187
2016-12-31,AU,Australia,118.9033
2016-12-31,BE,Belgium,101.8682
2016-12-31,BG,Bulgaria,98.5354
2016-12-31,BR,Brazil,98.3245
2016-12-31,CA,Canada,138.2738
2016-12-31,CH,Switzerland,125.7062
2016-12-31,CL,Chile,154.7079
2016-12-31,CN,China,100.9351
2016-12-31,CO,Colombia,133.0717
2016-12-31,CY,Cyprus,73.0145
2016-12-31,CZ,Czechia,108.9574
2016-12-31,DE,Germany,119.6046
2016-12-31,DK,Denmark,109.9555
2016-12-31,EE,Estonia,150.9889
2016-12-31,ES,Spain,72.8468
2016-12-31,FI,Finland,98.135
2016-12-31,FR,France,96.1986
2016-12-31,GB,United Kingdom,111.1833
2016-12-31,GR,Greece,63.1824
2016-12-31,HK,Hong Kong SAR,160.2309
2016-12-31,HR,Croatia,85.53
2016-12-31,HU,Hungary,110.8267
2016-12-31,ID,Indonesia,104.04
2016-12-31,IE,Ireland,101.2336
2016-12-31,IL,Israel,144.6408
2016-12-31,IN,India,168.1657
2016-12-31,IS,Iceland,136.3407
2016-12-31,IT,Italy,78.6995
2016-12-31,JP,Japan,102.7748
2016-12-31,KR,Korea,104.7794
2016-12-31,LT,Lithuania,118.7566
2016-12-31,LU,Luxembourg,123.3762
2016-12-31,LV,Latvia,126.942
2016-12-31,MA,Morocco,98.5114
2016-12-31,MK,North Macedonia,85.7502
2016-12-31,MT,Malta,111.0488
2016-12-31,MX,Mexico,113.5879
2016-12-31,MY,Malaysia,152.7023
2016-12-31,NL,Netherlands,88.153
2016-12-31,NO,Norway,125.4854
2016-12-31,NZ,New Zealand,148.8505
2016-12-31,PE,Peru,135.6076
2016-12-31,PH,Philippines,147.953
2016-12-31,PL,Poland,90.673
2016-12-31,PT,Portugal,94.279
2016-12-31,RO,Romania,80.1849
2016-12-31,RS,Serbia,88.7529
2016-12-31,RU,Russia,55.1516
2016-12-31,SE,Sweden,142.5634
2016-12-31,SG,Singapore,91.4693
2016-12-31,SI,Slovenia,84.4914
2016-12-31,SK,Slovakia,104.2919
2016-12-31,TH,Thailand,130.7242
2016-12-31,TR,Türkiye,126.4647
2016-12-31,US,United States,121.6078
2016-12-31,XM,Euro area,96.7116
2016-12-31,XW,World,109.9513
2016-12-31,ZA,South Africa,99.3518
2017-03-31,4T,Emerging market economies (aggregate),108.9384
2017-03-31,5R,Advanced economies,112.3228
2017-03-31,AT,Austria,127.1765
2017-03-31,AU,Australia,120.9706
2017-03-31,BE,Belgium,101.1554
2017-03-31,BG,Bulgaria,98.9798
2017-03-31,BR,Brazil,96.8943
2017-03-31,CA,Canada,146.4837
2017-03-31,CH,Switzerland,125.6574
2017-03-31,CL,Chile,156.7517
2017-03-31,CN,China,101.1945
2017-03-31,CO,Colombia,132.3076
2017-03-31,CY,Cyprus,73.3779
2017-03-31,CZ,Czechia,110.7133
2017-03-31,DE,Germany,120.1404
2017-03-31,DK,Denmark,107.5327
2017-03-31,EE,Estonia,148.2779
2017-03-31,ES,Spain,74.7259
2017-03-31,FI,Finland,98.8291
2017-03-31,FR,France,96.6274
2017-03-31,GB,United Kingdom,110.784
2017-03-31,GR,Greece,62.9425
2017-03-31,HK,Hong Kong SAR,164.4446
2017-03-31,HR,Croatia,85.5109
2017-03-31,HU,Hungary,114.7862
2017-03-31,ID,Indonesia,103.7015
2017-03-31,IE,Ireland,102.3971
2017-03-31,IL,Israel,145.6051
2017-03-31,IN,India,170.0027
2017-03-31,IS,Iceland,142.8128
2017-03-31,IT,Italy,77.3489
2017-03-31,JP,Japan,107.1429
2017-03-31,KR,Korea,103.6661
2017-03-31,LT,Lithuania,119.042
2017-03-31,LU,Luxembourg,124.101
2017-03-31,LV,Latvia,128.0058
2017-03-31,MA,Morocco,99.3076
2017-03-31,MK,North Macedonia,83.2859
2017-03-31,MT,Malta,106.1681
2017-03-31,MX,Mexico,113.3391
2017-03-31,MY,Malaysia,152.529
2017-03-31,NL,Netherlands,89.6685
2017-03-31,NO,Norway,130.2011
2017-03-31,NZ,New Zealand,149.8681
2017-03-31,PE,Peru,135.1832
2017-03-31,PH,Philippines,150.1675
2017-03-31,PL,Poland,89.2423
2017-03-31,PT,Portugal,96.5736
2017-03-31,RO,Romania,80.9663
2017-03-31,RS,Serbia,80.6295
2017-03-31,RU,Russia,53.5263
2017-03-31,SE,Sweden,146.1832
2017-03-31,SG,Singapore,90.7751
2017-03-31,SI,Slovenia,86.3423
2017-03-31,SK,Slovakia,100.9357
2017-03-31,TH,Thailand,129.1879
2017-03-31,TR,Türkiye,125.0527
2017-03-31,US,United States,122.2771
2017-03-31,XM,Euro area,97.5162
2017-03-31,XW,World,110.5062
2017-03-31,ZA,South Africa,98.4935
2017-06-30,4T,Emerging market economies (aggregate),110.649
2017-06-30,5R,Advanced economies,113.0701
2017-06-30,AT,Austria,129.9192
2017-06-30,AU,Australia,123.0872
2017-06-30,BE,Belgium,100.9276
2017-06-30,BG,Bulgaria,101.3667
2017-06-30,BR,Brazil,96.0103
2017-06-30,CA,Canada,153.9051
2017-06-30,CH,Switzerland,126.6217
2017-06-30,CL,Chile,158.1646
2017-06-30,CN,China,103.497
2017-06-30,CO,Colombia,134.1066
2017-06-30,CY,Cyprus,73.4856
2017-06-30,CZ,Czechia,113.191
2017-06-30,DE,Germany,121.4367
2017-06-30,DK,Denmark,111.5544
2017-06-30,EE,Estonia,147.3002
2017-06-30,ES,Spain,75.6307
2017-06-30,FI,Finland,99.9209
2017-06-30,FR,France,96.9954
2017-06-30,GB,United Kingdom,111.9813
2017-06-30,GR,Greece,62.1274
2017-06-30,HK,Hong Kong SAR,173.0602
2017-06-30,HR,Croatia,88.247
2017-06-30,HU,Hungary,117.1602
2017-06-30,ID,Indonesia,104.2506
2017-06-30,IE,Ireland,103.735
2017-06-30,IL,Israel,146.8261
2017-06-30,IN,India,175.1898
2017-06-30,IS,Iceland,150.7654
2017-06-30,IT,Italy,77.4292
2017-06-30,JP,Japan,105.7579
2017-06-30,KR,Korea,103.9078
2017-06-30,LT,Lithuania,120.5598
2017-06-30,LU,Luxembourg,125.5744
2017-06-30,LV,Latvia,133.6923
2017-06-30,MA,Morocco,98.8661
2017-06-30,MK,North Macedonia,83.0042
2017-06-30,MT,Malta,108.2559
2017-06-30,MX,Mexico,114.8572
2017-06-30,MY,Malaysia,155.1122
2017-06-30,NL,Netherlands,90.557
2017-06-30,NO,Norway,130.608
2017-06-30,NZ,New Zealand,150.157
2017-06-30,PE,Peru,132.5438
2017-06-30,PH,Philippines,146.7657
2017-06-30,PL,Poland,90.8343
2017-06-30,PT,Portugal,97.9775
2017-06-30,RO,Romania,84.2565
2017-06-30,RS,Serbia,81.9138
2017-06-30,RU,Russia,52.758
2017-06-30,SE,Sweden,147.399
2017-06-30,SG,Singapore,90.7991
2017-06-30,SI,Slovenia,88.1128
2017-06-30,SK,Slovakia,106.3619
2017-06-30,TH,Thailand,129.6981
2017-06-30,TR,Türkiye,125.6672
2017-06-30,US,United States,123.3566
2017-06-30,XM,Euro area,97.7491
2017-06-30,XW,World,111.7356
2017-06-30,ZA,South Africa,98.7842
2017-09-30,4T,Emerging market economies (aggregate),110.7129
2017-09-30,5R,Advanced economies,114.3707
2017-09-30,AT,Austria,129.7336
2017-09-30,AU,Australia,122.0887
2017-09-30,BE,Belgium,103.9629
2017-09-30,BG,Bulgaria,103.2855
2017-09-30,BR,Brazil,95.4659
2017-09-30,CA,Canada,155.7308
2017-09-30,CH,Switzerland,129.3804
2017-09-30,CL,Chile,161.0926
2017-09-30,CN,China,104.2838
2017-09-30,CO,Colombia,136.0341
2017-09-30,CY,Cyprus,74.6698
2017-09-30,CZ,Czechia,114.6677
2017-09-30,DE,Germany,122.5549
2017-09-30,DK,Denmark,113.6074
2017-09-30,EE,Estonia,150.8406
2017-09-30,ES,Spain,77.4099
2017-09-30,FI,Finland,99.2766
2017-09-30,FR,France,99.0887
2017-09-30,GB,United Kingdom,113.9862
2017-09-30,GR,Greece,62.7325
2017-09-30,HK,Hong Kong SAR,175.6699
2017-09-30,HR,Croatia,89.2822
2017-09-30,HU,Hungary,120.5118
2017-09-30,ID,Indonesia,103.9382
2017-09-30,IE,Ireland,109.288
2017-09-30,IL,Israel,148.8897
2017-09-30,IN,India,171.5682
2017-09-30,IS,Iceland,155.7527
2017-09-30,IT,Italy,77.1084
2017-09-30,JP,Japan,106.0226
2017-09-30,KR,Korea,103.9857
2017-09-30,LT,Lithuania,122.6997
2017-09-30,LU,Luxembourg,125.5147
2017-09-30,LV,Latvia,134.76
2017-09-30,MA,Morocco,98.7446
2017-09-30,MK,North Macedonia,83.2734
2017-09-30,MT,Malta,112.5311
2017-09-30,MX,Mexico,115.9527
2017-09-30,MY,Malaysia,157.5258
2017-09-30,NL,Netherlands,92.6885
2017-09-30,NO,Norway,127.1962
2017-09-30,NZ,New Zealand,150.4882
2017-09-30,PE,Peru,134.4119
2017-09-30,PH,Philippines,145.765
2017-09-30,PL,Poland,91.9622
2017-09-30,PT,Portugal,102.1563
2017-09-30,RO,Romania,82.3608
2017-09-30,RS,Serbia,84.1373
2017-09-30,RU,Russia,52.1967
2017-09-30,SE,Sweden,148.6424
2017-09-30,SG,Singapore,91.4638
2017-09-30,SI,Slovenia,89.0919
2017-09-30,SK,Slovakia,108.6208
2017-09-30,TH,Thailand,131.7749
2017-09-30,TR,Türkiye,126.0323
2017-09-30,US,United States,124.7567
2017-09-30,XM,Euro area,99.3984
2017-09-30,XW,World,112.4176
2017-09-30,ZA,South Africa,98.8883
2017-12-31,4T,Emerging market economies (aggregate),110.7354
2017-12-31,5R,Advanced economies,114.7395
2017-12-31,AT,Austria,129.3309
2017-12-31,AU,Australia,122.4347
2017-12-31,BE,Belgium,102.9155
2017-12-31,BG,Bulgaria,103.718
2017-12-31,BR,Brazil,94.5733
2017-12-31,CA,Canada,154.7595
2017-12-31,CH,Switzerland,128.8809
2017-12-31,CL,Chile,166.3169
2017-12-31,CN,China,104.2285
2017-12-31,CO,Colombia,136.4883
2017-12-31,CY,Cyprus,74.361
2017-12-31,CZ,Czechia,115.1319
2017-12-31,DE,Germany,125.2546
2017-12-31,DK,Denmark,113.1079
2017-12-31,EE,Estonia,152.57
2017-12-31,ES,Spain,76.9807
2017-12-31,FI,Finland,98.5516
2017-12-31,FR,France,98.2912
2017-12-31,GB,United Kingdom,112.8992
2017-12-31,GR,Greece,62.3937
2017-12-31,HK,Hong Kong SAR,179.2275
2017-12-31,HR,Croatia,90.883
2017-12-31,HU,Hungary,122.2486
2017-12-31,ID,Indonesia,104.0476
2017-12-31,IE,Ireland,112.6013
2017-12-31,IL,Israel,147.181
2017-12-31,IN,India,172.367
2017-12-31,IS,Iceland,153.9865
2017-12-31,IT,Italy,76.974
2017-12-31,JP,Japan,104.0051
2017-12-31,KR,Korea,104.5912
2017-12-31,LT,Lithuania,121.7404
2017-12-31,LU,Luxembourg,126.7775
2017-12-31,LV,Latvia,133.6121
2017-12-31,MA,Morocco,97.5708
2017-12-31,MK,North Macedonia,83.4168
2017-12-31,MT,Malta,115.1306
2017-12-31,MX,Mexico,115.6889
2017-12-31,MY,Malaysia,156.5043
2017-12-31,NL,Netherlands,94.7414
2017-12-31,NO,Norway,124.7639
2017-12-31,NZ,New Zealand,152.4579
2017-12-31,PE,Peru,133.6873
2017-12-31,PH,Philippines,151.5943
2017-12-31,PL,Poland,92.0592
2017-12-31,PT,Portugal,102.6459
2017-12-31,RO,Romania,82.1107
2017-12-31,RS,Serbia,85.7862
2017-12-31,RU,Russia,52.1435
2017-12-31,SE,Sweden,143.9579
2017-12-31,SG,Singapore,92.0459
2017-12-31,SI,Slovenia,91.6207
2017-12-31,SK,Slovakia,108.4696
2017-12-31,TH,Thailand,135.8129
2017-12-31,TR,Türkiye,123.5408
2017-12-31,US,United States,126.2758
2017-12-31,XM,Euro area,99.8303
2017-12-31,XW,World,112.6122
2017-12-31,ZA,South Africa,98.9193
2018-03-31,4T,Emerging market economies (aggregate),110.6523
2018-03-31,5R,Advanced economies,115.8113
2018-03-31,AT,Austria,134.122
2018-03-31,AU,Australia,121.0765
2018-03-31,BE,Belgium,102.5085
2018-03-31,BG,Bulgaria,103.8648
2018-03-31,BR,Brazil,93.8511
2018-03-31,CA,Canada,154.2148
2018-03-31,CH,Switzerland,128.5361
2018-03-31,CL,Chile,166.7
2018-03-31,CN,China,103.5601
2018-03-31,CO,Colombia,135.8299
2018-03-31,CY,Cyprus,75.3149
2018-03-31,CZ,Czechia,116.9162
2018-03-31,DE,Germany,126.3962
2018-03-31,DK,Denmark,113.2384
2018-03-31,EE,Estonia,153.2383
2018-03-31,ES,Spain,78.6409
2018-03-31,FI,Finland,99.1115
2018-03-31,FR,France,98.116
2018-03-31,GB,United Kingdom,112.5418
2018-03-31,GR,Greece,63.3173
2018-03-31,HK,Hong Kong SAR,185.6542
2018-03-31,HR,Croatia,92.0577
2018-03-31,HU,Hungary,127.6353
2018-03-31,ID,Indonesia,104.1168
2018-03-31,IE,Ireland,114.7648
2018-03-31,IL,Israel,145.8647
2018-03-31,IN,India,173.4163
2018-03-31,IS,Iceland,157.7624
2018-03-31,IT,Italy,76.3387
2018-03-31,JP,Japan,107.357
2018-03-31,KR,Korea,104.2236
2018-03-31,LT,Lithuania,124.1875
2018-03-31,LU,Luxembourg,131.5551
2018-03-31,LV,Latvia,139.7979
2018-03-31,MA,Morocco,97.4644
2018-03-31,MK,North Macedonia,85.3961
2018-03-31,MT,Malta,110.7618
2018-03-31,MX,Mexico,116.6998
2018-03-31,MY,Malaysia,156.3015
2018-03-31,NL,Netherlands,96.6843
2018-03-31,NO,Norway,126.2733
2018-03-31,NZ,New Zealand,153.549
2018-03-31,PE,Peru,132.9332
2018-03-31,PH,Philippines,147.2966
2018-03-31,PL,Poland,93.0472
2018-03-31,PT,Portugal,107.5455
2018-03-31,RO,Romania,82.3379
2018-03-31,RS,Serbia,87.1591
2018-03-31,RU,Russia,52.4785
2018-03-31,SE,Sweden,142.7663
2018-03-31,SG,Singapore,95.4577
2018-03-31,SI,Slovenia,93.439
2018-03-31,SK,Slovakia,110.4229
2018-03-31,TH,Thailand,136.4653
2018-03-31,TR,Türkiye,122.6243
2018-03-31,US,United States,127.0947
2018-03-31,XM,Euro area,101.0665
2018-03-31,XW,World,113.0929
2018-03-31,ZA,South Africa,98.4068
2018-06-30,4T,Emerging market economies (aggregate),112.0479
2018-06-30,5R,Advanced economies,115.9362
2018-06-30,AT,Austria,133.7521
2018-06-30,AU,Australia,119.8216
2018-06-30,BE,Belgium,102.9604
2018-06-30,BG,Bulgaria,106.2064
2018-06-30,BR,Brazil,93.1208
2018-06-30,CA,Canada,154.9223
2018-06-30,CH,Switzerland,129.4832
2018-06-30,CL,Chile,169.8549
2018-06-30,CN,China,105.8087
2018-06-30,CO,Colombia,139.2851
2018-06-30,CY,Cyprus,73.9176
2018-06-30,CZ,Czechia,119.5485
2018-06-30,DE,Germany,127.2211
2018-06-30,DK,Denmark,116.6126
2018-06-30,EE,Estonia,153.0713
2018-06-30,ES,Spain,79.3485
2018-06-30,FI,Finland,99.6548
2018-06-30,FR,France,97.8553
2018-06-30,GB,United Kingdom,112.8496
2018-06-30,GR,Greece,62.5845
2018-06-30,HK,Hong Kong SAR,195.1355
2018-06-30,HR,Croatia,90.9027
2018-06-30,HU,Hungary,129.5149
2018-06-30,ID,Indonesia,104.0773
2018-06-30,IE,Ireland,116.6199
2018-06-30,IL,Israel,145.2751
2018-06-30,IN,India,176.13
2018-06-30,IS,Iceland,157.54
2018-06-30,IT,Italy,76.4543
2018-06-30,JP,Japan,107.0894
2018-06-30,KR,Korea,104.4072
2018-06-30,LT,Lithuania,126.1896
2018-06-30,LU,Luxembourg,131.295
2018-06-30,LV,Latvia,141.9212
2018-06-30,MA,Morocco,96.6044
2018-06-30,MK,North Macedonia,83.8669
2018-06-30,MT,Malta,113.9443
2018-06-30,MX,Mexico,119.3621
2018-06-30,MY,Malaysia,158.6842
2018-06-30,NL,Netherlands,97.5739
2018-06-30,NO,Norway,129.7833
2018-06-30,NZ,New Zealand,153.2842
2018-06-30,PE,Peru,131.0152
2018-06-30,PH,Philippines,146.5649
2018-06-30,PL,Poland,94.6378
2018-06-30,PT,Portugal,107.9263
2018-06-30,RO,Romania,84.1906
2018-06-30,RS,Serbia,88.0613
2018-06-30,RU,Russia,52.3306
2018-06-30,SE,Sweden,142.248
2018-06-30,SG,Singapore,98.7191
2018-06-30,SI,Slovenia,93.1655
2018-06-30,SK,Slovakia,110.8674
2018-06-30,TH,Thailand,135.7611
2018-06-30,TR,Türkiye,120.7603
2018-06-30,US,United States,127.2577
2018-06-30,XM,Euro area,100.8477
2018-06-30,XW,World,113.8705
2018-06-30,ZA,South Africa,97.8362
2018-09-30,4T,Emerging market economies (aggregate),112.7391
2018-09-30,5R,Advanced economies,116.7045
2018-09-30,AT,Austria,137.1799
2018-09-30,AU,Australia,117.5022
2018-09-30,BE,Belgium,104.3403
2018-09-30,BG,Bulgaria,106.0288
2018-09-30,BR,Brazil,92.2261
2018-09-30,CA,Canada,154.4876
2018-09-30,CH,Switzerland,130.421
2018-09-30,CL,Chile,175.1666
2018-09-30,CN,China,108.0745
2018-09-30,CO,Colombia,138.2744
2018-09-30,CY,Cyprus,74.2231
2018-09-30,CZ,Czechia,121.8618
2018-09-30,DE,Germany,128.7033
2018-09-30,DK,Denmark,116.4243
2018-09-30,EE,Estonia,151.6256
2018-09-30,ES,Spain,81.1445
2018-09-30,FI,Finland,98.9438
2018-09-30,FR,France,99.5714
2018-09-30,GB,United Kingdom,114.2754
2018-09-30,GR,Greece,63.543
2018-09-30,HK,Hong Kong SAR,198.5265
2018-09-30,HR,Croatia,94.0454
2018-09-30,HU,Hungary,133.8199
2018-09-30,ID,Indonesia,103.7329
2018-09-30,IE,Ireland,118.3497
2018-09-30,IL,Israel,144.3486
2018-09-30,IN,India,174.6793
2018-09-30,IS,Iceland,159.283
2018-09-30,IT,Italy,75.3603
2018-09-30,JP,Japan,106.7433
2018-09-30,KR,Korea,104.5649
2018-09-30,LT,Lithuania,127.7901
2018-09-30,LU,Luxembourg,132.7061
2018-09-30,LV,Latvia,140.4765
2018-09-30,MA,Morocco,96.9622
2018-09-30,MK,North Macedonia,84.7212
2018-09-30,MT,Malta,117.2851
2018-09-30,MX,Mexico,120.5239
2018-09-30,MY,Malaysia,161.0711
2018-09-30,NL,Netherlands,99.6997
2018-09-30,NO,Norway,126.824
2018-09-30,NZ,New Zealand,153.3845
2018-09-30,PE,Peru,133.2119
2018-09-30,PH,Philippines,143.09
2018-09-30,PL,Poland,95.8706
2018-09-30,PT,Portugal,109.2836
2018-09-30,RO,Romania,83.456
2018-09-30,RS,Serbia,89.7101
2018-09-30,RU,Russia,52.282
2018-09-30,SE,Sweden,142.5448
2018-09-30,SG,Singapore,98.8157
2018-09-30,SI,Slovenia,95.6228
2018-09-30,SK,Slovakia,110.3619
2018-09-30,TH,Thailand,137.2127
2018-09-30,TR,Türkiye,113.9486
2018-09-30,US,United States,128.1105
2018-09-30,XM,Euro area,102.186
2018-09-30,XW,World,114.5989
2018-09-30,ZA,South Africa,97.3354
2018-12-31,4T,Emerging market economies (aggregate),113.4772
2018-12-31,5R,Advanced economies,117.0256
2018-12-31,AT,Austria,135.9921
2018-12-31,AU,Australia,114.1226
2018-12-31,BE,Belgium,103.0205
2018-12-31,BG,Bulgaria,106.1453
2018-12-31,BR,Brazil,92.1763
2018-12-31,CA,Canada,154.3539
2018-12-31,CH,Switzerland,132.3951
2018-12-31,CL,Chile,178.0261
2018-12-31,CN,China,109.4386
2018-12-31,CO,Colombia,136.402
2018-12-31,CY,Cyprus,74.411
2018-12-31,CZ,Czechia,123.9897
2018-12-31,DE,Germany,130.4761
2018-12-31,DK,Denmark,115.4446
2018-12-31,EE,Estonia,155.4546
2018-12-31,ES,Spain,80.7369
2018-12-31,FI,Finland,98.2446
2018-12-31,FR,France,99.5792
2018-12-31,GB,United Kingdom,113.0424
2018-12-31,GR,Greece,63.6859
2018-12-31,HK,Hong Kong SAR,184.9372
2018-12-31,HR,Croatia,94.3839
2018-12-31,HU,Hungary,136.6918
2018-12-31,ID,Indonesia,103.5621
2018-12-31,IE,Ireland,119.8911
2018-12-31,IL,Israel,143.4869
2018-12-31,IN,India,176.6471
2018-12-31,IS,Iceland,159.3714
2018-12-31,IT,Italy,75.5416
2018-12-31,JP,Japan,105.7835
2018-12-31,KR,Korea,106.019
2018-12-31,LT,Lithuania,127.6413
2018-12-31,LU,Luxembourg,135.5324
2018-12-31,LV,Latvia,144.1942
2018-12-31,MA,Morocco,97.4923
2018-12-31,MK,North Macedonia,84.4105
2018-12-31,MT,Malta,120.2758
2018-12-31,MX,Mexico,120.655
2018-12-31,MY,Malaysia,159.9612
2018-12-31,NL,Netherlands,101.1537
2018-12-31,NO,Norway,123.4341
2018-12-31,NZ,New Zealand,154.5951
2018-12-31,PE,Peru,132.9888
2018-12-31,PH,Philippines,143.68
2018-12-31,PL,Poland,97.6324
2018-12-31,PT,Portugal,111.3014
2018-12-31,RO,Romania,83.4046
2018-12-31,RS,Serbia,91.5458
2018-12-31,RU,Russia,52.6711
2018-12-31,SE,Sweden,142.032
2018-12-31,SG,Singapore,98.7985
2018-12-31,SI,Slovenia,97.3714
2018-12-31,SK,Slovakia,113.3551
2018-12-31,TH,Thailand,137.8962
2018-12-31,TR,Türkiye,107.8824
2018-12-31,US,United States,129.2797
2018-12-31,XM,Euro area,102.6828
2018-12-31,XW,World,115.1329
2018-12-31,ZA,South Africa,97.3577
2019-03-31,4T,Emerging market economies (aggregate),113.7019
2019-03-31,5R,Advanced economies,117.8598
2019-03-31,AT,Austria,138.2867
2019-03-31,AU,Australia,110.7129
2019-03-31,BE,Belgium,103.7313
2019-03-31,BG,Bulgaria,107.9245
2019-03-31,BR,Brazil,92.1051
2019-03-31,CA,Canada,152.6572
2019-03-31,CH,Switzerland,133.8151
2019-03-31,CL,Chile,179.2206
2019-03-31,CN,China,109.4584
2019-03-31,CO,Colombia,139.0497
2019-03-31,CY,Cyprus,76.1534
2019-03-31,CZ,Czechia,124.9259
2019-03-31,DE,Germany,131.2742
2019-03-31,DK,Denmark,115.303
2019-03-31,EE,Estonia,158.6708
2019-03-31,ES,Spain,83.1206
2019-03-31,FI,Finland,98.3187
2019-03-31,FR,France,99.7812
2019-03-31,GB,United Kingdom,112.0354
2019-03-31,GR,Greece,66.3542
2019-03-31,HK,Hong Kong SAR,183.9822
2019-03-31,HR,Croatia,98.8432
2019-03-31,HU,Hungary,147.2772
2019-03-31,ID,Indonesia,103.1088
2019-03-31,IE,Ireland,118.8369
2019-03-31,IL,Israel,145.2189
2019-03-31,IN,India,175.401
2019-03-31,IS,Iceland,159.7042
2019-03-31,IT,Italy,74.9964
2019-03-31,JP,Japan,109.4676
2019-03-31,KR,Korea,106.4373
2019-03-31,LT,Lithuania,131.1393
2019-03-31,LU,Luxembourg,136.4694
2019-03-31,LV,Latvia,144.5873
2019-03-31,MA,Morocco,97.0499
2019-03-31,MK,North Macedonia,85.7691
2019-03-31,MT,Malta,115.9673
2019-03-31,MX,Mexico,122.2262
2019-03-31,MY,Malaysia,160.7118
2019-03-31,NL,Netherlands,102.1897
2019-03-31,NO,Norway,126.3582
2019-03-31,NZ,New Zealand,155.2219
2019-03-31,PE,Peru,133.5102
2019-03-31,PH,Philippines,146.1543
2019-03-31,PL,Poland,99.3755
2019-03-31,PT,Portugal,116.5876
2019-03-31,RO,Romania,82.0987
2019-03-31,RS,Serbia,92.8658
2019-03-31,RU,Russia,53.52
2019-03-31,SE,Sweden,142.2731
2019-03-31,SG,Singapore,97.95
2019-03-31,SI,Slovenia,99.1937
2019-03-31,SK,Slovakia,113.9714
2019-03-31,TH,Thailand,136.7499
2019-03-31,TR,Türkiye,106.4432
2019-03-31,US,United States,129.8336
2019-03-31,XM,Euro area,103.8144
2019-03-31,XW,World,115.6524
2019-03-31,ZA,South Africa,97.5336
2019-06-30,4T,Emerging market economies (aggregate),114.3202
2019-06-30,5R,Advanced economies,117.6585
2019-06-30,AT,Austria,138.8119
2019-06-30,AU,Australia,109.2496
2019-06-30,BE,Belgium,104.142
2019-06-30,BG,Bulgaria,107.9191
2019-06-30,BR,Brazil,91.8981
2019-06-30,CA,Canada,151.9562
2019-06-30,CH,Switzerland,133.3532
2019-06-30,CL,Chile,178.441
2019-06-30,CN,China,110.5525
2019-06-30,CO,Colombia,139.1056
2019-06-30,CY,Cyprus,75.7153
2019-06-30,CZ,Czechia,127.1029
2019-06-30,DE,Germany,132.5803
2019-06-30,DK,Denmark,117.2997
2019-06-30,EE,Estonia,157.3163
2019-06-30,ES,Spain,82.8792
2019-06-30,FI,Finland,99.128
2019-06-30,FR,France,99.8628
2019-06-30,GB,United Kingdom,111.7198
2019-06-30,GR,Greece,67.1188
2019-06-30,HK,Hong Kong SAR,194.735
2019-06-30,HR,Croatia,99.4129
2019-06-30,HU,Hungary,149.3897
2019-06-30,ID,Indonesia,102.1774
2019-06-30,IE,Ireland,118.1429
2019-06-30,IL,Israel,145.2855
2019-06-30,IN,India,176.6823
2019-06-30,IS,Iceland,158.7195
2019-06-30,IT,Italy,75.7225
2019-06-30,JP,Japan,108.3459
2019-06-30,KR,Korea,105.6499
2019-06-30,LT,Lithuania,131.0213
2019-06-30,LU,Luxembourg,142.1326
2019-06-30,LV,Latvia,148.296
2019-06-30,MA,Morocco,95.8467
2019-06-30,MK,North Macedonia,87.4759
2019-06-30,MT,Malta,118.7142
2019-06-30,MX,Mexico,125.0465
2019-06-30,MY,Malaysia,161.3558
2019-06-30,NL,Netherlands,102.4188
2019-06-30,NO,Norway,129.1091
2019-06-30,NZ,New Zealand,153.7778
2019-06-30,PE,Peru,133.8241
2019-06-30,PH,Philippines,150.9074
2019-06-30,PL,Poland,100.0423
2019-06-30,PT,Portugal,117.5242
2019-06-30,RO,Romania,82.2977
2019-06-30,RS,Serbia,94.3501
2019-06-30,RU,Russia,53.2881
2019-06-30,SE,Sweden,142.4415
2019-06-30,SG,Singapore,99.1338
2019-06-30,SI,Slovenia,98.4469
2019-06-30,SK,Slovakia,117.0503
2019-06-30,TH,Thailand,136.4993
2019-06-30,TR,Türkiye,104.9626
2019-06-30,US,United States,129.5824
2019-06-30,XM,Euro area,103.8077
2019-06-30,XW,World,115.8748
2019-06-30,ZA,South Africa,96.1274
2019-09-30,4T,Emerging market economies (aggregate),114.3978
2019-09-30,5R,Advanced economies,118.6941
2019-09-30,AT,Austria,138.3395
2019-09-30,AU,Australia,111.2957
2019-09-30,BE,Belgium,107.5508
2019-09-30,BG,Bulgaria,108.9817
2019-09-30,BR,Brazil,92.8733
2019-09-30,CA,Canada,151.84
2019-09-30,CH,Switzerland,134.1788
2019-09-30,CL,Chile,184.562
2019-09-30,CN,China,110.3512
2019-09-30,CO,Colombia,140.942
2019-09-30,CY,Cyprus,76.7896
2019-09-30,CZ,Czechia,128.8327
2019-09-30,DE,Germany,133.676
2019-09-30,DK,Denmark,118.5537
2019-09-30,EE,Estonia,160.365
2019-09-30,ES,Spain,84.7721
2019-09-30,FI,Finland,98.5282
2019-09-30,FR,France,101.9358
2019-09-30,GB,United Kingdom,113.0235
2019-09-30,GR,Greece,68.8516
2019-09-30,HK,Hong Kong SAR,189.6288
2019-09-30,HR,Croatia,100.39
2019-09-30,HU,Hungary,151.4379
2019-09-30,ID,Indonesia,101.5732
2019-09-30,IE,Ireland,119.5683
2019-09-30,IL,Israel,146.4848
2019-09-30,IN,India,174.1405
2019-09-30,IS,Iceland,159.6643
2019-09-30,IT,Italy,75.3575
2019-09-30,JP,Japan,107.673
2019-09-30,KR,Korea,105.6926
2019-09-30,LT,Lithuania,132.6955
2019-09-30,LU,Luxembourg,145.1473
2019-09-30,LV,Latvia,153.7854
2019-09-30,MA,Morocco,96.6992
2019-09-30,MK,North Macedonia,85.5902
2019-09-30,MT,Malta,122.4798
2019-09-30,MX,Mexico,126.5091
2019-09-30,MY,Malaysia,162.3719
2019-09-30,NL,Netherlands,103.3035
2019-09-30,NO,Norway,127.7064
2019-09-30,NZ,New Zealand,155.8488
2019-09-30,PE,Peru,133.1767
2019-09-30,PH,Philippines,151.044
2019-09-30,PL,Poland,101.8332
2019-09-30,PT,Portugal,121.2263
2019-09-30,RO,Romania,83.7472
2019-09-30,RS,Serbia,97.5115
2019-09-30,RU,Russia,54.1946
2019-09-30,SE,Sweden,144.5439
2019-09-30,SG,Singapore,100.5055
2019-09-30,SI,Slovenia,100.36
2019-09-30,SK,Slovakia,119.7056
2019-09-30,TH,Thailand,134.2889
2019-09-30,TR,Türkiye,105.1617
2019-09-30,US,United States,130.7414
2019-09-30,XM,Euro area,105.354
2019-09-30,XW,World,116.4164
2019-09-30,ZA,South Africa,95.4692
2019-12-31,4T,Emerging market economies (aggregate),113.8921
2019-12-31,5R,Advanced economies,119.4701
2019-12-31,AT,Austria,138.2725
2019-12-31,AU,Australia,114.8594
2019-12-31,BE,Belgium,106.8041
2019-12-31,BG,Bulgaria,109.4062
2019-12-31,BR,Brazil,93.603
2019-12-31,CA,Canada,153.6678
2019-12-31,CH,Switzerland,137.0585
2019-12-31,CL,Chile,187.0355
2019-12-31,CN,China,108.7462
2019-12-31,CO,Colombia,139.8917
2019-12-31,CY,Cyprus,76.2045
2019-12-31,CZ,Czechia,131.0295
2019-12-31,DE,Germany,137.2816
2019-12-31,DK,Denmark,117.4249
2019-12-31,EE,Estonia,165.3539
2019-12-31,ES,Spain,83.3471
2019-12-31,FI,Finland,97.6138
2019-12-31,FR,France,102.2358
2019-12-31,GB,United Kingdom,112.4384
2019-12-31,GR,Greece,68.3864
2019-12-31,HK,Hong Kong SAR,185.5009
2019-12-31,HR,Croatia,102.3129
2019-12-31,HU,Hungary,149.1813
2019-12-31,ID,Indonesia,101.8454
2019-12-31,IE,Ireland,119.6039
2019-12-31,IL,Israel,147.9625
2019-12-31,IN,India,171.9146
2019-12-31,IS,Iceland,162.1573
2019-12-31,IT,Italy,75.4973
2019-12-31,JP,Japan,106.2404
2019-12-31,KR,Korea,105.7758
2019-12-31,LT,Lithuania,133.2448
2019-12-31,LU,Luxembourg,147.9132
2019-12-31,LV,Latvia,153.55
2019-12-31,MA,Morocco,96.0018
2019-12-31,MK,North Macedonia,87.0758
2019-12-31,MT,Malta,125.5552
2019-12-31,MX,Mexico,126.1846
2019-12-31,MY,Malaysia,161.2281
2019-12-31,NL,Netherlands,104.9487
2019-12-31,NO,Norway,124.6355
2019-12-31,NZ,New Zealand,159.0308
2019-12-31,PE,Peru,129.7182
2019-12-31,PH,Philippines,154.2029
2019-12-31,PL,Poland,104.1111
2019-12-31,PT,Portugal,122.5331
2019-12-31,RO,Romania,83.7585
2019-12-31,RS,Serbia,100.0628
2019-12-31,RU,Russia,54.2619
2019-12-31,SE,Sweden,144.2116
2019-12-31,SG,Singapore,100.8014
2019-12-31,SI,Slovenia,100.5236
2019-12-31,SK,Slovakia,122.2295
2019-12-31,TH,Thailand,140.1918
2019-12-31,TR,Türkiye,105.4104
2019-12-31,US,United States,132.3902
2019-12-31,XM,Euro area,106.0578
2019-12-31,XW,World,116.5295
2019-12-31,ZA,South Africa,95.7649
2020-03-31,4T,Emerging market economies (aggregate),113.7454
2020-03-31,5R,Advanced economies,120.968
2020-03-31,AT,Austria,140.347
2020-03-31,AU,Australia,116.2681
2020-03-31,BE,Belgium,106.5837
2020-03-31,BG,Bulgaria,109.0352
2020-03-31,BR,Brazil,94.1283
2020-03-31,CA,Canada,156.3436
2020-03-31,CH,Switzerland,136.203
2020-03-31,CL,Chile,188.3263
2020-03-31,CN,China,107.1595
2020-03-31,CO,Colombia,140.7804
2020-03-31,CY,Cyprus,76.7185
2020-03-31,CZ,Czechia,130.9984
2020-03-31,DE,Germany,138.157
2020-03-31,DK,Denmark,117.9345
2020-03-31,EE,Estonia,174.2705
2020-03-31,ES,Spain,85.3432
2020-03-31,FI,Finland,98.6355
2020-03-31,FR,France,103.416
2020-03-31,GB,United Kingdom,112.1297
2020-03-31,GR,Greece,70.564
2020-03-31,HK,Hong Kong SAR,184.6611
2020-03-31,HR,Croatia,105.6879
2020-03-31,HU,Hungary,152.906
2020-03-31,ID,Indonesia,101.3679
2020-03-31,IE,Ireland,118.7668
2020-03-31,IL,Israel,150.0784
2020-03-31,IN,India,170.8349
2020-03-31,IS,Iceland,165.0769
2020-03-31,IT,Italy,76.0207
2020-03-31,JP,Japan,108.3034
2020-03-31,KR,Korea,106.5688
2020-03-31,LT,Lithuania,135.9134
2020-03-31,LU,Luxembourg,153.6782
2020-03-31,LV,Latvia,154.203
2020-03-31,MA,Morocco,95.1224
2020-03-31,MK,North Macedonia,87.2295
2020-03-31,MT,Malta,121.0179
2020-03-31,MX,Mexico,126.5326
2020-03-31,MY,Malaysia,162.268
2020-03-31,NL,Netherlands,107.4667
2020-03-31,NO,Norway,127.2266
2020-03-31,NZ,New Zealand,162.8244
2020-03-31,PE,Peru,130.6543
2020-03-31,PH,Philippines,153.5524
2020-03-31,PL,Poland,105.7661
2020-03-31,PT,Portugal,128.4007
2020-03-31,RO,Romania,86.1575
2020-03-31,RS,Serbia,101.5052
2020-03-31,RU,Russia,55.9796
2020-03-31,SE,Sweden,147.2861
2020-03-31,SG,Singapore,99.8851
2020-03-31,SI,Slovenia,102.3541
2020-03-31,SK,Slovakia,125.4768
2020-03-31,TH,Thailand,141.8771
2020-03-31,TR,Türkiye,109.111
2020-03-31,US,United States,133.7952
2020-03-31,XM,Euro area,107.9207
2020-03-31,XW,World,117.1612
2020-03-31,ZA,South Africa,94.5002
2020-06-30,4T,Emerging market economies (aggregate),115.3528
2020-06-30,5R,Advanced economies,122.1232
2020-06-30,AT,Austria,144.5
2020-06-30,AU,Australia,116.4373
2020-06-30,BE,Belgium,107.992
2020-06-30,BG,Bulgaria,109.4364
2020-06-30,BR,Brazil,96.4842
2020-06-30,CA,Canada,160.5375
2020-06-30,CH,Switzerland,138.3871
2020-06-30,CL,Chile,189.7728
2020-06-30,CN,China,109.9375
2020-06-30,CO,Colombia,136.5995
2020-06-30,CY,Cyprus,78.6282
2020-06-30,CZ,Czechia,132.8256
2020-06-30,DE,Germany,140.1668
2020-06-30,DK,Denmark,120.556
2020-06-30,EE,Estonia,165.6087
2020-06-30,ES,Spain,85.2467
2020-06-30,FI,Finland,99.9879
2020-06-30,FR,France,104.7395
2020-06-30,GB,United Kingdom,112.3348
2020-06-30,GR,Greece,70.9774
2020-06-30,HK,Hong Kong SAR,186.5493
2020-06-30,HR,Croatia,107.7155
2020-06-30,HU,Hungary,149.5233
2020-06-30,ID,Indonesia,101.3277
2020-06-30,IE,Ireland,118.8835
2020-06-30,IL,Israel,150.2201
2020-06-30,IN,India,170.5077
2020-06-30,IS,Iceland,165.2172
2020-06-30,IT,Italy,78.3964
2020-06-30,JP,Japan,107.3862
2020-06-30,KR,Korea,108.1684
2020-06-30,LT,Lithuania,139.0722
2020-06-30,LU,Luxembourg,160.1422
2020-06-30,LV,Latvia,151.2184
2020-06-30,MA,Morocco,90.6171
2020-06-30,MK,North Macedonia,88.3599
2020-06-30,MT,Malta,122.5136
2020-06-30,MX,Mexico,128.69
2020-06-30,MY,Malaysia,167.934
2020-06-30,NL,Netherlands,109.1406
2020-06-30,NO,Norway,131.1751
2020-06-30,NZ,New Zealand,161.8924
2020-06-30,PE,Peru,131.3619
2020-06-30,PH,Philippines,160.9517
2020-06-30,PL,Poland,107.5437
2020-06-30,PT,Portugal,129.297
2020-06-30,RO,Romania,85.5352
2020-06-30,RS,Serbia,104.2668
2020-06-30,RU,Russia,55.8535
2020-06-30,SE,Sweden,146.9085
2020-06-30,SG,Singapore,101.0241
2020-06-30,SI,Slovenia,104.5479
2020-06-30,SK,Slovakia,125.9768
2020-06-30,TH,Thailand,146.2428
2020-06-30,TR,Türkiye,112.4418
2020-06-30,US,United States,135.668
2020-06-30,XM,Euro area,108.8645
2020-06-30,XW,World,118.5564
2020-06-30,ZA,South Africa,95.0281
2020-09-30,4T,Emerging market economies (aggregate),115.4441
2020-09-30,5R,Advanced economies,124.1331
2020-09-30,AT,Austria,149.191
2020-09-30,AU,Australia,115.5427
2020-09-30,BE,Belgium,110.0807
2020-09-30,BG,Bulgaria,113.3543
2020-09-30,BR,Brazil,97.9503
2020-09-30,CA,Canada,161.8974
2020-09-30,CH,Switzerland,138.8481
2020-09-30,CL,Chile,186.7171
2020-09-30,CN,China,110.3074
2020-09-30,CO,Colombia,139.7505
2020-09-30,CY,Cyprus,78.6593
2020-09-30,CZ,Czechia,135.1162
2020-09-30,DE,Germany,145.4717
2020-09-30,DK,Denmark,122.8021
2020-09-30,EE,Estonia,168.2167
2020-09-30,ES,Spain,86.7484
2020-09-30,FI,Finland,99.8756
2020-09-30,FR,France,106.5584
2020-09-30,GB,United Kingdom,115.1981
2020-09-30,GR,Greece,72.9046
2020-09-30,HK,Hong Kong SAR,190.94
2020-09-30,HR,Croatia,107.4077
2020-09-30,HU,Hungary,153.1086
2020-09-30,ID,Indonesia,101.5166
2020-09-30,IE,Ireland,119.7115
2020-09-30,IL,Israel,151.6165
2020-09-30,IN,India,164.7084
2020-09-30,IS,Iceland,166.6441
2020-09-30,IT,Italy,76.5253
2020-09-30,JP,Japan,107.5465
2020-09-30,KR,Korea,109.6809
2020-09-30,LT,Lithuania,139.787
2020-09-30,LU,Luxembourg,164.0191
2020-09-30,LV,Latvia,156.4434
2020-09-30,MA,Morocco,94.8135
2020-09-30,MK,North Macedonia,86.8618
2020-09-30,MT,Malta,125.1682
2020-09-30,MX,Mexico,127.8991
2020-09-30,MY,Malaysia,164.9565
2020-09-30,NL,Netherlands,110.7603
2020-09-30,NO,Norway,131.9218
2020-09-30,NZ,New Zealand,168.9748
2020-09-30,PE,Peru,131.4962
2020-09-30,PH,Philippines,156.9651
2020-09-30,PL,Poland,109.6267
2020-09-30,PT,Portugal,129.6239
2020-09-30,RO,Romania,82.9095
2020-09-30,RS,Serbia,107.2437
2020-09-30,RU,Russia,57.3727
2020-09-30,SE,Sweden,149.0621
2020-09-30,SG,Singapore,101.4285
2020-09-30,SI,Slovenia,103.7459
2020-09-30,SK,Slovakia,127.7852
2020-09-30,TH,Thailand,141.6167
2020-09-30,TR,Türkiye,120.9069
2020-09-30,US,United States,138.4143
2020-09-30,XM,Euro area,110.8911
2020-09-30,XW,World,119.5516
2020-09-30,ZA,South Africa,95.2068
2020-12-31,4T,Emerging market economies (aggregate),116.2096
2020-12-31,5R,Advanced economies,127.1362
2020-12-31,AT,Austria,150.1949
2020-12-31,AU,Australia,117.9981
2020-12-31,BE,Belgium,112.4435
2020-12-31,BG,Bulgaria,114.7911
2020-12-31,BR,Brazil,97.8208
2020-12-31,CA,Canada,165.2185
2020-12-31,CH,Switzerland,142.3288
2020-12-31,CL,Chile,189.9794
2020-12-31,CN,China,111.2144
2020-12-31,CO,Colombia,140.0495
2020-12-31,CY,Cyprus,77.4396
2020-12-31,CZ,Czechia,139.0651
2020-12-31,DE,Germany,149.4374
2020-12-31,DK,Denmark,125.2447
2020-12-31,EE,Estonia,175.3265
2020-12-31,ES,Spain,85.3643
2020-12-31,FI,Finland,100.8722
2020-12-31,FR,France,108.1313
2020-12-31,GB,United Kingdom,118.3291
2020-12-31,GR,Greece,72.0312
2020-12-31,HK,Hong Kong SAR,186.4041
2020-12-31,HR,Croatia,109.111
2020-12-31,HU,Hungary,151.1723
2020-12-31,ID,Indonesia,101.4023
2020-12-31,IE,Ireland,121.8529
2020-12-31,IL,Israel,154.4853
2020-12-31,IN,India,165.2078
2020-12-31,IS,Iceland,168.7502
2020-12-31,IT,Italy,76.832
2020-12-31,JP,Japan,108.879
2020-12-31,KR,Korea,112.8457
2020-12-31,LT,Lithuania,145.0005
2020-12-31,LU,Luxembourg,171.6163
2020-12-31,LV,Latvia,157.9985
2020-12-31,MA,Morocco,97.1622
2020-12-31,MK,North Macedonia,86.8267
2020-12-31,MT,Malta,127.2179
2020-12-31,MX,Mexico,128.4474
2020-12-31,MY,Malaysia,165.7071
2020-12-31,NL,Netherlands,112.8903
2020-12-31,NO,Norway,132.2949
2020-12-31,NZ,New Zealand,181.9659
2020-12-31,PE,Peru,132.1357
2020-12-31,PH,Philippines,155.7586
2020-12-31,PL,Poland,110.3555
2020-12-31,PT,Portugal,132.5026
2020-12-31,RO,Romania,83.9652
2020-12-31,RS,Serbia,111.0701
2020-12-31,RU,Russia,59.2185
2020-12-31,SE,Sweden,151.3301
2020-12-31,SG,Singapore,103.1341
2020-12-31,SI,Slovenia,106.4764
2020-12-31,SK,Slovakia,128.9483
2020-12-31,TH,Thailand,142.317
2020-12-31,TR,Türkiye,121.9675
2020-12-31,US,United States,143.2022
2020-12-31,XM,Euro area,112.6582
2020-12-31,XW,World,121.3632
2020-12-31,ZA,South Africa,96.6818
2021-03-31,4T,Emerging market economies (aggregate),116.2108
2021-03-31,5R,Advanced economies,129.4641
2021-03-31,AT,Austria,155.5338
2021-03-31,AU,Australia,123.6324
2021-03-31,BE,Belgium,112.6126
2021-03-31,BG,Bulgaria,117.29
2021-03-31,BR,Brazil,97.5599
2021-03-31,CA,Canada,167.6074
2021-03-31,CH,Switzerland,142.0726
2021-03-31,CL,Chile,197.9004
2021-03-31,CN,China,110.5531
2021-03-31,CO,Colombia,141.6724
2021-03-31,CY,Cyprus,78.5138
2021-03-31,CZ,Czechia,145.3161
2021-03-31,DE,Germany,148.8581
2021-03-31,DK,Denmark,127.7322
2021-03-31,EE,Estonia,184.5691
2021-03-31,ES,Spain,85.6366
2021-03-31,FI,Finland,101.6624
2021-03-31,FR,France,108.334
2021-03-31,GB,United Kingdom,119.9913
2021-03-31,GR,Greece,74.9826
2021-03-31,HK,Hong Kong SAR,186.4898
2021-03-31,HR,Croatia,110.3168
2021-03-31,HU,Hungary,162.5724
2021-03-31,ID,Indonesia,100.8933
2021-03-31,IE,Ireland,122.6536
2021-03-31,IL,Israel,157.134
2021-03-31,IN,India,167.2228
2021-03-31,IS,Iceland,171.9056
2021-03-31,IT,Italy,76.9082
2021-03-31,JP,Japan,112.5527
2021-03-31,KR,Korea,115.8442
2021-03-31,LT,Lithuania,150.9104
2021-03-31,LU,Luxembourg,177.7921
2021-03-31,LV,Latvia,158.7857
2021-03-31,MA,Morocco,95.5972
2021-03-31,MK,North Macedonia,88.0847
2021-03-31,MT,Malta,126.1763
2021-03-31,MX,Mexico,129.6716
2021-03-31,MY,Malaysia,162.6052
2021-03-31,NL,Netherlands,116.5295
2021-03-31,NO,Norway,137.4302
2021-03-31,NZ,New Zealand,196.8574
2021-03-31,PE,Peru,130.1122
2021-03-31,PH,Philippines,153.6671
2021-03-31,PL,Poland,110.2567
2021-03-31,PT,Portugal,136.327
2021-03-31,RO,Romania,84.2366
2021-03-31,RS,Serbia,113.7759
2021-03-31,RU,Russia,58.9033
2021-03-31,SE,Sweden,155.5479
2021-03-31,SG,Singapore,105.7039
2021-03-31,SI,Slovenia,110.3709
2021-03-31,SK,Slovakia,126.6944
2021-03-31,TH,Thailand,144.022
2021-03-31,TR,Türkiye,124.1048
2021-03-31,US,United States,146.1806
2021-03-31,XM,Euro area,113.4328
2021-03-31,XW,World,122.4266
2021-03-31,ZA,South Africa,97.4488
2021-06-30,4T,Emerging market economies (aggregate),117.2875
2021-06-30,5R,Advanced economies,132.073
2021-06-30,AT,Austria,157.5014
2021-06-30,AU,Australia,130.957
2021-06-30,BE,Belgium,113.9179
2021-06-30,BG,Bulgaria,116.5089
2021-06-30,BR,Brazil,97.3371
2021-06-30,CA,Canada,176.253
2021-06-30,CH,Switzerland,144.1962
2021-06-30,CL,Chile,202.1669
2021-06-30,CN,China,112.6308
2021-06-30,CO,Colombia,142.3299
2021-06-30,CY,Cyprus,76.9845
2021-06-30,CZ,Czechia,151.2174
2021-06-30,DE,Germany,153.0005
2021-06-30,DK,Denmark,133.7554
2021-06-30,EE,Estonia,186.4331
2021-06-30,ES,Spain,85.85
2021-06-30,FI,Finland,103.3196
2021-06-30,FR,France,109.5723
2021-06-30,GB,United Kingdom,120.442
2021-06-30,GR,Greece,75.6339
2021-06-30,HK,Hong Kong SAR,189.6816
2021-06-30,HR,Croatia,112.4165
2021-06-30,HU,Hungary,166.1408
2021-06-30,ID,Indonesia,100.8077
2021-06-30,IE,Ireland,123.7376
2021-06-30,IL,Israel,159.6321
2021-06-30,IN,India,164.6467
2021-06-30,IS,Iceland,178.2031
2021-06-30,IT,Italy,77.6427
2021-06-30,JP,Japan,114.1526
2021-06-30,KR,Korea,119.2727
2021-06-30,LT,Lithuania,152.5878
2021-06-30,LU,Luxembourg,177.697
2021-06-30,LV,Latvia,165.6135
2021-06-30,MA,Morocco,91.3301
2021-06-30,MK,North Macedonia,89.5339
2021-06-30,MT,Malta,127.6435
2021-06-30,MX,Mexico,130.8693
2021-06-30,MY,Malaysia,162.8951
2021-06-30,NL,Netherlands,120.3924
2021-06-30,NO,Norway,143.3648
2021-06-30,NZ,New Zealand,201.3281
2021-06-30,PE,Peru,129.7524
2021-06-30,PH,Philippines,158.4439
2021-06-30,PL,Poland,111.5602
2021-06-30,PT,Portugal,138.3593
2021-06-30,RO,Romania,85.0666
2021-06-30,RS,Serbia,115.8033
2021-06-30,RU,Russia,60.2644
2021-06-30,SE,Sweden,160.0786
2021-06-30,SG,Singapore,105.8037
2021-06-30,SI,Slovenia,112.9619
2021-06-30,SK,Slovakia,129.0599
2021-06-30,TH,Thailand,144.0713
2021-06-30,TR,Türkiye,128.975
2021-06-30,US,United States,149.5414
2021-06-30,XM,Euro area,114.833
2021-06-30,XW,World,124.1983
2021-06-30,ZA,South Africa,97.6502
2021-09-30,4T,Emerging market economies (aggregate),117.3246
2021-09-30,5R,Advanced economies,135.1924
2021-09-30,AT,Austria,159.7536
2021-09-30,AU,Australia,136.3786
2021-09-30,BE,Belgium,115.3707
2021-09-30,BG,Bulgaria,118.7244
2021-09-30,BR,Brazil,96.1484
2021-09-30,CA,Canada,177.9225
2021-09-30,CH,Switzerland,147.2633
2021-09-30,CL,Chile,201.7403
2021-09-30,CN,China,112.9908
2021-09-30,CO,Colombia,142.6464
2021-09-30,CY,Cyprus,76.2411
2021-09-30,CZ,Czechia,158.5331
2021-09-30,DE,Germany,157.8694
2021-09-30,DK,Denmark,136.3299
2021-09-30,EE,Estonia,186.9596
2021-09-30,ES,Spain,87.3992
2021-09-30,FI,Finland,102.4554
2021-09-30,FR,France,112.2253
2021-09-30,GB,United Kingdom,121.4089
2021-09-30,GR,Greece,77.9059
2021-09-30,HK,Hong Kong SAR,193.6996
2021-09-30,HR,Croatia,113.6166
2021-09-30,HU,Hungary,170.1469
2021-09-30,ID,Indonesia,100.9689
2021-09-30,IE,Ireland,128.5944
2021-09-30,IL,Israel,162.5966
2021-09-30,IN,India,160.5066
2021-09-30,IS,Iceland,183.192
2021-09-30,IT,Italy,77.9488
2021-09-30,JP,Japan,116.4362
2021-09-30,KR,Korea,123.1007
2021-09-30,LT,Lithuania,157.6362
2021-09-30,LU,Luxembourg,181.4734
2021-09-30,LV,Latvia,169.41
2021-09-30,MA,Morocco,88.4018
2021-09-30,MK,North Macedonia,88.5943
2021-09-30,MT,Malta,129.8773
2021-09-30,MX,Mexico,131.3621
2021-09-30,MY,Malaysia,163.1997
2021-09-30,NL,Netherlands,125.9581
2021-09-30,NO,Norway,140.7633
2021-09-30,NZ,New Zealand,207.1979
2021-09-30,PE,Peru,124.7887
2021-09-30,PH,Philippines,158.3397
2021-09-30,PL,Poland,113.2813
2021-09-30,PT,Portugal,142.4144
2021-09-30,RO,Romania,83.5813
2021-09-30,RS,Serbia,118.7144
2021-09-30,RU,Russia,61.5081
2021-09-30,SE,Sweden,162.7373
2021-09-30,SG,Singapore,106.3555
2021-09-30,SI,Slovenia,114.6306
2021-09-30,SK,Slovakia,132.8882
2021-09-30,TH,Thailand,146.57
2021-09-30,TR,Türkiye,135.1324
2021-09-30,US,United States,153.3491
2021-09-30,XM,Euro area,117.7996
2021-09-30,XW,World,125.6217
2021-09-30,ZA,South Africa,97.1341
2021-12-31,4T,Emerging market economies (aggregate),117.0008
2021-12-31,5R,Advanced economies,136.7469
2021-12-31,AT,Austria,162.4165
2021-12-31,AU,Australia,141.0273
2021-12-31,BE,Belgium,113.2305
2021-12-31,BG,Bulgaria,117.2975
2021-12-31,BR,Brazil,93.9992
2021-12-31,CA,Canada,179.7469
2021-12-31,CH,Switzerland,150.5779
2021-12-31,CL,Chile,205.669
2021-12-31,CN,China,111.0876
2021-12-31,CO,Colombia,141.8304
2021-12-31,CY,Cyprus,76.0699
2021-12-31,CZ,Czechia,164.7857
2021-12-31,DE,Germany,160.839
2021-12-31,DK,Denmark,134.9888
2021-12-31,EE,Estonia,193.0393
2021-12-31,ES,Spain,85.7591
2021-12-31,FI,Finland,101.2913
2021-12-31,FR,France,112.5061
2021-12-31,GB,United Kingdom,121.0006
2021-12-31,GR,Greece,75.8914
2021-12-31,HK,Hong Kong SAR,189.3652
2021-12-31,HR,Croatia,114.0912
2021-12-31,HU,Hungary,173.3456
2021-12-31,ID,Indonesia,100.8287
2021-12-31,IE,Ireland,131.7516
2021-12-31,IL,Israel,168.4205
2021-12-31,IN,India,162.1969
2021-12-31,IS,Iceland,186.5079
2021-12-31,IT,Italy,77.1283
2021-12-31,JP,Japan,115.7451
2021-12-31,KR,Korea,126.1454
2021-12-31,LT,Lithuania,159.0293
2021-12-31,LU,Luxembourg,184.8283
2021-12-31,LV,Latvia,171.1651
2021-12-31,MA,Morocco,87.9482
2021-12-31,MK,North Macedonia,92.4909
2021-12-31,MT,Malta,129.8759
2021-12-31,MX,Mexico,130.3188
2021-12-31,MY,Malaysia,163.6655
2021-12-31,NL,Netherlands,127.7308
2021-12-31,NO,Norway,136.5252
2021-12-31,NZ,New Zealand,216.2783
2021-12-31,PE,Peru,120.9654
2021-12-31,PH,Philippines,159.9433
2021-12-31,PL,Poland,114.6312
2021-12-31,PT,Portugal,144.4226
2021-12-31,RO,Romania,83.8378
2021-12-31,RS,Serbia,120.455
2021-12-31,RU,Russia,62.8475
2021-12-31,SE,Sweden,162.4338
2021-12-31,SG,Singapore,109.9756
2021-12-31,SI,Slovenia,118.3488
2021-12-31,SK,Slovakia,135.3433
2021-12-31,TH,Thailand,143.1707
2021-12-31,TR,Türkiye,144.6049
2021-12-31,US,United States,156.874
2021-12-31,XM,Euro area,117.956
2021-12-31,XW,World,126.1316
2021-12-31,ZA,South Africa,97.1429
2022-03-31,4T,Emerging market economies (aggregate),117.0229
2022-03-31,5R,Advanced economies,138.7239
2022-03-31,AT,Austria,165.1251
2022-03-31,AU,Australia,141.8381
2022-03-31,BE,Belgium,110.7734
2022-03-31,BG,Bulgaria,118.3133
2022-03-31,BR,Brazil,92.1301
2022-03-31,CA,Canada,198.6872
2022-03-31,CH,Switzerland,148.9098
2022-03-31,CL,Chile,196.2258
2022-03-31,CN,China,109.3304
2022-03-31,CO,Colombia,141.7418
2022-03-31,CY,Cyprus,76.1672
2022-03-31,CZ,Czechia,162.6418
2022-03-31,DE,Germany,159.4002
2022-03-31,DK,Denmark,133.6648
2022-03-31,EE,Estonia,197.8654
2022-03-31,ES,Spain,86.1668
2022-03-31,FI,Finland,99.7913
2022-03-31,FR,France,111.8132
2022-03-31,GB,United Kingdom,122.2217
2022-03-31,GR,Greece,76.7863
2022-03-31,HK,Hong Kong SAR,183.5552
2022-03-31,HR,Croatia,117.8803
2022-03-31,HU,Hungary,185.0115
2022-03-31,ID,Indonesia,100.1885
2022-03-31,IE,Ireland,133.2734
2022-03-31,IL,Israel,175.1374
2022-03-31,IN,India,160.0698
2022-03-31,IS,Iceland,192.7946
2022-03-31,IT,Italy,76.1281
2022-03-31,JP,Japan,121.6587
2022-03-31,KR,Korea,125.5396
2022-03-31,LT,Lithuania,157.5889
2022-03-31,LU,Luxembourg,185.8934
2022-03-31,LV,Latvia,170.691
2022-03-31,MA,Morocco,86.9851
2022-03-31,MK,North Macedonia,91.972
2022-03-31,MT,Malta,129.3091
2022-03-31,MX,Mexico,130.2439
2022-03-31,MY,Malaysia,162.8527
2022-03-31,NL,Netherlands,129.0916
2022-03-31,NO,Norway,141.854
2022-03-31,NZ,New Zealand,209.1248
2022-03-31,PE,Peru,119.9112
2022-03-31,PH,Philippines,162.2014
2022-03-31,PL,Poland,114.1316
2022-03-31,PT,Portugal,147.6538
2022-03-31,RO,Romania,82.5809
2022-03-31,RS,Serbia,122.1561
2022-03-31,RU,Russia,69.9602
2022-03-31,SE,Sweden,163.9676
2022-03-31,SG,Singapore,108.9188
2022-03-31,SI,Slovenia,121.8458
2022-03-31,SK,Slovakia,132.4013
2022-03-31,TH,Thailand,141.3756
2022-03-31,TR,Türkiye,154.1239
2022-03-31,US,United States,159.7916
2022-03-31,XM,Euro area,117.5423
2022-03-31,XW,World,127.012
2022-03-31,ZA,South Africa,96.9232
2022-06-30,4T,Emerging market economies (aggregate),116.0622
2022-06-30,5R,Advanced economies,137.625
2022-06-30,AT,Austria,165.1929
2022-06-30,AU,Australia,139.772
2022-06-30,BE,Belgium,110.7344
2022-06-30,BG,Bulgaria,115.5375
2022-06-30,BR,Brazil,89.7227
2022-06-30,CA,Canada,187.7454
2022-06-30,CH,Switzerland,150.5303
2022-06-30,CL,Chile,194.2837
2022-06-30,CN,China,107.8288
2022-06-30,CO,Colombia,139.2152
2022-06-30,CY,Cyprus,73.8005
2022-06-30,CZ,Czechia,159.8639
2022-06-30,DE,Germany,158.0108
2022-06-30,DK,Denmark,131.6247
2022-06-30,EE,Estonia,197.4212
2022-06-30,ES,Spain,85.0292
2022-06-30,FI,Finland,98.6834
2022-06-30,FR,France,111.1164
2022-06-30,GB,United Kingdom,120.1854
2022-06-30,GR,Greece,75.4159
2022-06-30,HK,Hong Kong SAR,182.7035
2022-06-30,HR,Croatia,115.3805
2022-06-30,HU,Hungary,187.5193
2022-06-30,ID,Indonesia,98.7306
2022-06-30,IE,Ireland,130.9449
2022-06-30,IL,Israel,180.0225
2022-06-30,IN,India,158.6761
2022-06-30,IS,Iceland,202.9654
2022-06-30,IT,Italy,76.4015
2022-06-30,JP,Japan,121.6832
2022-06-30,KR,Korea,123.8109
2022-06-30,LT,Lithuania,156.6279
2022-06-30,LU,Luxembourg,185.19
2022-06-30,LV,Latvia,165.5877
2022-06-30,MA,Morocco,84.2529
2022-06-30,MK,North Macedonia,92.8894
2022-06-30,MT,Malta,129.4712
2022-06-30,MX,Mexico,131.1043
2022-06-30,MY,Malaysia,162.5384
2022-06-30,NL,Netherlands,129.841
2022-06-30,NO,Norway,144.0209
2022-06-30,NZ,New Zealand,197.2147
2022-06-30,PE,Peru,117.8188
2022-06-30,PH,Philippines,164.7229
2022-06-30,PL,Poland,109.9889
2022-06-30,PT,Portugal,145.0001
2022-06-30,RO,Romania,80.4358
2022-06-30,RS,Serbia,121.9368
2022-06-30,RU,Russia,66.7007
2022-06-30,SE,Sweden,159.5052
2022-06-30,SG,Singapore,110.5248
2022-06-30,SI,Slovenia,120.3135
2022-06-30,SK,Slovakia,133.7697
2022-06-30,TH,Thailand,140.1493
2022-06-30,TR,Türkiye,180.2468
2022-06-30,US,United States,159.4659
2022-06-30,XM,Euro area,116.2941
2022-06-30,XW,World,125.9866
2022-06-30,ZA,South Africa,95.7073
2022-09-30,4T,Emerging market economies (aggregate),116.4025
2022-09-30,5R,Advanced economies,135.6556
2022-09-30,AT,Austria,161.1713
2022-09-30,AU,Australia,132.5022
2022-09-30,BE,Belgium,110.2697
2022-09-30,BG,Bulgaria,116.3551
2022-09-30,BR,Brazil,90.422
2022-09-30,CA,Canada,169.3803
2022-09-30,CH,Switzerland,151.4443
2022-09-30,CL,Chile,191.8928
2022-09-30,CN,China,106.4509
2022-09-30,CO,Colombia,137.3785
2022-09-30,CY,Cyprus,74.0046
2022-09-30,CZ,Czechia,155.8373
2022-09-30,DE,Germany,154.508
2022-09-30,DK,Denmark,128.9355
2022-09-30,EE,Estonia,187.5923
2022-09-30,ES,Spain,85.4832
2022-09-30,FI,Finland,96.1631
2022-09-30,FR,France,112.8278
2022-09-30,GB,United Kingdom,122.4408
2022-09-30,GR,Greece,78.5656
2022-09-30,HK,Hong Kong SAR,174.6389
2022-09-30,HR,Croatia,115.9576
2022-09-30,HU,Hungary,181.3082
2022-09-30,ID,Indonesia,97.8429
2022-09-30,IE,Ireland,132.3715
2022-09-30,IL,Israel,185.5328
2022-09-30,IN,India,159.9862
2022-09-30,IS,Iceland,204.8376
2022-09-30,IT,Italy,74.0094
2022-09-30,JP,Japan,122.117
2022-09-30,KR,Korea,122.4331
2022-09-30,LT,Lithuania,153.2187
2022-09-30,LU,Luxembourg,188.6771
2022-09-30,LV,Latvia,158.1311
2022-09-30,MA,Morocco,83.093
2022-09-30,MK,North Macedonia,91.8075
2022-09-30,MT,Malta,129.0681
2022-09-30,MX,Mexico,132.4609
2022-09-30,MY,Malaysia,164.1916
2022-09-30,NL,Netherlands,125.7396
2022-09-30,NO,Norway,138.3226
2022-09-30,NZ,New Zealand,186.1785
2022-09-30,PE,Peru,115.0823
2022-09-30,PH,Philippines,169.3081
2022-09-30,PL,Poland,109.1493
2022-09-30,PT,Portugal,147.7123
2022-09-30,RO,Romania,77.2984
2022-09-30,RS,Serbia,121.3727
2022-09-30,RU,Russia,68.2436
2022-09-30,SE,Sweden,150.0182
2022-09-30,SG,Singapore,112.5732
2022-09-30,SI,Slovenia,119.3105
2022-09-30,SK,Slovakia,133.647
2022-09-30,TH,Thailand,138.4935
2022-09-30,TR,Türkiye,209.3029
2022-09-30,US,United States,156.5648
2022-09-30,XM,Euro area,115.3601
2022-09-30,XW,World,125.3223
2022-09-30,ZA,South Africa,93.9465
2022-12-31,4T,Emerging market economies (aggregate),115.8552
2022-12-31,5R,Advanced economies,132.7911
2022-12-31,AT,Austria,154.5475
2022-12-31,AU,Australia,126.7314
2022-12-31,BE,Belgium,106.6383
2022-12-31,BG,Bulgaria,113.5225
2022-12-31,BR,Brazil,90.2153
2022-12-31,CA,Canada,160.6386
2022-12-31,CH,Switzerland,153.3214
2022-12-31,CL,Chile,190.9374
2022-12-31,CN,China,105.0432
2022-12-31,CO,Colombia,132.7629
2022-12-31,CY,Cyprus,74.7536
2022-12-31,CZ,Czechia,152.3569
2022-12-31,DE,Germany,144.3734
2022-12-31,DK,Denmark,124.4968
2022-12-31,EE,Estonia,187.3057
2022-12-31,ES,Spain,84.8621
2022-12-31,FI,Finland,90.8703
2022-12-31,FR,France,111.0659
2022-12-31,GB,United Kingdom,119.1114
2022-12-31,GR,Greece,80.0765
2022-12-31,HK,Hong Kong SAR,160.7623
2022-12-31,HR,Croatia,117.8579
2022-12-31,HU,Hungary,165.9559
2022-12-31,ID,Indonesia,97.4461
2022-12-31,IE,Ireland,131.5078
2022-12-31,IL,Israel,186.8654
2022-12-31,IN,India,159.7076
2022-12-31,IS,Iceland,204.97
2022-12-31,IT,Italy,70.8737
2022-12-31,JP,Japan,119.8613
2022-12-31,KR,Korea,119.7853
2022-12-31,LT,Lithuania,150.3365
2022-12-31,LU,Luxembourg,183.8886
2022-12-31,LV,Latvia,153.1002
2022-12-31,MA,Morocco,82.0849
2022-12-31,MK,North Macedonia,93.3325
2022-12-31,MT,Malta,128.1243
2022-12-31,MX,Mexico,133.2171
2022-12-31,MY,Malaysia,163.6338
2022-12-31,NL,Netherlands,121.3061
2022-12-31,NO,Norway,131.3603
2022-12-31,NZ,New Zealand,179.9556
2022-12-31,PE,Peru,113.3167
2022-12-31,PH,Philippines,167.4026
2022-12-31,PL,Poland,106.7396
2022-12-31,PT,Portugal,146.3242
2022-12-31,RO,Romania,76.8874
2022-12-31,RS,Serbia,119.9986
2022-12-31,RU,Russia,68.9329
2022-12-31,SE,Sweden,140.2313
2022-12-31,SG,Singapore,112.0231
2022-12-31,SI,Slovenia,120.0027
2022-12-31,SK,Slovakia,128.877
2022-12-31,TH,Thailand,141.0859
2022-12-31,TR,Türkiye,220.5002
2022-12-31,US,United States,156.4894
2022-12-31,XM,Euro area,110.829
2022-12-31,XW,World,123.754
2022-12-31,ZA,South Africa,93.6511
2023-03-31,4T,Emerging market economies (aggregate),115.0268
2023-03-31,5R,Advanced economies,131.8935
2023-03-31,AT,Austria,151.0834
2023-03-31,AU,Australia,124.4225
2023-03-31,BE,Belgium,107.4156
2023-03-31,BG,Bulgaria,112.0843
2023-03-31,BR,Brazil,89.227
2023-03-31,CA,Canada,159.7751
2023-03-31,CH,Switzerland,149.9555
2023-03-31,CL,Chile,190.1699
2023-03-31,CN,China,104.3427
2023-03-31,CO,Colombia,134.9617
2023-03-31,CY,Cyprus,76.9943
2023-03-31,CZ,Czechia,140.706
2023-03-31,DE,Germany,137.9542
2023-03-31,DK,Denmark,119.0009
2023-03-31,EE,Estonia,184.4707
2023-03-31,ES,Spain,84.9299
2023-03-31,FI,Finland,87.0506
2023-03-31,FR,France,108.5261
2023-03-31,GB,United Kingdom,115.3541
2023-03-31,GR,Greece,83.8519
2023-03-31,HK,Hong Kong SAR,161.6107
2023-03-31,HR,Croatia,120.1332
2023-03-31,HU,Hungary,164.2588
2023-03-31,ID,Indonesia,96.9761
2023-03-31,IE,Ireland,129.75
2023-03-31,IL,Israel,185.2248
2023-03-31,IN,India,157.2766
2023-03-31,IS,Iceland,198.7015
2023-03-31,IT,Italy,70.5963
2023-03-31,JP,Japan,122.9691
2023-03-31,KR,Korea,114.8287
2023-03-31,LT,Lithuania,150.5209
2023-03-31,LU,Luxembourg,175.412
2023-03-31,LV,Latvia,150.9831
2023-03-31,MA,Morocco,80.2765
2023-03-31,MK,North Macedonia,94.2917
2023-03-31,MT,Malta,129.7012
2023-03-31,MX,Mexico,135.3621
2023-03-31,MY,Malaysia,164.7625
2023-03-31,NL,Netherlands,121.1682
2023-03-31,NO,Norway,132.9734
2023-03-31,NZ,New Zealand,173.1862
2023-03-31,PE,Peru,111.2452
2023-03-31,PH,Philippines,164.9183
2023-03-31,PL,Poland,102.5538
2023-03-31,PT,Portugal,148.6148
2023-03-31,RO,Romania,74.8627
2023-03-31,RS,Serbia,119.2014
2023-03-31,RU,Russia,65.1438
2023-03-31,SE,Sweden,137.2798
2023-03-31,SG,Singapore,114.3399
2023-03-31,SI,Slovenia,120.7905
2023-03-31,SK,Slovakia,123.5528
2023-03-31,TH,Thailand,142.5475
2023-03-31,TR,Türkiye,242.3538
2023-03-31,US,United States,156.5273
2023-03-31,XM,Euro area,109.4627
2023-03-31,XW,World,122.8917
2023-03-31,ZA,South Africa,92.9408
2023-06-30,4T,Emerging market economies (aggregate),115.7348
2023-06-30,5R,Advanced economies,131.0946
2023-06-30,AT,Austria,148.334
2023-06-30,AU,Australia,126.8132
2023-06-30,BE,Belgium,107.3712
2023-06-30,BG,Bulgaria,116.1027
2023-06-30,BR,Brazil,88.8308
2023-06-30,CA,Canada,165.3041
2023-06-30,CH,Switzerland,150.8986
2023-06-30,CL,Chile,192.9794
2023-06-30,CN,China,104.8471
2023-06-30,CO,Colombia,131.22
2023-06-30,CY,Cyprus,77.0818
2023-06-30,CZ,Czechia,139.7841
2023-06-30,DE,Germany,134.3645
2023-06-30,DK,Denmark,119.8215
2023-06-30,EE,Estonia,186.2542
2023-06-30,ES,Spain,85.5719
2023-06-30,FI,Finland,86.6426
2023-06-30,FR,France,106.3737
2023-06-30,GB,United Kingdom,111.8532
2023-06-30,GR,Greece,84.4807
2023-06-30,HK,Hong Kong SAR,163.5059
2023-06-30,HR,Croatia,121.6045
2023-06-30,HU,Hungary,163.7433
2023-06-30,ID,Indonesia,96.774
2023-06-30,IE,Ireland,126.1487
2023-06-30,IL,Israel,180.8108
2023-06-30,IN,India,157.3215
2023-06-30,IS,Iceland,200.1506
2023-06-30,IT,Italy,71.6764
2023-06-30,JP,Japan,121.6149
2023-06-30,KR,Korea,111.7513
2023-06-30,LT,Lithuania,153.3319
2023-06-30,LU,Luxembourg,168.2921
2023-06-30,LV,Latvia,156.2434
2023-06-30,MA,Morocco,79.1117
2023-06-30,MK,North Macedonia,94.4353
2023-06-30,MT,Malta,129.0587
2023-06-30,MX,Mexico,138.3224
2023-06-30,MY,Malaysia,164.9327
2023-06-30,NL,Netherlands,117.9282
2023-06-30,NO,Norway,135.1144
2023-06-30,NZ,New Zealand,169.4542
2023-06-30,PE,Peru,110.8112
2023-06-30,PH,Philippines,171.6491
2023-06-30,PL,Poland,103.9653
2023-06-30,PT,Portugal,151.0763
2023-06-30,RO,Romania,72.6614
2023-06-30,RS,Serbia,118.8296
2023-06-30,RU,Russia,65.4736
2023-06-30,SE,Sweden,135.4458
2023-06-30,SG,Singapore,113.0007
2023-06-30,SI,Slovenia,119.5493
2023-06-30,SK,Slovakia,116.6997
2023-06-30,TH,Thailand,142.569
2023-06-30,TR,Türkiye,263.7019
2023-06-30,US,United States,156.7146
2023-06-30,XM,Euro area,107.9636
2023-06-30,XW,World,122.9467
2023-06-30,ZA,South Africa,91.6115
2023-09-30,4T,Emerging market economies (aggregate),114.8098
2023-09-30,5R,Advanced economies,131.2772
2023-09-30,AT,Austria,146.5346
2023-09-30,AU,Australia,128.8138
2023-09-30,BE,Belgium,107.5736
2023-09-30,BG,Bulgaria,118.205
2023-09-30,BR,Brazil,89.6473
2023-09-30,CA,Canada,162.7862
2023-09-30,CH,Switzerland,151.0033
2023-09-30,CL,Chile,196.0709
2023-09-30,CN,China,103.1349
2023-09-30,CO,Colombia,133.5759
2023-09-30,CY,Cyprus,77.5011
2023-09-30,CZ,Czechia,139.1716
2023-09-30,DE,Germany,131.396
2023-09-30,DK,Denmark,120.7358
2023-09-30,EE,Estonia,185.4199
2023-09-30,ES,Spain,86.9005
2023-09-30,FI,Finland,83.753
2023-09-30,FR,France,106.0969
2023-09-30,GB,United Kingdom,113.4931
2023-09-30,GR,Greece,86.629
2023-09-30,HK,Hong Kong SAR,156.7105
2023-09-30,HR,Croatia,119.8345
2023-09-30,HU,Hungary,162.9251
2023-09-30,ID,Indonesia,96.9029
2023-09-30,IE,Ireland,126.3512
2023-09-30,IL,Israel,178.467
2023-09-30,IN,India,154.2193
2023-09-30,IS,Iceland,194.3564
2023-09-30,IT,Italy,71.3219
2023-09-30,JP,Japan,120.9112
2023-09-30,KR,Korea,110.0125
2023-09-30,LT,Lithuania,157.544
2023-09-30,LU,Luxembourg,156.1248
2023-09-30,LV,Latvia,155.0654
2023-09-30,MA,Morocco,79.2676
2023-09-30,MK,North Macedonia,94.7478
2023-09-30,MT,Malta,130.7631
2023-09-30,MX,Mexico,139.7483
2023-09-30,MY,Malaysia,166.3146
2023-09-30,NL,Netherlands,118.0294
2023-09-30,NO,Norway,130.6589
2023-09-30,NZ,New Zealand,169.0654
2023-09-30,PE,Peru,110.2764
2023-09-30,PH,Philippines,172.5017
2023-09-30,PL,Poland,109.0124
2023-09-30,PT,Portugal,153.5886
2023-09-30,RO,Romania,74.2307
2023-09-30,RS,Serbia,119.806
2023-09-30,RU,Russia,66.034
2023-09-30,SE,Sweden,133.4629
2023-09-30,SG,Singapore,112.8568
2023-09-30,SI,Slovenia,118.2705
2023-09-30,SK,Slovakia,117.7202
2023-09-30,TH,Thailand,142.1841
2023-09-30,TR,Türkiye,259.6315
2023-09-30,US,United States,158.2037
2023-09-30,XM,Euro area,107.6258
2023-09-30,XW,World,122.5033
2023-09-30,ZA,South Africa,90.2794
2023-12-31,4T,Emerging market economies (aggregate),114.3604
2023-12-31,5R,Advanced economies,130.8333
2023-12-31,AT,Austria,143.1631
2023-12-31,AU,Australia,130.6211
2023-12-31,BE,Belgium,108.6997
2023-12-31,BG,Bulgaria,118.6992
2023-12-31,BR,Brazil,90.2109
2023-12-31,CA,Canada,156.3676
2023-12-31,CH,Switzerland,152.7645
2023-12-31,CL,Chile,196.3288
2023-12-31,CN,China,101.4751
2023-12-31,CO,Colombia,126.6611
2023-12-31,CY,Cyprus,79.1852
2023-12-31,CZ,Czechia,140.2002
2023-12-31,DE,Germany,128.8068
2023-12-31,DK,Denmark,123.2725
2023-12-31,EE,Estonia,189.929
2023-12-31,ES,Spain,85.706
2023-12-31,FI,Finland,82.6103
2023-12-31,FR,France,103.2317
2023-12-31,GB,United Kingdom,111.5411
2023-12-31,GR,Greece,87.1808
2023-12-31,HK,Hong Kong SAR,145.3754
2023-12-31,HR,Croatia,123.1719
2023-12-31,HU,Hungary,165.3738
2023-12-31,ID,Indonesia,96.4337
2023-12-31,IE,Ireland,129.7843
2023-12-31,IL,Israel,177.8873
2023-12-31,IN,India,156.0796
2023-12-31,IS,Iceland,198.0411
2023-12-31,IT,Italy,71.4062
2023-12-31,JP,Japan,118.7966
2023-12-31,KR,Korea,109.342
2023-12-31,LT,Lithuania,159.6729
2023-12-31,LU,Luxembourg,152.4274
2023-12-31,LV,Latvia,152.5029
2023-12-31,MA,Morocco,78.881
2023-12-31,MK,North Macedonia,96.4449
2023-12-31,MT,Malta,131.9486
2023-12-31,MX,Mexico,140.4219
2023-12-31,MY,Malaysia,167.2524
2023-12-31,NL,Netherlands,120.5153
2023-12-31,NO,Norway,124.8077
2023-12-31,NZ,New Zealand,170.8937
2023-12-31,PE,Peru,112.4389
2023-12-31,PH,Philippines,165.6145
2023-12-31,PL,Poland,113.7153
2023-12-31,PT,Portugal,155.1661
2023-12-31,RO,Romania,74.2131
2023-12-31,RS,Serbia,120.4924
2023-12-31,RU,Russia,66.3919
2023-12-31,SE,Sweden,129.0578
2023-12-31,SG,Singapore,115.0516
2023-12-31,SI,Slovenia,121.8413
2023-12-31,SK,Slovakia,119.4283
2023-12-31,TH,Thailand,145.4207
2023-12-31,TR,Türkiye,253.7517
2023-12-31,US,United States,159.7439
2023-12-31,XM,Euro area,106.6623
2023-12-31,XW,World,122.0543
2023-12-31,ZA,South Africa,89.5077
2024-03-31,4T,Emerging market economies (aggregate),114.3339
2024-03-31,5R,Advanced economies,131.0151
2024-03-31,AT,Austria,141.1147
2024-03-31,AU,Australia,131.5506
2024-03-31,BE,Belgium,107.9284
2024-03-31,BG,Bulgaria,125.7772
2024-03-31,BR,Brazil,90.2899
2024-03-31,CA,Canada,156.492
2024-03-31,CH,Switzerland,150.4214
2024-03-31,CL,Chile,196.6401
2024-03-31,CN,China,98.9629
2024-03-31,CO,Colombia,135.0595
2024-03-31,CY,Cyprus,81.713
2024-03-31,CZ,Czechia,139.4734
2024-03-31,DE,Germany,127.6179
2024-03-31,DK,Denmark,119.1747
2024-03-31,EE,Estonia,190.7585
2024-03-31,ES,Spain,87.6033
2024-03-31,FI,Finland,81.2957
2024-03-31,FR,France,100.5522
2024-03-31,GB,United Kingdom,109.9391
2024-03-31,GR,Greece,90.1308
2024-03-31,HK,Hong Kong SAR,140.2602
2024-03-31,HR,Croatia,125.6602
2024-03-31,HU,Hungary,177.3863
2024-03-31,ID,Indonesia,96.1178
2024-03-31,IE,Ireland,133.3316
2024-03-31,IL,Israel,182.4518
2024-03-31,IN,India,160.0364
2024-03-31,IS,Iceland,199.212
2024-03-31,IT,Italy,71.0896
2024-03-31,JP,Japan,122.9082
2024-03-31,KR,Korea,108.3502
2024-03-31,LT,Lithuania,164.6229
2024-03-31,LU,Luxembourg,150.8309
2024-03-31,LV,Latvia,155.3558
2024-03-31,MA,Morocco,78.8218
2024-03-31,MK,North Macedonia,95.318
2024-03-31,MT,Malta,135.0524
2024-03-31,MX,Mexico,141.9676
2024-03-31,MY,Malaysia,167.7633
2024-03-31,NL,Netherlands,121.9622
2024-03-31,NO,Norway,128.8927
2024-03-31,NZ,New Zealand,169.9534
2024-03-31,PE,Peru,109.5304
2024-03-31,PH,Philippines,171.4876
2024-03-31,PL,Poland,117.5165
2024-03-31,PT,Portugal,155.5689
2024-03-31,RO,Romania,73.7418
2024-03-31,RS,Serbia,120.9214
2024-03-31,RU,Russia,72.0088
2024-03-31,SE,Sweden,129.0692
2024-03-31,SG,Singapore,116.1574
2024-03-31,SI,Slovenia,125.4282
2024-03-31,SK,Slovakia,116.2024
2024-03-31,TH,Thailand,144.5306
2024-03-31,TR,Türkiye,237.2817
2024-03-31,US,United States,159.6266
2024-03-31,XM,Euro area,106.6129
2024-03-31,XW,World,122.1171
2024-03-31,ZA,South Africa,89.0311
2024-06-30,4T,Emerging market economies (aggregate),113.3809
2024-06-30,5R,Advanced economies,130.9609
2024-06-30,AT,Austria,140.1282
2024-06-30,AU,Australia,132.9694
2024-06-30,BE,Belgium,107.1467
2024-06-30,BG,Bulgaria,130.515
2024-06-30,BR,Brazil,90.6787
2024-06-30,CA,Canada,156.45
2024-06-30,CH,Switzerland,150.9198
2024-06-30,CL,Chile,198.6131
2024-06-30,CN,China,96.8513
2024-06-30,CO,Colombia,131.8692
2024-06-30,CY,Cyprus,81.0656
2024-06-30,CZ,Czechia,142.0417
2024-06-30,DE,Germany,128.054
2024-06-30,DK,Denmark,122.6268
2024-06-30,EE,Estonia,193.422
2024-06-30,ES,Spain,89.2773
2024-06-30,FI,Finland,81.5377
2024-06-30,FR,France,99.3364
2024-06-30,GB,United Kingdom,109.9853
2024-06-30,GR,Greece,90.3971
2024-06-30,HK,Hong Kong SAR,140.8883
2024-06-30,HR,Croatia,129.6846
2024-06-30,HU,Hungary,178.1427
2024-06-30,ID,Indonesia,95.8124
2024-06-30,IE,Ireland,133.4938
2024-06-30,IL,Israel,183.781
2024-06-30,IN,India,161.3389
2024-06-30,IS,Iceland,200.6489
2024-06-30,IT,Italy,73.1516
2024-06-30,JP,Japan,121.6997
2024-06-30,KR,Korea,107.7932
2024-06-30,LT,Lithuania,168.4625
2024-06-30,LU,Luxembourg,150.9189
2024-06-30,LV,Latvia,156.0591
2024-06-30,MA,Morocco,78.2686
2024-06-30,MK,North Macedonia,101.2006
2024-06-30,MT,Malta,135.9922
2024-06-30,MX,Mexico,144.3732
2024-06-30,MY,Malaysia,168.4264
2024-06-30,NL,Netherlands,123.3785
2024-06-30,NO,Norway,133.0581
2024-06-30,NZ,New Zealand,165.9624
2024-06-30,PE,Peru,108.8665
2024-06-30,PH,Philippines,178.4146
2024-06-30,PL,Poland,119.2149
2024-06-30,PT,Portugal,158.6116
2024-06-30,RO,Romania,73.7483
2024-06-30,RS,Serbia,120.869
2024-06-30,RU,Russia,72.1296
2024-06-30,SE,Sweden,129.9997
2024-06-30,SG,Singapore,116.5867
2024-06-30,SI,Slovenia,124.9446
2024-06-30,SK,Slovakia,118.8672
2024-06-30,TH,Thailand,143.238
2024-06-30,TR,Türkiye,229.125
2024-06-30,US,United States,159.0326
2024-06-30,XM,Euro area,106.9911
2024-06-30,XW,World,121.5446
2024-06-30,ZA,South Africa,87.6516
2024-09-30,4T,Emerging market economies (aggregate),111.4678
2024-09-30,5R,Advanced economies,131.7773
2024-09-30,AT,Austria,139.9646
2024-09-30,AU,Australia,134.5531
2024-09-30,BE,Belgium,107.9619
2024-09-30,BG,Bulgaria,135.1599
2024-09-30,BR,Brazil,91.3026
2024-09-30,CA,Canada,153.1146
2024-09-30,CH,Switzerland,152.0226
2024-09-30,CL,Chile,200.5241
2024-09-30,CN,China,93.823
2024-09-30,CO,Colombia,134.9939
2024-09-30,CY,Cyprus,81.3793
2024-09-30,CZ,Czechia,144.3525
2024-09-30,DE,Germany,128.645
2024-09-30,DK,Denmark,125.424
2024-09-30,EE,Estonia,191.2007
2024-09-30,ES,Spain,92.085
2024-09-30,FI,Finland,81.2715
2024-09-30,FR,France,100.6522
2024-09-30,GB,United Kingdom,112.2059
2024-09-30,GR,Greece,91.4131
2024-09-30,HK,Hong Kong SAR,132.9822
2024-09-30,HR,Croatia,132.5964
2024-09-30,HU,Hungary,178.9085
2024-09-30,ID,Indonesia,96.3599
2024-09-30,IE,Ireland,136.7761
2024-09-30,IL,Israel,183.2201
2024-09-30,IN,India,158.2476
2024-09-30,IS,Iceland,205.3442
2024-09-30,IT,Italy,73.2381
2024-09-30,JP,Japan,121.4409
2024-09-30,KR,Korea,107.4475
2024-09-30,LT,Lithuania,170.3529
2024-09-30,LU,Luxembourg,150.7092
2024-09-30,LV,Latvia,161.6351
2024-09-30,MA,Morocco,77.9783
2024-09-30,MK,North Macedonia,99.6964
2024-09-30,MT,Malta,137.982
2024-09-30,MX,Mexico,145.2581
2024-09-30,MY,Malaysia,170.2585
2024-09-30,NL,Netherlands,125.793
2024-09-30,NO,Norway,131.2112
2024-09-30,NZ,New Zealand,163.8554
2024-09-30,PE,Peru,108.2194
2024-09-30,PH,Philippines,179.8116
2024-09-30,PL,Poland,119.1505
2024-09-30,PT,Portugal,165.0601
2024-09-30,RO,Romania,73.4929
2024-09-30,RS,Serbia,121.2525
2024-09-30,RU,Russia,71.3483
2024-09-30,SE,Sweden,131.0829
2024-09-30,SG,Singapore,115.3568
2024-09-30,SI,Slovenia,126.7077
2024-09-30,SK,Slovakia,121.7268
2024-09-30,TH,Thailand,145.6368
2024-09-30,TR,Türkiye,224.5586
2024-09-30,US,United States,159.8989
2024-09-30,XM,Euro area,108.4347
2024-09-30,XW,World,120.7865
2024-09-30,ZA,South Africa,87.1358
2024-12-31,4T,Emerging market economies (aggregate),110.8048
2024-12-31,5R,Advanced economies,131.9086
2024-12-31,AT,Austria,138.9802
2024-12-31,AU,Australia,134.9086
2024-12-31,BE,Belgium,108.3145
2024-12-31,BG,Bulgaria,137.6149
2024-12-31,BR,Brazil,91.3958
2024-12-31,CA,Canada,150.6307
2024-12-31,CH,Switzerland,155.3577
2024-12-31,CL,Chile,201.9595
2024-12-31,CN,China,92.5967
2024-12-31,CO,Colombia,132.5444
2024-12-31,CY,Cyprus,81.518
2024-12-31,CZ,Czechia,147.7854
2024-12-31,DE,Germany,128.2768
2024-12-31,DK,Denmark,125.824
2024-12-31,EE,Estonia,189.332
2024-12-31,ES,Spain,93.2372
2024-12-31,FI,Finland,80.3316
2024-12-31,FR,France,100.0356
2024-12-31,GB,United Kingdom,111.4854
2024-12-31,GR,Greece,91.409
2024-12-31,HK,Hong Kong SAR,131.7367
2024-12-31,HR,Croatia,131.8469
2024-12-31,HU,Hungary,184.9809
2024-12-31,ID,Indonesia,96.2241
2024-12-31,IE,Ireland,140.4857
2024-12-31,IL,Israel,184.9994
2024-12-31,IN,India,157.8829
2024-12-31,IS,Iceland,205.3033
2024-12-31,IT,Italy,73.7504
2024-12-31,JP,Japan,118.5901
2024-12-31,KR,Korea,107.4756
2024-12-31,LT,Lithuania,173.1716
2024-12-31,LU,Luxembourg,153.0708
2024-12-31,LV,Latvia,159.5542
2024-12-31,MA,Morocco,79.6522
2024-12-31,MK,North Macedonia,102.5247
2024-12-31,MT,Malta,138.5598
2024-12-31,MX,Mexico,146.0747
2024-12-31,MY,Malaysia,171.5628
2024-12-31,NL,Netherlands,128.5809
2024-12-31,NO,Norway,127.7271
2024-12-31,NZ,New Zealand,164.5161
2024-12-31,PE,Peru,108.4975
2024-12-31,PH,Philippines,177.2592
2024-12-31,PL,Poland,119.6379
2024-12-31,PT,Portugal,168.7226
2024-12-31,RO,Romania,73.4884
2024-12-31,RS,Serbia,121.5221
2024-12-31,RU,Russia,71.3369
2024-12-31,SE,Sweden,130.0842
2024-12-31,SG,Singapore,117.8917
2024-12-31,SI,Slovenia,129.5618
2024-12-31,SK,Slovakia,125.1272
2024-12-31,TH,Thailand,147.6933
2024-12-31,TR,Türkiye,222.4345
2024-12-31,US,United States,160.8532
2024-12-31,XM,Euro area,108.8328
2024-12-31,XW,World,120.4542
2024-12-31,ZA,South Africa,87.9349
2025-03-31,4T,Emerging market economies (aggregate),111.2906
2025-03-31,5R,Advanced economies,132.4213
2025-03-31,AT,Austria,137.3581
2025-03-31,AU,Australia,134.2057
2025-03-31,BE,Belgium,107.0495
2025-03-31,BG,Bulgaria,139.2345
2025-03-31,BR,Brazil,91.0257
2025-03-31,CA,Canada,150.7169
2025-03-31,CH,Switzerland,156.0773
2025-03-31,CL,Chile,199.7154
2025-03-31,CN,China,91.6149
2025-03-31,CO,Colombia,133.8404
2025-03-31,CY,Cyprus,83.9893
2025-03-31,CZ,Czechia,149.2739
2025-03-31,DE,Germany,129.5044
2025-03-31,DK,Denmark,127.4037
2025-03-31,EE,Estonia,190.9288
2025-03-31,ES,Spain,95.7719
2025-03-31,FI,Finland,78.9981
2025-03-31,FR,France,99.8815
2025-03-31,GB,United Kingdom,111.4309
2025-03-31,GR,Greece,94.5109
2025-03-31,HK,Hong Kong SAR,129.0244
2025-03-31,HR,Croatia,137.3817
2025-03-31,HU,Hungary,196.3631
2025-03-31,ID,Indonesia,96.6061
2025-03-31,IE,Ireland,141.2135
2025-03-31,IL,Israel,186.6793
2025-03-31,IN,India,160.2319
2025-03-31,IS,Iceland,204.559
2025-03-31,IT,Italy,72.996
2025-03-31,JP,Japan,124.0821
2025-03-31,KR,Korea,105.9526
2025-03-31,LT,Lithuania,172.6495
2025-03-31,LU,Luxembourg,149.8292
2025-03-31,LV,Latvia,158.4813
2025-03-31,MA,Morocco,77.6398
2025-03-31,MK,North Macedonia,109.3077
2025-03-31,MT,Malta,140.5102
2025-03-31,MX,Mexico,148.0345
2025-03-31,MY,Malaysia,171.0588
2025-03-31,NL,Netherlands,130.487
2025-03-31,NO,Norway,133.5101
2025-03-31,NZ,New Zealand,162.6095
2025-03-31,PE,Peru,108.6773
2025-03-31,PH,Philippines,180.4258
2025-03-31,PL,Poland,118.8149
2025-03-31,PT,Portugal,176.9059
2025-03-31,RO,Romania,73.9179
2025-03-31,RS,Serbia,121.7096
2025-03-31,RU,Russia,76.5422
2025-03-31,SE,Sweden,130.6167
2025-03-31,SG,Singapore,118.8421
2025-03-31,SI,Slovenia,131.0956
2025-03-31,SK,Slovakia,126.6184
2025-03-31,TH,Thailand,147.9787
2025-03-31,TR,Türkiye,223.9207
2025-03-31,US,United States,159.66
2025-03-31,XM,Euro area,109.9236
2025-03-31,XW,World,120.9551
2025-03-31,ZA,South Africa,87.9561
2025-06-30,4T,Emerging market economies (aggregate),111.1048
2025-06-30,5R,Advanced economies,131.8125
2025-06-30,AT,Austria,135.9089
2025-06-30,AU,Australia,135.5305
2025-06-30,BE,Belgium,107.8057
2025-06-30,BG,Bulgaria,145.1517
2025-06-30,BR,Brazil,90.7989
2025-06-30,CA,Canada,149.2494
2025-06-30,CH,Switzerland,158.3911
2025-06-30,CL,Chile,202.4819
2025-06-30,CN,China,90.6763
2025-06-30,CO,Colombia,137.9855
2025-06-30,CY,Cyprus,84.9783
2025-06-30,CZ,Czechia,153.2942
2025-06-30,DE,Germany,129.6074
2025-06-30,DK,Denmark,129.3604
2025-06-30,EE,Estonia,194.9588
2025-06-30,ES,Spain,98.5485
2025-06-30,FI,Finland,79.8958
2025-06-30,FR,France,99.1566
2025-06-30,GB,United Kingdom,108.4265
2025-06-30,GR,Greece,95.4073
2025-06-30,HK,Hong Kong SAR,129.6833
2025-06-30,HR,Croatia,141.4208
2025-06-30,HU,Hungary,199.6037
2025-06-30,ID,Indonesia,94.9583
2025-06-30,IE,Ireland,141.1978
2025-06-30,IL,Israel,182.6278
2025-06-30,IN,India,162.5233
2025-06-30,IS,Iceland,204.1409
2025-06-30,IT,Italy,74.7548
2025-06-30,JP,Japan,121.8137
2025-06-30,KR,Korea,105.7423
2025-06-30,LT,Lithuania,176.6413
2025-06-30,LU,Luxembourg,154.859
2025-06-30,LV,Latvia,160.1363
2025-06-30,MA,Morocco,78.0952
2025-06-30,MK,North Macedonia,117.2566
2025-06-30,MT,Malta,140.2261
2025-06-30,MX,Mexico,150.5931
2025-06-30,MY,Malaysia,171.3492
2025-06-30,NL,Netherlands,130.7001
2025-06-30,NO,Norway,135.238
2025-06-30,NZ,New Zealand,159.8576
2025-06-30,PE,Peru,109.4643
2025-06-30,PH,Philippines,189.3172
2025-06-30,PL,Poland,119.5183
2025-06-30,PT,Portugal,181.8724
2025-06-30,RO,Romania,73.1876
2025-06-30,RS,Serbia,122.304
2025-06-30,RU,Russia,76.3463
2025-06-30,SE,Sweden,130.2342
2025-06-30,SG,Singapore,119.6363
2025-06-30,SI,Slovenia,132.4825
2025-06-30,SK,Slovakia,127.1347
2025-06-30,TH,Thailand,147.8057
2025-06-30,TR,Türkiye,223.3508
2025-06-30,US,United States,158.3354
2025-06-30,XM,Euro area,110.4368
2025-06-30,XW,World,120.5925
2025-06-30,ZA,South Africa,88.0077
2025-09-30,4T,Emerging market economies (aggregate),110.0983
2025-09-30,5R,Advanced economies,132.2384
2025-09-30,AT,Austria,136.7011
2025-09-30,AU,Australia,136.9664
2025-09-30,BE,Belgium,109.7403
2025-09-30,BG,Bulgaria,148.0209
2025-09-30,BR,Brazil,91.3871
2025-09-30,CA,Canada,145.3493
2025-09-30,CH,Switzerland,159.6453
2025-09-30,CL,Chile,204.607
2025-09-30,CN,China,88.8506
2025-09-30,CO,Colombia,139.11
2025-09-30,CY,Cyprus,86.1816
2025-09-30,CZ,Czechia,156.0891
2025-09-30,DE,Germany,129.8747
2025-09-30,DK,Denmark,130.539
2025-09-30,EE,Estonia,190.4304
2025-09-30,ES,Spain,101.0782
2025-09-30,FI,Finland,78.7505
2025-09-30,FR,France,100.3502
2025-09-30,GB,United Kingdom,110.3379
2025-09-30,GR,Greece,96.8958
2025-09-30,HK,Hong Kong SAR,130.4794
2025-09-30,HR,Croatia,144.3876
2025-09-30,HU,Hungary,211.4815
2025-09-30,ID,Indonesia,94.8615
2025-09-30,IE,Ireland,143.9676
2025-09-30,IL,Israel,179.4153
2025-09-30,IN,India,161.1383
2025-09-30,IS,Iceland,203.1107
2025-09-30,IT,Italy,74.7614
2025-09-30,JP,Japan,123.0276
2025-09-30,KR,Korea,105.7606
2025-09-30,LT,Lithuania,181.6761
2025-09-30,LU,Luxembourg,148.4892
2025-09-30,LV,Latvia,167.7571
2025-09-30,MA,Morocco,79.2823
2025-09-30,MK,North Macedonia,119.4388
2025-09-30,MT,Malta,142.5929
2025-09-30,MX,Mexico,152.6182
2025-09-30,MY,Malaysia,171.9199
2025-09-30,NL,Netherlands,131.8578
2025-09-30,NO,Norway,133.2081
2025-09-30,NZ,New Zealand,158.1678
2025-09-30,PE,Peru,111.0809
2025-09-30,PH,Philippines,180.6855
2025-09-30,PL,Poland,120.1896
2025-09-30,PT,Portugal,189.3239
2025-09-30,RO,Romania,71.6183
2025-09-30,RS,Serbia,122.8901
2025-09-30,RU,Russia,76.4252
2025-09-30,SE,Sweden,130.287
2025-09-30,SG,Singapore,120.4756
2025-09-30,SI,Slovenia,131.9904
2025-09-30,SK,Slovakia,132.3586
2025-09-30,TH,Thailand,147.3073
2025-09-30,TR,Türkiye,222.6666
2025-09-30,US,United States,157.6409
2025-09-30,XM,Euro area,111.7576
2025-09-30,XW,World,120.1726
2025-09-30,ZA,South Africa,88.3881
2025-12-31,4T,Emerging market economies (aggregate),109.3148
2025-12-31,5R,Advanced economies,132.4268
2025-12-31,AT,Austria,136.5423
2025-12-31,AU,Australia,140.8086
2025-12-31,BE,Belgium,109.6956
2025-12-31,BG,Bulgaria,147.3018
2025-12-31,BR,Brazil,91.9947
2025-12-31,CA,Canada,142.3365
2025-12-31,CH,Switzerland,161.3826
2025-12-31,CL,Chile,204.7909
2025-12-31,CN,China,86.7897
2025-12-31,CO,Colombia,140.8173
2025-12-31,CY,Cyprus,87.7323
2025-12-31,CZ,Czechia,159.5508
2025-12-31,DE,Germany,128.7738
2025-12-31,DK,Denmark,132.6188
2025-12-31,EE,Estonia,191.2155
2025-12-31,ES,Spain,102.1612
2025-12-31,FI,Finland,78.2797
2025-12-31,FR,France,100.1071
2025-12-31,GB,United Kingdom,109.9707
2025-12-31,GR,Greece,97.0973
2025-12-31,HK,Hong Kong SAR,133.2606
2025-12-31,HR,Croatia,147.4846
2025-12-31,HU,Hungary,215.9392
2025-12-31,ID,Indonesia,94.3501
2025-12-31,IE,Ireland,146.0068
2025-12-31,IL,Israel,180.0163
2025-12-31,IN,India,162.6108
2025-12-31,IS,Iceland,204.2836
2025-12-31,IT,Italy,75.8195
2025-12-31,JP,Japan,121.4739
2025-12-31,KR,Korea,105.7143
2025-12-31,LT,Lithuania,184.9433
2025-12-31,LU,Luxembourg,148.5193
2025-12-31,LV,Latvia,169.889
2025-12-31,MA,Morocco,80.3013
2025-12-31,MK,North Macedonia,122.9811
2025-12-31,MT,Malta,143.519
2025-12-31,MX,Mexico,153.4535
2025-12-31,MY,Malaysia,173.3696
2025-12-31,NL,Netherlands,132.5948
2025-12-31,NO,Norway,131.2946
2025-12-31,NZ,New Zealand,157.6544
2025-12-31,PE,Peru,113.5186
2025-12-31,PH,Philippines,177.1109
2025-12-31,PL,Poland,121.7738
2025-12-31,PT,Portugal,196.1829
2025-12-31,RO,Romania,71.6306
2025-12-31,RS,Serbia,124.8802
2025-12-31,RU,Russia,76.4414
2025-12-31,SE,Sweden,130.9817
2025-12-31,SG,Singapore,120.3952
2025-12-31,SI,Slovenia,135.4981
2025-12-31,SK,Slovakia,135.9443
2025-12-31,TH,Thailand,149.3848
2025-12-31,TR,Türkiye,220.7756
2025-12-31,US,United States,158.2089
2025-12-31,XM,Euro area,112.0621
2025-12-31,XW,World,119.7832
2025-12-31,ZA,South Africa,89.5338
2026-03-31,4T,Emerging market economies (aggregate),108.8271
2026-03-31,5R,Advanced economies,132.2004
2026-03-31,AT,Austria,137.2481
2026-03-31,AU,Australia,142.2016
2026-03-31,BE,Belgium,107.6767
2026-03-31,BG,Bulgaria,154.224
2026-03-31,BR,Brazil,91.9293
2026-03-31,CA,Canada,140.4539
2026-03-31,CH,Switzerland,163.1733
2026-03-31,CL,Chile,204.5155
2026-03-31,CN,China,85.1336
2026-03-31,CO,Colombia,143.1884
2026-03-31,CY,Cyprus,89.8139
2026-03-31,CZ,Czechia,161.6341
2026-03-31,DE,Germany,128.4619
2026-03-31,DK,Denmark,136.7838
2026-03-31,EE,Estonia,195.5321
2026-03-31,ES,Spain,105.223
2026-03-31,FI,Finland,76.9756
2026-03-31,FR,France,99.0109
2026-03-31,GB,United Kingdom,109.3388
2026-03-31,GR,Greece,97.7567
2026-03-31,HK,Hong Kong SAR,137.034
2026-03-31,HR,Croatia,151.0657
2026-03-31,HU,Hungary,209.1906
2026-03-31,ID,Indonesia,93.5237
2026-03-31,IE,Ireland,146.4764
2026-03-31,IL,Israel,180.665
2026-03-31,IN,India,161.9391
2026-03-31,IS,Iceland,200.5665
2026-03-31,IT,Italy,75.6659
2026-03-31,KR,Korea,105.6515
2026-03-31,LT,Lithuania,186.0456
2026-03-31,LU,Luxembourg,149.9237
2026-03-31,LV,Latvia,169.9444
2026-03-31,MA,Morocco,77.6747
2026-03-31,MK,North Macedonia,122.986
2026-03-31,MT,Malta,146.2083
2026-03-31,MX,Mexico,154.5383
2026-03-31,MY,Malaysia,171.7675
2026-03-31,NL,Netherlands,133.8369
2026-03-31,NO,Norway,134.2045
2026-03-31,NZ,New Zealand,156.5652
2026-03-31,PE,Peru,114.3388
2026-03-31,PH,Philippines,183.3516
2026-03-31,PL,Poland,122.9464
2026-03-31,PT,Portugal,203.7872
2026-03-31,RO,Romania,72.4398
2026-03-31,RS,Serbia,125.2193
2026-03-31,RU,Russia,82.1895
2026-03-31,SE,Sweden,133.3626
2026-03-31,SG,Singapore,121.0974
2026-03-31,SI,Slovenia,139.5653
2026-03-31,SK,Slovakia,138.4234
2026-03-31,TH,Thailand,150.8307
2026-03-31,TR,Türkiye,216.5682
2026-03-31,US,United States,156.5339
2026-03-31,XM,Euro area,112.7761
2026-03-31,XW,World,119.3966
2026-03-31,ZA,South Africa,90.3193
2026-06-30,AT,Austria,136.1003
2026-06-30,AU,Australia,141.1636
2026-06-30,BR,Brazil,91.3602
2026-06-30,CA,Canada,139.2252
2026-06-30,CH,Switzerland,163.068
2026-06-30,CN,China,84.37
2026-06-30,FR,France,96.3363
2026-06-30,GB,United Kingdom,108.5357
2026-06-30,GR,Greece,95.8374
2026-06-30,HK,Hong Kong SAR,142.5909
2026-06-30,ID,Indonesia,92.8771
2026-06-30,IE,Ireland,144.4714
2026-06-30,IS,Iceland,199.2699
2026-06-30,IT,Italy,75.4766
2026-06-30,KR,Korea,105.2412
2026-06-30,LT,Lithuania,191.4227
2026-06-30,LV,Latvia,172.7102
2026-06-30,MA,Morocco,78.0012
2026-06-30,MK,North Macedonia,127.0749
2026-06-30,MX,Mexico,155.4749
2026-06-30,MY,Malaysia,169.6467
2026-06-30,NO,Norway,136.9848
2026-06-30,RS,Serbia,124.7689
2026-06-30,RU,Russia,82.6727
2026-06-30,SE,Sweden,135.8883
2026-06-30,SG,Singapore,120.8897
2026-06-30,SK,Slovakia,139.2754
2026-06-30,TH,Thailand,147.3062
2026-06-30,TR,Türkiye,211.1649
2026-06-30,US,United States,154.2147
2026-06-30,ZA,South Africa,89.1061
